Unity Editor version:    6000.6.0f1 (f7f8ed4d1e24)
Branch:                  6000.6/respin/6000.6.0f1-fa21a270ab12
Build type:              Release
Batch mode:              YES
System name:             Linux
Distro version:          #1 SMP PREEMPT_DYNAMIC Sun Aug 23 04:02:57 UTC 2026
Kernel version:          7.2.0-202.nobara.fc44.x86_64
Architecture:            x86_64
Window Protocol:         Wayland (XWayland)
Available memory:        63495 MB
Date:                    2026-09-15T03:17:14Z
[Licensing::Module] Trying to connect to existing licensing client channel...
[Licensing::IpcConnector] Successfully connected to: "LicenseClient-jack" at "2026-09-15T03:17:14.720099Z"
[SignatureVerifier] Application signature verification not supported on this platform.
[Licensing::Client] Error: HandshakeResponse reported an error:
	ResponseCode: 505
	ResponseStatus: Unsupported protocol version '1.18.3'.
[Licensing::Module] Error: Failed to handshake to channel: "LicenseClient-jack"
[Licensing::IpcConnector] LicenseClient-jack channel disconnected successfully.
[Licensing::IpcConnector] Successfully connected to: "LicenseClient-jack-6000.6.0" at "2026-09-15T03:17:14.721117Z"
[SignatureVerifier] Application signature verification not supported on this platform.
[Licensing::Client] Handshaking with LicensingClient:
  Version:                 1.18.3+d7ffd15
  Session Id:              d349439ba53d4954a2591b1b8dbdab3c
  Correlation Id:          3ca649aa7c6d6bce11a4e66d5f3d90d1
  External correlation Id: 5876844866283221672
  Machine Id:              Ydtj+AVGEBTtLOQ9je37x6jUnm0=
[Licensing::Module] Successfully connected to LicensingClient on channel: "LicenseClient-jack-6000.6.0" (connect: 0.00s, validation: 0.00s, handshake: 0.00s)
[Licensing::IpcConnector] Successfully connected to: "LicenseClient-jack-6000.6.0-notifications" at "2026-09-15T03:17:14.724253Z"
[Licensing::Module] Licensing Background thread has ended after 0.00s
Selected window backend: (null) 
Desktop is 4920 x 1920 @ 60 Hz
Initialize udev device monitor.

COMMAND LINE ARGUMENTS:
unityhub-unity-editor-6000.6.0f1
-adb2
-batchMode
-noUpm
-name
AssetImportWorkerHW0
-projectPath
/home/jack/Documents/Unity/Apple-Picker
-logFile
Logs/AssetImportWorkerHW0.log
-srvPort
37495
-parentPid
334547
-analyticsCloudUserId
anonymous
-analyticsCloudProjectId
112e1ad4-843d-42a0-96ec-d947fe533e95
-analyticsLocalProjectId
352a75b14093d0c0c9dd107bc7505a0e
-editorAnalyticsEnabled
1
-cbmEditorLicense
5225125539d136afb8973244f98ebb2a9b29fbd5
-cbmMachineId
Ydtj+AVGEBTtLOQ9je37x6jUnm0=
-noDiagnosticSwitchPersistentStore
-job-worker-count
11
-background-job-worker-count
8
-asset-garbage-collectors
1
-force-vulkan
Successfully changed project path to: /home/jack/Documents/Unity/Apple-Picker
/home/jack/Documents/Unity/Apple-Picker
[UnityMemory] Configuration Parameters - Can be set up in boot.config
    "memorysetup-temp-allocator-size-gi-baking-worker=262144"
    "memorysetup-temp-allocator-size-gi-baking-worker=262144"
    "memorysetup-temp-allocator-size-gi-baking-worker=262144"
    "memorysetup-temp-allocator-size-gi-baking-worker=262144"
    "memorysetup-temp-allocator-size-gi-baking-worker=262144"
    "memorysetup-temp-allocator-size-nav-mesh-worker=65536"
    "memorysetup-temp-allocator-size-audio-worker=65536"
    "memorysetup-temp-allocator-size-cloud-worker=32768"
    "memorysetup-temp-allocator-size-preload-manager=33554432"
    "memorysetup-remapper-allocator-initial-capacity=32768"
    "memorysetup-temp-allocator-size-gfx=262144"
    "memorysetup-allocator-temp-initial-block-size-main=262144"
    "memorysetup-allocator-temp-initial-block-size-worker=262144"
    "memorysetup-temp-allocator-size-background-worker=32768"
    "memorysetup-temp-allocator-size-job-worker=262144"
    "memorysetup-bucket-allocator-granularity=16"
    "memorysetup-bucket-allocator-bucket-count=8"
    "memorysetup-bucket-allocator-block-size=33554432"
    "memorysetup-bucket-allocator-block-count=8"
    "memorysetup-main-allocator-block-size=16777216"
    "memorysetup-thread-allocator-block-size=16777216"
    "memorysetup-main-allocator-mimalloc-enabled=1"
    "memorysetup-gfx-main-allocator-block-size=16777216"
    "memorysetup-gfx-thread-allocator-block-size=16777216"
    "memorysetup-cache-allocator-block-size=4194304"
    "memorysetup-typetree-allocator-block-size=2097152"
    "memorysetup-profiler-bucket-allocator-granularity=16"
    "memorysetup-profiler-bucket-allocator-bucket-count=8"
    "memorysetup-profiler-bucket-allocator-block-size=33554432"
    "memorysetup-profiler-bucket-allocator-block-count=8"
    "memorysetup-profiler-allocator-block-size=16777216"
    "memorysetup-profiler-editor-allocator-block-size=1048576"
    "memorysetup-temp-allocator-size-main=16777216"
    "memorysetup-job-temp-allocator-block-size=2097152"
    "memorysetup-job-temp-allocator-block-size-background=1048576"
    "memorysetup-job-temp-allocator-reduction-small-platforms=262144"
Player connection [140046753553408]  Target information:

Player connection [140046753553408]  * "[IP] 172.20.1.75 [Port] 0 [Flags] 2 [Guid] 45445162 [EditorId] 45445162 [Version] 1048832 [Id] LinuxEditor(16,10.2.0.2) [Debug] 1 [PackageName] LinuxEditor [ProjectName] Editor" 

Player connection [140046753553408]  * "[IP] 172.20.1.128 [Port] 0 [Flags] 2 [Guid] 45445162 [EditorId] 45445162 [Version] 1048832 [Id] LinuxEditor(16,10.2.0.2) [Debug] 1 [PackageName] LinuxEditor [ProjectName] Editor" 

Player connection [140046753553408]  * "[IP] 172.18.0.1 [Port] 0 [Flags] 2 [Guid] 45445162 [EditorId] 45445162 [Version] 1048832 [Id] LinuxEditor(16,10.2.0.2) [Debug] 1 [PackageName] LinuxEditor [ProjectName] Editor" 

Player connection [140046753553408]  * "[IP] 172.17.0.1 [Port] 0 [Flags] 2 [Guid] 45445162 [EditorId] 45445162 [Version] 1048832 [Id] LinuxEditor(16,10.2.0.2) [Debug] 1 [PackageName] LinuxEditor [ProjectName] Editor" 

Player connection [140046753553408]  * "[IP] 10.2.0.2 [Port] 0 [Flags] 2 [Guid] 45445162 [EditorId] 45445162 [Version] 1048832 [Id] LinuxEditor(16,10.2.0.2) [Debug] 1 [PackageName] LinuxEditor [ProjectName] Editor" 

Player connection [140046753553408] Host joined multi-casting on [225.0.0.222:54997]...
Player connection [140046753553408] Host joined alternative multi-casting on [225.0.0.222:34997]...
JobSystem: Creating JobQueue using job-worker-count value 11
Input System module state changed to: Initialized.
[Physics::Module] Initialized fallback backend.
[Physics::Module] Id: 0xdecafbad
Library Redirect Path: Library/
Initialising UDS system complete:
  - System type: Client
  - Resource namespace: 0225093952b82c3c335caffb6c8dc458
  - Shared memory size: 1073741824
  - Command buffer id: 1052624
  - Command buffer size: 8192
  - Hashmap size: 4194304
  - Service connected: true
  - Service working directory: Library/DataStore/
[Physics::Module] Selected backend.
[Physics::Module] Name: PhysX
[Physics::Module] Id: 0xf2b8ea05
[Physics::Module] SDK Version: 4.1.2
[Physics::Module] Integration Version: 1.0.0
[Physics::Module] Threading Mode: Multi-Threaded
Initialize engine version: 6000.6.0f1 (f7f8ed4d1e24)
[EntityIdStore] init: VM path (explicit commit), pageSize=4096, blockCount=1048576, entitiesPerBlock=256, slots reserved=4294967296 bytes
[Subsystems] Discovering subsystems at path /home/jack/Unity/Hub/Editor/6000.6.0f1/Editor/Data/Resources/UnitySubsystems
[Subsystems] Discovering subsystems at path /home/jack/Documents/Unity/Apple-Picker/Assets
Forcing GfxDevice: Vulkan
GfxDevice: creating device client; kGfxThreadingModeThreaded
[vulkan] LoadVulkanLibrary libvulkan.so.1[vulkan] Loaded instance function vkGetInstanceProcAddr
[vulkan] Loaded instance function vkGetInstanceProcAddr
[vulkan] Loaded instance function vkCreateInstance
[vulkan] Loaded instance function vkEnumerateInstanceExtensionProperties
[vulkan] Loaded instance function vkEnumerateInstanceLayerProperties
[vulkan] Loaded instance function vkEnumerateInstanceVersion
[Vulkan init] extensions: count=27
[Vulkan init] extensions: name=VK_EXT_acquire_drm_display [enabled=0, external=0]
[Vulkan init] extensions: name=VK_EXT_acquire_xlib_display [enabled=0, external=0]
[Vulkan init] extensions: name=VK_EXT_debug_report [enabled=0, external=0]
[Vulkan init] extensions: name=VK_EXT_debug_utils [enabled=1, external=0]
[Vulkan init] extensions: name=VK_EXT_direct_mode_display [enabled=0, external=0]
[Vulkan init] extensions: name=VK_EXT_display_surface_counter [enabled=0, external=0]
[Vulkan init] extensions: name=VK_EXT_headless_surface [enabled=0, external=0]
[Vulkan init] extensions: name=VK_EXT_layer_settings [enabled=0, external=0]
[Vulkan init] extensions: name=VK_EXT_surface_maintenance1 [enabled=0, external=0]
[Vulkan init] extensions: name=VK_EXT_swapchain_colorspace [enabled=1, external=0]
[Vulkan init] extensions: name=VK_KHR_device_group_creation [enabled=0, external=0]
[Vulkan init] extensions: name=VK_KHR_display [enabled=1, external=0]
[Vulkan init] extensions: name=VK_KHR_external_fence_capabilities [enabled=1, external=0]
[Vulkan init] extensions: name=VK_KHR_external_memory_capabilities [enabled=1, external=0]
[Vulkan init] extensions: name=VK_KHR_external_semaphore_capabilities [enabled=1, external=0]
[Vulkan init] extensions: name=VK_KHR_get_display_properties2 [enabled=0, external=0]
[Vulkan init] extensions: name=VK_KHR_get_physical_device_properties2 [enabled=1, external=0]
[Vulkan init] extensions: name=VK_KHR_get_surface_capabilities2 [enabled=0, external=0]
[Vulkan init] extensions: name=VK_KHR_portability_enumeration [enabled=0, external=0]
[Vulkan init] extensions: name=VK_KHR_surface [enabled=1, external=0]
[Vulkan init] extensions: name=VK_KHR_surface_maintenance1 [enabled=0, external=0]
[Vulkan init] extensions: name=VK_KHR_surface_protected_capabilities [enabled=0, external=0]
[Vulkan init] extensions: name=VK_KHR_wayland_surface [enabled=1, external=0]
[Vulkan init] extensions: name=VK_KHR_xcb_surface [enabled=0, external=0]
[Vulkan init] extensions: name=VK_KHR_xlib_surface [enabled=1, external=0]
[Vulkan init] extensions: name=VK_LUNARG_direct_driver_loading [enabled=0, external=0]
[Vulkan init] extensions: name=VK_NV_display_stereo [enabled=0, external=0]
[vulkan] Loaded instance function vkDestroyInstance
[vulkan] Loaded instance function vkGetPhysicalDeviceProperties
[vulkan] Loaded instance function vkEnumeratePhysicalDevices
[Vulkan init] SelectPhysicalDevice requestedDeviceIndex=-1 xrDevice=(nil)
[Vulkan init] Physical Device 0x5629648f02a0 [0]: "NVIDIA GeForce RTX 4060 Ti" deviceType=2 vendorID=10de deviceID=2803
[Vulkan init] Physical Device 0x5629648c4de0 [1]: "AMD Ryzen 9 7900 12-Core Processor (RADV RAPHAEL_MENDOCINO)" deviceType=1 vendorID=1002 deviceID=164e
[Vulkan init] Physical Device 0x5629648ef0b0 [2]: "llvmpipe (LLVM 22.1.8, 256 bits)" deviceType=4 vendorID=10005 deviceID=0
Vulkan detection: 2
[Vulkan init] extensions: count=27
[Vulkan init] extensions: name=VK_EXT_acquire_drm_display [enabled=0, external=0]
[Vulkan init] extensions: name=VK_EXT_acquire_xlib_display [enabled=0, external=0]
[Vulkan init] extensions: name=VK_EXT_debug_report [enabled=0, external=0]
[Vulkan init] extensions: name=VK_EXT_debug_utils [enabled=1, external=0]
[Vulkan init] extensions: name=VK_EXT_direct_mode_display [enabled=0, external=0]
[Vulkan init] extensions: name=VK_EXT_display_surface_counter [enabled=0, external=0]
[Vulkan init] extensions: name=VK_EXT_headless_surface [enabled=0, external=0]
[Vulkan init] extensions: name=VK_EXT_layer_settings [enabled=0, external=0]
[Vulkan init] extensions: name=VK_EXT_surface_maintenance1 [enabled=0, external=0]
[Vulkan init] extensions: name=VK_EXT_swapchain_colorspace [enabled=1, external=0]
[Vulkan init] extensions: name=VK_KHR_device_group_creation [enabled=0, external=0]
[Vulkan init] extensions: name=VK_KHR_display [enabled=1, external=0]
[Vulkan init] extensions: name=VK_KHR_external_fence_capabilities [enabled=1, external=0]
[Vulkan init] extensions: name=VK_KHR_external_memory_capabilities [enabled=1, external=0]
[Vulkan init] extensions: name=VK_KHR_external_semaphore_capabilities [enabled=1, external=0]
[Vulkan init] extensions: name=VK_KHR_get_display_properties2 [enabled=0, external=0]
[Vulkan init] extensions: name=VK_KHR_get_physical_device_properties2 [enabled=1, external=0]
[Vulkan init] extensions: name=VK_KHR_get_surface_capabilities2 [enabled=0, external=0]
[Vulkan init] extensions: name=VK_KHR_portability_enumeration [enabled=0, external=0]
[Vulkan init] extensions: name=VK_KHR_surface [enabled=1, external=0]
[Vulkan init] extensions: name=VK_KHR_surface_maintenance1 [enabled=0, external=0]
[Vulkan init] extensions: name=VK_KHR_surface_protected_capabilities [enabled=0, external=0]
[Vulkan init] extensions: name=VK_KHR_wayland_surface [enabled=1, external=0]
[Vulkan init] extensions: name=VK_KHR_xcb_surface [enabled=0, external=0]
[Vulkan init] extensions: name=VK_KHR_xlib_surface [enabled=1, external=0]
[Vulkan init] extensions: name=VK_LUNARG_direct_driver_loading [enabled=0, external=0]
[Vulkan init] extensions: name=VK_NV_display_stereo [enabled=0, external=0]
[vulkan] Loaded instance function vkDestroyInstance
[vulkan] Loaded instance function vkGetPhysicalDeviceProperties
[vulkan] Loaded instance function vkEnumeratePhysicalDevices
[vulkan] Loaded instance function vkGetDeviceProcAddr
[vulkan] Loaded instance function vkGetPhysicalDeviceFeatures
[vulkan] Loaded instance function vkGetPhysicalDeviceFormatProperties
[vulkan] Loaded instance function vkGetPhysicalDeviceImageFormatProperties
[vulkan] Loaded instance function vkGetPhysicalDeviceQueueFamilyProperties
[vulkan] Loaded instance function vkGetPhysicalDeviceMemoryProperties
[vulkan] Loaded instance function vkCreateDevice
[vulkan] Loaded instance function vkEnumerateDeviceExtensionProperties
[vulkan] Loaded instance function vkEnumerateDeviceLayerProperties
[vulkan] Loaded instance function vkGetPhysicalDeviceSparseImageFormatProperties
[vulkan] Loaded instance function vkDestroySurfaceKHR
[vulkan] Loaded instance function vkGetPhysicalDeviceSurfaceSupportKHR
[vulkan] Loaded instance function vkGetPhysicalDeviceSurfaceCapabilitiesKHR
[vulkan] Loaded instance function vkGetPhysicalDeviceSurfaceFormatsKHR
[vulkan] Loaded instance function vkGetPhysicalDeviceSurfacePresentModesKHR
[vulkan] Loaded instance function vkCreateSwapchainKHR
[vulkan] Loaded instance function vkDestroySwapchainKHR
[vulkan] Loaded instance function vkGetSwapchainImagesKHR
[vulkan] Loaded instance function vkAcquireNextImageKHR
[vulkan] Loaded instance function vkQueuePresentKHR
[vulkan] Loaded instance function vkGetPhysicalDeviceDisplayPropertiesKHR
[vulkan] Loaded instance function vkGetPhysicalDeviceDisplayPlanePropertiesKHR
[vulkan] Loaded instance function vkGetDisplayPlaneSupportedDisplaysKHR
[vulkan] Loaded instance function vkGetDisplayModePropertiesKHR
[vulkan] Loaded instance function vkCreateDisplayModeKHR
[vulkan] Loaded instance function vkGetDisplayPlaneCapabilitiesKHR
[vulkan] Loaded instance function vkCreateDisplayPlaneSurfaceKHR
[vulkan] Loaded instance function vkCreateSharedSwapchainsKHR
[vulkan] Loaded instance function vkCreateXlibSurfaceKHR
[vulkan] Loaded instance function vkGetPhysicalDeviceXlibPresentationSupportKHR
[vulkan] Loaded instance function vkSetHdrMetadataEXT
[vulkan] Loaded instance function vkGetPhysicalDeviceFeatures2KHR
[vulkan] Loaded instance function vkGetPhysicalDeviceProperties2KHR
[vulkan] Loaded instance function vkGetPhysicalDeviceFormatProperties2KHR
[vulkan] Loaded instance function vkGetPhysicalDeviceImageFormatProperties2KHR
[vulkan] Loaded instance function vkGetPhysicalDeviceQueueFamilyProperties2KHR
[vulkan] Loaded instance function vkGetPhysicalDeviceMemoryProperties2KHR
[vulkan] Loaded instance function vkGetPhysicalDeviceSparseImageFormatProperties2KHR
[vulkan] Loaded instance function vkGetSemaphoreFdKHR
[vulkan] Loaded instance function vkImportSemaphoreFdKHR
[vulkan] Loaded instance function vkGetFenceFdKHR
[vulkan] Loaded instance function vkImportFenceFdKHR
[vulkan] Loaded instance function vkCreateSamplerYcbcrConversionKHR
[vulkan] Loaded instance function vkDestroySamplerYcbcrConversionKHR
[vulkan] Loaded instance function vkBindBufferMemory2KHR
[vulkan] Loaded instance function vkBindImageMemory2KHR
[vulkan] Loaded instance function vkWaitForPresentKHR
[vulkan] Loaded instance function vkGetPhysicalDeviceExternalSemaphorePropertiesKHR
[vulkan] Loaded instance function vkGetPhysicalDeviceExternalFencePropertiesKHR
[vulkan] Loaded instance function vkGetPhysicalDeviceFragmentShadingRatesKHR
[vulkan] Loaded instance function vkSetDebugUtilsObjectNameEXT
[vulkan] Loaded instance function vkSetDebugUtilsObjectTagEXT
[vulkan] Loaded instance function vkQueueBeginDebugUtilsLabelEXT
[vulkan] Loaded instance function vkQueueEndDebugUtilsLabelEXT
[vulkan] Loaded instance function vkQueueInsertDebugUtilsLabelEXT
[vulkan] Loaded instance function vkCmdBeginDebugUtilsLabelEXT
[vulkan] Loaded instance function vkCmdEndDebugUtilsLabelEXT
[vulkan] Loaded instance function vkCmdInsertDebugUtilsLabelEXT
[Vulkan init] SelectPhysicalDevice requestedDeviceIndex=-1 xrDevice=(nil)
[Vulkan init] Physical Device 0x56296490d6d0 [0]: "NVIDIA GeForce RTX 4060 Ti" deviceType=2 vendorID=10de deviceID=2803
[Vulkan init] Physical Device 0x56296490c860 [1]: "AMD Ryzen 9 7900 12-Core Processor (RADV RAPHAEL_MENDOCINO)" deviceType=1 vendorID=1002 deviceID=164e
[Vulkan init] Physical Device 0x5629649097f0 [2]: "llvmpipe (LLVM 22.1.8, 256 bits)" deviceType=4 vendorID=10005 deviceID=0
[Vulkan init] Selected physical device 0x56296490d6d0
[Vulkan init] Graphics queue count=1
[Vulkan init] extensions: count=275
[Vulkan init] extensions: name=VK_AMD_buffer_marker [enabled=0, external=0]
[Vulkan init] extensions: name=VK_EXT_4444_formats [enabled=1, external=0]
[Vulkan init] extensions: name=VK_EXT_attachment_feedback_loop_dynamic_state [enabled=0, external=0]
[Vulkan init] extensions: name=VK_EXT_attachment_feedback_loop_layout [enabled=0, external=0]
[Vulkan init] extensions: name=VK_EXT_blend_operation_advanced [enabled=0, external=0]
[Vulkan init] extensions: name=VK_EXT_border_color_swizzle [enabled=0, external=0]
[Vulkan init] extensions: name=VK_EXT_buffer_device_address [enabled=0, external=0]
[Vulkan init] extensions: name=VK_EXT_calibrated_timestamps [enabled=0, external=0]
[Vulkan init] extensions: name=VK_EXT_color_write_enable [enabled=0, external=0]
[Vulkan init] extensions: name=VK_EXT_conditional_rendering [enabled=0, external=0]
[Vulkan init] extensions: name=VK_EXT_conservative_rasterization [enabled=1, external=0]
[Vulkan init] extensions: name=VK_EXT_custom_border_color [enabled=0, external=0]
[Vulkan init] extensions: name=VK_EXT_custom_resolve [enabled=0, external=0]
[Vulkan init] extensions: name=VK_EXT_depth_bias_control [enabled=0, external=0]
[Vulkan init] extensions: name=VK_EXT_depth_clamp_control [enabled=0, external=0]
[Vulkan init] extensions: name=VK_EXT_depth_clamp_zero_one [enabled=0, external=0]
[Vulkan init] extensions: name=VK_EXT_depth_clip_control [enabled=0, external=0]
[Vulkan init] extensions: name=VK_EXT_depth_clip_enable [enabled=0, external=0]
[Vulkan init] extensions: name=VK_EXT_depth_range_unrestricted [enabled=0, external=0]
[Vulkan init] extensions: name=VK_EXT_descriptor_buffer [enabled=0, external=0]
[Vulkan init] extensions: name=VK_EXT_descriptor_heap [enabled=0, external=0]
[Vulkan init] extensions: name=VK_EXT_descriptor_indexing [enabled=0, external=0]
[Vulkan init] extensions: name=VK_EXT_device_address_binding_report [enabled=0, external=0]
[Vulkan init] extensions: name=VK_EXT_device_fault [enabled=0, external=0]
[Vulkan init] extensions: name=VK_EXT_device_generated_commands [enabled=0, external=0]
[Vulkan init] extensions: name=VK_EXT_discard_rectangles [enabled=0, external=0]
[Vulkan init] extensions: name=VK_EXT_display_control [enabled=0, external=0]
[Vulkan init] extensions: name=VK_EXT_dynamic_rendering_unused_attachments [enabled=0, external=0]
[Vulkan init] extensions: name=VK_EXT_extended_dynamic_state [enabled=0, external=0]
[Vulkan init] extensions: name=VK_EXT_extended_dynamic_state2 [enabled=0, external=0]
[Vulkan init] extensions: name=VK_EXT_extended_dynamic_state3 [enabled=0, external=0]
[Vulkan init] extensions: name=VK_EXT_external_memory_dma_buf [enabled=0, external=0]
[Vulkan init] extensions: name=VK_EXT_external_memory_host [enabled=1, external=0]
[Vulkan init] extensions: name=VK_EXT_fragment_shader_interlock [enabled=0, external=0]
[Vulkan init] extensions: name=VK_EXT_global_priority [enabled=0, external=0]
[Vulkan init] extensions: name=VK_EXT_global_priority_query [enabled=0, external=0]
[Vulkan init] extensions: name=VK_EXT_graphics_pipeline_library [enabled=0, external=0]
[Vulkan init] extensions: name=VK_EXT_hdr_metadata [enabled=1, external=0]
[Vulkan init] extensions: name=VK_EXT_host_image_copy [enabled=0, external=0]
[Vulkan init] extensions: name=VK_EXT_host_query_reset [enabled=0, external=0]
[Vulkan init] extensions: name=VK_EXT_image_2d_view_of_3d [enabled=0, external=0]
[Vulkan init] extensions: name=VK_EXT_image_drm_format_modifier [enabled=0, external=0]
[Vulkan init] extensions: name=VK_EXT_image_robustness [enabled=0, external=0]
[Vulkan init] extensions: name=VK_EXT_image_sliced_view_of_3d [enabled=0, external=0]
[Vulkan init] extensions: name=VK_EXT_image_view_min_lod [enabled=0, external=0]
[Vulkan init] extensions: name=VK_EXT_index_type_uint8 [enabled=0, external=0]
[Vulkan init] extensions: name=VK_EXT_inline_uniform_block [enabled=0, external=0]
[Vulkan init] extensions: name=VK_EXT_legacy_vertex_attributes [enabled=0, external=0]
[Vulkan init] extensions: name=VK_EXT_line_rasterization [enabled=0, external=0]
[Vulkan init] extensions: name=VK_EXT_load_store_op_none [enabled=1, external=0]
[Vulkan init] extensions: name=VK_EXT_map_memory_placed [enabled=0, external=0]
[Vulkan init] extensions: name=VK_EXT_memory_budget [enabled=1, external=0]
[Vulkan init] extensions: name=VK_EXT_memory_decompression [enabled=0, external=0]
[Vulkan init] extensions: name=VK_EXT_memory_priority [enabled=1, external=0]
[Vulkan init] extensions: name=VK_EXT_mesh_shader [enabled=0, external=0]
[Vulkan init] extensions: name=VK_EXT_multi_draw [enabled=0, external=0]
[Vulkan init] extensions: name=VK_EXT_mutable_descriptor_type [enabled=0, external=0]
[Vulkan init] extensions: name=VK_EXT_nested_command_buffer [enabled=0, external=0]
[Vulkan init] extensions: name=VK_EXT_non_seamless_cube_map [enabled=0, external=0]
[Vulkan init] extensions: name=VK_EXT_opacity_micromap [enabled=0, external=0]
[Vulkan init] extensions: name=VK_EXT_pageable_device_local_memory [enabled=0, external=0]
[Vulkan init] extensions: name=VK_EXT_pci_bus_info [enabled=0, external=0]
[Vulkan init] extensions: name=VK_EXT_physical_device_drm [enabled=0, external=0]
[Vulkan init] extensions: name=VK_EXT_pipeline_creation_cache_control [enabled=0, external=0]
[Vulkan init] extensions: name=VK_EXT_pipeline_creation_feedback [enabled=0, external=0]
[Vulkan init] extensions: name=VK_EXT_pipeline_library_group_handles [enabled=0, external=0]
[Vulkan init] extensions: name=VK_EXT_pipeline_robustness [enabled=0, external=0]
[Vulkan init] extensions: name=VK_EXT_post_depth_coverage [enabled=0, external=0]
[Vulkan init] extensions: name=VK_EXT_present_mode_fifo_latest_ready [enabled=0, external=0]
[Vulkan init] extensions: name=VK_EXT_present_timing [enabled=0, external=0]
[Vulkan init] extensions: name=VK_EXT_primitive_topology_list_restart [enabled=0, external=0]
[Vulkan init] extensions: name=VK_EXT_primitives_generated_query [enabled=0, external=0]
[Vulkan init] extensions: name=VK_EXT_private_data [enabled=0, external=0]
[Vulkan init] extensions: name=VK_EXT_provoking_vertex [enabled=0, external=0]
[Vulkan init] extensions: name=VK_EXT_queue_family_foreign [enabled=1, external=0]
[Vulkan init] extensions: name=VK_EXT_ray_tracing_invocation_reorder [enabled=0, external=0]
[Vulkan init] extensions: name=VK_EXT_robustness2 [enabled=0, external=0]
[Vulkan init] extensions: name=VK_EXT_sample_locations [enabled=0, external=0]
[Vulkan init] extensions: name=VK_EXT_sampler_filter_minmax [enabled=0, external=0]
[Vulkan init] extensions: name=VK_EXT_scalar_block_layout [enabled=1, external=0]
[Vulkan init] extensions: name=VK_EXT_separate_stencil_usage [enabled=0, external=0]
[Vulkan init] extensions: name=VK_EXT_shader_64bit_indexing [enabled=0, external=0]
[Vulkan init] extensions: name=VK_EXT_shader_atomic_float [enabled=0, external=0]
[Vulkan init] extensions: name=VK_EXT_shader_demote_to_helper_invocation [enabled=1, external=0]
[Vulkan init] extensions: name=VK_EXT_shader_float8 [enabled=0, external=0]
[Vulkan init] extensions: name=VK_EXT_shader_image_atomic_int64 [enabled=0, external=0]
[Vulkan init] extensions: name=VK_EXT_shader_module_identifier [enabled=0, external=0]
[Vulkan init] extensions: name=VK_EXT_shader_object [enabled=0, external=0]
[Vulkan init] extensions: name=VK_EXT_shader_replicated_composites [enabled=0, external=0]
[Vulkan init] extensions: name=VK_EXT_shader_subgroup_ballot [enabled=0, external=0]
[Vulkan init] extensions: name=VK_EXT_shader_subgroup_vote [enabled=0, external=0]
[Vulkan init] extensions: name=VK_EXT_shader_uniform_buffer_unsized_array [enabled=0, external=0]
[Vulkan init] extensions: name=VK_EXT_shader_viewport_index_layer [enabled=1, external=0]
[Vulkan init] extensions: name=VK_EXT_subgroup_size_control [enabled=0, external=0]
[Vulkan init] extensions: name=VK_EXT_swapchain_maintenance1 [enabled=0, external=0]
[Vulkan init] extensions: name=VK_EXT_texel_buffer_alignment [enabled=0, external=0]
[Vulkan init] extensions: name=VK_EXT_tooling_info [enabled=0, external=0]
[Vulkan init] extensions: name=VK_EXT_transform_feedback [enabled=0, external=0]
[Vulkan init] extensions: name=VK_EXT_vertex_attribute_divisor [enabled=0, external=0]
[Vulkan init] extensions: name=VK_EXT_vertex_attribute_robustness [enabled=0, external=0]
[Vulkan init] extensions: name=VK_EXT_vertex_input_dynamic_state [enabled=1, external=0]
[Vulkan init] extensions: name=VK_EXT_ycbcr_2plane_444_formats [enabled=0, external=0]
[Vulkan init] extensions: name=VK_EXT_ycbcr_image_arrays [enabled=0, external=0]
[Vulkan init] extensions: name=VK_EXT_zero_initialize_device_memory [enabled=0, external=0]
[Vulkan init] extensions: name=VK_GOOGLE_hlsl_functionality1 [enabled=0, external=0]
[Vulkan init] extensions: name=VK_GOOGLE_user_type [enabled=0, external=0]
[Vulkan init] extensions: name=VK_KHR_16bit_storage [enabled=1, external=0]
[Vulkan init] extensions: name=VK_KHR_8bit_storage [enabled=0, external=0]
[Vulkan init] extensions: name=VK_KHR_acceleration_structure [enabled=0, external=0]
[Vulkan init] extensions: name=VK_KHR_bind_memory2 [enabled=1, external=0]
[Vulkan init] extensions: name=VK_KHR_buffer_device_address [enabled=0, external=0]
[Vulkan init] extensions: name=VK_KHR_calibrated_timestamps [enabled=0, external=0]
[Vulkan init] extensions: name=VK_KHR_compute_shader_derivatives [enabled=0, external=0]
[Vulkan init] extensions: name=VK_KHR_cooperative_matrix [enabled=0, external=0]
[Vulkan init] extensions: name=VK_KHR_copy_commands2 [enabled=0, external=0]
[Vulkan init] extensions: name=VK_KHR_copy_memory_indirect [enabled=0, external=0]
[Vulkan init] extensions: name=VK_KHR_create_renderpass2 [enabled=1, external=0]
[Vulkan init] extensions: name=VK_KHR_dedicated_allocation [enabled=1, external=0]
[Vulkan init] extensions: name=VK_KHR_deferred_host_operations [enabled=0, external=0]
[Vulkan init] extensions: name=VK_KHR_depth_clamp_zero_one [enabled=0, external=0]
[Vulkan init] extensions: name=VK_KHR_depth_stencil_resolve [enabled=1, external=0]
[Vulkan init] extensions: name=VK_KHR_descriptor_update_template [enabled=1, external=0]
[Vulkan init] extensions: name=VK_KHR_device_group [enabled=0, external=0]
[Vulkan init] extensions: name=VK_KHR_draw_indirect_count [enabled=0, external=0]
[Vulkan init] extensions: name=VK_KHR_driver_properties [enabled=1, external=0]
[Vulkan init] extensions: name=VK_KHR_dynamic_rendering [enabled=0, external=0]
[Vulkan init] extensions: name=VK_KHR_dynamic_rendering_local_read [enabled=0, external=0]
[Vulkan init] extensions: name=VK_KHR_external_fence [enabled=1, external=0]
[Vulkan init] extensions: name=VK_KHR_external_fence_fd [enabled=1, external=0]
[Vulkan init] extensions: name=VK_KHR_external_memory [enabled=1, external=0]
[Vulkan init] extensions: name=VK_KHR_external_memory_fd [enabled=1, external=0]
[Vulkan init] extensions: name=VK_KHR_external_semaphore [enabled=1, external=0]
[Vulkan init] extensions: name=VK_KHR_external_semaphore_fd [enabled=1, external=0]
[Vulkan init] extensions: name=VK_KHR_format_feature_flags2 [enabled=0, external=0]
[Vulkan init] extensions: name=VK_KHR_fragment_shader_barycentric [enabled=0, external=0]
[Vulkan init] extensions: name=VK_KHR_fragment_shading_rate [enabled=1, external=0]
[Vulkan init] extensions: name=VK_KHR_get_memory_requirements2 [enabled=1, external=0]
[Vulkan init] extensions: name=VK_KHR_global_priority [enabled=0, external=0]
[Vulkan init] extensions: name=VK_KHR_image_format_list [enabled=1, external=0]
[Vulkan init] extensions: name=VK_KHR_imageless_framebuffer [enabled=0, external=0]
[Vulkan init] extensions: name=VK_KHR_incremental_present [enabled=0, external=0]
[Vulkan init] extensions: name=VK_KHR_index_type_uint8 [enabled=0, external=0]
[Vulkan init] extensions: name=VK_KHR_line_rasterization [enabled=0, external=0]
[Vulkan init] extensions: name=VK_KHR_load_store_op_none [enabled=0, external=0]
[Vulkan init] extensions: name=VK_KHR_maintenance1 [enabled=1, external=0]
[Vulkan init] extensions: name=VK_KHR_maintenance10 [enabled=0, external=0]
[Vulkan init] extensions: name=VK_KHR_maintenance2 [enabled=1, external=0]
[Vulkan init] extensions: name=VK_KHR_maintenance3 [enabled=0, external=0]
[Vulkan init] extensions: name=VK_KHR_maintenance4 [enabled=0, external=0]
[Vulkan init] extensions: name=VK_KHR_maintenance5 [enabled=0, external=0]
[Vulkan init] extensions: name=VK_KHR_maintenance6 [enabled=0, external=0]
[Vulkan init] extensions: name=VK_KHR_maintenance7 [enabled=0, external=0]
[Vulkan init] extensions: name=VK_KHR_maintenance8 [enabled=0, external=0]
[Vulkan init] extensions: name=VK_KHR_maintenance9 [enabled=0, external=0]
[Vulkan init] extensions: name=VK_KHR_map_memory2 [enabled=0, external=0]
[Vulkan init] extensions: name=VK_KHR_multiview [enabled=1, external=0]
[Vulkan init] extensions: name=VK_KHR_pipeline_binary [enabled=0, external=0]
[Vulkan init] extensions: name=VK_KHR_pipeline_executable_properties [enabled=0, external=0]
[Vulkan init] extensions: name=VK_KHR_pipeline_library [enabled=0, external=0]
[Vulkan init] extensions: name=VK_KHR_present_id [enabled=1, external=0]
[Vulkan init] extensions: name=VK_KHR_present_id2 [enabled=0, external=0]
[Vulkan init] extensions: name=VK_KHR_present_mode_fifo_latest_ready [enabled=0, external=0]
[Vulkan init] extensions: name=VK_KHR_present_wait [enabled=1, external=0]
[Vulkan init] extensions: name=VK_KHR_present_wait2 [enabled=0, external=0]
[Vulkan init] extensions: name=VK_KHR_push_descriptor [enabled=0, external=0]
[Vulkan init] extensions: name=VK_KHR_ray_query [enabled=0, external=0]
[Vulkan init] extensions: name=VK_KHR_ray_tracing_maintenance1 [enabled=0, external=0]
[Vulkan init] extensions: name=VK_KHR_ray_tracing_pipeline [enabled=0, external=0]
[Vulkan init] extensions: name=VK_KHR_ray_tracing_position_fetch [enabled=0, external=0]
[Vulkan init] extensions: name=VK_KHR_relaxed_block_layout [enabled=0, external=0]
[Vulkan init] extensions: name=VK_KHR_robustness2 [enabled=0, external=0]
[Vulkan init] extensions: name=VK_KHR_sampler_mirror_clamp_to_edge [enabled=1, external=0]
[Vulkan init] extensions: name=VK_KHR_sampler_ycbcr_conversion [enabled=1, external=0]
[Vulkan init] extensions: name=VK_KHR_separate_depth_stencil_layouts [enabled=0, external=0]
[Vulkan init] extensions: name=VK_KHR_shader_atomic_int64 [enabled=1, external=0]
[Vulkan init] extensions: name=VK_KHR_shader_bfloat16 [enabled=0, external=0]
[Vulkan init] extensions: name=VK_KHR_shader_clock [enabled=0, external=0]
[Vulkan init] extensions: name=VK_KHR_shader_draw_parameters [enabled=0, external=0]
[Vulkan init] extensions: name=VK_KHR_shader_expect_assume [enabled=0, external=0]
[Vulkan init] extensions: name=VK_KHR_shader_float16_int8 [enabled=1, external=0]
[Vulkan init] extensions: name=VK_KHR_shader_float_controls [enabled=0, external=0]
[Vulkan init] extensions: name=VK_KHR_shader_float_controls2 [enabled=0, external=0]
[Vulkan init] extensions: name=VK_KHR_shader_fma [enabled=0, external=0]
[Vulkan init] extensions: name=VK_KHR_shader_integer_dot_product [enabled=0, external=0]
[Vulkan init] extensions: name=VK_KHR_shader_maximal_reconvergence [enabled=0, external=0]
[Vulkan init] extensions: name=VK_KHR_shader_non_semantic_info [enabled=1, external=0]
[Vulkan init] extensions: name=VK_KHR_shader_quad_control [enabled=0, external=0]
[Vulkan init] extensions: name=VK_KHR_shader_relaxed_extended_instruction [enabled=0, external=0]
[Vulkan init] extensions: name=VK_KHR_shader_subgroup_extended_types [enabled=0, external=0]
[Vulkan init] extensions: name=VK_KHR_shader_subgroup_rotate [enabled=0, external=0]
[Vulkan init] extensions: name=VK_KHR_shader_subgroup_uniform_control_flow [enabled=0, external=0]
[Vulkan init] extensions: name=VK_KHR_shader_terminate_invocation [enabled=0, external=0]
[Vulkan init] extensions: name=VK_KHR_shader_untyped_pointers [enabled=0, external=0]
[Vulkan init] extensions: name=VK_KHR_shared_presentable_image [enabled=0, external=0]
[Vulkan init] extensions: name=VK_KHR_spirv_1_4 [enabled=0, external=0]
[Vulkan init] extensions: name=VK_KHR_storage_buffer_storage_class [enabled=1, external=0]
[Vulkan init] extensions: name=VK_KHR_swapchain [enabled=1, external=0]
[Vulkan init] extensions: name=VK_KHR_swapchain_maintenance1 [enabled=0, external=0]
[Vulkan init] extensions: name=VK_KHR_swapchain_mutable_format [enabled=1, external=0]
[Vulkan init] extensions: name=VK_KHR_synchronization2 [enabled=0, external=0]
[Vulkan init] extensions: name=VK_KHR_timeline_semaphore [enabled=0, external=0]
[Vulkan init] extensions: name=VK_KHR_unified_image_layouts [enabled=0, external=0]
[Vulkan init] extensions: name=VK_KHR_uniform_buffer_standard_layout [enabled=0, external=0]
[Vulkan init] extensions: name=VK_KHR_variable_pointers [enabled=0, external=0]
[Vulkan init] extensions: name=VK_KHR_vertex_attribute_divisor [enabled=0, external=0]
[Vulkan init] extensions: name=VK_KHR_video_decode_av1 [enabled=0, external=0]
[Vulkan init] extensions: name=VK_KHR_video_decode_h264 [enabled=0, external=0]
[Vulkan init] extensions: name=VK_KHR_video_decode_h265 [enabled=0, external=0]
[Vulkan init] extensions: name=VK_KHR_video_decode_queue [enabled=0, external=0]
[Vulkan init] extensions: name=VK_KHR_video_decode_vp9 [enabled=0, external=0]
[Vulkan init] extensions: name=VK_KHR_video_encode_av1 [enabled=0, external=0]
[Vulkan init] extensions: name=VK_KHR_video_encode_h264 [enabled=0, external=0]
[Vulkan init] extensions: name=VK_KHR_video_encode_h265 [enabled=0, external=0]
[Vulkan init] extensions: name=VK_KHR_video_encode_intra_refresh [enabled=0, external=0]
[Vulkan init] extensions: name=VK_KHR_video_encode_quantization_map [enabled=0, external=0]
[Vulkan init] extensions: name=VK_KHR_video_encode_queue [enabled=0, external=0]
[Vulkan init] extensions: name=VK_KHR_video_maintenance1 [enabled=0, external=0]
[Vulkan init] extensions: name=VK_KHR_video_maintenance2 [enabled=0, external=0]
[Vulkan init] extensions: name=VK_KHR_video_queue [enabled=0, external=0]
[Vulkan init] extensions: name=VK_KHR_vulkan_memory_model [enabled=0, external=0]
[Vulkan init] extensions: name=VK_KHR_workgroup_memory_explicit_layout [enabled=0, external=0]
[Vulkan init] extensions: name=VK_KHR_zero_initialize_workgroup_memory [enabled=0, external=0]
[Vulkan init] extensions: name=VK_NVX_binary_import [enabled=0, external=0]
[Vulkan init] extensions: name=VK_NVX_image_view_handle [enabled=0, external=0]
[Vulkan init] extensions: name=VK_NVX_multiview_per_view_attributes [enabled=0, external=0]
[Vulkan init] extensions: name=VK_NV_clip_space_w_scaling [enabled=0, external=0]
[Vulkan init] extensions: name=VK_NV_cluster_acceleration_structure [enabled=0, external=0]
[Vulkan init] extensions: name=VK_NV_compute_occupancy_priority [enabled=0, external=0]
[Vulkan init] extensions: name=VK_NV_compute_shader_derivatives [enabled=0, external=0]
[Vulkan init] extensions: name=VK_NV_cooperative_matrix [enabled=0, external=0]
[Vulkan init] extensions: name=VK_NV_cooperative_matrix2 [enabled=0, external=0]
[Vulkan init] extensions: name=VK_NV_cooperative_vector [enabled=0, external=0]
[Vulkan init] extensions: name=VK_NV_copy_memory_indirect [enabled=0, external=0]
[Vulkan init] extensions: name=VK_NV_corner_sampled_image [enabled=0, external=0]
[Vulkan init] extensions: name=VK_NV_coverage_reduction_mode [enabled=0, external=0]
[Vulkan init] extensions: name=VK_NV_cuda_kernel_launch [enabled=0, external=0]
[Vulkan init] extensions: name=VK_NV_dedicated_allocation [enabled=0, external=0]
[Vulkan init] extensions: name=VK_NV_dedicated_allocation_image_aliasing [enabled=0, external=0]
[Vulkan init] extensions: name=VK_NV_descriptor_pool_overallocation [enabled=0, external=0]
[Vulkan init] extensions: name=VK_NV_device_diagnostic_checkpoints [enabled=0, external=0]
[Vulkan init] extensions: name=VK_NV_device_diagnostics_config [enabled=0, external=0]
[Vulkan init] extensions: name=VK_NV_device_generated_commands [enabled=0, external=0]
[Vulkan init] extensions: name=VK_NV_device_generated_commands_compute [enabled=0, external=0]
[Vulkan init] extensions: name=VK_NV_disk_cache_utils [enabled=0, external=0]
[Vulkan init] extensions: name=VK_NV_extended_sparse_address_space [enabled=0, external=0]
[Vulkan init] extensions: name=VK_NV_fill_rectangle [enabled=0, external=0]
[Vulkan init] extensions: name=VK_NV_fragment_coverage_to_color [enabled=0, external=0]
[Vulkan init] extensions: name=VK_NV_fragment_shader_barycentric [enabled=0, external=0]
[Vulkan init] extensions: name=VK_NV_fragment_shading_rate_enums [enabled=0, external=0]
[Vulkan init] extensions: name=VK_NV_framebuffer_mixed_samples [enabled=0, external=0]
[Vulkan init] extensions: name=VK_NV_geometry_shader_passthrough [enabled=0, external=0]
[Vulkan init] extensions: name=VK_NV_inherited_viewport_scissor [enabled=0, external=0]
[Vulkan init] extensions: name=VK_NV_internal_nvpresent [enabled=0, external=0]
[Vulkan init] extensions: name=VK_NV_linear_color_attachment [enabled=0, external=0]
[Vulkan init] extensions: name=VK_NV_low_latency [enabled=0, external=0]
[Vulkan init] extensions: name=VK_NV_low_latency2 [enabled=0, external=0]
[Vulkan init] extensions: name=VK_NV_memory_decompression [enabled=0, external=0]
[Vulkan init] extensions: name=VK_NV_mesh_shader [enabled=0, external=0]
[Vulkan init] extensions: name=VK_NV_optical_flow [enabled=0, external=0]
[Vulkan init] extensions: name=VK_NV_partitioned_acceleration_structure [enabled=0, external=0]
[Vulkan init] extensions: name=VK_NV_present_metering [enabled=0, external=0]
[Vulkan init] extensions: name=VK_NV_raw_access_chains [enabled=0, external=0]
[Vulkan init] extensions: name=VK_NV_ray_tracing [enabled=0, external=0]
[Vulkan init] extensions: name=VK_NV_ray_tracing_invocation_reorder [enabled=0, external=0]
[Vulkan init] extensions: name=VK_NV_ray_tracing_motion_blur [enabled=0, external=0]
[Vulkan init] extensions: name=VK_NV_representative_fragment_test [enabled=0, external=0]
[Vulkan init] extensions: name=VK_NV_sample_mask_override_coverage [enabled=0, external=0]
[Vulkan init] extensions: name=VK_NV_scissor_exclusive [enabled=0, external=0]
[Vulkan init] extensions: name=VK_NV_shader_atomic_float16_vector [enabled=0, external=0]
[Vulkan init] extensions: name=VK_NV_shader_image_footprint [enabled=0, external=0]
[Vulkan init] extensions: name=VK_NV_shader_sm_builtins [enabled=0, external=0]
[Vulkan init] extensions: name=VK_NV_shader_subgroup_partitioned [enabled=0, external=0]
[Vulkan init] extensions: name=VK_NV_shading_rate_image [enabled=0, external=0]
[Vulkan init] extensions: name=VK_NV_viewport_array2 [enabled=0, external=0]
[Vulkan init] extensions: name=VK_NV_viewport_swizzle [enabled=0, external=0]
[vulkan] Loaded device function vkDestroyDevice
[vulkan] Loaded device function vkGetDeviceQueue
[vulkan] Loaded device function vkQueueSubmit
[vulkan] Loaded device function vkQueueWaitIdle
[vulkan] Loaded device function vkDeviceWaitIdle
[vulkan] Loaded device function vkAllocateMemory
[vulkan] Loaded device function vkFreeMemory
[vulkan] Loaded device function vkMapMemory
[vulkan] Loaded device function vkUnmapMemory
[vulkan] Loaded device function vkFlushMappedMemoryRanges
[vulkan] Loaded device function vkInvalidateMappedMemoryRanges
[vulkan] Loaded device function vkGetDeviceMemoryCommitment
[vulkan] Loaded device function vkBindBufferMemory
[vulkan] Loaded device function vkBindImageMemory
[vulkan] Loaded device function vkGetBufferMemoryRequirements
[vulkan] Loaded device function vkGetImageMemoryRequirements
[vulkan] Loaded device function vkGetImageSparseMemoryRequirements
[vulkan] Loaded device function vkQueueBindSparse
[vulkan] Loaded device function vkCreateFence
[vulkan] Loaded device function vkDestroyFence
[vulkan] Loaded device function vkResetFences
[vulkan] Loaded device function vkGetFenceStatus
[vulkan] Loaded device function vkWaitForFences
[vulkan] Loaded device function vkCreateSemaphore
[vulkan] Loaded device function vkDestroySemaphore
[vulkan] Loaded device function vkCreateEvent
[vulkan] Loaded device function vkDestroyEvent
[vulkan] Loaded device function vkGetEventStatus
[vulkan] Loaded device function vkSetEvent
[vulkan] Loaded device function vkResetEvent
[vulkan] Loaded device function vkCreateQueryPool
[vulkan] Loaded device function vkDestroyQueryPool
[vulkan] Loaded device function vkGetQueryPoolResults
[vulkan] Loaded device function vkCreateBuffer
[vulkan] Loaded device function vkDestroyBuffer
[vulkan] Loaded device function vkCreateBufferView
[vulkan] Loaded device function vkDestroyBufferView
[vulkan] Loaded device function vkCreateImage
[vulkan] Loaded device function vkDestroyImage
[vulkan] Loaded device function vkGetImageSubresourceLayout
[vulkan] Loaded device function vkCreateImageView
[vulkan] Loaded device function vkDestroyImageView
[vulkan] Loaded device function vkCreateShaderModule
[vulkan] Loaded device function vkDestroyShaderModule
[vulkan] Loaded device function vkCreatePipelineCache
[vulkan] Loaded device function vkDestroyPipelineCache
[vulkan] Loaded device function vkGetPipelineCacheData
[vulkan] Loaded device function vkMergePipelineCaches
[vulkan] Loaded device function vkCreateGraphicsPipelines
[vulkan] Loaded device function vkCreateComputePipelines
[vulkan] Loaded device function vkDestroyPipeline
[vulkan] Loaded device function vkCreatePipelineLayout
[vulkan] Loaded device function vkDestroyPipelineLayout
[vulkan] Loaded device function vkCreateSampler
[vulkan] Loaded device function vkDestroySampler
[vulkan] Loaded device function vkCreateDescriptorSetLayout
[vulkan] Loaded device function vkDestroyDescriptorSetLayout
[vulkan] Loaded device function vkCreateDescriptorPool
[vulkan] Loaded device function vkDestroyDescriptorPool
[vulkan] Loaded device function vkResetDescriptorPool
[vulkan] Loaded device function vkAllocateDescriptorSets
[vulkan] Loaded device function vkFreeDescriptorSets
[vulkan] Loaded device function vkUpdateDescriptorSets
[vulkan] Loaded device function vkCreateFramebuffer
[vulkan] Loaded device function vkDestroyFramebuffer
[vulkan] Loaded device function vkCreateRenderPass
[vulkan] Loaded device function vkDestroyRenderPass
[vulkan] Loaded device function vkGetRenderAreaGranularity
[vulkan] Loaded device function vkCreateCommandPool
[vulkan] Loaded device function vkDestroyCommandPool
[vulkan] Loaded device function vkResetCommandPool
[vulkan] Loaded device function vkAllocateCommandBuffers
[vulkan] Loaded device function vkFreeCommandBuffers
[vulkan] Loaded device function vkBeginCommandBuffer
[vulkan] Loaded device function vkEndCommandBuffer
[vulkan] Loaded device function vkResetCommandBuffer
[vulkan] Loaded device function vkCmdBindPipeline
[vulkan] Loaded device function vkCmdSetViewport
[vulkan] Loaded device function vkCmdSetScissor
[vulkan] Loaded device function vkCmdSetLineWidth
[vulkan] Loaded device function vkCmdSetDepthBias
[vulkan] Loaded device function vkCmdSetBlendConstants
[vulkan] Loaded device function vkCmdSetDepthBounds
[vulkan] Loaded device function vkCmdSetStencilCompareMask
[vulkan] Loaded device function vkCmdSetStencilWriteMask
[vulkan] Loaded device function vkCmdSetStencilReference
[vulkan] Loaded device function vkCmdBindDescriptorSets
[vulkan] Loaded device function vkCmdBindIndexBuffer
[vulkan] Loaded device function vkCmdBindVertexBuffers
[vulkan] Loaded device function vkCmdDraw
[vulkan] Loaded device function vkCmdDrawIndexed
[vulkan] Loaded device function vkCmdDrawIndirect
[vulkan] Loaded device function vkCmdDrawIndexedIndirect
[vulkan] Loaded device function vkCmdDispatch
[vulkan] Loaded device function vkCmdDispatchIndirect
[vulkan] Loaded device function vkCmdCopyBuffer
[vulkan] Loaded device function vkCmdCopyImage
[vulkan] Loaded device function vkCmdBlitImage
[vulkan] Loaded device function vkCmdCopyBufferToImage
[vulkan] Loaded device function vkCmdCopyImageToBuffer
[vulkan] Loaded device function vkCmdUpdateBuffer
[vulkan] Loaded device function vkCmdFillBuffer
[vulkan] Loaded device function vkCmdClearColorImage
[vulkan] Loaded device function vkCmdClearDepthStencilImage
[vulkan] Loaded device function vkCmdClearAttachments
[vulkan] Loaded device function vkCmdResolveImage
[vulkan] Loaded device function vkCmdSetEvent
[vulkan] Loaded device function vkCmdResetEvent
[vulkan] Loaded device function vkCmdWaitEvents
[vulkan] Loaded device function vkCmdPipelineBarrier
[vulkan] Loaded device function vkCmdBeginQuery
[vulkan] Loaded device function vkCmdEndQuery
[vulkan] Loaded device function vkCmdResetQueryPool
[vulkan] Loaded device function vkCmdWriteTimestamp
[vulkan] Loaded device function vkCmdCopyQueryPoolResults
[vulkan] Loaded device function vkCmdPushConstants
[vulkan] Loaded device function vkCmdBeginRenderPass
[vulkan] Loaded device function vkCmdNextSubpass
[vulkan] Loaded device function vkCmdEndRenderPass
[vulkan] Loaded device function vkCmdExecuteCommands
[vulkan] Loaded device function vkGetImageMemoryRequirements2KHR
[vulkan] Loaded device function vkGetBufferMemoryRequirements2KHR
[vulkan] Loaded device function vkGetImageSparseMemoryRequirements2KHR
[vulkan] Loaded device function vkCreateDescriptorUpdateTemplateKHR
[vulkan] Loaded device function vkDestroyDescriptorUpdateTemplateKHR
[vulkan] Loaded device function vkUpdateDescriptorSetWithTemplateKHR
[vulkan] Loaded device function vkCmdBeginRenderPass2KHR
[vulkan] Loaded device function vkCmdEndRenderPass2KHR
[vulkan] Loaded device function vkCmdNextSubpass2KHR
[vulkan] Loaded device function vkCreateRenderPass2KHR
[vulkan] Loaded device function vkCmdSetVertexInputEXT
[vulkan] Loaded device function vkCmdSetFragmentShadingRateKHR
[vulkan] Failed to load device function vkGetFramebufferTilePropertiesQCOM
[vulkan] Loaded instance function vkGetFramebufferTilePropertiesQCOM
[vulkan] Failed to load device function vkDebugMarkerSetObjectTagEXT
[vulkan] Loaded instance function vkDebugMarkerSetObjectTagEXT
[vulkan] Failed to load device function vkDebugMarkerSetObjectNameEXT
[vulkan] Loaded instance function vkDebugMarkerSetObjectNameEXT
[vulkan] Failed to load device function vkCmdDebugMarkerBeginEXT
[vulkan] Loaded instance function vkCmdDebugMarkerBeginEXT
[vulkan] Failed to load device function vkCmdDebugMarkerEndEXT
[vulkan] Loaded instance function vkCmdDebugMarkerEndEXT
[vulkan] Failed to load device function vkCmdDebugMarkerInsertEXT
[vulkan] Loaded instance function vkCmdDebugMarkerInsertEXT
Vulkan API version 1.1.0 (1.4.329 supported by driver, 1.1.0 requested)
Vulkan vendor=[NVIDIA] id=[10de]
Vulkan renderer=[NVIDIA GeForce RTX 4060 Ti] id=[2803]
Vulkan device type 2
Vulkan driverversion=[595.364.448 (0x94d6c1c0)] uint=[-1797865024]
Vulkan driverLibraryString=[NVIDIA (4), 595.91.07]
Vulkan PSO: Cache data successfully loaded [size=118698,path=/tmp/DefaultCompany/Apple-Picker/vulkan_pso_cache.bin]
Initialize mono
Mono path[0] = '/home/jack/Unity/Hub/Editor/6000.6.0f1/Editor/Data/Managed'
Mono path[1] = '/home/jack/Unity/Hub/Editor/6000.6.0f1/Editor/Data/BCLExtensions/runtime/netstandard2.1'
Mono path[2] = '/home/jack/Unity/Hub/Editor/6000.6.0f1/Editor/Data/MonoBleedingEdge/lib/mono/unityjit-linux'
Mono config path = '/home/jack/Unity/Hub/Editor/6000.6.0f1/Editor/Data/MonoBleedingEdge/etc'
Using monoOptions --debugger-agent=transport=dt_socket,embedding=1,server=y,suspend=n,address=127.0.0.1:56399
CodeReloadManager initialized
Begin MonoManager ReloadAssembly
Registering precompiled unity dll's ...
Register platform support module: /home/jack/Unity/Hub/Editor/6000.6.0f1/Editor/Data/PlaybackEngines/WebGLSupport/UnityEditor.WebGL.Extensions.dll
Register platform support module: /home/jack/Unity/Hub/Editor/6000.6.0f1/Editor/Data/PlaybackEngines/WindowsStandaloneSupport/UnityEditor.WindowsStandalone.Extensions.dll
Register platform support module: /home/jack/Unity/Hub/Editor/6000.6.0f1/Editor/Data/PlaybackEngines/LinuxStandaloneSupport/UnityEditor.LinuxStandalone.Extensions.dll
Registered in 0.001509 seconds.
Native extension for LinuxStandalone target not found
Native extension for WindowsStandalone target not found
Native extension for WebGL target not found
Package Manager log level set to [2]
[Package Manager] Failed to launch server process. Reason: Unity was launched with the -noUpm command-line argument
[Package Manager] Unable to send message (not connected to server process).
[Package Manager] Cannot connect to Unity Package Manager local server
[Package Manager] Failed to launch server process. Reason: Unity was launched with the -noUpm command-line argument
[Package Manager] Unable to send message (not connected to server process).
[Package Manager] Cannot connect to Unity Package Manager local server
ScheduleIndexationOnStartup MainProcess:False IndexOnStartup:True
Scripting: successfully reloaded assembly
- Finished resetting the current domain, in  0.371 seconds
Domain Reload Profiling: 808ms
	BeginReloadAssembly (70ms)
	RebuildCommonClasses (4ms)
	RebuildNativeTypeToScriptingClass (8ms)
	initialDomainReloadingComplete (51ms)
	LoadAllAssembliesAndSetupDomain (303ms)
		LoadAssemblies (69ms)
		TypeCache.Refresh (225ms)
			TypeCache.ScanAssembly (212ms)
		AnalyzeDomain (1ms)
	FinalizeReload (372ms)
		SetupLoadedEditorAssemblies (0ms)
			BeforeProcessingInitializeOnLoad (77ms)
			ProcessInitializeOnLoadAttributes (70ms)
			ProcessInitializeOnLoadMethodAttributes (143ms)
Initializing Unity extensions:
[Licensing::Client] Successfully resolved entitlement details
[Licensing::Module] License group:
  Id: 2473961162010-UnityPersXXXX
  Product: Unity Personal
  Type: Assigned
  Expiration: Unlimited
========================================================================
Worker process is ready to serve import requests
Curl error 6: Could not resolve: cdp.cloud.unity3d.com:443
Import Worker Mode flag is 0x00
Begin MonoManager ReloadAssembly
Symbol file LoadedFromMemory is not a mono symbol file
Native extension for LinuxStandalone target not found
Native extension for WindowsStandalone target not found
Native extension for WebGL target not found
[Package Manager] Failed to launch server process. Reason: Unity was launched with the -noUpm command-line argument
[Package Manager] Unable to send message (not connected to server process).
[Package Manager] Cannot connect to Unity Package Manager local server
[Package Manager] Failed to launch server process. Reason: Unity was launched with the -noUpm command-line argument
[Package Manager] Unable to send message (not connected to server process).
[Package Manager] Cannot connect to Unity Package Manager local server
ScheduleIndexationOnStartup MainProcess:False IndexOnStartup:True
Scripting: successfully reloaded assembly
- Finished resetting the current domain, in  0.514 seconds
Domain Reload Profiling: 1128ms
	BeginReloadAssembly (157ms)
		DisableScriptedObjects (5ms)
		CreateAndSetChildDomain (36ms)
	RebuildCommonClasses (6ms)
	RebuildNativeTypeToScriptingClass (10ms)
	initialDomainReloadingComplete (41ms)
	LoadAllAssembliesAndSetupDomain (399ms)
		LoadAssemblies (206ms)
		TypeCache.Refresh (123ms)
			TypeCache.ScanAssembly (113ms)
		AnalyzeDomain (33ms)
			BuildScriptInfoCaches (30ms)
	FinalizeReload (515ms)
		SetupLoadedEditorAssemblies (0ms)
			BeforeProcessingInitializeOnLoad (79ms)
			ProcessInitializeOnLoadAttributes (259ms)
			ProcessInitializeOnLoadMethodAttributes (28ms)
			AfterProcessingInitializeOnLoad (4ms)
		AwakeInstancesAfterBackupRestoration (5ms)
AcceleratorClientConnectionCallback - disconnected - :0
AutoLocale: current locale expects 'C' but got 'en_US.utf8'/home/jack/Unity/Hub/Editor/6000.6.0f1/Editor/Data/Tools/UnityShaderCompiler: /lib64/libtinfo.so.6: no version information available (required by /home/jack/Unity/Hub/Editor/6000.6.0f1/Editor/Data/Tools/libdxcompiler.so)
Launched and connected shader compiler UnityShaderCompiler after 0.02 seconds
Unloading 0 Unused Serialized files (Serialized files now loaded: 0)
Unloading 4718 unused Assets / (3.0 MB). Loaded Objects now: 5446.
Memory consumption went from 166.0 MB to 163.0 MB.
Total: 8.874363 ms (FindLiveObjects: 0.435218 ms CreateObjectMapping: 0.345639 ms MarkObjects: 6.521202 ms  DeleteObjects: 1.419587 ms)

========================================================================
Received Prepare
AcceleratorClientConnectionCallback - disconnected - :0
Curl error 6: Could not resolve: config.uca.cloud.unity3d.com:443
Curl error 6: Could not resolve host: config.uca.cloud.unity3d.com
Unloading 0 Unused Serialized files (Serialized files now loaded: 0)
Unloading 0 unused Assets / (Unknown). Loaded Objects now: 5446.
Memory consumption went from 161.6 MB to 161.6 MB.
Total: 5.259923 ms (FindLiveObjects: 0.302138 ms CreateObjectMapping: 0.057578 ms MarkObjects: 4.742641 ms  DeleteObjects: 0.009928 ms)

Prepare: number of updated asset objects reloaded= 0
========================================================================
Received Import Request.
  Time of request: 2026-09-15T03:17:28.20437Z
  Time since last request: 44977.18168860099831 seconds.
  importAddress: GUID: 95717078cc4c64909b37d434fa201776 - Path: Packages/com.unity.services.core/Editor/Core/Environments/UI - Importer: ScriptedImporter/UnityEditor.QuickSearchModule:UnityEditor.Search:ASIAI0B
Importing 'GUID: 95717078cc4c64909b37d434fa201776 - Path: Packages/com.unity.services.core/Editor/Core/Environments/UI - Importer: ScriptedImporter/UnityEditor.QuickSearchModule:UnityEditor.Search:ASIAI0B' with importer (ScriptedImporter : UnityEditor.QuickSearchModule:UnityEditor.Search:ASIAI0B)
Imported 'GUID: 95717078cc4c64909b37d434fa201776' -> (Import Result ID: 'fbf85b7226e722c8bc2c98e3b113bdc2') in 0.031 seconds [static and dynamic dependencies]. Details - ImportResultOutputID=0d0fb3189fb8986ffba50ee5906039ab DependenciesID=4e291880161dfc0b7ff5ba8a9e77b9b4 StaticDependenciesID=f5a672e0104f80c1c19874bff21440a4 
Number of updated asset objects reloaded before import = 0
Number of asset objects unloaded after import = 1
========================================================================
Received Import Request.
  Time of request: 2026-09-15T03:17:28.270605Z
  Time since last request: 0.033742446 seconds.
  importAddress: GUID: 4fc462806a32aa245a7b28367381bf24 - Path: Packages/com.unity.services.core/Runtime/Networking/Unity.Services.Core.Networking.asmdef - Importer: ScriptedImporter/UnityEditor.QuickSearchModule:UnityEditor.Search:ASIAI0B
Importing 'GUID: 4fc462806a32aa245a7b28367381bf24 - Path: Packages/com.unity.services.core/Runtime/Networking/Unity.Services.Core.Networking.asmdef - Importer: ScriptedImporter/UnityEditor.QuickSearchModule:UnityEditor.Search:ASIAI0B' with importer (ScriptedImporter : UnityEditor.QuickSearchModule:UnityEditor.Search:ASIAI0B)
Imported 'GUID: 4fc462806a32aa245a7b28367381bf24' -> (Import Result ID: 'f489b90fa2f06f58bda096b9269c5738') in 0.012 seconds [static and dynamic dependencies]. Details - ImportResultOutputID=fdb613363f59a0c7df38fda65bea2f92 DependenciesID=8eb8758197b22a2494a1c426722d82f4 StaticDependenciesID=1fab1f11258c3af9444b6c87d09c81cd 
Number of updated asset objects reloaded before import = 0
Number of asset objects unloaded after import = 1
========================================================================
Received Import Request.
  Time of request: 2026-09-15T03:17:28.282717Z
  Time since last request: 0.000305514 seconds.
  importAddress: GUID: bbe1d6885a3049bfb1c80f08903b6a82 - Path: Packages/com.unity.services.core/Editor/Core/ProjectBindRedirect/ProjectBindRedirectContentUI.cs - Importer: ScriptedImporter/UnityEditor.QuickSearchModule:UnityEditor.Search:ASIAI0B
Importing 'GUID: bbe1d6885a3049bfb1c80f08903b6a82 - Path: Packages/com.unity.services.core/Editor/Core/ProjectBindRedirect/ProjectBindRedirectContentUI.cs - Importer: ScriptedImporter/UnityEditor.QuickSearchModule:UnityEditor.Search:ASIAI0B' with importer (ScriptedImporter : UnityEditor.QuickSearchModule:UnityEditor.Search:ASIAI0B)
Imported 'GUID: bbe1d6885a3049bfb1c80f08903b6a82' -> (Import Result ID: '5987ddf0624874f169a021507e13f7bc') in 0.012 seconds [static and dynamic dependencies]. Details - ImportResultOutputID=1fce453d61592bbce4ee56649b6f259b DependenciesID=2dfeb5f26df60f434f72a773d526d28d StaticDependenciesID=89096a79ee78f12a05691907a6d8527d 
Number of updated asset objects reloaded before import = 0
Number of asset objects unloaded after import = 0
========================================================================
Received Import Request.
  Time of request: 2026-09-15T03:17:28.294907Z
  Time since last request: 0.000404621 seconds.
  importAddress: GUID: 92620b818fb3f4bf795270bbc57e9f11 - Path: Packages/com.unity.services.core/Runtime/Core/ExternalUserIdProperty.cs - Importer: ScriptedImporter/UnityEditor.QuickSearchModule:UnityEditor.Search:ASIAI0B
Importing 'GUID: 92620b818fb3f4bf795270bbc57e9f11 - Path: Packages/com.unity.services.core/Runtime/Core/ExternalUserIdProperty.cs - Importer: ScriptedImporter/UnityEditor.QuickSearchModule:UnityEditor.Search:ASIAI0B' with importer (ScriptedImporter : UnityEditor.QuickSearchModule:UnityEditor.Search:ASIAI0B)
Imported 'GUID: 92620b818fb3f4bf795270bbc57e9f11' -> (Import Result ID: '0fdc8c3dd6e31df051484db3e40d55ab') in 0.002 seconds [static and dynamic dependencies]. Details - ImportResultOutputID=c45f993d477c9c9393b67c9c36847600 DependenciesID=7828d915b498e6ff13a0577e88f938b5 StaticDependenciesID=1bc1df7f57e10cda8268583141c22254 
Number of updated asset objects reloaded before import = 0
Number of asset objects unloaded after import = 0
========================================================================
Received Import Request.
  Time of request: 2026-09-15T03:17:28.296934Z
  Time since last request: 0.000271911 seconds.
  importAddress: GUID: cef9f727d368b89429bb517c040e0d8b - Path: Packages/com.unity.services.core/Editor/Core/Telemetry/OperatePackageVersionConfigProvider.cs - Importer: ScriptedImporter/UnityEditor.QuickSearchModule:UnityEditor.Search:ASIAI0B
Importing 'GUID: cef9f727d368b89429bb517c040e0d8b - Path: Packages/com.unity.services.core/Editor/Core/Telemetry/OperatePackageVersionConfigProvider.cs - Importer: ScriptedImporter/UnityEditor.QuickSearchModule:UnityEditor.Search:ASIAI0B' with importer (ScriptedImporter : UnityEditor.QuickSearchModule:UnityEditor.Search:ASIAI0B)
Imported 'GUID: cef9f727d368b89429bb517c040e0d8b' -> (Import Result ID: '5238c97e3ee1572a8f20c45c358ffa8b') in 0.005 seconds [static and dynamic dependencies]. Details - ImportResultOutputID=4092e602a2467a67014a7b128f96e156 DependenciesID=a3ddec8c320cd86316fa49335af07cfa StaticDependenciesID=c05737bc27afe8ab4162c7295e22e033 
Number of updated asset objects reloaded before import = 0
Number of asset objects unloaded after import = 0
========================================================================
Received Import Request.
  Time of request: 2026-09-15T03:17:28.301996Z
  Time since last request: 0.000401264 seconds.
  importAddress: GUID: 9d0c9dbb210b40f3ae4a5a8988fc59b1 - Path: Packages/com.unity.services.core/Editor/Core/Environments/EnvironmentServiceRegistry.cs - Importer: ScriptedImporter/UnityEditor.QuickSearchModule:UnityEditor.Search:ASIAI0B
Importing 'GUID: 9d0c9dbb210b40f3ae4a5a8988fc59b1 - Path: Packages/com.unity.services.core/Editor/Core/Environments/EnvironmentServiceRegistry.cs - Importer: ScriptedImporter/UnityEditor.QuickSearchModule:UnityEditor.Search:ASIAI0B' with importer (ScriptedImporter : UnityEditor.QuickSearchModule:UnityEditor.Search:ASIAI0B)
Imported 'GUID: 9d0c9dbb210b40f3ae4a5a8988fc59b1' -> (Import Result ID: 'e00441bb507fa8bef3027b4b90d3ea1d') in 0.001 seconds [static and dynamic dependencies]. Details - ImportResultOutputID=e1c1338d91b5218f3684ec2ea28efb05 DependenciesID=2029afb2c7cb1a46250774b2ed120a37 StaticDependenciesID=16a1a2cb0d7ca094ee1f6fa1dccd7786 
Number of updated asset objects reloaded before import = 0
Number of asset objects unloaded after import = 0
========================================================================
Received Import Request.
  Time of request: 2026-09-15T03:17:28.303436Z
  Time since last request: 0.000293371 seconds.
  importAddress: GUID: f763d6dafe30b4536a63840a783f1854 - Path: Packages/com.unity.services.core/Editor/Core/Shared/UI/AssemblyInfo.Gen.cs - Importer: ScriptedImporter/UnityEditor.QuickSearchModule:UnityEditor.Search:ASIAI0B
Importing 'GUID: f763d6dafe30b4536a63840a783f1854 - Path: Packages/com.unity.services.core/Editor/Core/Shared/UI/AssemblyInfo.Gen.cs - Importer: ScriptedImporter/UnityEditor.QuickSearchModule:UnityEditor.Search:ASIAI0B' with importer (ScriptedImporter : UnityEditor.QuickSearchModule:UnityEditor.Search:ASIAI0B)
Imported 'GUID: f763d6dafe30b4536a63840a783f1854' -> (Import Result ID: 'e0b33e6fc4ef45688911f7938cf56259') in 0.001 seconds [static and dynamic dependencies]. Details - ImportResultOutputID=f199dd0f363ef1c5ad87ea696058b258 DependenciesID=b104eeaf95922953eb935e36aaa75e5f StaticDependenciesID=f0f9a40127076bcce02593486f3c650f 
Number of updated asset objects reloaded before import = 0
Number of asset objects unloaded after import = 0
========================================================================
Received Import Request.
  Time of request: 2026-09-15T03:17:28.304744Z
  Time since last request: 0.000277482 seconds.
  importAddress: GUID: e12cdb285c9804571a21e551bdac8e68 - Path: Packages/com.unity.services.core/Runtime/Device/UserIdProviders - Importer: ScriptedImporter/UnityEditor.QuickSearchModule:UnityEditor.Search:ASIAI0B
Importing 'GUID: e12cdb285c9804571a21e551bdac8e68 - Path: Packages/com.unity.services.core/Runtime/Device/UserIdProviders - Importer: ScriptedImporter/UnityEditor.QuickSearchModule:UnityEditor.Search:ASIAI0B' with importer (ScriptedImporter : UnityEditor.QuickSearchModule:UnityEditor.Search:ASIAI0B)
Imported 'GUID: e12cdb285c9804571a21e551bdac8e68' -> (Import Result ID: 'fcdcb5e37d5fc435e6a32428db4ff2a5') in 0.001 seconds [static and dynamic dependencies]. Details - ImportResultOutputID=37904ea719d4684b870c52ec1121ed05 DependenciesID=bb1059acdb4247c0a309f15395d54c2e StaticDependenciesID=caf7c0ef23bf588c70fb3566bb14da78 
Number of updated asset objects reloaded before import = 0
Number of asset objects unloaded after import = 1
========================================================================
Received Import Request.
  Time of request: 2026-09-15T03:17:28.306301Z
  Time since last request: 0.000224973 seconds.
  importAddress: GUID: 9ca68cb91190f469da4ed874ef657802 - Path: Packages/com.unity.services.core/Editor/Core/EditorGameService - Importer: ScriptedImporter/UnityEditor.QuickSearchModule:UnityEditor.Search:ASIAI0B
Importing 'GUID: 9ca68cb91190f469da4ed874ef657802 - Path: Packages/com.unity.services.core/Editor/Core/EditorGameService - Importer: ScriptedImporter/UnityEditor.QuickSearchModule:UnityEditor.Search:ASIAI0B' with importer (ScriptedImporter : UnityEditor.QuickSearchModule:UnityEditor.Search:ASIAI0B)
Imported 'GUID: 9ca68cb91190f469da4ed874ef657802' -> (Import Result ID: '608d6778bf3d3be6fcad4b2fed11f5fb') in 0.001 seconds [static and dynamic dependencies]. Details - ImportResultOutputID=54edd120779072d9be9e3cd66ad786b8 DependenciesID=567c8460b821fe7df193ead8255628f6 StaticDependenciesID=8086b91381025fb10be9d8e58b485720 
Number of updated asset objects reloaded before import = 0
Number of asset objects unloaded after import = 1
========================================================================
Received Import Request.
  Time of request: 2026-09-15T03:17:28.307688Z
  Time since last request: 0.000242516 seconds.
  importAddress: GUID: 5f6f1affa6a7d42618f2bdc0c6a394e4 - Path: Packages/com.unity.services.core/Editor/Core/Environments/Client/Http/JsonObject.cs - Importer: ScriptedImporter/UnityEditor.QuickSearchModule:UnityEditor.Search:ASIAI0B
Importing 'GUID: 5f6f1affa6a7d42618f2bdc0c6a394e4 - Path: Packages/com.unity.services.core/Editor/Core/Environments/Client/Http/JsonObject.cs - Importer: ScriptedImporter/UnityEditor.QuickSearchModule:UnityEditor.Search:ASIAI0B' with importer (ScriptedImporter : UnityEditor.QuickSearchModule:UnityEditor.Search:ASIAI0B)
Imported 'GUID: 5f6f1affa6a7d42618f2bdc0c6a394e4' -> (Import Result ID: 'ac44e1136d51b4e1b826f38e74ce3247') in 0.001 seconds [static and dynamic dependencies]. Details - ImportResultOutputID=35ef3668782f25060c163267e3592f7e DependenciesID=e5955480c4b7d2cce7062412d437443e StaticDependenciesID=11da0c85e583370969e6b838e342e9f0 
Number of updated asset objects reloaded before import = 0
Number of asset objects unloaded after import = 0
========================================================================
Received Import Request.
  Time of request: 2026-09-15T03:17:28.309301Z
  Time since last request: 0.000258836 seconds.
  importAddress: GUID: d497d03046b84003b00f04dbf9bfdcc6 - Path: Packages/com.unity.services.core/Editor/Core/Environments/Settings/EnvironmentSettings.cs - Importer: ScriptedImporter/UnityEditor.QuickSearchModule:UnityEditor.Search:ASIAI0B
Importing 'GUID: d497d03046b84003b00f04dbf9bfdcc6 - Path: Packages/com.unity.services.core/Editor/Core/Environments/Settings/EnvironmentSettings.cs - Importer: ScriptedImporter/UnityEditor.QuickSearchModule:UnityEditor.Search:ASIAI0B' with importer (ScriptedImporter : UnityEditor.QuickSearchModule:UnityEditor.Search:ASIAI0B)
Imported 'GUID: d497d03046b84003b00f04dbf9bfdcc6' -> (Import Result ID: '4305125d21adde9dfdaabf0c469d33cd') in 0.001 seconds [static and dynamic dependencies]. Details - ImportResultOutputID=62eccded98d482aa4324042d4cc70b3d DependenciesID=6f16dd6ae667d5f80fe9116329de782b StaticDependenciesID=2558eb853a93fce7bdbfc21ad938db4a 
Number of updated asset objects reloaded before import = 0
Number of asset objects unloaded after import = 0
========================================================================
Received Import Request.
  Time of request: 2026-09-15T03:17:28.310592Z
  Time since last request: 0.000275338 seconds.
  importAddress: GUID: 2d4f47b43625b43508b700e345be22c8 - Path: Packages/com.unity.services.core/Runtime/Core.Internal/AsyncOperation/AsyncOperationStatus.cs - Importer: ScriptedImporter/UnityEditor.QuickSearchModule:UnityEditor.Search:ASIAI0B
Importing 'GUID: 2d4f47b43625b43508b700e345be22c8 - Path: Packages/com.unity.services.core/Runtime/Core.Internal/AsyncOperation/AsyncOperationStatus.cs - Importer: ScriptedImporter/UnityEditor.QuickSearchModule:UnityEditor.Search:ASIAI0B' with importer (ScriptedImporter : UnityEditor.QuickSearchModule:UnityEditor.Search:ASIAI0B)
Imported 'GUID: 2d4f47b43625b43508b700e345be22c8' -> (Import Result ID: 'cccede60141a3a0aa072fd962c59b61f') in 0.001 seconds [static and dynamic dependencies]. Details - ImportResultOutputID=c54939a47c558a81d4adc6d8a6530f94 DependenciesID=9de7298b79850ac30c6d2b1ff16cbad0 StaticDependenciesID=455afe5fac53d653a461e94b738139ac 
Number of updated asset objects reloaded before import = 0
Number of asset objects unloaded after import = 0
========================================================================
Received Import Request.
  Time of request: 2026-09-15T03:17:28.3118Z
  Time since last request: 0.000290115 seconds.
  importAddress: GUID: c7b962ececa7141c3b769f4ffa78ac1c - Path: Packages/com.unity.services.core/Editor/Core/Environments/UI/Assets/EnvironmentView.uxml - Importer: ScriptedImporter/UnityEditor.QuickSearchModule:UnityEditor.Search:ASIAI0B
Importing 'GUID: c7b962ececa7141c3b769f4ffa78ac1c - Path: Packages/com.unity.services.core/Editor/Core/Environments/UI/Assets/EnvironmentView.uxml - Importer: ScriptedImporter/UnityEditor.QuickSearchModule:UnityEditor.Search:ASIAI0B' with importer (ScriptedImporter : UnityEditor.QuickSearchModule:UnityEditor.Search:ASIAI0B)
Imported 'GUID: c7b962ececa7141c3b769f4ffa78ac1c' -> (Import Result ID: '889d66419a8d02e0067e2926a54f8d3a') in 0.058 seconds [static and dynamic dependencies]. Details - ImportResultOutputID=061e9eb5662ae5cbfbb2ee067ccfb4b5 DependenciesID=e5bf9724e0c0fd28833c5110d5af4202 StaticDependenciesID=31423dfc70776f86484cc117eed67758 
Number of updated asset objects reloaded before import = 0
Number of asset objects unloaded after import = 2
========================================================================
Received Import Request.
  Time of request: 2026-09-15T03:17:28.370448Z
  Time since last request: 0.000401625 seconds.
  importAddress: GUID: 79f5e8ab40570a441903ba249e0ca18f - Path: Packages/com.unity.services.core/Runtime/Core.Internal/Components/Analytics/IAnalyticsStandardEventComponent.cs - Importer: ScriptedImporter/UnityEditor.QuickSearchModule:UnityEditor.Search:ASIAI0B
Importing 'GUID: 79f5e8ab40570a441903ba249e0ca18f - Path: Packages/com.unity.services.core/Runtime/Core.Internal/Components/Analytics/IAnalyticsStandardEventComponent.cs - Importer: ScriptedImporter/UnityEditor.QuickSearchModule:UnityEditor.Search:ASIAI0B' with importer (ScriptedImporter : UnityEditor.QuickSearchModule:UnityEditor.Search:ASIAI0B)
Imported 'GUID: 79f5e8ab40570a441903ba249e0ca18f' -> (Import Result ID: '9d4964beaed7f364ad9c11a26d66e01d') in 0.001 seconds [static and dynamic dependencies]. Details - ImportResultOutputID=bdea84d380db497b364c300e614a27f6 DependenciesID=ad1e4804ef391934e9925e0f6e1d7ca9 StaticDependenciesID=86bb7a092ba03a148c80a86d37641c5e 
Number of updated asset objects reloaded before import = 0
Number of asset objects unloaded after import = 0
========================================================================
Received Import Request.
  Time of request: 2026-09-15T03:17:28.371901Z
  Time since last request: 0.000345789 seconds.
  importAddress: GUID: d390f9cc6f1fc5c4db106de9ff14b0e9 - Path: Packages/com.unity.services.core/Editor/Core/Utils/OrganizationHandler/OrganizationHandler.cs - Importer: ScriptedImporter/UnityEditor.QuickSearchModule:UnityEditor.Search:ASIAI0B
Importing 'GUID: d390f9cc6f1fc5c4db106de9ff14b0e9 - Path: Packages/com.unity.services.core/Editor/Core/Utils/OrganizationHandler/OrganizationHandler.cs - Importer: ScriptedImporter/UnityEditor.QuickSearchModule:UnityEditor.Search:ASIAI0B' with importer (ScriptedImporter : UnityEditor.QuickSearchModule:UnityEditor.Search:ASIAI0B)
Imported 'GUID: d390f9cc6f1fc5c4db106de9ff14b0e9' -> (Import Result ID: '8e28694282bbd23e005a1c37db984a33') in 0.001 seconds [static and dynamic dependencies]. Details - ImportResultOutputID=8abc8d015ca23b6538e8a977adf4429f DependenciesID=31efdaf32caf3d45da89295182779422 StaticDependenciesID=246d8d2a2d1ffc7ffd030cbec785adee 
Number of updated asset objects reloaded before import = 0
Number of asset objects unloaded after import = 0
========================================================================
Received Import Request.
  Time of request: 2026-09-15T03:17:28.372934Z
  Time since last request: 0.000240492 seconds.
  importAddress: GUID: cf4de22d904142bca538a4648d124376 - Path: Packages/com.unity.services.core/Editor/Core/Environments/UI/Assets/ReleasePointerDropdown.uxml - Importer: ScriptedImporter/UnityEditor.QuickSearchModule:UnityEditor.Search:ASIAI0B
Importing 'GUID: cf4de22d904142bca538a4648d124376 - Path: Packages/com.unity.services.core/Editor/Core/Environments/UI/Assets/ReleasePointerDropdown.uxml - Importer: ScriptedImporter/UnityEditor.QuickSearchModule:UnityEditor.Search:ASIAI0B' with importer (ScriptedImporter : UnityEditor.QuickSearchModule:UnityEditor.Search:ASIAI0B)
Imported 'GUID: cf4de22d904142bca538a4648d124376' -> (Import Result ID: '40ee5e9791c34ba3bc5908ff1319f7a0') in 0.005 seconds [static and dynamic dependencies]. Details - ImportResultOutputID=0e03498163e334e5ccfe608dffc56b78 DependenciesID=060d6d23c26e7cd88e97299f4b61f0e5 StaticDependenciesID=8468a0f2a95cb822135cb5c95ca9e147 
Number of updated asset objects reloaded before import = 0
Number of asset objects unloaded after import = 3
========================================================================
Received Import Request.
  Time of request: 2026-09-15T03:17:28.378331Z
  Time since last request: 0.000286338 seconds.
  importAddress: GUID: c3160ba3f628445298fde3a1dba61623 - Path: Packages/com.unity.services.core/Editor/Core/Linker/Models/XmlLinkedMember.cs - Importer: ScriptedImporter/UnityEditor.QuickSearchModule:UnityEditor.Search:ASIAI0B
Importing 'GUID: c3160ba3f628445298fde3a1dba61623 - Path: Packages/com.unity.services.core/Editor/Core/Linker/Models/XmlLinkedMember.cs - Importer: ScriptedImporter/UnityEditor.QuickSearchModule:UnityEditor.Search:ASIAI0B' with importer (ScriptedImporter : UnityEditor.QuickSearchModule:UnityEditor.Search:ASIAI0B)
Imported 'GUID: c3160ba3f628445298fde3a1dba61623' -> (Import Result ID: '2d4c5841295bacc59c0e6788fb042b30') in 0.001 seconds [static and dynamic dependencies]. Details - ImportResultOutputID=a098cedc242a6a85dab65c42258e06bb DependenciesID=2031f7fa10841e806eac1f0943e0ce28 StaticDependenciesID=59d97c29ee4c1a370587a7e6aa1967c3 
Number of updated asset objects reloaded before import = 0
Number of asset objects unloaded after import = 0
========================================================================
Received Import Request.
  Time of request: 2026-09-15T03:17:28.379508Z
  Time since last request: 0.000206678 seconds.
  importAddress: GUID: b8d43fe3607e4416bbbbf8585a3869ae - Path: Packages/com.unity.services.core/Editor/Core/Environments/Client/Http/DeserializationSettings.cs - Importer: ScriptedImporter/UnityEditor.QuickSearchModule:UnityEditor.Search:ASIAI0B
Importing 'GUID: b8d43fe3607e4416bbbbf8585a3869ae - Path: Packages/com.unity.services.core/Editor/Core/Environments/Client/Http/DeserializationSettings.cs - Importer: ScriptedImporter/UnityEditor.QuickSearchModule:UnityEditor.Search:ASIAI0B' with importer (ScriptedImporter : UnityEditor.QuickSearchModule:UnityEditor.Search:ASIAI0B)
Imported 'GUID: b8d43fe3607e4416bbbbf8585a3869ae' -> (Import Result ID: '72e018dd9864e821a635f0c1af106a3c') in 0.001 seconds [static and dynamic dependencies]. Details - ImportResultOutputID=74781b2ca1be96f9afba6197feb4d509 DependenciesID=743664041cb8db6f822da0813be78068 StaticDependenciesID=d41b997b5a4e3ca650d5f880d1b56676 
Number of updated asset objects reloaded before import = 0
Number of asset objects unloaded after import = 0
========================================================================
Received Import Request.
  Time of request: 2026-09-15T03:17:28.380397Z
  Time since last request: 0.000222588 seconds.
  importAddress: GUID: 9aa6df335fc54bf095d86ffc2e5ef7d1 - Path: Packages/com.unity.services.cloud-build/Editor/Components - Importer: ScriptedImporter/UnityEditor.QuickSearchModule:UnityEditor.Search:ASIAI0B
Importing 'GUID: 9aa6df335fc54bf095d86ffc2e5ef7d1 - Path: Packages/com.unity.services.cloud-build/Editor/Components - Importer: ScriptedImporter/UnityEditor.QuickSearchModule:UnityEditor.Search:ASIAI0B' with importer (ScriptedImporter : UnityEditor.QuickSearchModule:UnityEditor.Search:ASIAI0B)
Imported 'GUID: 9aa6df335fc54bf095d86ffc2e5ef7d1' -> (Import Result ID: '183ffd2b12fbeb2dd4635b04fe03c0c7') in 0.001 seconds [static and dynamic dependencies]. Details - ImportResultOutputID=86cad3bec6594dc7a5d4089c3ebdd7cf DependenciesID=f8375b97c9033f62e3e4d8e0b9834850 StaticDependenciesID=8bcd651a4c10a069a44c2718a1d70e0b 
Number of updated asset objects reloaded before import = 0
Number of asset objects unloaded after import = 1
========================================================================
Received Import Request.
  Time of request: 2026-09-15T03:17:28.381256Z
  Time since last request: 0.000215945 seconds.
  importAddress: GUID: 9021ecdbba26e420baa115f09cb56091 - Path: Packages/com.unity.services.core/Editor/Core/UiHelpers/UXML/ExceptionVisual.uxml - Importer: ScriptedImporter/UnityEditor.QuickSearchModule:UnityEditor.Search:ASIAI0B
Importing 'GUID: 9021ecdbba26e420baa115f09cb56091 - Path: Packages/com.unity.services.core/Editor/Core/UiHelpers/UXML/ExceptionVisual.uxml - Importer: ScriptedImporter/UnityEditor.QuickSearchModule:UnityEditor.Search:ASIAI0B' with importer (ScriptedImporter : UnityEditor.QuickSearchModule:UnityEditor.Search:ASIAI0B)
Imported 'GUID: 9021ecdbba26e420baa115f09cb56091' -> (Import Result ID: '99a94e245a7b0386e7693f64c3730058') in 0.003 seconds [static and dynamic dependencies]. Details - ImportResultOutputID=c32ec37a9a9e3065cd6c0c452b449a49 DependenciesID=0ef52f2b136a79cb5dbd12987ce31d65 StaticDependenciesID=a4f7a00e0901af616d674e6c01cada6a 
Number of updated asset objects reloaded before import = 0
Number of asset objects unloaded after import = 2
========================================================================
Received Import Request.
  Time of request: 2026-09-15T03:17:28.384845Z
  Time since last request: 0.000284053 seconds.
  importAddress: GUID: 22dae0cede953ee46bef52cd8dc7b9fe - Path: Packages/com.unity.services.core/Editor/Core/Configuration/Unity.Services.Core.Configuration.Editor.api - Importer: ScriptedImporter/UnityEditor.QuickSearchModule:UnityEditor.Search:ASIAI0B
Importing 'GUID: 22dae0cede953ee46bef52cd8dc7b9fe - Path: Packages/com.unity.services.core/Editor/Core/Configuration/Unity.Services.Core.Configuration.Editor.api - Importer: ScriptedImporter/UnityEditor.QuickSearchModule:UnityEditor.Search:ASIAI0B' with importer (ScriptedImporter : UnityEditor.QuickSearchModule:UnityEditor.Search:ASIAI0B)
Imported 'GUID: 22dae0cede953ee46bef52cd8dc7b9fe' -> (Import Result ID: 'eec1457f6a83c7759165360c63345ee2') in 0.001 seconds [static and dynamic dependencies]. Details - ImportResultOutputID=1754b1d9f15b0a925c049921eb0d098d DependenciesID=d550fb83a14394965fb3fefa84c562e8 StaticDependenciesID=4351794872335fb14d5002bc35d6e40b 
Number of updated asset objects reloaded before import = 0
Number of asset objects unloaded after import = 1
========================================================================
Received Import Request.
  Time of request: 2026-09-15T03:17:28.385994Z
  Time since last request: 0.000251813 seconds.
  importAddress: GUID: 9d40768769db740418c8c38de402d420 - Path: Packages/com.unity.services.core/Editor/Core/Configuration/Utils - Importer: ScriptedImporter/UnityEditor.QuickSearchModule:UnityEditor.Search:ASIAI0B
Importing 'GUID: 9d40768769db740418c8c38de402d420 - Path: Packages/com.unity.services.core/Editor/Core/Configuration/Utils - Importer: ScriptedImporter/UnityEditor.QuickSearchModule:UnityEditor.Search:ASIAI0B' with importer (ScriptedImporter : UnityEditor.QuickSearchModule:UnityEditor.Search:ASIAI0B)
Imported 'GUID: 9d40768769db740418c8c38de402d420' -> (Import Result ID: '7086ddacfa06a7f323e297801cec59e2') in 0.001 seconds [static and dynamic dependencies]. Details - ImportResultOutputID=ffc14dd6b7d54b126a8a7e3cbe0f4f8b DependenciesID=3c9a29913679eaf795a3896ecb31ab94 StaticDependenciesID=8d15d9ffdaefa2fecaf6e98c317eb322 
Number of updated asset objects reloaded before import = 0
Number of asset objects unloaded after import = 1
========================================================================
Received Import Request.
  Time of request: 2026-09-15T03:17:28.38708Z
  Time since last request: 0.000333627 seconds.
  importAddress: GUID: 597e95edbcb55894cae900ca1f8ef097 - Path: Packages/com.unity.services.core/Runtime/Core.Internal/Registry/PackageRegistry/IPackageRegistry.cs - Importer: ScriptedImporter/UnityEditor.QuickSearchModule:UnityEditor.Search:ASIAI0B
Importing 'GUID: 597e95edbcb55894cae900ca1f8ef097 - Path: Packages/com.unity.services.core/Runtime/Core.Internal/Registry/PackageRegistry/IPackageRegistry.cs - Importer: ScriptedImporter/UnityEditor.QuickSearchModule:UnityEditor.Search:ASIAI0B' with importer (ScriptedImporter : UnityEditor.QuickSearchModule:UnityEditor.Search:ASIAI0B)
Imported 'GUID: 597e95edbcb55894cae900ca1f8ef097' -> (Import Result ID: 'fd1cc118c31cd7ad9e7fdce5627dd103') in 0.001 seconds [static and dynamic dependencies]. Details - ImportResultOutputID=86cf8888e4c05843a69b3b92963286af DependenciesID=7f1b370037e2d4a16362f874cbbd215e StaticDependenciesID=0e13c01614ee03907c5e8ab7e2b43944 
Number of updated asset objects reloaded before import = 0
Number of asset objects unloaded after import = 0
========================================================================
Received Import Request.
  Time of request: 2026-09-15T03:17:28.388155Z
  Time since last request: 0.000337824 seconds.
  importAddress: GUID: eede71ed28bd9e272b3639a5b7b59f2a - Path: Packages/com.unity.services.core/Editor/Core/Environments/Client/Models/UnityGetUserPermissions200Response.cs - Importer: ScriptedImporter/UnityEditor.QuickSearchModule:UnityEditor.Search:ASIAI0B
Importing 'GUID: eede71ed28bd9e272b3639a5b7b59f2a - Path: Packages/com.unity.services.core/Editor/Core/Environments/Client/Models/UnityGetUserPermissions200Response.cs - Importer: ScriptedImporter/UnityEditor.QuickSearchModule:UnityEditor.Search:ASIAI0B' with importer (ScriptedImporter : UnityEditor.QuickSearchModule:UnityEditor.Search:ASIAI0B)
Imported 'GUID: eede71ed28bd9e272b3639a5b7b59f2a' -> (Import Result ID: 'ba4417581a40be7064bdfe1d9cbd30d2') in 0.001 seconds [static and dynamic dependencies]. Details - ImportResultOutputID=38efaf6fc2c315cf08ad7fedc061ff77 DependenciesID=6215d8ac2e358c172542cb1e8ca52e51 StaticDependenciesID=37c71e8d4528b74e688a3d5d79be6dda 
Number of updated asset objects reloaded before import = 0
Number of asset objects unloaded after import = 0
========================================================================
Received Import Request.
  Time of request: 2026-09-15T03:17:28.389145Z
  Time since last request: 0.000245281 seconds.
  importAddress: GUID: c018624dabcf94cb7869e9ec09f27732 - Path: Packages/com.unity.services.core/Editor/Core/EditorGameService/IEditorGameServiceRegistry.cs - Importer: ScriptedImporter/UnityEditor.QuickSearchModule:UnityEditor.Search:ASIAI0B
Importing 'GUID: c018624dabcf94cb7869e9ec09f27732 - Path: Packages/com.unity.services.core/Editor/Core/EditorGameService/IEditorGameServiceRegistry.cs - Importer: ScriptedImporter/UnityEditor.QuickSearchModule:UnityEditor.Search:ASIAI0B' with importer (ScriptedImporter : UnityEditor.QuickSearchModule:UnityEditor.Search:ASIAI0B)
Imported 'GUID: c018624dabcf94cb7869e9ec09f27732' -> (Import Result ID: 'eb86e1db30b24c9233e8657181cf5542') in 0.001 seconds [static and dynamic dependencies]. Details - ImportResultOutputID=defe2fb05300ba9a10f41fdfc360fdc8 DependenciesID=53422ba6848ac3ad4a5b2b459a86b097 StaticDependenciesID=34c14fbcb921791220f289083a1916a3 
Number of updated asset objects reloaded before import = 0
Number of asset objects unloaded after import = 0
========================================================================
Received Import Request.
  Time of request: 2026-09-15T03:17:28.390168Z
  Time since last request: 0.000304152 seconds.
  importAddress: GUID: 0499a95597664d3fac32a48fcf995555 - Path: Packages/com.unity.services.core/Editor/Core/EditorGameService/Analytics/IEditorGameServiceAnalyticsSender.cs - Importer: ScriptedImporter/UnityEditor.QuickSearchModule:UnityEditor.Search:ASIAI0B
Importing 'GUID: 0499a95597664d3fac32a48fcf995555 - Path: Packages/com.unity.services.core/Editor/Core/EditorGameService/Analytics/IEditorGameServiceAnalyticsSender.cs - Importer: ScriptedImporter/UnityEditor.QuickSearchModule:UnityEditor.Search:ASIAI0B' with importer (ScriptedImporter : UnityEditor.QuickSearchModule:UnityEditor.Search:ASIAI0B)
Imported 'GUID: 0499a95597664d3fac32a48fcf995555' -> (Import Result ID: 'cd96d7f5a151b42ac5ffe9e3e15bbf63') in 0.001 seconds [static and dynamic dependencies]. Details - ImportResultOutputID=9d94d3e00ec43f1865aeb760b1ff1e38 DependenciesID=e69f81f146b6085594208c0407f1a3b0 StaticDependenciesID=9e05f3a767c92b3746f243bbb9992a34 
Number of updated asset objects reloaded before import = 0
Number of asset objects unloaded after import = 0
========================================================================
Received Import Request.
  Time of request: 2026-09-15T03:17:28.391077Z
  Time since last request: 0.000264798 seconds.
  importAddress: GUID: b9bc5cd0bdb9d4676878ddd8f116adfa - Path: Packages/com.unity.services.core/Runtime/Core.Internal/Components/Wire - Importer: ScriptedImporter/UnityEditor.QuickSearchModule:UnityEditor.Search:ASIAI0B
Importing 'GUID: b9bc5cd0bdb9d4676878ddd8f116adfa - Path: Packages/com.unity.services.core/Runtime/Core.Internal/Components/Wire - Importer: ScriptedImporter/UnityEditor.QuickSearchModule:UnityEditor.Search:ASIAI0B' with importer (ScriptedImporter : UnityEditor.QuickSearchModule:UnityEditor.Search:ASIAI0B)
Imported 'GUID: b9bc5cd0bdb9d4676878ddd8f116adfa' -> (Import Result ID: '77e4a5519d653678b30e4c982a96c8ef') in 0.001 seconds [static and dynamic dependencies]. Details - ImportResultOutputID=373fc6d3baf73e84a8e684a111c9810b DependenciesID=3b4910cab41d91884f64ffa97c9db186 StaticDependenciesID=6e30ac32f21c4f226fc8a81f207e65d0 
Number of updated asset objects reloaded before import = 0
Number of asset objects unloaded after import = 1
========================================================================
Received Import Request.
  Time of request: 2026-09-15T03:17:28.392031Z
  Time since last request: 0.000309872 seconds.
  importAddress: GUID: 98176d1f998b849368073bf3c64b0b0f - Path: Packages/com.unity.services.core/Editor/Core/Environments/Client/Models/UnityProjectV1.cs - Importer: ScriptedImporter/UnityEditor.QuickSearchModule:UnityEditor.Search:ASIAI0B
Importing 'GUID: 98176d1f998b849368073bf3c64b0b0f - Path: Packages/com.unity.services.core/Editor/Core/Environments/Client/Models/UnityProjectV1.cs - Importer: ScriptedImporter/UnityEditor.QuickSearchModule:UnityEditor.Search:ASIAI0B' with importer (ScriptedImporter : UnityEditor.QuickSearchModule:UnityEditor.Search:ASIAI0B)
Imported 'GUID: 98176d1f998b849368073bf3c64b0b0f' -> (Import Result ID: '21acab1a39449106564c7ac2b34da76f') in 0.001 seconds [static and dynamic dependencies]. Details - ImportResultOutputID=33bee4b2e7d3865a3fddfd477d323c62 DependenciesID=05026a73a2e5acfb48b5be30b0344857 StaticDependenciesID=df983e7bc1c7b4b3f87f4ebb8b061c26 
Number of updated asset objects reloaded before import = 0
Number of asset objects unloaded after import = 0
========================================================================
Received Import Request.
  Time of request: 2026-09-15T03:17:28.393017Z
  Time since last request: 0.000253606 seconds.
  importAddress: GUID: d8122f6d77bef8120bfaaebadd839d51 - Path: Assets/Settings/Build Profiles/Web.asset - Importer: ScriptedImporter/UnityEditor.QuickSearchModule:UnityEditor.Search:ASIAI0B
Importing 'GUID: d8122f6d77bef8120bfaaebadd839d51 - Path: Assets/Settings/Build Profiles/Web.asset - Importer: ScriptedImporter/UnityEditor.QuickSearchModule:UnityEditor.Search:ASIAI0B' with importer (ScriptedImporter : UnityEditor.QuickSearchModule:UnityEditor.Search:ASIAI0B)
Imported 'GUID: d8122f6d77bef8120bfaaebadd839d51' -> (Import Result ID: 'df11e32c788c465c4c2d579242e98325') in 0.038 seconds [static and dynamic dependencies]. Details - ImportResultOutputID=0c5fde1c799cacd674765b1b472f59ea DependenciesID=02d9c557e8493ff718567a98686b846e StaticDependenciesID=43d74bea813a7c3f76cff556413cfd21 
Number of updated asset objects reloaded before import = 0
Number of asset objects unloaded after import = 2
========================================================================
Received Import Request.
  Time of request: 2026-09-15T03:17:28.432651Z
  Time since last request: 0.000017533 seconds.
  importAddress: GUID: f1c3cc01f2ba44ce88e2780dc98b31fd - Path: Packages/com.unity.services.core/Editor/Core/Environments/Client/Models/UnityOrganizationV1.cs - Importer: ScriptedImporter/UnityEditor.QuickSearchModule:UnityEditor.Search:ASIAI0B
Importing 'GUID: f1c3cc01f2ba44ce88e2780dc98b31fd - Path: Packages/com.unity.services.core/Editor/Core/Environments/Client/Models/UnityOrganizationV1.cs - Importer: ScriptedImporter/UnityEditor.QuickSearchModule:UnityEditor.Search:ASIAI0B' with importer (ScriptedImporter : UnityEditor.QuickSearchModule:UnityEditor.Search:ASIAI0B)
Imported 'GUID: f1c3cc01f2ba44ce88e2780dc98b31fd' -> (Import Result ID: '09a7b2997d543b939274b44ffa8fcd74') in 0.001 seconds [static and dynamic dependencies]. Details - ImportResultOutputID=709275a7d5a7def353332c0001bf3c4d DependenciesID=c4c77ee8d07fa81a79322009cbcedee3 StaticDependenciesID=9b32efda39adafbe86f6b1bfc7796243 
Number of updated asset objects reloaded before import = 0
Number of asset objects unloaded after import = 0
========================================================================
Received Import Request.
  Time of request: 2026-09-15T03:17:28.434747Z
  Time since last request: 0.00001046 seconds.
  importAddress: GUID: 37deac60579a4d08a80966bd8fa977a2 - Path: Packages/com.unity.services.core/Editor/Core/Environments/Analytics/IAnalyticsSender.cs - Importer: ScriptedImporter/UnityEditor.QuickSearchModule:UnityEditor.Search:ASIAI0B
Importing 'GUID: 37deac60579a4d08a80966bd8fa977a2 - Path: Packages/com.unity.services.core/Editor/Core/Environments/Analytics/IAnalyticsSender.cs - Importer: ScriptedImporter/UnityEditor.QuickSearchModule:UnityEditor.Search:ASIAI0B' with importer (ScriptedImporter : UnityEditor.QuickSearchModule:UnityEditor.Search:ASIAI0B)
Imported 'GUID: 37deac60579a4d08a80966bd8fa977a2' -> (Import Result ID: 'fbd81672e6d01250d5a6a9c7ba3b4a7d') in 0.001 seconds [static and dynamic dependencies]. Details - ImportResultOutputID=8ba5d3f876b9298b4072da65ce9609d8 DependenciesID=3c1c72723e8ec0e3e5e5aa7c2a56fdad StaticDependenciesID=c6f4dcd4ada82852c44eed34a6860b36 
Number of updated asset objects reloaded before import = 0
Number of asset objects unloaded after import = 0
========================================================================
Received Import Request.
  Time of request: 2026-09-15T03:17:28.435989Z
  Time since last request: 0.000399009 seconds.
  importAddress: GUID: a2a6049fbd9583a5d8dd95d5979538f4 - Path: Assets/Settings - Importer: ScriptedImporter/UnityEditor.QuickSearchModule:UnityEditor.Search:ASIAI0B
Importing 'GUID: a2a6049fbd9583a5d8dd95d5979538f4 - Path: Assets/Settings - Importer: ScriptedImporter/UnityEditor.QuickSearchModule:UnityEditor.Search:ASIAI0B' with importer (ScriptedImporter : UnityEditor.QuickSearchModule:UnityEditor.Search:ASIAI0B)
Imported 'GUID: a2a6049fbd9583a5d8dd95d5979538f4' -> (Import Result ID: '13306b8a3e5350f9e99cbe88809c2d10') in 0.001 seconds [static and dynamic dependencies]. Details - ImportResultOutputID=81634763e64de2d16ca73cafbb93a31b DependenciesID=af62b2c76ce761d773033a9d661b9322 StaticDependenciesID=65b18210872cc0b50573c38d99c2aa33 
Number of updated asset objects reloaded before import = 0
Number of asset objects unloaded after import = 1
========================================================================
Received Import Request.
  Time of request: 2026-09-15T03:17:28.437568Z
  Time since last request: 0.000853003 seconds.
  importAddress: GUID: 00427aa938bcc3948b24130ac02694bf - Path: Packages/com.unity.services.core/Runtime/Core.Internal/Utils/DictionaryExtensions.cs - Importer: ScriptedImporter/UnityEditor.QuickSearchModule:UnityEditor.Search:ASIAI0B
Importing 'GUID: 00427aa938bcc3948b24130ac02694bf - Path: Packages/com.unity.services.core/Runtime/Core.Internal/Utils/DictionaryExtensions.cs - Importer: ScriptedImporter/UnityEditor.QuickSearchModule:UnityEditor.Search:ASIAI0B' with importer (ScriptedImporter : UnityEditor.QuickSearchModule:UnityEditor.Search:ASIAI0B)
Imported 'GUID: 00427aa938bcc3948b24130ac02694bf' -> (Import Result ID: '4e2b86363baf7aa3aeac7255a3575573') in 0.001 seconds [static and dynamic dependencies]. Details - ImportResultOutputID=fdadfff167c57eaf40305364ca46d37c DependenciesID=4d2c52f9f37bbbdf53e60d1404c227b9 StaticDependenciesID=769355747251abe756d55d02ebfbb36e 
Number of updated asset objects reloaded before import = 0
Number of asset objects unloaded after import = 0
========================================================================
Received Import Request.
  Time of request: 2026-09-15T03:17:28.438643Z
  Time since last request: 0.000260509 seconds.
  importAddress: GUID: 11b827b8634d3b646a7abe82fe76ba01 - Path: Packages/com.unity.services.core/Editor/Core/Environments/UI/Toolbar - Importer: ScriptedImporter/UnityEditor.QuickSearchModule:UnityEditor.Search:ASIAI0B
Importing 'GUID: 11b827b8634d3b646a7abe82fe76ba01 - Path: Packages/com.unity.services.core/Editor/Core/Environments/UI/Toolbar - Importer: ScriptedImporter/UnityEditor.QuickSearchModule:UnityEditor.Search:ASIAI0B' with importer (ScriptedImporter : UnityEditor.QuickSearchModule:UnityEditor.Search:ASIAI0B)
Imported 'GUID: 11b827b8634d3b646a7abe82fe76ba01' -> (Import Result ID: '7ccaaf5320e7503d84b70fea1299606d') in 0.001 seconds [static and dynamic dependencies]. Details - ImportResultOutputID=897cec382fcc8a6d12a0532d3b82c970 DependenciesID=20a42c708c2f952d2a9b8a6d73b5c012 StaticDependenciesID=efa6c1c9c8085984d5881ea84a6e3fa3 
Number of updated asset objects reloaded before import = 0
Number of asset objects unloaded after import = 1
========================================================================
Received Import Request.
  Time of request: 2026-09-15T03:17:28.43958Z
  Time since last request: 0.00022363 seconds.
  importAddress: GUID: 47a16e9708a24d2b9f6618b7ef22f991 - Path: Packages/com.unity.services.core/Editor/Core/Utils/AccessTokensSingleton.cs - Importer: ScriptedImporter/UnityEditor.QuickSearchModule:UnityEditor.Search:ASIAI0B
Importing 'GUID: 47a16e9708a24d2b9f6618b7ef22f991 - Path: Packages/com.unity.services.core/Editor/Core/Utils/AccessTokensSingleton.cs - Importer: ScriptedImporter/UnityEditor.QuickSearchModule:UnityEditor.Search:ASIAI0B' with importer (ScriptedImporter : UnityEditor.QuickSearchModule:UnityEditor.Search:ASIAI0B)
Imported 'GUID: 47a16e9708a24d2b9f6618b7ef22f991' -> (Import Result ID: 'af7733b8628f3c88a32c1744e683e524') in 0.002 seconds [static and dynamic dependencies]. Details - ImportResultOutputID=a5a5ef1a98f09ba763400f8c5a2978fd DependenciesID=70fe0041364f9848db8f8b97f25a96ca StaticDependenciesID=3470ca3a432b4b8205e778003da88c7e 
Number of updated asset objects reloaded before import = 0
Number of asset objects unloaded after import = 0
========================================================================
Received Import Request.
  Time of request: 2026-09-15T03:17:28.441996Z
  Time since last request: 0.000292069 seconds.
  importAddress: GUID: 0f7da1e0c34fed64a8e3e314eebdcbcb - Path: Packages/com.unity.services.core/Runtime/Core.Internal/Attributes/VisibilityAttribute.cs - Importer: ScriptedImporter/UnityEditor.QuickSearchModule:UnityEditor.Search:ASIAI0B
Importing 'GUID: 0f7da1e0c34fed64a8e3e314eebdcbcb - Path: Packages/com.unity.services.core/Runtime/Core.Internal/Attributes/VisibilityAttribute.cs - Importer: ScriptedImporter/UnityEditor.QuickSearchModule:UnityEditor.Search:ASIAI0B' with importer (ScriptedImporter : UnityEditor.QuickSearchModule:UnityEditor.Search:ASIAI0B)
Imported 'GUID: 0f7da1e0c34fed64a8e3e314eebdcbcb' -> (Import Result ID: 'f8144c069525c5a8638b3ca2eb04bd91') in 0.001 seconds [static and dynamic dependencies]. Details - ImportResultOutputID=c8ae3849315519ec615361c9205b0b8d DependenciesID=87df67b7026de039407bd14cd73bb590 StaticDependenciesID=0077bf27725ae6fbe09bbe77aef25695 
Number of updated asset objects reloaded before import = 0
Number of asset objects unloaded after import = 0
========================================================================
Received Import Request.
  Time of request: 2026-09-15T03:17:28.443045Z
  Time since last request: 0.000267903 seconds.
  importAddress: GUID: a33cebe73913d4ddf9970fdbf0965bc5 - Path: Packages/com.unity.services.core/Runtime/Core.Internal/Logging - Importer: ScriptedImporter/UnityEditor.QuickSearchModule:UnityEditor.Search:ASIAI0B
Importing 'GUID: a33cebe73913d4ddf9970fdbf0965bc5 - Path: Packages/com.unity.services.core/Runtime/Core.Internal/Logging - Importer: ScriptedImporter/UnityEditor.QuickSearchModule:UnityEditor.Search:ASIAI0B' with importer (ScriptedImporter : UnityEditor.QuickSearchModule:UnityEditor.Search:ASIAI0B)
Imported 'GUID: a33cebe73913d4ddf9970fdbf0965bc5' -> (Import Result ID: '8fca285ebc17af04e4ac65c14f6728d0') in 0.001 seconds [static and dynamic dependencies]. Details - ImportResultOutputID=b53c9b7a59a23243242e91867e50da26 DependenciesID=803ae3b4c384740307f18aca3a901b9f StaticDependenciesID=73143696ed3afa51e9c89d8d91936e4f 
Number of updated asset objects reloaded before import = 0
Number of asset objects unloaded after import = 1
========================================================================
Received Import Request.
  Time of request: 2026-09-15T03:17:28.443973Z
  Time since last request: 0.000307338 seconds.
  importAddress: GUID: 6b6d4104c62dc4ae3b7b14e88665cc74 - Path: Packages/com.unity.services.core/Editor/Core/Environments/Client/Http/AsyncOpRetry.cs - Importer: ScriptedImporter/UnityEditor.QuickSearchModule:UnityEditor.Search:ASIAI0B
Importing 'GUID: 6b6d4104c62dc4ae3b7b14e88665cc74 - Path: Packages/com.unity.services.core/Editor/Core/Environments/Client/Http/AsyncOpRetry.cs - Importer: ScriptedImporter/UnityEditor.QuickSearchModule:UnityEditor.Search:ASIAI0B' with importer (ScriptedImporter : UnityEditor.QuickSearchModule:UnityEditor.Search:ASIAI0B)
Imported 'GUID: 6b6d4104c62dc4ae3b7b14e88665cc74' -> (Import Result ID: '62524e99866fbb882ddc482cc1eb68d3') in 0.001 seconds [static and dynamic dependencies]. Details - ImportResultOutputID=1a27c066cf41391da7468e87fa0e0cc3 DependenciesID=75dda594b8bb9b105e39666d9ee76748 StaticDependenciesID=4abc3cb0d9d81dbd9b0b8a5ed826fde5 
Number of updated asset objects reloaded before import = 0
Number of asset objects unloaded after import = 0
========================================================================
Received Import Request.
  Time of request: 2026-09-15T03:17:28.445323Z
  Time since last request: 0.000493818 seconds.
  importAddress: GUID: 29467b82a05555942b9af2d8ccc6655e - Path: Packages/com.unity.services.core/Runtime/Core.Internal/Components/Authentication/IServerAccessToken.cs - Importer: ScriptedImporter/UnityEditor.QuickSearchModule:UnityEditor.Search:ASIAI0B
Importing 'GUID: 29467b82a05555942b9af2d8ccc6655e - Path: Packages/com.unity.services.core/Runtime/Core.Internal/Components/Authentication/IServerAccessToken.cs - Importer: ScriptedImporter/UnityEditor.QuickSearchModule:UnityEditor.Search:ASIAI0B' with importer (ScriptedImporter : UnityEditor.QuickSearchModule:UnityEditor.Search:ASIAI0B)
Imported 'GUID: 29467b82a05555942b9af2d8ccc6655e' -> (Import Result ID: '8067d45eeb919587525e5ee27b4be4c3') in 0.001 seconds [static and dynamic dependencies]. Details - ImportResultOutputID=fe87ac66ef96fb8c9b7796f171ebd6d1 DependenciesID=43cd4c933aec94cabe2f74179c0424d8 StaticDependenciesID=dc465e99474afbc716bfb3cb7afb5030 
Number of updated asset objects reloaded before import = 0
Number of asset objects unloaded after import = 0
========================================================================
Received Import Request.
  Time of request: 2026-09-15T03:17:28.446587Z
  Time since last request: 0.000457469 seconds.
  importAddress: GUID: d93845e99ca3b42d0aecd4ab938a1342 - Path: Packages/com.unity.services.core/Editor/Core/UiHelpers/UXML/ProjectSettingsCommonHeader.uxml - Importer: ScriptedImporter/UnityEditor.QuickSearchModule:UnityEditor.Search:ASIAI0B
Importing 'GUID: d93845e99ca3b42d0aecd4ab938a1342 - Path: Packages/com.unity.services.core/Editor/Core/UiHelpers/UXML/ProjectSettingsCommonHeader.uxml - Importer: ScriptedImporter/UnityEditor.QuickSearchModule:UnityEditor.Search:ASIAI0B' with importer (ScriptedImporter : UnityEditor.QuickSearchModule:UnityEditor.Search:ASIAI0B)
Imported 'GUID: d93845e99ca3b42d0aecd4ab938a1342' -> (Import Result ID: '08a4bc8fd989c8c944b4bb8d7660b9e1') in 0.004 seconds [static and dynamic dependencies]. Details - ImportResultOutputID=59b6b8d703ad70e0377f798f256a4ab9 DependenciesID=d073f6a83017148f2ee4052b1978708f StaticDependenciesID=4b92ac33999cae9f709b539c3e3b838e 
Number of updated asset objects reloaded before import = 0
Number of asset objects unloaded after import = 2
========================================================================
Received Import Request.
  Time of request: 2026-09-15T03:17:28.450627Z
  Time since last request: 0.000374484 seconds.
  importAddress: GUID: da94c0872fce141eb907702b33c8d2f2 - Path: Packages/com.unity.services.core/Editor/Core/Shared/DependencyInversion/IScopedServiceProvider.Gen.cs - Importer: ScriptedImporter/UnityEditor.QuickSearchModule:UnityEditor.Search:ASIAI0B
Importing 'GUID: da94c0872fce141eb907702b33c8d2f2 - Path: Packages/com.unity.services.core/Editor/Core/Shared/DependencyInversion/IScopedServiceProvider.Gen.cs - Importer: ScriptedImporter/UnityEditor.QuickSearchModule:UnityEditor.Search:ASIAI0B' with importer (ScriptedImporter : UnityEditor.QuickSearchModule:UnityEditor.Search:ASIAI0B)
Imported 'GUID: da94c0872fce141eb907702b33c8d2f2' -> (Import Result ID: '783acd8aedc2952463de28d13adb8cd8') in 0.001 seconds [static and dynamic dependencies]. Details - ImportResultOutputID=832323db5f3f646a3708212561acc84b DependenciesID=5c509abdfcdcd5504fd445b15a6d8328 StaticDependenciesID=00294bf8a6ccd0481429f17847350a26 
Number of updated asset objects reloaded before import = 0
Number of asset objects unloaded after import = 0
========================================================================
Received Import Request.
  Time of request: 2026-09-15T03:17:28.451908Z
  Time since last request: 0.000326573 seconds.
  importAddress: GUID: 7544fa69cc53c4bd7baedbac7a3725b4 - Path: Packages/com.unity.services.core/Editor/Core/UiHelpers/UXML - Importer: ScriptedImporter/UnityEditor.QuickSearchModule:UnityEditor.Search:ASIAI0B
Importing 'GUID: 7544fa69cc53c4bd7baedbac7a3725b4 - Path: Packages/com.unity.services.core/Editor/Core/UiHelpers/UXML - Importer: ScriptedImporter/UnityEditor.QuickSearchModule:UnityEditor.Search:ASIAI0B' with importer (ScriptedImporter : UnityEditor.QuickSearchModule:UnityEditor.Search:ASIAI0B)
Imported 'GUID: 7544fa69cc53c4bd7baedbac7a3725b4' -> (Import Result ID: 'e3383bd22bac4dfe4407be5dd7f69e62') in 0.001 seconds [static and dynamic dependencies]. Details - ImportResultOutputID=28f18a71bf7fab76bf20d448dbb099ba DependenciesID=d924ff8dc121c5f49f13bfdc5cad9b36 StaticDependenciesID=b568bf93dcbf8e088bc342eac56907ca 
Number of updated asset objects reloaded before import = 0
Number of asset objects unloaded after import = 1
========================================================================
Received Import Request.
  Time of request: 2026-09-15T03:17:28.453019Z
  Time since last request: 0.000339197 seconds.
  importAddress: GUID: 1ad116303c5f468aa7627a3792bab18d - Path: Packages/com.unity.services.core/Runtime/Core.Internal/Serialization/NewtonsoftSerializer.cs - Importer: ScriptedImporter/UnityEditor.QuickSearchModule:UnityEditor.Search:ASIAI0B
Importing 'GUID: 1ad116303c5f468aa7627a3792bab18d - Path: Packages/com.unity.services.core/Runtime/Core.Internal/Serialization/NewtonsoftSerializer.cs - Importer: ScriptedImporter/UnityEditor.QuickSearchModule:UnityEditor.Search:ASIAI0B' with importer (ScriptedImporter : UnityEditor.QuickSearchModule:UnityEditor.Search:ASIAI0B)
Imported 'GUID: 1ad116303c5f468aa7627a3792bab18d' -> (Import Result ID: '1d324934208d399664d38db679d4e432') in 0.001 seconds [static and dynamic dependencies]. Details - ImportResultOutputID=79ae1db8a36002281d96c83054e8f73a DependenciesID=6774294cfa12d3bba184fe6ac3e28c4b StaticDependenciesID=3fe8f734ce7ecc1b77f19a0d28246b41 
Number of updated asset objects reloaded before import = 0
Number of asset objects unloaded after import = 0
========================================================================
Received Import Request.
  Time of request: 2026-09-15T03:17:28.454521Z
  Time since last request: 0.000829438 seconds.
  importAddress: GUID: 7ffb01788486e4be3916868f12316478 - Path: Packages/com.unity.services.core/Editor/Core/Environments/Client/Http/IDeserializable.cs - Importer: ScriptedImporter/UnityEditor.QuickSearchModule:UnityEditor.Search:ASIAI0B
Importing 'GUID: 7ffb01788486e4be3916868f12316478 - Path: Packages/com.unity.services.core/Editor/Core/Environments/Client/Http/IDeserializable.cs - Importer: ScriptedImporter/UnityEditor.QuickSearchModule:UnityEditor.Search:ASIAI0B' with importer (ScriptedImporter : UnityEditor.QuickSearchModule:UnityEditor.Search:ASIAI0B)
Imported 'GUID: 7ffb01788486e4be3916868f12316478' -> (Import Result ID: '0d2edc9417e4c40eca3d7b806b761bee') in 0.001 seconds [static and dynamic dependencies]. Details - ImportResultOutputID=78ce7b59a56ad49ea2754d38268144b5 DependenciesID=da7ca28d5ead138715935d669af9cd00 StaticDependenciesID=8ea3c56857e9937e970010dd3516c68a 
Number of updated asset objects reloaded before import = 0
Number of asset objects unloaded after import = 0
========================================================================
Received Import Request.
  Time of request: 2026-09-15T03:17:28.455993Z
  Time since last request: 0.000520949 seconds.
  importAddress: GUID: 170ea167263d459683c879aad38ee142 - Path: Packages/com.unity.services.core/Editor/Core/Environments/Config/EnvironmentConfigProvider.cs - Importer: ScriptedImporter/UnityEditor.QuickSearchModule:UnityEditor.Search:ASIAI0B
Importing 'GUID: 170ea167263d459683c879aad38ee142 - Path: Packages/com.unity.services.core/Editor/Core/Environments/Config/EnvironmentConfigProvider.cs - Importer: ScriptedImporter/UnityEditor.QuickSearchModule:UnityEditor.Search:ASIAI0B' with importer (ScriptedImporter : UnityEditor.QuickSearchModule:UnityEditor.Search:ASIAI0B)
Imported 'GUID: 170ea167263d459683c879aad38ee142' -> (Import Result ID: 'f76841b7e9095f5320a999f6b9c36f74') in 0.001 seconds [static and dynamic dependencies]. Details - ImportResultOutputID=9c6cea6a719956388ad7a237318470ed DependenciesID=a888a32835c0c6030767af1a2f03aa76 StaticDependenciesID=d4af529f060d41a42e8e9a9c07500d20 
Number of updated asset objects reloaded before import = 0
Number of asset objects unloaded after import = 0
========================================================================
Received Import Request.
  Time of request: 2026-09-15T03:17:28.457279Z
  Time since last request: 0.000387858 seconds.
  importAddress: GUID: 27a0938d3191a4b429c4171802fc923a - Path: Packages/com.unity.services.core/Runtime/Core.Internal/Registry/DependencyTreeExceptions.cs - Importer: ScriptedImporter/UnityEditor.QuickSearchModule:UnityEditor.Search:ASIAI0B
Importing 'GUID: 27a0938d3191a4b429c4171802fc923a - Path: Packages/com.unity.services.core/Runtime/Core.Internal/Registry/DependencyTreeExceptions.cs - Importer: ScriptedImporter/UnityEditor.QuickSearchModule:UnityEditor.Search:ASIAI0B' with importer (ScriptedImporter : UnityEditor.QuickSearchModule:UnityEditor.Search:ASIAI0B)
Imported 'GUID: 27a0938d3191a4b429c4171802fc923a' -> (Import Result ID: 'db2a0790b3a86ad105dce5a9795e188a') in 0.001 seconds [static and dynamic dependencies]. Details - ImportResultOutputID=b6e8a610dd7ce779186a1eca1d426cbd DependenciesID=fea3a6cd53ea559633eca92d686bb31c StaticDependenciesID=8b3a8c3d31499c70f190cd9d353af871 
Number of updated asset objects reloaded before import = 0
Number of asset objects unloaded after import = 0
========================================================================
Received Import Request.
  Time of request: 2026-09-15T03:17:28.458862Z
  Time since last request: 0.000545826 seconds.
  importAddress: GUID: 24217193ca52348f793854bafd71c78f - Path: Packages/com.unity.services.core/Runtime/Core.Internal/AsyncOperation - Importer: ScriptedImporter/UnityEditor.QuickSearchModule:UnityEditor.Search:ASIAI0B
Importing 'GUID: 24217193ca52348f793854bafd71c78f - Path: Packages/com.unity.services.core/Runtime/Core.Internal/AsyncOperation - Importer: ScriptedImporter/UnityEditor.QuickSearchModule:UnityEditor.Search:ASIAI0B' with importer (ScriptedImporter : UnityEditor.QuickSearchModule:UnityEditor.Search:ASIAI0B)
Imported 'GUID: 24217193ca52348f793854bafd71c78f' -> (Import Result ID: '5bfd1e86981178aca8b34d0a9c51affe') in 0.001 seconds [static and dynamic dependencies]. Details - ImportResultOutputID=3b204037e717b25f11059284795388eb DependenciesID=b723af92b17912cd76c1f266e0bf212e StaticDependenciesID=14c2a427f8fa0d085f6a28e86fae8733 
Number of updated asset objects reloaded before import = 0
Number of asset objects unloaded after import = 1
========================================================================
Received Import Request.
  Time of request: 2026-09-15T03:17:28.46024Z
  Time since last request: 0.000335922 seconds.
  importAddress: GUID: e6a7022b5e3dc42b5b29a830722baea0 - Path: Packages/com.unity.services.core/Runtime/Device/UserIdProviders/NSUserDefaults.cs - Importer: ScriptedImporter/UnityEditor.QuickSearchModule:UnityEditor.Search:ASIAI0B
Importing 'GUID: e6a7022b5e3dc42b5b29a830722baea0 - Path: Packages/com.unity.services.core/Runtime/Device/UserIdProviders/NSUserDefaults.cs - Importer: ScriptedImporter/UnityEditor.QuickSearchModule:UnityEditor.Search:ASIAI0B' with importer (ScriptedImporter : UnityEditor.QuickSearchModule:UnityEditor.Search:ASIAI0B)
Imported 'GUID: e6a7022b5e3dc42b5b29a830722baea0' -> (Import Result ID: '9602ec1d43a8bc52d8b4b36544f1087a') in 0.001 seconds [static and dynamic dependencies]. Details - ImportResultOutputID=bcb2d58ae38b27065e1a4e392cd47c56 DependenciesID=fef24f662e2e24989240d607bce05e30 StaticDependenciesID=a1317078ad562d59366065bc4ba95164 
Number of updated asset objects reloaded before import = 0
Number of asset objects unloaded after import = 0
========================================================================
Received Import Request.
  Time of request: 2026-09-15T03:17:28.461917Z
  Time since last request: 0.000401184 seconds.
  importAddress: GUID: 7e6dba96056b47c9897554a9e4b14884 - Path: Packages/com.unity.services.core/Editor/Core/Environments/IEnvironmentFetcher.cs - Importer: ScriptedImporter/UnityEditor.QuickSearchModule:UnityEditor.Search:ASIAI0B
Importing 'GUID: 7e6dba96056b47c9897554a9e4b14884 - Path: Packages/com.unity.services.core/Editor/Core/Environments/IEnvironmentFetcher.cs - Importer: ScriptedImporter/UnityEditor.QuickSearchModule:UnityEditor.Search:ASIAI0B' with importer (ScriptedImporter : UnityEditor.QuickSearchModule:UnityEditor.Search:ASIAI0B)
Imported 'GUID: 7e6dba96056b47c9897554a9e4b14884' -> (Import Result ID: '178772ace87678e269d97b5533167823') in 0.001 seconds [static and dynamic dependencies]. Details - ImportResultOutputID=ab46850830d1c228e6ccea9a433c39f9 DependenciesID=5360191e8d061110184837468da35694 StaticDependenciesID=9b2f6644b4edfd54174280fb962b98d2 
Number of updated asset objects reloaded before import = 0
Number of asset objects unloaded after import = 0
========================================================================
Received Import Request.
  Time of request: 2026-09-15T03:17:28.463132Z
  Time since last request: 0.000300234 seconds.
  importAddress: GUID: ad4cf63af038a43a3b11975e0653dea6 - Path: Packages/com.unity.services.core/Editor/Core/Environments/Client/Apis - Importer: ScriptedImporter/UnityEditor.QuickSearchModule:UnityEditor.Search:ASIAI0B
Importing 'GUID: ad4cf63af038a43a3b11975e0653dea6 - Path: Packages/com.unity.services.core/Editor/Core/Environments/Client/Apis - Importer: ScriptedImporter/UnityEditor.QuickSearchModule:UnityEditor.Search:ASIAI0B' with importer (ScriptedImporter : UnityEditor.QuickSearchModule:UnityEditor.Search:ASIAI0B)
Imported 'GUID: ad4cf63af038a43a3b11975e0653dea6' -> (Import Result ID: 'f20c2d7f0b09fd947781667f8f38aeca') in 0.001 seconds [static and dynamic dependencies]. Details - ImportResultOutputID=9fca1273a28b6ff358df83cf63b20ab2 DependenciesID=aa0f92adfb2e6a46d7f2bcf173c4db64 StaticDependenciesID=8f7a80474b94a4d1f6675044c50f03dc 
Number of updated asset objects reloaded before import = 0
Number of asset objects unloaded after import = 1
========================================================================
Received Import Request.
  Time of request: 2026-09-15T03:17:28.464224Z
  Time since last request: 0.000352763 seconds.
  importAddress: GUID: 2996bad1f88c4691aab8f33059bc86bc - Path: Packages/com.unity.services.core/Runtime/Core/IUnityServices.cs - Importer: ScriptedImporter/UnityEditor.QuickSearchModule:UnityEditor.Search:ASIAI0B
Importing 'GUID: 2996bad1f88c4691aab8f33059bc86bc - Path: Packages/com.unity.services.core/Runtime/Core/IUnityServices.cs - Importer: ScriptedImporter/UnityEditor.QuickSearchModule:UnityEditor.Search:ASIAI0B' with importer (ScriptedImporter : UnityEditor.QuickSearchModule:UnityEditor.Search:ASIAI0B)
Imported 'GUID: 2996bad1f88c4691aab8f33059bc86bc' -> (Import Result ID: '05d547b8ac50a10a29e8ad71bc80f684') in 0.001 seconds [static and dynamic dependencies]. Details - ImportResultOutputID=4978b940919eceb21d99d7905ad7f616 DependenciesID=06a5e1d50315ca21962380b1ae7f9dfe StaticDependenciesID=dc09d8eaaad7a8ef806557f3f208c96d 
Number of updated asset objects reloaded before import = 0
Number of asset objects unloaded after import = 0
========================================================================
Received Import Request.
  Time of request: 2026-09-15T03:17:28.465504Z
  Time since last request: 0.000385524 seconds.
  importAddress: GUID: f79518f6fea114ee39c48fee07c637c2 - Path: Packages/com.unity.services.core/Editor/Core/Shared/DependencyInversion/Factories.Gen.cs - Importer: ScriptedImporter/UnityEditor.QuickSearchModule:UnityEditor.Search:ASIAI0B
Importing 'GUID: f79518f6fea114ee39c48fee07c637c2 - Path: Packages/com.unity.services.core/Editor/Core/Shared/DependencyInversion/Factories.Gen.cs - Importer: ScriptedImporter/UnityEditor.QuickSearchModule:UnityEditor.Search:ASIAI0B' with importer (ScriptedImporter : UnityEditor.QuickSearchModule:UnityEditor.Search:ASIAI0B)
Imported 'GUID: f79518f6fea114ee39c48fee07c637c2' -> (Import Result ID: '73002df86295dec59b0922bb9b7a6f12') in 0.001 seconds [static and dynamic dependencies]. Details - ImportResultOutputID=8643ef0f67182f672d60d1fdfbdf3cd0 DependenciesID=56cdf7eb28cc1f917ff7c8d08ee70929 StaticDependenciesID=bf6e9dfc82282ef2f7620276c10c4d22 
Number of updated asset objects reloaded before import = 0
Number of asset objects unloaded after import = 0
========================================================================
Received Import Request.
  Time of request: 2026-09-15T03:17:28.466552Z
  Time since last request: 0.000293852 seconds.
  importAddress: GUID: 35a5c217e3c490047ae4ed66606a0201 - Path: Packages/com.unity.services.cloud-build - Importer: ScriptedImporter/UnityEditor.QuickSearchModule:UnityEditor.Search:ASIAI0B
Importing 'GUID: 35a5c217e3c490047ae4ed66606a0201 - Path: Packages/com.unity.services.cloud-build - Importer: ScriptedImporter/UnityEditor.QuickSearchModule:UnityEditor.Search:ASIAI0B' with importer (ScriptedImporter : UnityEditor.QuickSearchModule:UnityEditor.Search:ASIAI0B)
Imported 'GUID: 35a5c217e3c490047ae4ed66606a0201' -> (Import Result ID: '95dd4091debd9f64639a16501c9c3f5c') in 0.001 seconds [static and dynamic dependencies]. Details - ImportResultOutputID=019401cdc0f2f90747818f2ed08d4d5b DependenciesID=dd1a3057e565778ff75f26f88b73371a StaticDependenciesID=cf265eab5fe90dab2719bed16325a0bc 
Number of updated asset objects reloaded before import = 0
Number of asset objects unloaded after import = 1
========================================================================
Received Import Request.
  Time of request: 2026-09-15T03:17:28.467576Z
  Time since last request: 0.000347713 seconds.
  importAddress: GUID: eccd9fe6cb2d4068ab19bbe31ee301cc - Path: Packages/com.unity.services.cloud-build/Editor/Components/BuildAutomationToolbarSelectionMenu.cs - Importer: ScriptedImporter/UnityEditor.QuickSearchModule:UnityEditor.Search:ASIAI0B
Importing 'GUID: eccd9fe6cb2d4068ab19bbe31ee301cc - Path: Packages/com.unity.services.cloud-build/Editor/Components/BuildAutomationToolbarSelectionMenu.cs - Importer: ScriptedImporter/UnityEditor.QuickSearchModule:UnityEditor.Search:ASIAI0B' with importer (ScriptedImporter : UnityEditor.QuickSearchModule:UnityEditor.Search:ASIAI0B)
Imported 'GUID: eccd9fe6cb2d4068ab19bbe31ee301cc' -> (Import Result ID: '3b763725c52e942763968488cffc0aad') in 0.001 seconds [static and dynamic dependencies]. Details - ImportResultOutputID=c794a7a09dbc077832bea6ce259702a1 DependenciesID=8c2ce111465323401c9c49c9eb79e1f8 StaticDependenciesID=4616ea901471690c4d7d22ba5dff171f 
Number of updated asset objects reloaded before import = 0
Number of asset objects unloaded after import = 0
========================================================================
Received Import Request.
  Time of request: 2026-09-15T03:17:28.468602Z
  Time since last request: 0.000290957 seconds.
  importAddress: GUID: 63b177b347759a44592a524a22a1b36f - Path: Packages/com.unity.services.core/Runtime/Configuration/MemoryConfigurationLoader.cs - Importer: ScriptedImporter/UnityEditor.QuickSearchModule:UnityEditor.Search:ASIAI0B
Importing 'GUID: 63b177b347759a44592a524a22a1b36f - Path: Packages/com.unity.services.core/Runtime/Configuration/MemoryConfigurationLoader.cs - Importer: ScriptedImporter/UnityEditor.QuickSearchModule:UnityEditor.Search:ASIAI0B' with importer (ScriptedImporter : UnityEditor.QuickSearchModule:UnityEditor.Search:ASIAI0B)
Imported 'GUID: 63b177b347759a44592a524a22a1b36f' -> (Import Result ID: '1ed57ec881b05960fd1d7dfa4f073af9') in 0.001 seconds [static and dynamic dependencies]. Details - ImportResultOutputID=06b9e36af376bb91e817a6d82fc3dab7 DependenciesID=37f3c5cb1c1582247158a77327cadb0a StaticDependenciesID=10732e2b8128e3aae182804ed2a54038 
Number of updated asset objects reloaded before import = 0
Number of asset objects unloaded after import = 0
========================================================================
Received Import Request.
  Time of request: 2026-09-15T03:17:28.469649Z
  Time since last request: 0.000309422 seconds.
  importAddress: GUID: 60475b9dd3f894bb1bb6dd9f04ad4efc - Path: Packages/com.unity.services.core/Editor/Core/Shared/DependencyInversion/MethodNotFoundException.Gen.cs - Importer: ScriptedImporter/UnityEditor.QuickSearchModule:UnityEditor.Search:ASIAI0B
Importing 'GUID: 60475b9dd3f894bb1bb6dd9f04ad4efc - Path: Packages/com.unity.services.core/Editor/Core/Shared/DependencyInversion/MethodNotFoundException.Gen.cs - Importer: ScriptedImporter/UnityEditor.QuickSearchModule:UnityEditor.Search:ASIAI0B' with importer (ScriptedImporter : UnityEditor.QuickSearchModule:UnityEditor.Search:ASIAI0B)
Imported 'GUID: 60475b9dd3f894bb1bb6dd9f04ad4efc' -> (Import Result ID: 'adbb1cfe0f2786efaf157e3fec50df23') in 0.001 seconds [static and dynamic dependencies]. Details - ImportResultOutputID=a41655409b08b9613d609932dc60de21 DependenciesID=d23f2de6b09fb968cd9b4fad32df9514 StaticDependenciesID=8a5c3f50cc00cb76f596320a0c9d3f72 
Number of updated asset objects reloaded before import = 0
Number of asset objects unloaded after import = 0
========================================================================
Received Import Request.
  Time of request: 2026-09-15T03:17:28.470655Z
  Time since last request: 0.000284485 seconds.
  importAddress: GUID: e29e778179e742d99a136adc003ad43a - Path: Packages/com.unity.services.core/Editor/Core/UserRoleManagement/UserRoleRequest.cs - Importer: ScriptedImporter/UnityEditor.QuickSearchModule:UnityEditor.Search:ASIAI0B
Importing 'GUID: e29e778179e742d99a136adc003ad43a - Path: Packages/com.unity.services.core/Editor/Core/UserRoleManagement/UserRoleRequest.cs - Importer: ScriptedImporter/UnityEditor.QuickSearchModule:UnityEditor.Search:ASIAI0B' with importer (ScriptedImporter : UnityEditor.QuickSearchModule:UnityEditor.Search:ASIAI0B)
Imported 'GUID: e29e778179e742d99a136adc003ad43a' -> (Import Result ID: 'e19d4ed0685f4168a8a9404c60a01e2c') in 0.001 seconds [static and dynamic dependencies]. Details - ImportResultOutputID=bc3b575d037febc43b9927758d64743c DependenciesID=7222f4a7df6ff965ae72012bf31a3ed5 StaticDependenciesID=9ea14a7d9ae7cf5d6c4ca4f92299a509 
Number of updated asset objects reloaded before import = 0
Number of asset objects unloaded after import = 0
========================================================================
Received Import Request.
  Time of request: 2026-09-15T03:17:28.471718Z
  Time since last request: 0.000299733 seconds.
  importAddress: GUID: a3ccd9d21869c45f486163585c2ae2e9 - Path: Packages/com.unity.services.core/Editor/Core/Shared/DependencyInversion/Scope.Gen.cs - Importer: ScriptedImporter/UnityEditor.QuickSearchModule:UnityEditor.Search:ASIAI0B
Importing 'GUID: a3ccd9d21869c45f486163585c2ae2e9 - Path: Packages/com.unity.services.core/Editor/Core/Shared/DependencyInversion/Scope.Gen.cs - Importer: ScriptedImporter/UnityEditor.QuickSearchModule:UnityEditor.Search:ASIAI0B' with importer (ScriptedImporter : UnityEditor.QuickSearchModule:UnityEditor.Search:ASIAI0B)
Imported 'GUID: a3ccd9d21869c45f486163585c2ae2e9' -> (Import Result ID: '27edf7e52575a326c31c7ad22c06acc6') in 0.001 seconds [static and dynamic dependencies]. Details - ImportResultOutputID=6994720dbd5d51cb2b13a78cf6adb336 DependenciesID=be1bbdf2bd2bf82bdf920d75a6ac47bd StaticDependenciesID=6d74f6351fd49600decc75532bc93c03 
Number of updated asset objects reloaded before import = 0
Number of asset objects unloaded after import = 0
========================================================================
Received Import Request.
  Time of request: 2026-09-15T03:17:28.47309Z
  Time since last request: 0.000583907 seconds.
  importAddress: GUID: 7b4fb0ef619843fbb99367cd4b86d85f - Path: Packages/com.unity.services.core/Editor/Core/Utils/FileSystem/IFileSystem.cs - Importer: ScriptedImporter/UnityEditor.QuickSearchModule:UnityEditor.Search:ASIAI0B
Importing 'GUID: 7b4fb0ef619843fbb99367cd4b86d85f - Path: Packages/com.unity.services.core/Editor/Core/Utils/FileSystem/IFileSystem.cs - Importer: ScriptedImporter/UnityEditor.QuickSearchModule:UnityEditor.Search:ASIAI0B' with importer (ScriptedImporter : UnityEditor.QuickSearchModule:UnityEditor.Search:ASIAI0B)
Imported 'GUID: 7b4fb0ef619843fbb99367cd4b86d85f' -> (Import Result ID: '5af791410caf907bc0e09a21c6de7e50') in 0.001 seconds [static and dynamic dependencies]. Details - ImportResultOutputID=1238955063e69a9256eec39dc4007e65 DependenciesID=0996c1aea4acf53871006765357dc4f8 StaticDependenciesID=cd388284aafd6ad1512d39a8529b6c9e 
Number of updated asset objects reloaded before import = 0
Number of asset objects unloaded after import = 0
========================================================================
Received Import Request.
  Time of request: 2026-09-15T03:17:28.474192Z
  Time since last request: 0.000381617 seconds.
  importAddress: GUID: bfc4d54f33245f1bd8e1ad8e30e61ce0 - Path: Packages/com.unity.services.core/Editor/Core/Environments/Client/Models/UnityCreateProjectRequest.cs - Importer: ScriptedImporter/UnityEditor.QuickSearchModule:UnityEditor.Search:ASIAI0B
Importing 'GUID: bfc4d54f33245f1bd8e1ad8e30e61ce0 - Path: Packages/com.unity.services.core/Editor/Core/Environments/Client/Models/UnityCreateProjectRequest.cs - Importer: ScriptedImporter/UnityEditor.QuickSearchModule:UnityEditor.Search:ASIAI0B' with importer (ScriptedImporter : UnityEditor.QuickSearchModule:UnityEditor.Search:ASIAI0B)
Imported 'GUID: bfc4d54f33245f1bd8e1ad8e30e61ce0' -> (Import Result ID: 'fb00707b089400745a2eeadb8a00ace6') in 0.001 seconds [static and dynamic dependencies]. Details - ImportResultOutputID=e331fc53854cacd2ca5f203cd958b205 DependenciesID=d2c42bbf2c1fc4f2fbe3f80422425d95 StaticDependenciesID=0b7e7c4bd49150bd2816af7402463084 
Number of updated asset objects reloaded before import = 0
Number of asset objects unloaded after import = 0
========================================================================
Received Import Request.
  Time of request: 2026-09-15T03:17:28.475267Z
  Time since last request: 0.000298221 seconds.
  importAddress: GUID: cb20682ba56fb47f285cd16dd1291270 - Path: Packages/com.unity.services.core/Runtime/Core.Internal/Components/Wire/IChannelTokenProvider.cs - Importer: ScriptedImporter/UnityEditor.QuickSearchModule:UnityEditor.Search:ASIAI0B
Importing 'GUID: cb20682ba56fb47f285cd16dd1291270 - Path: Packages/com.unity.services.core/Runtime/Core.Internal/Components/Wire/IChannelTokenProvider.cs - Importer: ScriptedImporter/UnityEditor.QuickSearchModule:UnityEditor.Search:ASIAI0B' with importer (ScriptedImporter : UnityEditor.QuickSearchModule:UnityEditor.Search:ASIAI0B)
Imported 'GUID: cb20682ba56fb47f285cd16dd1291270' -> (Import Result ID: 'bd6ec98cfd9236d29038908215d3dacb') in 0.002 seconds [static and dynamic dependencies]. Details - ImportResultOutputID=a1205d39251c9ad73849abfaacf600cf DependenciesID=a32cb503aaa02027c104e8ad93eb0ab6 StaticDependenciesID=58d6bedcf9ee83c687ed9982fee5bced 
Number of updated asset objects reloaded before import = 0
Number of asset objects unloaded after import = 0
========================================================================
Received Import Request.
  Time of request: 2026-09-15T03:17:28.478004Z
  Time since last request: 0.000375636 seconds.
  importAddress: GUID: 614c328814c3e4cb89d08dcc15048513 - Path: Packages/com.unity.services.core/Runtime/Device/Unity.Services.Core.Device.asmdef - Importer: ScriptedImporter/UnityEditor.QuickSearchModule:UnityEditor.Search:ASIAI0B
Importing 'GUID: 614c328814c3e4cb89d08dcc15048513 - Path: Packages/com.unity.services.core/Runtime/Device/Unity.Services.Core.Device.asmdef - Importer: ScriptedImporter/UnityEditor.QuickSearchModule:UnityEditor.Search:ASIAI0B' with importer (ScriptedImporter : UnityEditor.QuickSearchModule:UnityEditor.Search:ASIAI0B)
Imported 'GUID: 614c328814c3e4cb89d08dcc15048513' -> (Import Result ID: '398f6e1d19fd74f240eee7cc56525713') in 0.001 seconds [static and dynamic dependencies]. Details - ImportResultOutputID=8fe81d0582786c276b0e3b3f380f8f46 DependenciesID=d6b7642f27e078928b667314fc5aa53c StaticDependenciesID=f664b1c84746e4b276758dc1b9cf2758 
Number of updated asset objects reloaded before import = 0
Number of asset objects unloaded after import = 1
========================================================================
Received Import Request.
  Time of request: 2026-09-15T03:17:28.479277Z
  Time since last request: 0.000367961 seconds.
  importAddress: GUID: 9099985430be4f9485b84a74449fed2f - Path: Packages/com.unity.services.core/Editor/Core/Linker/Models/XmlLinkedAssembly.cs - Importer: ScriptedImporter/UnityEditor.QuickSearchModule:UnityEditor.Search:ASIAI0B
Importing 'GUID: 9099985430be4f9485b84a74449fed2f - Path: Packages/com.unity.services.core/Editor/Core/Linker/Models/XmlLinkedAssembly.cs - Importer: ScriptedImporter/UnityEditor.QuickSearchModule:UnityEditor.Search:ASIAI0B' with importer (ScriptedImporter : UnityEditor.QuickSearchModule:UnityEditor.Search:ASIAI0B)
Imported 'GUID: 9099985430be4f9485b84a74449fed2f' -> (Import Result ID: 'e1bb3f4f3ac29e7f32e4cac70ce5dfb5') in 0.001 seconds [static and dynamic dependencies]. Details - ImportResultOutputID=1a99be7c9986468c5e49f2d042dc2042 DependenciesID=c75ac8686dd67669c6b0019305ab85d2 StaticDependenciesID=67e58e2c9039dc37386bd2fd1e6d149b 
Number of updated asset objects reloaded before import = 0
Number of asset objects unloaded after import = 0
========================================================================
Received Import Request.
  Time of request: 2026-09-15T03:17:28.48076Z
  Time since last request: 0.00043631 seconds.
  importAddress: GUID: 696a1f5f6c1c0fd369a52deb0ee9297c - Path: Assets/Settings/Build Profiles - Importer: ScriptedImporter/UnityEditor.QuickSearchModule:UnityEditor.Search:ASIAI0B
Importing 'GUID: 696a1f5f6c1c0fd369a52deb0ee9297c - Path: Assets/Settings/Build Profiles - Importer: ScriptedImporter/UnityEditor.QuickSearchModule:UnityEditor.Search:ASIAI0B' with importer (ScriptedImporter : UnityEditor.QuickSearchModule:UnityEditor.Search:ASIAI0B)
Imported 'GUID: 696a1f5f6c1c0fd369a52deb0ee9297c' -> (Import Result ID: '3d80951cb77b9af90b907d248a4d6892') in 0.001 seconds [static and dynamic dependencies]. Details - ImportResultOutputID=996acb87e0f93ff4cf5fdf62dc1d4b4f DependenciesID=0eadcaf60e11046de8a5d4e9dcc8c98a StaticDependenciesID=162dfcb0146696e43ee13b8da8355b52 
Number of updated asset objects reloaded before import = 0
Number of asset objects unloaded after import = 1
========================================================================
Received Import Request.
  Time of request: 2026-09-15T03:17:28.495767Z
  Time since last request: 0.014108577 seconds.
  importAddress: GUID: 32a11a9cef8659a43be1c80c3aed7413 - Path: Packages/com.unity.services.core/Runtime/Core.Internal/Registry/IInitializablePackageV2.cs - Importer: ScriptedImporter/UnityEditor.QuickSearchModule:UnityEditor.Search:ASIAI0B
Importing 'GUID: 32a11a9cef8659a43be1c80c3aed7413 - Path: Packages/com.unity.services.core/Runtime/Core.Internal/Registry/IInitializablePackageV2.cs - Importer: ScriptedImporter/UnityEditor.QuickSearchModule:UnityEditor.Search:ASIAI0B' with importer (ScriptedImporter : UnityEditor.QuickSearchModule:UnityEditor.Search:ASIAI0B)
Imported 'GUID: 32a11a9cef8659a43be1c80c3aed7413' -> (Import Result ID: 'b76f18d150c13a2610e53a86b9571840') in 0.002 seconds [static and dynamic dependencies]. Details - ImportResultOutputID=866751f215dfae86005ee97504cb9666 DependenciesID=d236111a9a085d76a113ac1d353a2bfe StaticDependenciesID=79c64f0d3d8254d82b9700ab44d0f43b 
Number of updated asset objects reloaded before import = 0
Number of asset objects unloaded after import = 0
========================================================================
Received Import Request.
  Time of request: 2026-09-15T03:17:28.497993Z
  Time since last request: 0.00047348 seconds.
  importAddress: GUID: 57759799137a041dea1a0c2fd6a45b97 - Path: Packages/com.unity.services.core/Runtime/Core/CoreResetter.cs - Importer: ScriptedImporter/UnityEditor.QuickSearchModule:UnityEditor.Search:ASIAI0B
Importing 'GUID: 57759799137a041dea1a0c2fd6a45b97 - Path: Packages/com.unity.services.core/Runtime/Core/CoreResetter.cs - Importer: ScriptedImporter/UnityEditor.QuickSearchModule:UnityEditor.Search:ASIAI0B' with importer (ScriptedImporter : UnityEditor.QuickSearchModule:UnityEditor.Search:ASIAI0B)
Imported 'GUID: 57759799137a041dea1a0c2fd6a45b97' -> (Import Result ID: '5f10c40be92d2fd3f4e624ccb79a9371') in 0.001 seconds [static and dynamic dependencies]. Details - ImportResultOutputID=bad19a8e8cab3d34f89ac437d1a65380 DependenciesID=ee274611a58cc8cb2255f077ef1d72d4 StaticDependenciesID=40ff91978124097e90bde6303ef1c5d2 
Number of updated asset objects reloaded before import = 0
Number of asset objects unloaded after import = 0
========================================================================
Received Import Request.
  Time of request: 2026-09-15T03:17:28.499709Z
  Time since last request: 0.000262694 seconds.
  importAddress: GUID: aaa3b29feeb38435eaf141d2e68d5b85 - Path: Packages/com.unity.services.core/Editor/Core/Shared/DependencyInversion/ServiceProvider.Gen.cs - Importer: ScriptedImporter/UnityEditor.QuickSearchModule:UnityEditor.Search:ASIAI0B
Importing 'GUID: aaa3b29feeb38435eaf141d2e68d5b85 - Path: Packages/com.unity.services.core/Editor/Core/Shared/DependencyInversion/ServiceProvider.Gen.cs - Importer: ScriptedImporter/UnityEditor.QuickSearchModule:UnityEditor.Search:ASIAI0B' with importer (ScriptedImporter : UnityEditor.QuickSearchModule:UnityEditor.Search:ASIAI0B)
Imported 'GUID: aaa3b29feeb38435eaf141d2e68d5b85' -> (Import Result ID: 'c4c1c2322cd534820f68616455347fcb') in 0.001 seconds [static and dynamic dependencies]. Details - ImportResultOutputID=aa1e83c793b74dcad4cff907db1f9257 DependenciesID=e52f3078280b737c081582163a340c2c StaticDependenciesID=56d6062c0fe94e788fc12e59948d1a54 
Number of updated asset objects reloaded before import = 0
Number of asset objects unloaded after import = 0
========================================================================
Received Import Request.
  Time of request: 2026-09-15T03:17:28.501265Z
  Time since last request: 0.000341672 seconds.
  importAddress: GUID: 6adafc6fa7f741e8aca579de2c68c40a - Path: Packages/com.unity.services.core/Editor/Core/Utils/FileSystem - Importer: ScriptedImporter/UnityEditor.QuickSearchModule:UnityEditor.Search:ASIAI0B
Importing 'GUID: 6adafc6fa7f741e8aca579de2c68c40a - Path: Packages/com.unity.services.core/Editor/Core/Utils/FileSystem - Importer: ScriptedImporter/UnityEditor.QuickSearchModule:UnityEditor.Search:ASIAI0B' with importer (ScriptedImporter : UnityEditor.QuickSearchModule:UnityEditor.Search:ASIAI0B)
Imported 'GUID: 6adafc6fa7f741e8aca579de2c68c40a' -> (Import Result ID: '4165c2fd4c42504801d8ad28937195d6') in 0.001 seconds [static and dynamic dependencies]. Details - ImportResultOutputID=30071bc6904ee7e06f9b174bd39e00a8 DependenciesID=ea112225cfd46ef4c5ba7b1a0b1a6ee8 StaticDependenciesID=66162bb63156e764bbafa100d8966bde 
Number of updated asset objects reloaded before import = 0
Number of asset objects unloaded after import = 1
========================================================================
Received Import Request.
  Time of request: 2026-09-15T03:17:28.503026Z
  Time since last request: 0.000343956 seconds.
  importAddress: GUID: 20028914c8cb44e759c4e9ff7f4bb570 - Path: Packages/com.unity.services.core/Editor/Core/BackendHelpers/UnityWebRequestHelper.cs - Importer: ScriptedImporter/UnityEditor.QuickSearchModule:UnityEditor.Search:ASIAI0B
Importing 'GUID: 20028914c8cb44e759c4e9ff7f4bb570 - Path: Packages/com.unity.services.core/Editor/Core/BackendHelpers/UnityWebRequestHelper.cs - Importer: ScriptedImporter/UnityEditor.QuickSearchModule:UnityEditor.Search:ASIAI0B' with importer (ScriptedImporter : UnityEditor.QuickSearchModule:UnityEditor.Search:ASIAI0B)
Imported 'GUID: 20028914c8cb44e759c4e9ff7f4bb570' -> (Import Result ID: '7dd7a5c4c6a5871198b962868bfe7f00') in 0.001 seconds [static and dynamic dependencies]. Details - ImportResultOutputID=8fd9fe7e825a5b4ac358e2f7a835f621 DependenciesID=4ff8c6e46180aa5e8c7693d7564d52e4 StaticDependenciesID=d0c61fe054ffca4d50bd8b6648b32060 
Number of updated asset objects reloaded before import = 0
Number of asset objects unloaded after import = 0
========================================================================
Received Import Request.
  Time of request: 2026-09-15T03:17:28.504845Z
  Time since last request: 0.000539905 seconds.
  importAddress: GUID: 73286640c6294c9cbb2519d3ed3c0391 - Path: Packages/com.unity.services.core/Editor/Core/Linker/XmlLinkedModelsExtensions.cs - Importer: ScriptedImporter/UnityEditor.QuickSearchModule:UnityEditor.Search:ASIAI0B
Importing 'GUID: 73286640c6294c9cbb2519d3ed3c0391 - Path: Packages/com.unity.services.core/Editor/Core/Linker/XmlLinkedModelsExtensions.cs - Importer: ScriptedImporter/UnityEditor.QuickSearchModule:UnityEditor.Search:ASIAI0B' with importer (ScriptedImporter : UnityEditor.QuickSearchModule:UnityEditor.Search:ASIAI0B)
Imported 'GUID: 73286640c6294c9cbb2519d3ed3c0391' -> (Import Result ID: '19978b4cfea3dbe676a62a4312ce115b') in 0.001 seconds [static and dynamic dependencies]. Details - ImportResultOutputID=c8d05cbaa37643f785d84f99499a1438 DependenciesID=9602354ae21847e1c5698d965d0fb212 StaticDependenciesID=0538b2ed41b14e13397549a39a0726a1 
Number of updated asset objects reloaded before import = 0
Number of asset objects unloaded after import = 0
========================================================================
Received Import Request.
  Time of request: 2026-09-15T03:17:28.506673Z
  Time since last request: 0.000353114 seconds.
  importAddress: GUID: b216b8dd0d404824bad8343cb2dac986 - Path: Packages/com.unity.services.cloud-build/Editor/UXML/HistoryCells/IndexHistoryCell.uxml - Importer: ScriptedImporter/UnityEditor.QuickSearchModule:UnityEditor.Search:ASIAI0B
Importing 'GUID: b216b8dd0d404824bad8343cb2dac986 - Path: Packages/com.unity.services.cloud-build/Editor/UXML/HistoryCells/IndexHistoryCell.uxml - Importer: ScriptedImporter/UnityEditor.QuickSearchModule:UnityEditor.Search:ASIAI0B' with importer (ScriptedImporter : UnityEditor.QuickSearchModule:UnityEditor.Search:ASIAI0B)
Imported 'GUID: b216b8dd0d404824bad8343cb2dac986' -> (Import Result ID: '1449243fdc1fd99c72c4ecfd1667590c') in 0.005 seconds [static and dynamic dependencies]. Details - ImportResultOutputID=e4e4f954f5f9ca7e0ddb25ba1442c1d4 DependenciesID=5217f91abdd82d0b068769ef3c3ab1ee StaticDependenciesID=66413cfcef1c47a7e5cc15503574231f 
Number of updated asset objects reloaded before import = 0
Number of asset objects unloaded after import = 2
========================================================================
Received Import Request.
  Time of request: 2026-09-15T03:17:28.51206Z
  Time since last request: 0.000293702 seconds.
  importAddress: GUID: f8d4e5c2f2df25449ae8c391afbe5114 - Path: Packages/com.unity.nuget.newtonsoft-json/package.json - Importer: ScriptedImporter/UnityEditor.QuickSearchModule:UnityEditor.Search:ASIAI0B
Importing 'GUID: f8d4e5c2f2df25449ae8c391afbe5114 - Path: Packages/com.unity.nuget.newtonsoft-json/package.json - Importer: ScriptedImporter/UnityEditor.QuickSearchModule:UnityEditor.Search:ASIAI0B' with importer (ScriptedImporter : UnityEditor.QuickSearchModule:UnityEditor.Search:ASIAI0B)
Imported 'GUID: f8d4e5c2f2df25449ae8c391afbe5114' -> (Import Result ID: 'c33b790175b0f386c1d401b2ae4baafd') in 0.001 seconds [static and dynamic dependencies]. Details - ImportResultOutputID=7c7fb8755f15ed2ee8f2760177dd31b5 DependenciesID=56641275fc18d9699ca4b841b6c50229 StaticDependenciesID=c038e8cd487ac59eb32dc64e6ceee64b 
Number of updated asset objects reloaded before import = 0
Number of asset objects unloaded after import = 1
========================================================================
Received Import Request.
  Time of request: 2026-09-15T03:17:28.513216Z
  Time since last request: 0.000283412 seconds.
  importAddress: GUID: 5efb9bcb6492049bf805ced4bbe1880d - Path: Packages/com.unity.services.cloud-build/Editor/UXML/BuildAutomationBuilderConfig.uxml - Importer: ScriptedImporter/UnityEditor.QuickSearchModule:UnityEditor.Search:ASIAI0B
Importing 'GUID: 5efb9bcb6492049bf805ced4bbe1880d - Path: Packages/com.unity.services.cloud-build/Editor/UXML/BuildAutomationBuilderConfig.uxml - Importer: ScriptedImporter/UnityEditor.QuickSearchModule:UnityEditor.Search:ASIAI0B' with importer (ScriptedImporter : UnityEditor.QuickSearchModule:UnityEditor.Search:ASIAI0B)
Imported 'GUID: 5efb9bcb6492049bf805ced4bbe1880d' -> (Import Result ID: 'c14bb1ec3eb599eb1df9a14571154168') in 0.003 seconds [static and dynamic dependencies]. Details - ImportResultOutputID=d521bdced14658685e13271eb41def41 DependenciesID=21a9140122d6cecf7d111db3034d8cc1 StaticDependenciesID=4e8941f9299ea1ba42a26f30a30d60c7 
Number of updated asset objects reloaded before import = 0
Number of asset objects unloaded after import = 2
========================================================================
Received Import Request.
  Time of request: 2026-09-15T03:17:28.516371Z
  Time since last request: 0.000285045 seconds.
  importAddress: GUID: 26b7e6918d8f4dfe909139d0cede1010 - Path: Packages/com.unity.services.core/Editor/Core/Linker/Models - Importer: ScriptedImporter/UnityEditor.QuickSearchModule:UnityEditor.Search:ASIAI0B
Importing 'GUID: 26b7e6918d8f4dfe909139d0cede1010 - Path: Packages/com.unity.services.core/Editor/Core/Linker/Models - Importer: ScriptedImporter/UnityEditor.QuickSearchModule:UnityEditor.Search:ASIAI0B' with importer (ScriptedImporter : UnityEditor.QuickSearchModule:UnityEditor.Search:ASIAI0B)
Imported 'GUID: 26b7e6918d8f4dfe909139d0cede1010' -> (Import Result ID: '613810a020c42dd20dda5f5bd1cbe232') in 0.001 seconds [static and dynamic dependencies]. Details - ImportResultOutputID=bdbbf12a06d580490fb0541de59e24a6 DependenciesID=bc34119380e24e1a788f60a63b8685ed StaticDependenciesID=58cf9c140af93c00d0fe0f7c044a86cb 
Number of updated asset objects reloaded before import = 0
Number of asset objects unloaded after import = 1
========================================================================
Received Import Request.
  Time of request: 2026-09-15T03:17:28.51751Z
  Time since last request: 0.000338656 seconds.
  importAddress: GUID: 5d7656ad1edbc49f9b3f548ae90f3fdb - Path: Packages/com.unity.services.core/Runtime/Core.Internal/Registry/CoreRegistration.cs - Importer: ScriptedImporter/UnityEditor.QuickSearchModule:UnityEditor.Search:ASIAI0B
Importing 'GUID: 5d7656ad1edbc49f9b3f548ae90f3fdb - Path: Packages/com.unity.services.core/Runtime/Core.Internal/Registry/CoreRegistration.cs - Importer: ScriptedImporter/UnityEditor.QuickSearchModule:UnityEditor.Search:ASIAI0B' with importer (ScriptedImporter : UnityEditor.QuickSearchModule:UnityEditor.Search:ASIAI0B)
Imported 'GUID: 5d7656ad1edbc49f9b3f548ae90f3fdb' -> (Import Result ID: '0d5707edc8514275d397a6e19bc19993') in 0.001 seconds [static and dynamic dependencies]. Details - ImportResultOutputID=8079edf2a0747ac314d6c4cd669e9ac8 DependenciesID=ddccbaf24cbda614165283c97d42a8c7 StaticDependenciesID=4c05f0fa1e9489cb006dcea0c94e11f1 
Number of updated asset objects reloaded before import = 0
Number of asset objects unloaded after import = 0
========================================================================
Received Import Request.
  Time of request: 2026-09-15T03:17:28.518613Z
  Time since last request: 0.00029815 seconds.
  importAddress: GUID: 2f481941f5248bb48813e8ee2a593582 - Path: Packages/com.unity.services.core/Runtime/Core.Internal/Components/Authentication/IAccessTokenObserver.cs - Importer: ScriptedImporter/UnityEditor.QuickSearchModule:UnityEditor.Search:ASIAI0B
Importing 'GUID: 2f481941f5248bb48813e8ee2a593582 - Path: Packages/com.unity.services.core/Runtime/Core.Internal/Components/Authentication/IAccessTokenObserver.cs - Importer: ScriptedImporter/UnityEditor.QuickSearchModule:UnityEditor.Search:ASIAI0B' with importer (ScriptedImporter : UnityEditor.QuickSearchModule:UnityEditor.Search:ASIAI0B)
Imported 'GUID: 2f481941f5248bb48813e8ee2a593582' -> (Import Result ID: '3354cc13da8784afca07aad8b401d55d') in 0.001 seconds [static and dynamic dependencies]. Details - ImportResultOutputID=551830e547622de097283c665f223994 DependenciesID=fc932071df18e097dac078bbe15c2389 StaticDependenciesID=eae199cbb35d037b34fd872bedf113fc 
Number of updated asset objects reloaded before import = 0
Number of asset objects unloaded after import = 0
========================================================================
Received Import Request.
  Time of request: 2026-09-15T03:17:28.519934Z
  Time since last request: 0.000444585 seconds.
  importAddress: GUID: 31fd53b28a3674c9cb987401512275dc - Path: Packages/com.unity.services.cloud-build/Editor/Analytics/EditorGameServiceAnalyticsSender.cs - Importer: ScriptedImporter/UnityEditor.QuickSearchModule:UnityEditor.Search:ASIAI0B
Importing 'GUID: 31fd53b28a3674c9cb987401512275dc - Path: Packages/com.unity.services.cloud-build/Editor/Analytics/EditorGameServiceAnalyticsSender.cs - Importer: ScriptedImporter/UnityEditor.QuickSearchModule:UnityEditor.Search:ASIAI0B' with importer (ScriptedImporter : UnityEditor.QuickSearchModule:UnityEditor.Search:ASIAI0B)
Imported 'GUID: 31fd53b28a3674c9cb987401512275dc' -> (Import Result ID: 'f38cae49a6fc745caddd5726eddaa8b5') in 0.001 seconds [static and dynamic dependencies]. Details - ImportResultOutputID=047df23c914ec9f723a4e61e9433adf1 DependenciesID=111b526a2bc7be9cac632348bb053503 StaticDependenciesID=5aceaf62b7be53927094ab6e2dab666f 
Number of updated asset objects reloaded before import = 0
Number of asset objects unloaded after import = 0
========================================================================
Received Import Request.
  Time of request: 2026-09-15T03:17:28.521148Z
  Time since last request: 0.000405242 seconds.
  importAddress: GUID: c9f9c846b2d95994b92fbb514b8b004c - Path: Packages/com.unity.services.core/Editor/Core/Scheduler/ActionSchedulerCleaner.cs - Importer: ScriptedImporter/UnityEditor.QuickSearchModule:UnityEditor.Search:ASIAI0B
Importing 'GUID: c9f9c846b2d95994b92fbb514b8b004c - Path: Packages/com.unity.services.core/Editor/Core/Scheduler/ActionSchedulerCleaner.cs - Importer: ScriptedImporter/UnityEditor.QuickSearchModule:UnityEditor.Search:ASIAI0B' with importer (ScriptedImporter : UnityEditor.QuickSearchModule:UnityEditor.Search:ASIAI0B)
Imported 'GUID: c9f9c846b2d95994b92fbb514b8b004c' -> (Import Result ID: '05034a66bd061be45cc3eb15a75074a2') in 0.001 seconds [static and dynamic dependencies]. Details - ImportResultOutputID=908ba1f610348574b1274d056389d089 DependenciesID=11fb8127679ed9bac12661dd708fe7b4 StaticDependenciesID=4f0983e89ba0b82356b449098c88ecbf 
Number of updated asset objects reloaded before import = 0
Number of asset objects unloaded after import = 0
========================================================================
Received Import Request.
  Time of request: 2026-09-15T03:17:28.522353Z
  Time since last request: 0.000423476 seconds.
  importAddress: GUID: afc30112b30549bc9c07afa6a4f0f14f - Path: Packages/com.unity.services.core/Editor/Core/Utils/GatewayTokens.cs - Importer: ScriptedImporter/UnityEditor.QuickSearchModule:UnityEditor.Search:ASIAI0B
Importing 'GUID: afc30112b30549bc9c07afa6a4f0f14f - Path: Packages/com.unity.services.core/Editor/Core/Utils/GatewayTokens.cs - Importer: ScriptedImporter/UnityEditor.QuickSearchModule:UnityEditor.Search:ASIAI0B' with importer (ScriptedImporter : UnityEditor.QuickSearchModule:UnityEditor.Search:ASIAI0B)
Imported 'GUID: afc30112b30549bc9c07afa6a4f0f14f' -> (Import Result ID: 'e84562964c05e3edc96d75812b622053') in 0.001 seconds [static and dynamic dependencies]. Details - ImportResultOutputID=553ff813888256337e6897d7b744dddd DependenciesID=2060fa2f83b261463613fefb3a8ca23e StaticDependenciesID=b1be37ada1d203aa399c08a4d5c59950 
Number of updated asset objects reloaded before import = 0
Number of asset objects unloaded after import = 0
========================================================================
Received Import Request.
  Time of request: 2026-09-15T03:17:28.523418Z
  Time since last request: 0.000304622 seconds.
  importAddress: GUID: a2dc14fd753645aebb829f7fae069a82 - Path: Packages/com.unity.services.cloud-build/Editor/UXML/HistoryCells/PlatformHistoryCell.uxml - Importer: ScriptedImporter/UnityEditor.QuickSearchModule:UnityEditor.Search:ASIAI0B
Importing 'GUID: a2dc14fd753645aebb829f7fae069a82 - Path: Packages/com.unity.services.cloud-build/Editor/UXML/HistoryCells/PlatformHistoryCell.uxml - Importer: ScriptedImporter/UnityEditor.QuickSearchModule:UnityEditor.Search:ASIAI0B' with importer (ScriptedImporter : UnityEditor.QuickSearchModule:UnityEditor.Search:ASIAI0B)
Imported 'GUID: a2dc14fd753645aebb829f7fae069a82' -> (Import Result ID: 'bec60e2914c57af4ea5e7a0fa08ff655') in 0.003 seconds [static and dynamic dependencies]. Details - ImportResultOutputID=c163f69eaf4cf1f31c32409a3c0e7ec9 DependenciesID=564d79c1aff4b604340ab9f62a57efb5 StaticDependenciesID=51f60d7b3ab259e8d83b2984be75712c 
Number of updated asset objects reloaded before import = 0
Number of asset objects unloaded after import = 2
========================================================================
Received Import Request.
  Time of request: 2026-09-15T03:17:28.526839Z
  Time since last request: 0.000331302 seconds.
  importAddress: GUID: 3524a8a1f3474e55b6fb404bb619253d - Path: Packages/com.unity.services.core/Editor/Core/Environments/EnvironmentNotFoundException.cs - Importer: ScriptedImporter/UnityEditor.QuickSearchModule:UnityEditor.Search:ASIAI0B
Importing 'GUID: 3524a8a1f3474e55b6fb404bb619253d - Path: Packages/com.unity.services.core/Editor/Core/Environments/EnvironmentNotFoundException.cs - Importer: ScriptedImporter/UnityEditor.QuickSearchModule:UnityEditor.Search:ASIAI0B' with importer (ScriptedImporter : UnityEditor.QuickSearchModule:UnityEditor.Search:ASIAI0B)
Imported 'GUID: 3524a8a1f3474e55b6fb404bb619253d' -> (Import Result ID: 'd83f9e4ba855d35c79c6fee95b4525e4') in 0.004 seconds [static and dynamic dependencies]. Details - ImportResultOutputID=ec986276cd02d35cedaa0bc887731273 DependenciesID=52ffb1e908897fd48c5648d86c183970 StaticDependenciesID=f68a8cbb1bfe963ac4c0befc4850f9c8 
Number of updated asset objects reloaded before import = 0
Number of asset objects unloaded after import = 0
========================================================================
Received Import Request.
  Time of request: 2026-09-15T03:17:28.531139Z
  Time since last request: 0.000593495 seconds.
  importAddress: GUID: 20ce93e64c4a44dfb52e7689ec1c6027 - Path: Packages/com.unity.services.core/Editor/Core/ProjectStateManagement/ProjectStateHelper.cs - Importer: ScriptedImporter/UnityEditor.QuickSearchModule:UnityEditor.Search:ASIAI0B
Importing 'GUID: 20ce93e64c4a44dfb52e7689ec1c6027 - Path: Packages/com.unity.services.core/Editor/Core/ProjectStateManagement/ProjectStateHelper.cs - Importer: ScriptedImporter/UnityEditor.QuickSearchModule:UnityEditor.Search:ASIAI0B' with importer (ScriptedImporter : UnityEditor.QuickSearchModule:UnityEditor.Search:ASIAI0B)
Imported 'GUID: 20ce93e64c4a44dfb52e7689ec1c6027' -> (Import Result ID: '25ddfee276b2e67708ce6ccab6a6b3c1') in 0.001 seconds [static and dynamic dependencies]. Details - ImportResultOutputID=ced22874e9cd47f23bdffea2425a4498 DependenciesID=7a43b41a12f8ef6e5e1d13a23153b06e StaticDependenciesID=5fa108582eedbb9527a47876a18899f5 
Number of updated asset objects reloaded before import = 0
Number of asset objects unloaded after import = 0
========================================================================
Received Import Request.
  Time of request: 2026-09-15T03:17:28.532803Z
  Time since last request: 0.000322065 seconds.
  importAddress: GUID: 04ca3057bc8a3462899551a1d4c90184 - Path: Packages/com.unity.services.core/Editor/Core/UiHelpers/Images/ToggleOff.png - Importer: ScriptedImporter/UnityEditor.QuickSearchModule:UnityEditor.Search:ASIAI0B
Importing 'GUID: 04ca3057bc8a3462899551a1d4c90184 - Path: Packages/com.unity.services.core/Editor/Core/UiHelpers/Images/ToggleOff.png - Importer: ScriptedImporter/UnityEditor.QuickSearchModule:UnityEditor.Search:ASIAI0B' with importer (ScriptedImporter : UnityEditor.QuickSearchModule:UnityEditor.Search:ASIAI0B)
Imported 'GUID: 04ca3057bc8a3462899551a1d4c90184' -> (Import Result ID: 'eaf8c359a1474dd07c91859f3c4592e0') in 0.028 seconds [static and dynamic dependencies]. Details - ImportResultOutputID=7bcd1dcc04fda2fafc12299ce1585b28 DependenciesID=6be524d78f8bdda5376da279a109dae1 StaticDependenciesID=296a9371eab26986cbb4fc4557c59b7e 
Number of updated asset objects reloaded before import = 0
Number of asset objects unloaded after import = 1
========================================================================
Received Import Request.
  Time of request: 2026-09-15T03:17:28.98909Z
  Time since last request: 0.427858076 seconds.
  importAddress: GUID: 709897c55fca84f7ea49bd0ddd77bbb8 - Path: Packages/com.unity.services.cloud-build/Editor/UXML - Importer: ScriptedImporter/UnityEditor.QuickSearchModule:UnityEditor.Search:ASIAI0B
Importing 'GUID: 709897c55fca84f7ea49bd0ddd77bbb8 - Path: Packages/com.unity.services.cloud-build/Editor/UXML - Importer: ScriptedImporter/UnityEditor.QuickSearchModule:UnityEditor.Search:ASIAI0B' with importer (ScriptedImporter : UnityEditor.QuickSearchModule:UnityEditor.Search:ASIAI0B)
Imported 'GUID: 709897c55fca84f7ea49bd0ddd77bbb8' -> (Import Result ID: '4245586df4b4f53000c81c9df47cc748') in 0.002 seconds [static and dynamic dependencies]. Details - ImportResultOutputID=452de77e8598892808710932662ca689 DependenciesID=61517b83dea0d671790af92fa9d062bf StaticDependenciesID=02567c4c353684dae4e50d5602e72ec2 
Number of updated asset objects reloaded before import = 0
Number of asset objects unloaded after import = 1
========================================================================
Received Import Request.
  Time of request: 2026-09-15T03:17:28.992093Z
  Time since last request: 0.000660781 seconds.
  importAddress: GUID: 2627ee9222be9474c9370fbb8abef8d8 - Path: Packages/com.unity.services.core/Editor/Core/Shared/EditorUtils/ICopyable.Gen.cs - Importer: ScriptedImporter/UnityEditor.QuickSearchModule:UnityEditor.Search:ASIAI0B
Importing 'GUID: 2627ee9222be9474c9370fbb8abef8d8 - Path: Packages/com.unity.services.core/Editor/Core/Shared/EditorUtils/ICopyable.Gen.cs - Importer: ScriptedImporter/UnityEditor.QuickSearchModule:UnityEditor.Search:ASIAI0B' with importer (ScriptedImporter : UnityEditor.QuickSearchModule:UnityEditor.Search:ASIAI0B)
Imported 'GUID: 2627ee9222be9474c9370fbb8abef8d8' -> (Import Result ID: 'b76ed70db0d7849d8841473e18d24548') in 0.001 seconds [static and dynamic dependencies]. Details - ImportResultOutputID=359f986c93b8a80296fffbfe38419b3e DependenciesID=9e1332f750a3fc5cd86f21b2bfe44c26 StaticDependenciesID=25e4a361e43a4d3968e614c088044d48 
Number of updated asset objects reloaded before import = 0
Number of asset objects unloaded after import = 0
========================================================================
Received Import Request.
  Time of request: 2026-09-15T03:17:28.994Z
  Time since last request: 0.000291468 seconds.
  importAddress: GUID: b708e0ea5ba894bf28f038f8fa474a9f - Path: Packages/com.unity.services.core/Editor/Core/Shared/Clients/AssemblyInfo.Gen.cs - Importer: ScriptedImporter/UnityEditor.QuickSearchModule:UnityEditor.Search:ASIAI0B
Importing 'GUID: b708e0ea5ba894bf28f038f8fa474a9f - Path: Packages/com.unity.services.core/Editor/Core/Shared/Clients/AssemblyInfo.Gen.cs - Importer: ScriptedImporter/UnityEditor.QuickSearchModule:UnityEditor.Search:ASIAI0B' with importer (ScriptedImporter : UnityEditor.QuickSearchModule:UnityEditor.Search:ASIAI0B)
Imported 'GUID: b708e0ea5ba894bf28f038f8fa474a9f' -> (Import Result ID: 'efe56ce833f4e8ef065734e49887be5b') in 0.001 seconds [static and dynamic dependencies]. Details - ImportResultOutputID=01bd10c09da5f8830dab80780447ca9f DependenciesID=a30145c582a24176e8e546e6f234974e StaticDependenciesID=006fb4b4e8b4a0dbabde711985acc8f3 
Number of updated asset objects reloaded before import = 0
Number of asset objects unloaded after import = 0
========================================================================
Received Import Request.
  Time of request: 2026-09-15T03:17:28.99565Z
  Time since last request: 0.000259297 seconds.
  importAddress: GUID: 9b4671ea22b841238b5da2514d206893 - Path: Packages/com.unity.services.cloud-build/Editor/Components/BuildAutomationCredentialsConfig.cs - Importer: ScriptedImporter/UnityEditor.QuickSearchModule:UnityEditor.Search:ASIAI0B
Importing 'GUID: 9b4671ea22b841238b5da2514d206893 - Path: Packages/com.unity.services.cloud-build/Editor/Components/BuildAutomationCredentialsConfig.cs - Importer: ScriptedImporter/UnityEditor.QuickSearchModule:UnityEditor.Search:ASIAI0B' with importer (ScriptedImporter : UnityEditor.QuickSearchModule:UnityEditor.Search:ASIAI0B)
Imported 'GUID: 9b4671ea22b841238b5da2514d206893' -> (Import Result ID: '8b3de4c3fb4791637545bfc38fe158b7') in 0.001 seconds [static and dynamic dependencies]. Details - ImportResultOutputID=78d8f644958693cf278d9ab59ab90b74 DependenciesID=30ac1b7671542d2a80a38393c3ee21a0 StaticDependenciesID=6997f9718c1514ff7fd5de96479b671b 
Number of updated asset objects reloaded before import = 0
Number of asset objects unloaded after import = 0
========================================================================
Received Import Request.
  Time of request: 2026-09-15T03:17:28.997204Z
  Time since last request: 0.000407736 seconds.
  importAddress: GUID: 720ae44e2f11402e9343b0751a56a03a - Path: Packages/com.unity.services.core/Editor/Core/Linker/Models/XmlLinkedType.cs - Importer: ScriptedImporter/UnityEditor.QuickSearchModule:UnityEditor.Search:ASIAI0B
Importing 'GUID: 720ae44e2f11402e9343b0751a56a03a - Path: Packages/com.unity.services.core/Editor/Core/Linker/Models/XmlLinkedType.cs - Importer: ScriptedImporter/UnityEditor.QuickSearchModule:UnityEditor.Search:ASIAI0B' with importer (ScriptedImporter : UnityEditor.QuickSearchModule:UnityEditor.Search:ASIAI0B)
Imported 'GUID: 720ae44e2f11402e9343b0751a56a03a' -> (Import Result ID: '45d188a1c52e386f8d307f4529447abc') in 0.006 seconds [static and dynamic dependencies]. Details - ImportResultOutputID=9e4214a00126198e77cf2019acfb8086 DependenciesID=1aa2ae24c03a7245c4ef12b41ab68160 StaticDependenciesID=697693737ac559781f9501eefd62ef1d 
Number of updated asset objects reloaded before import = 0
Number of asset objects unloaded after import = 0
========================================================================
Received Import Request.
  Time of request: 2026-09-15T03:17:29.003376Z
  Time since last request: 0.000356239 seconds.
  importAddress: GUID: e1973d48b031b43d5b8193dbf5919130 - Path: Packages/com.unity.services.cloud-build/Icons/build_queued.png - Importer: ScriptedImporter/UnityEditor.QuickSearchModule:UnityEditor.Search:ASIAI0B
Importing 'GUID: e1973d48b031b43d5b8193dbf5919130 - Path: Packages/com.unity.services.cloud-build/Icons/build_queued.png - Importer: ScriptedImporter/UnityEditor.QuickSearchModule:UnityEditor.Search:ASIAI0B' with importer (ScriptedImporter : UnityEditor.QuickSearchModule:UnityEditor.Search:ASIAI0B)
Imported 'GUID: e1973d48b031b43d5b8193dbf5919130' -> (Import Result ID: 'f6dabffd4ce1a3fe76fdd6160f589358') in 0.003 seconds [static and dynamic dependencies]. Details - ImportResultOutputID=8425dffb759367fede83e86ec9ee145e DependenciesID=0eb62244597d7001a4b8d36092c11639 StaticDependenciesID=577cc5c2b80ac4a2ab569792575efe9b 
Number of updated asset objects reloaded before import = 0
Number of asset objects unloaded after import = 1
========================================================================
Received Import Request.
  Time of request: 2026-09-15T03:17:29.006637Z
  Time since last request: 0.000321053 seconds.
  importAddress: GUID: 82a8d755c4b96403ab2a7e285328b299 - Path: Packages/com.unity.services.core/Editor/Core/Environments/Client/ErrorMitigation/RetryPolicyConfig.cs - Importer: ScriptedImporter/UnityEditor.QuickSearchModule:UnityEditor.Search:ASIAI0B
Importing 'GUID: 82a8d755c4b96403ab2a7e285328b299 - Path: Packages/com.unity.services.core/Editor/Core/Environments/Client/ErrorMitigation/RetryPolicyConfig.cs - Importer: ScriptedImporter/UnityEditor.QuickSearchModule:UnityEditor.Search:ASIAI0B' with importer (ScriptedImporter : UnityEditor.QuickSearchModule:UnityEditor.Search:ASIAI0B)
Imported 'GUID: 82a8d755c4b96403ab2a7e285328b299' -> (Import Result ID: 'bf607017990ca868be8b470c7d011f41') in 0.001 seconds [static and dynamic dependencies]. Details - ImportResultOutputID=cfc3c229c8dc12f47975d680bc7960af DependenciesID=ce26ce7de6809512809c5e285b439a26 StaticDependenciesID=acebd2e155610d7d89431ed64e0a2c7f 
Number of updated asset objects reloaded before import = 0
Number of asset objects unloaded after import = 0
========================================================================
Received Import Request.
  Time of request: 2026-09-15T03:17:29.008256Z
  Time since last request: 0.000312577 seconds.
  importAddress: GUID: 38cb7d99c39611041a637804ce507e95 - Path: Packages/com.unity.services.core/Runtime/Threading - Importer: ScriptedImporter/UnityEditor.QuickSearchModule:UnityEditor.Search:ASIAI0B
Importing 'GUID: 38cb7d99c39611041a637804ce507e95 - Path: Packages/com.unity.services.core/Runtime/Threading - Importer: ScriptedImporter/UnityEditor.QuickSearchModule:UnityEditor.Search:ASIAI0B' with importer (ScriptedImporter : UnityEditor.QuickSearchModule:UnityEditor.Search:ASIAI0B)
Imported 'GUID: 38cb7d99c39611041a637804ce507e95' -> (Import Result ID: '7bd5a552c68b332315e70c6eec9e7c00') in 0.001 seconds [static and dynamic dependencies]. Details - ImportResultOutputID=b83cb6dfaaf1bb5c52b994a3d9d115ac DependenciesID=54856fa9e3e097845fc36cc90c4c6862 StaticDependenciesID=3d3259a1690de88a179ac6782b7e2e40 
Number of updated asset objects reloaded before import = 0
Number of asset objects unloaded after import = 1
========================================================================
Received Import Request.
  Time of request: 2026-09-15T03:17:29.009521Z
  Time since last request: 0.000286618 seconds.
  importAddress: GUID: 4d1d46c7e4434420a8f72add85dd091d - Path: Packages/com.unity.services.cloud-build/THIRD PARTY NOTICES.md - Importer: ScriptedImporter/UnityEditor.QuickSearchModule:UnityEditor.Search:ASIAI0B
Importing 'GUID: 4d1d46c7e4434420a8f72add85dd091d - Path: Packages/com.unity.services.cloud-build/THIRD PARTY NOTICES.md - Importer: ScriptedImporter/UnityEditor.QuickSearchModule:UnityEditor.Search:ASIAI0B' with importer (ScriptedImporter : UnityEditor.QuickSearchModule:UnityEditor.Search:ASIAI0B)
Imported 'GUID: 4d1d46c7e4434420a8f72add85dd091d' -> (Import Result ID: '5ffd36a3fc8ad0a97250b52627696478') in 0.001 seconds [static and dynamic dependencies]. Details - ImportResultOutputID=bf9f18b67104fe5bed06812becb318c6 DependenciesID=f3bfedde4787ca7d9f33b35f4dbd0f4a StaticDependenciesID=98e857a60f86c91cf9b92e2a51f9da25 
Number of updated asset objects reloaded before import = 0
Number of asset objects unloaded after import = 1
========================================================================
Received Import Request.
  Time of request: 2026-09-15T03:17:29.010972Z
  Time since last request: 0.000215105 seconds.
  importAddress: GUID: 7b798cd2df6049ce80e73f3bfce6a4e6 - Path: Packages/com.unity.services.core/Editor/Core/Linker/LinkFileGenerator.cs - Importer: ScriptedImporter/UnityEditor.QuickSearchModule:UnityEditor.Search:ASIAI0B
Importing 'GUID: 7b798cd2df6049ce80e73f3bfce6a4e6 - Path: Packages/com.unity.services.core/Editor/Core/Linker/LinkFileGenerator.cs - Importer: ScriptedImporter/UnityEditor.QuickSearchModule:UnityEditor.Search:ASIAI0B' with importer (ScriptedImporter : UnityEditor.QuickSearchModule:UnityEditor.Search:ASIAI0B)
Imported 'GUID: 7b798cd2df6049ce80e73f3bfce6a4e6' -> (Import Result ID: '14b5b0a2f5cf8d07184a77c8ce50f69a') in 0.001 seconds [static and dynamic dependencies]. Details - ImportResultOutputID=4637176b1b6324c1feb99d7f2e4a0ac5 DependenciesID=bca88c5d31565cffd4869e1c5bc7b452 StaticDependenciesID=bd80aa2ed540ff3671ec34bfccbf36e6 
Number of updated asset objects reloaded before import = 0
Number of asset objects unloaded after import = 0
========================================================================
Received Import Request.
  Time of request: 2026-09-15T03:17:29.012327Z
  Time since last request: 0.000176351 seconds.
  importAddress: GUID: 1396f5bdc432cd247ac75b97a31e4d1a - Path: Packages/com.unity.nuget.newtonsoft-json/Runtime/AOT/Newtonsoft.Json.pdb - Importer: ScriptedImporter/UnityEditor.QuickSearchModule:UnityEditor.Search:ASIAI0B
Importing 'GUID: 1396f5bdc432cd247ac75b97a31e4d1a - Path: Packages/com.unity.nuget.newtonsoft-json/Runtime/AOT/Newtonsoft.Json.pdb - Importer: ScriptedImporter/UnityEditor.QuickSearchModule:UnityEditor.Search:ASIAI0B' with importer (ScriptedImporter : UnityEditor.QuickSearchModule:UnityEditor.Search:ASIAI0B)
Imported 'GUID: 1396f5bdc432cd247ac75b97a31e4d1a' -> (Import Result ID: '14496638e1559597981ed0e9ad737314') in 0.001 seconds [static and dynamic dependencies]. Details - ImportResultOutputID=5b84789df8e1fe140adcfb8550edac50 DependenciesID=d68a0a59a9693f8a0e8836cafe28ae6a StaticDependenciesID=f237bf6e0df3079c6a0a36cb5b07ee9d 
Number of updated asset objects reloaded before import = 0
Number of asset objects unloaded after import = 1
========================================================================
Received Import Request.
  Time of request: 2026-09-15T03:17:29.013373Z
  Time since last request: 0.000257063 seconds.
  importAddress: GUID: 5adbe00cd9902e44db40feba07d1f6a5 - Path: Packages/com.unity.services.core/Runtime/Core.Internal/Components/Authentication/IServerEnvironmentId.cs - Importer: ScriptedImporter/UnityEditor.QuickSearchModule:UnityEditor.Search:ASIAI0B
Importing 'GUID: 5adbe00cd9902e44db40feba07d1f6a5 - Path: Packages/com.unity.services.core/Runtime/Core.Internal/Components/Authentication/IServerEnvironmentId.cs - Importer: ScriptedImporter/UnityEditor.QuickSearchModule:UnityEditor.Search:ASIAI0B' with importer (ScriptedImporter : UnityEditor.QuickSearchModule:UnityEditor.Search:ASIAI0B)
Imported 'GUID: 5adbe00cd9902e44db40feba07d1f6a5' -> (Import Result ID: '66380ab11df54e8e3a7aecbcf6474628') in 0.001 seconds [static and dynamic dependencies]. Details - ImportResultOutputID=b03bde241a813d0b06177b3759ae6026 DependenciesID=1d1e4ad172a702393ba02c79136ac923 StaticDependenciesID=12dce07f43402a69a2dac56358361047 
Number of updated asset objects reloaded before import = 0
Number of asset objects unloaded after import = 0
========================================================================
Received Import Request.
  Time of request: 2026-09-15T03:17:29.014306Z
  Time since last request: 0.000218481 seconds.
  importAddress: GUID: bd92d50cc3f25354fbc10dd21151d4ff - Path: Packages/com.unity.services.core/Runtime/Environments/Internal/Unity.Services.Core.Environments.Internal.api - Importer: ScriptedImporter/UnityEditor.QuickSearchModule:UnityEditor.Search:ASIAI0B
Importing 'GUID: bd92d50cc3f25354fbc10dd21151d4ff - Path: Packages/com.unity.services.core/Runtime/Environments/Internal/Unity.Services.Core.Environments.Internal.api - Importer: ScriptedImporter/UnityEditor.QuickSearchModule:UnityEditor.Search:ASIAI0B' with importer (ScriptedImporter : UnityEditor.QuickSearchModule:UnityEditor.Search:ASIAI0B)
Imported 'GUID: bd92d50cc3f25354fbc10dd21151d4ff' -> (Import Result ID: 'ce54fa367926ae86e660302f219c8ac0') in 0.001 seconds [static and dynamic dependencies]. Details - ImportResultOutputID=038cfac26ee4c87ebb2366f808158480 DependenciesID=e1089ac83e1ba7849fb7aa82fed08e05 StaticDependenciesID=37fdc8784fbe8aec09f4c92735476d7b 
Number of updated asset objects reloaded before import = 0
Number of asset objects unloaded after import = 1
========================================================================
Received Import Request.
  Time of request: 2026-09-15T03:17:29.015218Z
  Time since last request: 0.000262814 seconds.
  importAddress: GUID: 49dd7f58c2a2d454b8ce67251befef56 - Path: Packages/com.unity.services.core/Editor/Core/Environments/EnvironmentsClientFactory.cs - Importer: ScriptedImporter/UnityEditor.QuickSearchModule:UnityEditor.Search:ASIAI0B
Importing 'GUID: 49dd7f58c2a2d454b8ce67251befef56 - Path: Packages/com.unity.services.core/Editor/Core/Environments/EnvironmentsClientFactory.cs - Importer: ScriptedImporter/UnityEditor.QuickSearchModule:UnityEditor.Search:ASIAI0B' with importer (ScriptedImporter : UnityEditor.QuickSearchModule:UnityEditor.Search:ASIAI0B)
Imported 'GUID: 49dd7f58c2a2d454b8ce67251befef56' -> (Import Result ID: '0957b57f9173871400fc51134d692f25') in 0.001 seconds [static and dynamic dependencies]. Details - ImportResultOutputID=51ef777366c144150337b3dbf8f3e0df DependenciesID=31a61af463bbff689a0d1c0d2c8140b7 StaticDependenciesID=f36afd7354294b8c40af90181e2e1f3d 
Number of updated asset objects reloaded before import = 0
Number of asset objects unloaded after import = 0
========================================================================
Received Import Request.
  Time of request: 2026-09-15T03:17:29.01618Z
  Time since last request: 0.000291117 seconds.
  importAddress: GUID: 0f45e7ca6fb04a24fb98fcd0ba5f9fbc - Path: Packages/com.unity.services.core/Runtime/Telemetry - Importer: ScriptedImporter/UnityEditor.QuickSearchModule:UnityEditor.Search:ASIAI0B
Importing 'GUID: 0f45e7ca6fb04a24fb98fcd0ba5f9fbc - Path: Packages/com.unity.services.core/Runtime/Telemetry - Importer: ScriptedImporter/UnityEditor.QuickSearchModule:UnityEditor.Search:ASIAI0B' with importer (ScriptedImporter : UnityEditor.QuickSearchModule:UnityEditor.Search:ASIAI0B)
Imported 'GUID: 0f45e7ca6fb04a24fb98fcd0ba5f9fbc' -> (Import Result ID: '3ea7978ae073664bda7ac76160317bd2') in 0.001 seconds [static and dynamic dependencies]. Details - ImportResultOutputID=7a5e158e88fbc5cc3f6f765746fdbaf8 DependenciesID=9b5da437eb22f3d3bc23117e17ba3269 StaticDependenciesID=3815c49db4120ea162c176c148e3b8ab 
Number of updated asset objects reloaded before import = 0
Number of asset objects unloaded after import = 1
========================================================================
Received Import Request.
  Time of request: 2026-09-15T03:17:29.017056Z
  Time since last request: 0.000240081 seconds.
  importAddress: GUID: 03b3c1b798f94469d9d6ee53c06cc3f1 - Path: Packages/com.unity.services.cloud-build/Icons/build_unknown.png - Importer: ScriptedImporter/UnityEditor.QuickSearchModule:UnityEditor.Search:ASIAI0B
Importing 'GUID: 03b3c1b798f94469d9d6ee53c06cc3f1 - Path: Packages/com.unity.services.cloud-build/Icons/build_unknown.png - Importer: ScriptedImporter/UnityEditor.QuickSearchModule:UnityEditor.Search:ASIAI0B' with importer (ScriptedImporter : UnityEditor.QuickSearchModule:UnityEditor.Search:ASIAI0B)
Imported 'GUID: 03b3c1b798f94469d9d6ee53c06cc3f1' -> (Import Result ID: '96d91ac0ac4ecec3ba28f91975d120c4') in 0.002 seconds [static and dynamic dependencies]. Details - ImportResultOutputID=d2619616b59ac4cdf88d0032c59a7a35 DependenciesID=e2a62d1a16f002c6e8a9028b6494d9a3 StaticDependenciesID=ca9c5807ea7dafb5f9fab12636ac19f4 
Number of updated asset objects reloaded before import = 0
Number of asset objects unloaded after import = 1
========================================================================
Received Import Request.
  Time of request: 2026-09-15T03:17:29.019574Z
  Time since last request: 0.000269707 seconds.
  importAddress: GUID: 65ea1516d975048d59571ca8c47688a9 - Path: Packages/com.unity.services.core/Editor/Core/Environments/UI/Assets/EnvironmentView_style.uss - Importer: ScriptedImporter/UnityEditor.QuickSearchModule:UnityEditor.Search:ASIAI0B
Importing 'GUID: 65ea1516d975048d59571ca8c47688a9 - Path: Packages/com.unity.services.core/Editor/Core/Environments/UI/Assets/EnvironmentView_style.uss - Importer: ScriptedImporter/UnityEditor.QuickSearchModule:UnityEditor.Search:ASIAI0B' with importer (ScriptedImporter : UnityEditor.QuickSearchModule:UnityEditor.Search:ASIAI0B)
Imported 'GUID: 65ea1516d975048d59571ca8c47688a9' -> (Import Result ID: '1da8063c44468d3dff40c1e0b9862ab4') in 0.006 seconds [static and dynamic dependencies]. Details - ImportResultOutputID=0e242d82a1df94bd5511d886e1ededb2 DependenciesID=d466269da9a723826fdf59b78b85a5f9 StaticDependenciesID=c46ad204fed92b51730ec25a08101dd4 
Number of updated asset objects reloaded before import = 0
Number of asset objects unloaded after import = 1
========================================================================
Received Import Request.
  Time of request: 2026-09-15T03:17:29.025566Z
  Time since last request: 0.000320331 seconds.
  importAddress: GUID: 75067104ff88ffa4fba32c951335d79c - Path: Packages/com.unity.services.core/Runtime/Environments/Internal/AssemblyInfo.cs - Importer: ScriptedImporter/UnityEditor.QuickSearchModule:UnityEditor.Search:ASIAI0B
Importing 'GUID: 75067104ff88ffa4fba32c951335d79c - Path: Packages/com.unity.services.core/Runtime/Environments/Internal/AssemblyInfo.cs - Importer: ScriptedImporter/UnityEditor.QuickSearchModule:UnityEditor.Search:ASIAI0B' with importer (ScriptedImporter : UnityEditor.QuickSearchModule:UnityEditor.Search:ASIAI0B)
Imported 'GUID: 75067104ff88ffa4fba32c951335d79c' -> (Import Result ID: 'a209ff85be4214df00de8d4f47811edb') in 0.001 seconds [static and dynamic dependencies]. Details - ImportResultOutputID=bb6c075dd82f90ecf1fbc935272989e5 DependenciesID=fb79ac09641dabd9d7900e50078f33e4 StaticDependenciesID=0289dfac464d46f8fffa9b7d022b1d9b 
Number of updated asset objects reloaded before import = 0
Number of asset objects unloaded after import = 0
========================================================================
Received Import Request.
  Time of request: 2026-09-15T03:17:29.026693Z
  Time since last request: 0.000307448 seconds.
  importAddress: GUID: a232b29fae442f345b7a6b4f9b9f44ae - Path: Packages/com.unity.services.core/Runtime/Threading/UnityThreadUtilsInternal.cs - Importer: ScriptedImporter/UnityEditor.QuickSearchModule:UnityEditor.Search:ASIAI0B
Importing 'GUID: a232b29fae442f345b7a6b4f9b9f44ae - Path: Packages/com.unity.services.core/Runtime/Threading/UnityThreadUtilsInternal.cs - Importer: ScriptedImporter/UnityEditor.QuickSearchModule:UnityEditor.Search:ASIAI0B' with importer (ScriptedImporter : UnityEditor.QuickSearchModule:UnityEditor.Search:ASIAI0B)
Imported 'GUID: a232b29fae442f345b7a6b4f9b9f44ae' -> (Import Result ID: 'b958f5be31cc7d64a42b62de2cf952d2') in 0.001 seconds [static and dynamic dependencies]. Details - ImportResultOutputID=d5155bc9494be2e9aa27fc0c8ce09336 DependenciesID=e4af33b488ce6a9e3e8927c8172e0c06 StaticDependenciesID=a9bccd2d3b02f0f3f3a5a1305533b4fb 
Number of updated asset objects reloaded before import = 0
Number of asset objects unloaded after import = 0
========================================================================
Received Import Request.
  Time of request: 2026-09-15T03:17:29.027756Z
  Time since last request: 0.000262704 seconds.
  importAddress: GUID: 8d3c945b112744efda5b766100f90895 - Path: Packages/com.unity.services.core/Editor/Core/EditorGameService/USS/ServicesProjectSettingsDark.uss - Importer: ScriptedImporter/UnityEditor.QuickSearchModule:UnityEditor.Search:ASIAI0B
Importing 'GUID: 8d3c945b112744efda5b766100f90895 - Path: Packages/com.unity.services.core/Editor/Core/EditorGameService/USS/ServicesProjectSettingsDark.uss - Importer: ScriptedImporter/UnityEditor.QuickSearchModule:UnityEditor.Search:ASIAI0B' with importer (ScriptedImporter : UnityEditor.QuickSearchModule:UnityEditor.Search:ASIAI0B)
Imported 'GUID: 8d3c945b112744efda5b766100f90895' -> (Import Result ID: '9c8a5f087a37e4d893959df4337d13ba') in 0.001 seconds [static and dynamic dependencies]. Details - ImportResultOutputID=34a0c1791db658f9790e353eb5adcfc7 DependenciesID=8f4198333cb9e91dcdc5cbf6d2ab659a StaticDependenciesID=5411293f95f8a1bff152171e4b960530 
Number of updated asset objects reloaded before import = 0
Number of asset objects unloaded after import = 1
========================================================================
Received Import Request.
  Time of request: 2026-09-15T03:17:29.029393Z
  Time since last request: 0.000233448 seconds.
  importAddress: GUID: 9894755a2d8da44738b487bfec688e76 - Path: Packages/com.unity.services.core/Editor/Core/Environments/Client/Http/HttpClient.cs - Importer: ScriptedImporter/UnityEditor.QuickSearchModule:UnityEditor.Search:ASIAI0B
Importing 'GUID: 9894755a2d8da44738b487bfec688e76 - Path: Packages/com.unity.services.core/Editor/Core/Environments/Client/Http/HttpClient.cs - Importer: ScriptedImporter/UnityEditor.QuickSearchModule:UnityEditor.Search:ASIAI0B' with importer (ScriptedImporter : UnityEditor.QuickSearchModule:UnityEditor.Search:ASIAI0B)
Imported 'GUID: 9894755a2d8da44738b487bfec688e76' -> (Import Result ID: 'cb7bc5a9ec03a1dac091b3181f647ea5') in 0.001 seconds [static and dynamic dependencies]. Details - ImportResultOutputID=4941c7eadd12855eaa099e750ef83d49 DependenciesID=e3b4586ced21d129c3ca05623281b7fb StaticDependenciesID=af9445ce57e4e9f240c9d497fa2541ab 
Number of updated asset objects reloaded before import = 0
Number of asset objects unloaded after import = 0
========================================================================
Received Import Request.
  Time of request: 2026-09-15T03:17:29.030397Z
  Time since last request: 0.000224181 seconds.
  importAddress: GUID: 3d2603eea16e84cb7912b8ac4972a34e - Path: Packages/com.unity.services.cloud-build/Icons/build_paused.png - Importer: ScriptedImporter/UnityEditor.QuickSearchModule:UnityEditor.Search:ASIAI0B
Importing 'GUID: 3d2603eea16e84cb7912b8ac4972a34e - Path: Packages/com.unity.services.cloud-build/Icons/build_paused.png - Importer: ScriptedImporter/UnityEditor.QuickSearchModule:UnityEditor.Search:ASIAI0B' with importer (ScriptedImporter : UnityEditor.QuickSearchModule:UnityEditor.Search:ASIAI0B)
Imported 'GUID: 3d2603eea16e84cb7912b8ac4972a34e' -> (Import Result ID: 'af254d11c87bb3c34e0655f6f358a342') in 0.003 seconds [static and dynamic dependencies]. Details - ImportResultOutputID=10fe3cf9e00963cb32c347c768c1b734 DependenciesID=7ef24f53d11250cc12ab86b9ec424c57 StaticDependenciesID=3fea954e8b3f2a121e95bf973a161e6e 
Number of updated asset objects reloaded before import = 0
Number of asset objects unloaded after import = 1
========================================================================
Received Import Request.
  Time of request: 2026-09-15T03:17:29.033894Z
  Time since last request: 0.000256883 seconds.
  importAddress: GUID: 2034821ee24e4d1988eba8ea33a45094 - Path: Packages/com.unity.services.core/Editor/Core/Linker/Models/XmlLinkedField.cs - Importer: ScriptedImporter/UnityEditor.QuickSearchModule:UnityEditor.Search:ASIAI0B
Importing 'GUID: 2034821ee24e4d1988eba8ea33a45094 - Path: Packages/com.unity.services.core/Editor/Core/Linker/Models/XmlLinkedField.cs - Importer: ScriptedImporter/UnityEditor.QuickSearchModule:UnityEditor.Search:ASIAI0B' with importer (ScriptedImporter : UnityEditor.QuickSearchModule:UnityEditor.Search:ASIAI0B)
Imported 'GUID: 2034821ee24e4d1988eba8ea33a45094' -> (Import Result ID: '50f672d391a560a9115eb2eeb4352f5d') in 0.001 seconds [static and dynamic dependencies]. Details - ImportResultOutputID=b13536608b1165669ce21630b957a5e8 DependenciesID=b52951bfc908f222c542784a3e631618 StaticDependenciesID=2ab95298e1025d424ab558156b516c7f 
Number of updated asset objects reloaded before import = 0
Number of asset objects unloaded after import = 0
========================================================================
Received Import Request.
  Time of request: 2026-09-15T03:17:29.034859Z
  Time since last request: 0.000241373 seconds.
  importAddress: GUID: cd046681badd24140a5a454c268dcd66 - Path: Packages/com.unity.services.core/Editor/Core/Attributes/VisibilityPropertyDrawer.cs - Importer: ScriptedImporter/UnityEditor.QuickSearchModule:UnityEditor.Search:ASIAI0B
Importing 'GUID: cd046681badd24140a5a454c268dcd66 - Path: Packages/com.unity.services.core/Editor/Core/Attributes/VisibilityPropertyDrawer.cs - Importer: ScriptedImporter/UnityEditor.QuickSearchModule:UnityEditor.Search:ASIAI0B' with importer (ScriptedImporter : UnityEditor.QuickSearchModule:UnityEditor.Search:ASIAI0B)
Imported 'GUID: cd046681badd24140a5a454c268dcd66' -> (Import Result ID: 'f7d5aa6b2dee57fbc1e9e1a966487524') in 0.001 seconds [static and dynamic dependencies]. Details - ImportResultOutputID=1bb7430317d5c20a4ce5486a189fcc16 DependenciesID=329ea93fb478fe123fd025d866d65a7c StaticDependenciesID=ded3462042ed372500f32993527b1581 
Number of updated asset objects reloaded before import = 0
Number of asset objects unloaded after import = 0
========================================================================
Received Import Request.
  Time of request: 2026-09-15T03:17:29.035833Z
  Time since last request: 0.000320191 seconds.
  importAddress: GUID: 6cf3f2df706054b1eb8aa9b6fab04c10 - Path: Packages/com.unity.services.core/Editor/Core/Shared - Importer: ScriptedImporter/UnityEditor.QuickSearchModule:UnityEditor.Search:ASIAI0B
Importing 'GUID: 6cf3f2df706054b1eb8aa9b6fab04c10 - Path: Packages/com.unity.services.core/Editor/Core/Shared - Importer: ScriptedImporter/UnityEditor.QuickSearchModule:UnityEditor.Search:ASIAI0B' with importer (ScriptedImporter : UnityEditor.QuickSearchModule:UnityEditor.Search:ASIAI0B)
Imported 'GUID: 6cf3f2df706054b1eb8aa9b6fab04c10' -> (Import Result ID: '1f0ad1a3f6ad09c3008f60f5a428a2e2') in 0.001 seconds [static and dynamic dependencies]. Details - ImportResultOutputID=92fd11c6fd0ea4f40405233dd8d1f2f5 DependenciesID=2e26e681c5f057f70989417334d60b6c StaticDependenciesID=6aee47634e24391f512a2cd67e5b7480 
Number of updated asset objects reloaded before import = 0
Number of asset objects unloaded after import = 1
========================================================================
Received Import Request.
  Time of request: 2026-09-15T03:17:29.036792Z
  Time since last request: 0.000232096 seconds.
  importAddress: GUID: 52b0863c034c4170a48fe13bc36f27c4 - Path: Packages/com.unity.services.core/Editor/Core/UserRoleManagement/UserRole.cs - Importer: ScriptedImporter/UnityEditor.QuickSearchModule:UnityEditor.Search:ASIAI0B
Importing 'GUID: 52b0863c034c4170a48fe13bc36f27c4 - Path: Packages/com.unity.services.core/Editor/Core/UserRoleManagement/UserRole.cs - Importer: ScriptedImporter/UnityEditor.QuickSearchModule:UnityEditor.Search:ASIAI0B' with importer (ScriptedImporter : UnityEditor.QuickSearchModule:UnityEditor.Search:ASIAI0B)
Imported 'GUID: 52b0863c034c4170a48fe13bc36f27c4' -> (Import Result ID: '28266e944ceb1570b390f20e98212abc') in 0.001 seconds [static and dynamic dependencies]. Details - ImportResultOutputID=a88fdb9272b76cd0e874750aae9a5d67 DependenciesID=6d7630cb99e4188019b26d448fd25ce0 StaticDependenciesID=0d03146fcf799a6e0fbeed3d1b071317 
Number of updated asset objects reloaded before import = 0
Number of asset objects unloaded after import = 0
========================================================================
Received Import Request.
  Time of request: 2026-09-15T03:17:29.037777Z
  Time since last request: 0.000304131 seconds.
  importAddress: GUID: 9defc866a340246dda5e2888c0aa5d7b - Path: Packages/com.unity.services.core/Editor/Core/Environments/Client - Importer: ScriptedImporter/UnityEditor.QuickSearchModule:UnityEditor.Search:ASIAI0B
Importing 'GUID: 9defc866a340246dda5e2888c0aa5d7b - Path: Packages/com.unity.services.core/Editor/Core/Environments/Client - Importer: ScriptedImporter/UnityEditor.QuickSearchModule:UnityEditor.Search:ASIAI0B' with importer (ScriptedImporter : UnityEditor.QuickSearchModule:UnityEditor.Search:ASIAI0B)
Imported 'GUID: 9defc866a340246dda5e2888c0aa5d7b' -> (Import Result ID: 'b72cf89705730ce948adbce4371a03a6') in 0.001 seconds [static and dynamic dependencies]. Details - ImportResultOutputID=f773d31adee77888afd723c1dacd7e33 DependenciesID=f394e314647cc274d922f01ae23a467f StaticDependenciesID=022c6c45ab5af88dffd3ec254a9b68af 
Number of updated asset objects reloaded before import = 0
Number of asset objects unloaded after import = 1
========================================================================
Received Import Request.
  Time of request: 2026-09-15T03:17:29.038817Z
  Time since last request: 0.00022349 seconds.
  importAddress: GUID: 11337c9a552424776b7278cbdaeaba7b - Path: Packages/com.unity.services.core/Editor/Core/Shared/Infrastructure/Collections/CollectionExtensions.Gen.cs - Importer: ScriptedImporter/UnityEditor.QuickSearchModule:UnityEditor.Search:ASIAI0B
Importing 'GUID: 11337c9a552424776b7278cbdaeaba7b - Path: Packages/com.unity.services.core/Editor/Core/Shared/Infrastructure/Collections/CollectionExtensions.Gen.cs - Importer: ScriptedImporter/UnityEditor.QuickSearchModule:UnityEditor.Search:ASIAI0B' with importer (ScriptedImporter : UnityEditor.QuickSearchModule:UnityEditor.Search:ASIAI0B)
Imported 'GUID: 11337c9a552424776b7278cbdaeaba7b' -> (Import Result ID: '1b5f798a0f44af567f98d2b0677de887') in 0.001 seconds [static and dynamic dependencies]. Details - ImportResultOutputID=5a1c7b52cd0fe2da4b2687063c2a403e DependenciesID=5af5bad8e853d3e5bf6647469f6646b4 StaticDependenciesID=9688d0f238af9985dd63793d97421098 
Number of updated asset objects reloaded before import = 0
Number of asset objects unloaded after import = 0
========================================================================
Received Import Request.
  Time of request: 2026-09-15T03:17:29.039912Z
  Time since last request: 0.000263715 seconds.
  importAddress: GUID: 83e41efdede654a89b901da7b70ff0b2 - Path: Packages/com.unity.services.core/Runtime/Core.Internal/Components/Configuration/IProjectConfiguration.cs - Importer: ScriptedImporter/UnityEditor.QuickSearchModule:UnityEditor.Search:ASIAI0B
Importing 'GUID: 83e41efdede654a89b901da7b70ff0b2 - Path: Packages/com.unity.services.core/Runtime/Core.Internal/Components/Configuration/IProjectConfiguration.cs - Importer: ScriptedImporter/UnityEditor.QuickSearchModule:UnityEditor.Search:ASIAI0B' with importer (ScriptedImporter : UnityEditor.QuickSearchModule:UnityEditor.Search:ASIAI0B)
Imported 'GUID: 83e41efdede654a89b901da7b70ff0b2' -> (Import Result ID: '8b0ebf5b933de860a00a3755f35d29ca') in 0.001 seconds [static and dynamic dependencies]. Details - ImportResultOutputID=091c9288c16044eedb731b5afcc4abb1 DependenciesID=e4fc279f710fb9e07a090e954235110f StaticDependenciesID=97104097ae2307aa683d1e5fb4218667 
Number of updated asset objects reloaded before import = 0
Number of asset objects unloaded after import = 0
========================================================================
Received Import Request.
  Time of request: 2026-09-15T03:17:29.04106Z
  Time since last request: 0.000416393 seconds.
  importAddress: GUID: 291b6e45f0c954c73b6598341521c6be - Path: Packages/com.unity.services.core/Editor/Core/Environments/Client/Http/JsonObjectConverter.cs - Importer: ScriptedImporter/UnityEditor.QuickSearchModule:UnityEditor.Search:ASIAI0B
Importing 'GUID: 291b6e45f0c954c73b6598341521c6be - Path: Packages/com.unity.services.core/Editor/Core/Environments/Client/Http/JsonObjectConverter.cs - Importer: ScriptedImporter/UnityEditor.QuickSearchModule:UnityEditor.Search:ASIAI0B' with importer (ScriptedImporter : UnityEditor.QuickSearchModule:UnityEditor.Search:ASIAI0B)
Imported 'GUID: 291b6e45f0c954c73b6598341521c6be' -> (Import Result ID: 'bcb7d7c5374d998f4f18be89280fc200') in 0.001 seconds [static and dynamic dependencies]. Details - ImportResultOutputID=7c97cd7e8022def8e5e7f984d9642eeb DependenciesID=b8b57fa5565f1e88a4f70e028d28533c StaticDependenciesID=96014e1eb76ea79c1c49d730fb16594a 
Number of updated asset objects reloaded before import = 0
Number of asset objects unloaded after import = 0
========================================================================
Received Import Request.
  Time of request: 2026-09-15T03:17:29.042017Z
  Time since last request: 0.000280407 seconds.
  importAddress: GUID: 6178d8db32afe8743aba3d79f9dc6d54 - Path: Packages/com.unity.services.core/Runtime/Core.Internal/Components/Analytics/IAnalyticsUserId.cs - Importer: ScriptedImporter/UnityEditor.QuickSearchModule:UnityEditor.Search:ASIAI0B
Importing 'GUID: 6178d8db32afe8743aba3d79f9dc6d54 - Path: Packages/com.unity.services.core/Runtime/Core.Internal/Components/Analytics/IAnalyticsUserId.cs - Importer: ScriptedImporter/UnityEditor.QuickSearchModule:UnityEditor.Search:ASIAI0B' with importer (ScriptedImporter : UnityEditor.QuickSearchModule:UnityEditor.Search:ASIAI0B)
Imported 'GUID: 6178d8db32afe8743aba3d79f9dc6d54' -> (Import Result ID: '6100dd3816baa583bd51df4283db312c') in 0.001 seconds [static and dynamic dependencies]. Details - ImportResultOutputID=6fe677f799c45fecbfe4d98e15789ac3 DependenciesID=290b97c4f14e511a90d8e16a088f3737 StaticDependenciesID=45ccf2c0ee70c4e6f435c7f9202694eb 
Number of updated asset objects reloaded before import = 0
Number of asset objects unloaded after import = 0
========================================================================
Received Import Request.
  Time of request: 2026-09-15T03:17:29.043024Z
  Time since last request: 0.000315463 seconds.
  importAddress: GUID: 52a47205c1f214eb490342c98531d7d7 - Path: Packages/com.unity.services.core/Runtime/Environments - Importer: ScriptedImporter/UnityEditor.QuickSearchModule:UnityEditor.Search:ASIAI0B
Importing 'GUID: 52a47205c1f214eb490342c98531d7d7 - Path: Packages/com.unity.services.core/Runtime/Environments - Importer: ScriptedImporter/UnityEditor.QuickSearchModule:UnityEditor.Search:ASIAI0B' with importer (ScriptedImporter : UnityEditor.QuickSearchModule:UnityEditor.Search:ASIAI0B)
Imported 'GUID: 52a47205c1f214eb490342c98531d7d7' -> (Import Result ID: 'f3ededdf9d5dd155135db1f4d7db8984') in 0.001 seconds [static and dynamic dependencies]. Details - ImportResultOutputID=d3b8ed9cf1112f77b5b3a037630675b7 DependenciesID=b5aa4bf42813a9368150d3899e5285dd StaticDependenciesID=1e827a2f0b2985d390dce905662ea090 
Number of updated asset objects reloaded before import = 0
Number of asset objects unloaded after import = 1
========================================================================
Received Import Request.
  Time of request: 2026-09-15T03:17:29.044132Z
  Time since last request: 0.000412224 seconds.
  importAddress: GUID: a8a1c6611c774b60b5e1825e7aa9958e - Path: Packages/com.unity.services.core/Editor/Core/EditorGameService/ServiceInstallationListener.cs - Importer: ScriptedImporter/UnityEditor.QuickSearchModule:UnityEditor.Search:ASIAI0B
Importing 'GUID: a8a1c6611c774b60b5e1825e7aa9958e - Path: Packages/com.unity.services.core/Editor/Core/EditorGameService/ServiceInstallationListener.cs - Importer: ScriptedImporter/UnityEditor.QuickSearchModule:UnityEditor.Search:ASIAI0B' with importer (ScriptedImporter : UnityEditor.QuickSearchModule:UnityEditor.Search:ASIAI0B)
Imported 'GUID: a8a1c6611c774b60b5e1825e7aa9958e' -> (Import Result ID: '7a7347db2d4cf374f4f5afde56ae01cf') in 0.001 seconds [static and dynamic dependencies]. Details - ImportResultOutputID=74217416aa8b3cf565bcc78584416e39 DependenciesID=3a3e2d6323c28e5c6cc5fc83e21c5b18 StaticDependenciesID=5fd1828a30156e1000381832fccda494 
Number of updated asset objects reloaded before import = 0
Number of asset objects unloaded after import = 0
========================================================================
Received Import Request.
  Time of request: 2026-09-15T03:17:29.045069Z
  Time since last request: 0.000214954 seconds.
  importAddress: GUID: 1e61bff36430426bafb001a07413313f - Path: Packages/com.unity.services.core/Editor/Core/UiHelpers/SettingsCommonHeaderUiHelper.cs - Importer: ScriptedImporter/UnityEditor.QuickSearchModule:UnityEditor.Search:ASIAI0B
Importing 'GUID: 1e61bff36430426bafb001a07413313f - Path: Packages/com.unity.services.core/Editor/Core/UiHelpers/SettingsCommonHeaderUiHelper.cs - Importer: ScriptedImporter/UnityEditor.QuickSearchModule:UnityEditor.Search:ASIAI0B' with importer (ScriptedImporter : UnityEditor.QuickSearchModule:UnityEditor.Search:ASIAI0B)
Imported 'GUID: 1e61bff36430426bafb001a07413313f' -> (Import Result ID: '74068e80934bf9082118b1cf9e5c5341') in 0.001 seconds [static and dynamic dependencies]. Details - ImportResultOutputID=825b2ff2bfc91e2d07969b79cf1eb7c2 DependenciesID=c7e769a23e301ccff69064cb674e29a5 StaticDependenciesID=bce7105a925c50422826c56e863fcf8d 
Number of updated asset objects reloaded before import = 0
Number of asset objects unloaded after import = 0
========================================================================
Received Import Request.
  Time of request: 2026-09-15T03:17:29.045961Z
  Time since last request: 0.00026041 seconds.
  importAddress: GUID: 31743f7694cbb42df858f2eb09ec2a14 - Path: Packages/com.unity.services.cloud-build/README.md - Importer: ScriptedImporter/UnityEditor.QuickSearchModule:UnityEditor.Search:ASIAI0B
Importing 'GUID: 31743f7694cbb42df858f2eb09ec2a14 - Path: Packages/com.unity.services.cloud-build/README.md - Importer: ScriptedImporter/UnityEditor.QuickSearchModule:UnityEditor.Search:ASIAI0B' with importer (ScriptedImporter : UnityEditor.QuickSearchModule:UnityEditor.Search:ASIAI0B)
Imported 'GUID: 31743f7694cbb42df858f2eb09ec2a14' -> (Import Result ID: 'd873a3c54cbd71fe4b58dd2f9355d07f') in 0.001 seconds [static and dynamic dependencies]. Details - ImportResultOutputID=3361865633e85fa395340a739ee09dc7 DependenciesID=0ad0e83b141d3c24c9eb064a59a59642 StaticDependenciesID=cf061598c0171766d887d20970b07de2 
Number of updated asset objects reloaded before import = 0
Number of asset objects unloaded after import = 1
========================================================================
Received Import Request.
  Time of request: 2026-09-15T03:17:29.046927Z
  Time since last request: 0.000275507 seconds.
  importAddress: GUID: bd678f23e05b404fa1f04204a161b1bf - Path: Packages/com.unity.services.cloud-build/Editor/Analytics - Importer: ScriptedImporter/UnityEditor.QuickSearchModule:UnityEditor.Search:ASIAI0B
Importing 'GUID: bd678f23e05b404fa1f04204a161b1bf - Path: Packages/com.unity.services.cloud-build/Editor/Analytics - Importer: ScriptedImporter/UnityEditor.QuickSearchModule:UnityEditor.Search:ASIAI0B' with importer (ScriptedImporter : UnityEditor.QuickSearchModule:UnityEditor.Search:ASIAI0B)
Imported 'GUID: bd678f23e05b404fa1f04204a161b1bf' -> (Import Result ID: '6fa322789e064a5d01ef52a6b23274d7') in 0.001 seconds [static and dynamic dependencies]. Details - ImportResultOutputID=9ef8457fe1ff60c9da177b97ade1b63d DependenciesID=2efcae456a2a3e622bd37a85ad5b94bb StaticDependenciesID=c5167c36346395efe2c039ac56b44d2d 
Number of updated asset objects reloaded before import = 0
Number of asset objects unloaded after import = 1
========================================================================
Received Import Request.
  Time of request: 2026-09-15T03:17:29.047769Z
  Time since last request: 0.000241353 seconds.
  importAddress: GUID: 7765e1d06743540c5a42377cd9ede179 - Path: Packages/com.unity.services.core/Editor/Core/Environments/EnvironmentService.cs - Importer: ScriptedImporter/UnityEditor.QuickSearchModule:UnityEditor.Search:ASIAI0B
Importing 'GUID: 7765e1d06743540c5a42377cd9ede179 - Path: Packages/com.unity.services.core/Editor/Core/Environments/EnvironmentService.cs - Importer: ScriptedImporter/UnityEditor.QuickSearchModule:UnityEditor.Search:ASIAI0B' with importer (ScriptedImporter : UnityEditor.QuickSearchModule:UnityEditor.Search:ASIAI0B)
Imported 'GUID: 7765e1d06743540c5a42377cd9ede179' -> (Import Result ID: 'a776ed55cd5e994893e1933802645aa3') in 0.001 seconds [static and dynamic dependencies]. Details - ImportResultOutputID=783ce79797687dc6f29455affbff4443 DependenciesID=8df9f2718f23f2ad425c6b055b6c33be StaticDependenciesID=2b163c8e82ecfb9e69884e27e2b3ed75 
Number of updated asset objects reloaded before import = 0
Number of asset objects unloaded after import = 0
========================================================================
Received Import Request.
  Time of request: 2026-09-15T03:17:29.048879Z
  Time since last request: 0.000334739 seconds.
  importAddress: GUID: 6668b7c6066364ea6a727b4b0bcb827f - Path: Packages/com.unity.services.core/Editor/Core/ProjectStateManagement/IServiceFlagRequest.cs - Importer: ScriptedImporter/UnityEditor.QuickSearchModule:UnityEditor.Search:ASIAI0B
Importing 'GUID: 6668b7c6066364ea6a727b4b0bcb827f - Path: Packages/com.unity.services.core/Editor/Core/ProjectStateManagement/IServiceFlagRequest.cs - Importer: ScriptedImporter/UnityEditor.QuickSearchModule:UnityEditor.Search:ASIAI0B' with importer (ScriptedImporter : UnityEditor.QuickSearchModule:UnityEditor.Search:ASIAI0B)
Imported 'GUID: 6668b7c6066364ea6a727b4b0bcb827f' -> (Import Result ID: '1a3d0a2d2cc2754e7181b2bc701d9487') in 0.001 seconds [static and dynamic dependencies]. Details - ImportResultOutputID=537ac9da2ca7963c7efba212541e35ca DependenciesID=2e71dbc1988ca2505531c99ba9621b6e StaticDependenciesID=7113969bd4cc70ffa4016482eeee8131 
Number of updated asset objects reloaded before import = 0
Number of asset objects unloaded after import = 0
========================================================================
Received Import Request.
  Time of request: 2026-09-15T03:17:29.050046Z
  Time since last request: 0.000341732 seconds.
  importAddress: GUID: dbecf6d1d3b2c469ab1a5a173a48ae06 - Path: Packages/com.unity.services.core/Runtime/Core/Initialization/UnityProjectNotLinkedException.cs - Importer: ScriptedImporter/UnityEditor.QuickSearchModule:UnityEditor.Search:ASIAI0B
Importing 'GUID: dbecf6d1d3b2c469ab1a5a173a48ae06 - Path: Packages/com.unity.services.core/Runtime/Core/Initialization/UnityProjectNotLinkedException.cs - Importer: ScriptedImporter/UnityEditor.QuickSearchModule:UnityEditor.Search:ASIAI0B' with importer (ScriptedImporter : UnityEditor.QuickSearchModule:UnityEditor.Search:ASIAI0B)
Imported 'GUID: dbecf6d1d3b2c469ab1a5a173a48ae06' -> (Import Result ID: '028b0e48f5e5867bfa924ec7ccc6d7e6') in 0.001 seconds [static and dynamic dependencies]. Details - ImportResultOutputID=53dd428e31c5ed0e17a7b53906b0dc50 DependenciesID=a3bceefe940f9f9eff7f48d110e43cd4 StaticDependenciesID=0e6ecc3948c8c89123e14dcabe350878 
Number of updated asset objects reloaded before import = 0
Number of asset objects unloaded after import = 0
========================================================================
Received Import Request.
  Time of request: 2026-09-15T03:17:29.05112Z
  Time since last request: 0.000277201 seconds.
  importAddress: GUID: 372ba7ffb3234d8da5da8e44c6a53f91 - Path: Packages/com.unity.services.cloud-build/Editor/BuildAutomationHistoryOptions.cs - Importer: ScriptedImporter/UnityEditor.QuickSearchModule:UnityEditor.Search:ASIAI0B
Importing 'GUID: 372ba7ffb3234d8da5da8e44c6a53f91 - Path: Packages/com.unity.services.cloud-build/Editor/BuildAutomationHistoryOptions.cs - Importer: ScriptedImporter/UnityEditor.QuickSearchModule:UnityEditor.Search:ASIAI0B' with importer (ScriptedImporter : UnityEditor.QuickSearchModule:UnityEditor.Search:ASIAI0B)
Imported 'GUID: 372ba7ffb3234d8da5da8e44c6a53f91' -> (Import Result ID: '5e088d848956bcef82084a5e8ca8ca99') in 0.001 seconds [static and dynamic dependencies]. Details - ImportResultOutputID=12b6e1b638b4d60ae5baa5eb0688cd2c DependenciesID=25a61cf7d5f0396743254b28922501dd StaticDependenciesID=3f09ec6ffece68ded772751824ef157f 
Number of updated asset objects reloaded before import = 0
Number of asset objects unloaded after import = 0
========================================================================
Received Import Request.
  Time of request: 2026-09-15T03:17:29.052231Z
  Time since last request: 0.000256462 seconds.
  importAddress: GUID: 4b0714a4bc17540af8e876e1b868db48 - Path: Packages/com.unity.services.core/Editor/Core/Environments/Client/ErrorMitigation/StatusCodePolicyConfig.cs - Importer: ScriptedImporter/UnityEditor.QuickSearchModule:UnityEditor.Search:ASIAI0B
Importing 'GUID: 4b0714a4bc17540af8e876e1b868db48 - Path: Packages/com.unity.services.core/Editor/Core/Environments/Client/ErrorMitigation/StatusCodePolicyConfig.cs - Importer: ScriptedImporter/UnityEditor.QuickSearchModule:UnityEditor.Search:ASIAI0B' with importer (ScriptedImporter : UnityEditor.QuickSearchModule:UnityEditor.Search:ASIAI0B)
Imported 'GUID: 4b0714a4bc17540af8e876e1b868db48' -> (Import Result ID: '9e6bd7ebdd250b3d00ed79c023a91325') in 0.001 seconds [static and dynamic dependencies]. Details - ImportResultOutputID=977ca4df68f9019dc85b9636431d9cc9 DependenciesID=424ba9a4ae2620b8f3b9abc96ee20412 StaticDependenciesID=e008999a7557533c96a90b802024770e 
Number of updated asset objects reloaded before import = 0
Number of asset objects unloaded after import = 0
========================================================================
Received Import Request.
  Time of request: 2026-09-15T03:17:29.053172Z
  Time since last request: 0.00025546 seconds.
  importAddress: GUID: 72f7787cfc7ca4ca087104bfb5a8b71c - Path: Packages/com.unity.services.core/Editor/Core/EditorGameService/Analytics/EditorGameServiceAnalyticsSender.cs - Importer: ScriptedImporter/UnityEditor.QuickSearchModule:UnityEditor.Search:ASIAI0B
Importing 'GUID: 72f7787cfc7ca4ca087104bfb5a8b71c - Path: Packages/com.unity.services.core/Editor/Core/EditorGameService/Analytics/EditorGameServiceAnalyticsSender.cs - Importer: ScriptedImporter/UnityEditor.QuickSearchModule:UnityEditor.Search:ASIAI0B' with importer (ScriptedImporter : UnityEditor.QuickSearchModule:UnityEditor.Search:ASIAI0B)
Imported 'GUID: 72f7787cfc7ca4ca087104bfb5a8b71c' -> (Import Result ID: '247d56ee46e8da5bd2138881888c55f5') in 0.001 seconds [static and dynamic dependencies]. Details - ImportResultOutputID=816f6c43b98624703fb818939c1a13f4 DependenciesID=8374d97ce349939162e6768141212b6c StaticDependenciesID=07872de929a5f92798f56e3e7a1eb4ba 
Number of updated asset objects reloaded before import = 0
Number of asset objects unloaded after import = 0
========================================================================
Received Import Request.
  Time of request: 2026-09-15T03:17:29.054192Z
  Time since last request: 0.000305484 seconds.
  importAddress: GUID: 1c760120bcec444b49d3351b04d063c0 - Path: Packages/com.unity.services.core/Runtime/Core.Internal/Components/Authentication/IPlayerId.cs - Importer: ScriptedImporter/UnityEditor.QuickSearchModule:UnityEditor.Search:ASIAI0B
Importing 'GUID: 1c760120bcec444b49d3351b04d063c0 - Path: Packages/com.unity.services.core/Runtime/Core.Internal/Components/Authentication/IPlayerId.cs - Importer: ScriptedImporter/UnityEditor.QuickSearchModule:UnityEditor.Search:ASIAI0B' with importer (ScriptedImporter : UnityEditor.QuickSearchModule:UnityEditor.Search:ASIAI0B)
Imported 'GUID: 1c760120bcec444b49d3351b04d063c0' -> (Import Result ID: '0ef24dc1f1692d678f1c05bcf38b8a05') in 0.001 seconds [static and dynamic dependencies]. Details - ImportResultOutputID=1fe59ec4063f0bcceebf45c9d15f5d37 DependenciesID=d01b66e07085aa5452ed379f49df9df1 StaticDependenciesID=363729b0e3cfe12bacb72f0847384bf0 
Number of updated asset objects reloaded before import = 0
Number of asset objects unloaded after import = 0
========================================================================
Received Import Request.
  Time of request: 2026-09-15T03:17:29.055316Z
  Time since last request: 0.000252805 seconds.
  importAddress: GUID: 81cbceb780ec4215910f09457c0f4de9 - Path: Packages/com.unity.services.core/Editor/Core/Linker/Models/XmlLinkedPreserve.cs - Importer: ScriptedImporter/UnityEditor.QuickSearchModule:UnityEditor.Search:ASIAI0B
Importing 'GUID: 81cbceb780ec4215910f09457c0f4de9 - Path: Packages/com.unity.services.core/Editor/Core/Linker/Models/XmlLinkedPreserve.cs - Importer: ScriptedImporter/UnityEditor.QuickSearchModule:UnityEditor.Search:ASIAI0B' with importer (ScriptedImporter : UnityEditor.QuickSearchModule:UnityEditor.Search:ASIAI0B)
Imported 'GUID: 81cbceb780ec4215910f09457c0f4de9' -> (Import Result ID: '94b7a9e412880bb3d7262d058851dd80') in 0.001 seconds [static and dynamic dependencies]. Details - ImportResultOutputID=82230d3c49e856303ef69f799431bbaa DependenciesID=a591d4eb30b7c1c49baccad4ac05cd8b StaticDependenciesID=1ed57f7f188ec1e6a2d1a609986e49f9 
Number of updated asset objects reloaded before import = 0
Number of asset objects unloaded after import = 0
========================================================================
Received Import Request.
  Time of request: 2026-09-15T03:17:29.056236Z
  Time since last request: 0.000268234 seconds.
  importAddress: GUID: ad33ee81edf99439497a9945fef1a626 - Path: Packages/com.unity.services.core/Editor/Core/Environments/UI/Assets/EnvironmentSelectorUi.uxml - Importer: ScriptedImporter/UnityEditor.QuickSearchModule:UnityEditor.Search:ASIAI0B
Importing 'GUID: ad33ee81edf99439497a9945fef1a626 - Path: Packages/com.unity.services.core/Editor/Core/Environments/UI/Assets/EnvironmentSelectorUi.uxml - Importer: ScriptedImporter/UnityEditor.QuickSearchModule:UnityEditor.Search:ASIAI0B' with importer (ScriptedImporter : UnityEditor.QuickSearchModule:UnityEditor.Search:ASIAI0B)
Imported 'GUID: ad33ee81edf99439497a9945fef1a626' -> (Import Result ID: '55f73ba62b9da218ef01a16e04d18655') in 0.006 seconds [static and dynamic dependencies]. Details - ImportResultOutputID=5d2817389d513312ffeb722c06283ceb DependenciesID=a6bf70623a43eeb9199079f5290530f8 StaticDependenciesID=79d95d7527bb78ce726bc8910e7799ac 
Number of updated asset objects reloaded before import = 0
Number of asset objects unloaded after import = 4
========================================================================
Received Import Request.
  Time of request: 2026-09-15T03:17:29.065286Z
  Time since last request: 0.002777228 seconds.
  importAddress: GUID: ce5fd6de47d0f4dbea22241a63695db9 - Path: Packages/com.unity.services.core/Editor/Core/Shared/UI/EventBinding.Gen.cs - Importer: ScriptedImporter/UnityEditor.QuickSearchModule:UnityEditor.Search:ASIAI0B
Importing 'GUID: ce5fd6de47d0f4dbea22241a63695db9 - Path: Packages/com.unity.services.core/Editor/Core/Shared/UI/EventBinding.Gen.cs - Importer: ScriptedImporter/UnityEditor.QuickSearchModule:UnityEditor.Search:ASIAI0B' with importer (ScriptedImporter : UnityEditor.QuickSearchModule:UnityEditor.Search:ASIAI0B)
Imported 'GUID: ce5fd6de47d0f4dbea22241a63695db9' -> (Import Result ID: '34ca763a4fa0a228ea327e53eb5d2f0e') in 0.001 seconds [static and dynamic dependencies]. Details - ImportResultOutputID=348b33af7cba1669cea0f81a4f4cca0e DependenciesID=3cff275e8348e7d838b66de5b6d93256 StaticDependenciesID=057e6c9e0c8a23d5b2b244279220ba0f 
Number of updated asset objects reloaded before import = 0
Number of asset objects unloaded after import = 0
========================================================================
Received Import Request.
  Time of request: 2026-09-15T03:17:29.066932Z
  Time since last request: 0.000542509 seconds.
  importAddress: GUID: a154e7480f584273907eec04ec6c97d0 - Path: Packages/com.unity.services.core/Editor/Core/ProjectBindRedirect/UXML - Importer: ScriptedImporter/UnityEditor.QuickSearchModule:UnityEditor.Search:ASIAI0B
Importing 'GUID: a154e7480f584273907eec04ec6c97d0 - Path: Packages/com.unity.services.core/Editor/Core/ProjectBindRedirect/UXML - Importer: ScriptedImporter/UnityEditor.QuickSearchModule:UnityEditor.Search:ASIAI0B' with importer (ScriptedImporter : UnityEditor.QuickSearchModule:UnityEditor.Search:ASIAI0B)
Imported 'GUID: a154e7480f584273907eec04ec6c97d0' -> (Import Result ID: '55592a321ad2036047ab40769fb052f5') in 0.001 seconds [static and dynamic dependencies]. Details - ImportResultOutputID=ace1909ed14e4b35509df189b1b540e7 DependenciesID=bef123cd235e2a1ef05bd8c7c552a220 StaticDependenciesID=5c6923c20598e198dc6495e156d0f16a 
Number of updated asset objects reloaded before import = 0
Number of asset objects unloaded after import = 1
========================================================================
Received Import Request.
  Time of request: 2026-09-15T03:17:29.068032Z
  Time since last request: 0.000284645 seconds.
  importAddress: GUID: 6548f396c66e0b35993874fbd4d464d8 - Path: Packages/com.unity.services.core/Editor/Core/Environments/Client/Models/UnityPatchProjectV1Request.cs - Importer: ScriptedImporter/UnityEditor.QuickSearchModule:UnityEditor.Search:ASIAI0B
Importing 'GUID: 6548f396c66e0b35993874fbd4d464d8 - Path: Packages/com.unity.services.core/Editor/Core/Environments/Client/Models/UnityPatchProjectV1Request.cs - Importer: ScriptedImporter/UnityEditor.QuickSearchModule:UnityEditor.Search:ASIAI0B' with importer (ScriptedImporter : UnityEditor.QuickSearchModule:UnityEditor.Search:ASIAI0B)
Imported 'GUID: 6548f396c66e0b35993874fbd4d464d8' -> (Import Result ID: 'e6a29bc1ce364ee5fa0f98b5e9eea58e') in 0.001 seconds [static and dynamic dependencies]. Details - ImportResultOutputID=6c670f8bf0a9539c239f1d4edf98bdf1 DependenciesID=251077d9e7e40de636d0f784ca6850bd StaticDependenciesID=b2ca32066c10e69a6f12fe50beeb1835 
Number of updated asset objects reloaded before import = 0
Number of asset objects unloaded after import = 0
========================================================================
Received Import Request.
  Time of request: 2026-09-15T03:17:29.069115Z
  Time since last request: 0.000315623 seconds.
  importAddress: GUID: e4ef71a8c74641088d8764fe1ca05757 - Path: Packages/com.unity.services.cloud-build/Editor/UnityWebRequestAwaiter.cs - Importer: ScriptedImporter/UnityEditor.QuickSearchModule:UnityEditor.Search:ASIAI0B
Importing 'GUID: e4ef71a8c74641088d8764fe1ca05757 - Path: Packages/com.unity.services.cloud-build/Editor/UnityWebRequestAwaiter.cs - Importer: ScriptedImporter/UnityEditor.QuickSearchModule:UnityEditor.Search:ASIAI0B' with importer (ScriptedImporter : UnityEditor.QuickSearchModule:UnityEditor.Search:ASIAI0B)
Imported 'GUID: e4ef71a8c74641088d8764fe1ca05757' -> (Import Result ID: '062123c0b8726176cc9a37b46ccfb5e7') in 0.001 seconds [static and dynamic dependencies]. Details - ImportResultOutputID=8d34ef6b2745fbf4a57c2e35b674a553 DependenciesID=9b3ee9af74d3e1b0f7aafefe6e50d957 StaticDependenciesID=221c933c86cf0dbfa29cf5adaa03d7bc 
Number of updated asset objects reloaded before import = 0
Number of asset objects unloaded after import = 0
========================================================================
Received Import Request.
  Time of request: 2026-09-15T03:17:29.070166Z
  Time since last request: 0.000275137 seconds.
  importAddress: GUID: 3fefd9c9a0e33734aba3b2fc03b44585 - Path: Packages/com.unity.services.core/Runtime/Configuration/Utils/StreamingAssetsUtils.cs - Importer: ScriptedImporter/UnityEditor.QuickSearchModule:UnityEditor.Search:ASIAI0B
Importing 'GUID: 3fefd9c9a0e33734aba3b2fc03b44585 - Path: Packages/com.unity.services.core/Runtime/Configuration/Utils/StreamingAssetsUtils.cs - Importer: ScriptedImporter/UnityEditor.QuickSearchModule:UnityEditor.Search:ASIAI0B' with importer (ScriptedImporter : UnityEditor.QuickSearchModule:UnityEditor.Search:ASIAI0B)
Imported 'GUID: 3fefd9c9a0e33734aba3b2fc03b44585' -> (Import Result ID: 'eeae8b8946e1815fde198c62cb4854dc') in 0.001 seconds [static and dynamic dependencies]. Details - ImportResultOutputID=250c61c877d9aa6bdec0993144525ae0 DependenciesID=1f41c6fc61d8a266224cebbedb1657bd StaticDependenciesID=389d32e05ce2ccf469773afe38293ff7 
Number of updated asset objects reloaded before import = 0
Number of asset objects unloaded after import = 0
========================================================================
Received Import Request.
  Time of request: 2026-09-15T03:17:29.071105Z
  Time since last request: 0.000277913 seconds.
  importAddress: GUID: bd53524449ca040b9910cc0e70379457 - Path: Packages/com.unity.services.core/Runtime/Core.Internal/Components/Configuration/IExternalUserId.cs - Importer: ScriptedImporter/UnityEditor.QuickSearchModule:UnityEditor.Search:ASIAI0B
Importing 'GUID: bd53524449ca040b9910cc0e70379457 - Path: Packages/com.unity.services.core/Runtime/Core.Internal/Components/Configuration/IExternalUserId.cs - Importer: ScriptedImporter/UnityEditor.QuickSearchModule:UnityEditor.Search:ASIAI0B' with importer (ScriptedImporter : UnityEditor.QuickSearchModule:UnityEditor.Search:ASIAI0B)
Imported 'GUID: bd53524449ca040b9910cc0e70379457' -> (Import Result ID: '4038ff4177ba96ee6402820cf67f8858') in 0.001 seconds [static and dynamic dependencies]. Details - ImportResultOutputID=381c628b01436e9cd379c31631b9b599 DependenciesID=f839e5cd2d4fb48139cc555d8b588191 StaticDependenciesID=c46fa61ca428eae4254d8cc3b8817bce 
Number of updated asset objects reloaded before import = 0
Number of asset objects unloaded after import = 0
========================================================================
Received Import Request.
  Time of request: 2026-09-15T03:17:29.072125Z
  Time since last request: 0.000338336 seconds.
  importAddress: GUID: c218729aa5dad49caa485d37679f0313 - Path: Packages/com.unity.services.core/Editor/Core/Shared/Infrastructure/Collections/IReadOnlyObservable.Gen.cs - Importer: ScriptedImporter/UnityEditor.QuickSearchModule:UnityEditor.Search:ASIAI0B
Importing 'GUID: c218729aa5dad49caa485d37679f0313 - Path: Packages/com.unity.services.core/Editor/Core/Shared/Infrastructure/Collections/IReadOnlyObservable.Gen.cs - Importer: ScriptedImporter/UnityEditor.QuickSearchModule:UnityEditor.Search:ASIAI0B' with importer (ScriptedImporter : UnityEditor.QuickSearchModule:UnityEditor.Search:ASIAI0B)
Imported 'GUID: c218729aa5dad49caa485d37679f0313' -> (Import Result ID: '5a51a68f818c157b7dd62d92875fc619') in 0.001 seconds [static and dynamic dependencies]. Details - ImportResultOutputID=763d08e08fbb2a41e59828c0b31b3bcb DependenciesID=fee0b19021864e91a05513eec6c18810 StaticDependenciesID=17f4d162d09cf6b070dc6ec4a631ae79 
Number of updated asset objects reloaded before import = 0
Number of asset objects unloaded after import = 0
========================================================================
Received Import Request.
  Time of request: 2026-09-15T03:17:29.073169Z
  Time since last request: 0.000311946 seconds.
  importAddress: GUID: 7857ec81473799cc5ba714f45ba72d0f - Path: Packages/com.unity.services.core/Editor/Core/Environments/Client/Models/UnityTransferProjectRequest.cs - Importer: ScriptedImporter/UnityEditor.QuickSearchModule:UnityEditor.Search:ASIAI0B
Importing 'GUID: 7857ec81473799cc5ba714f45ba72d0f - Path: Packages/com.unity.services.core/Editor/Core/Environments/Client/Models/UnityTransferProjectRequest.cs - Importer: ScriptedImporter/UnityEditor.QuickSearchModule:UnityEditor.Search:ASIAI0B' with importer (ScriptedImporter : UnityEditor.QuickSearchModule:UnityEditor.Search:ASIAI0B)
Imported 'GUID: 7857ec81473799cc5ba714f45ba72d0f' -> (Import Result ID: '69da9d413ccbd01b3e3ad4731f01bb68') in 0.001 seconds [static and dynamic dependencies]. Details - ImportResultOutputID=566af977a892cb221cc9545101ab2dae DependenciesID=fdc58992295aec9dc3952c02e82c23ce StaticDependenciesID=ba048b33e699cd80a6b1ad1396d1e770 
Number of updated asset objects reloaded before import = 0
Number of asset objects unloaded after import = 0
========================================================================
Received Import Request.
  Time of request: 2026-09-15T03:17:29.074166Z
  Time since last request: 0.000337534 seconds.
  importAddress: GUID: de65c849485d346e68c1186154a222ee - Path: Packages/com.unity.services.core/Runtime/Core/UnityServices.cs - Importer: ScriptedImporter/UnityEditor.QuickSearchModule:UnityEditor.Search:ASIAI0B
Importing 'GUID: de65c849485d346e68c1186154a222ee - Path: Packages/com.unity.services.core/Runtime/Core/UnityServices.cs - Importer: ScriptedImporter/UnityEditor.QuickSearchModule:UnityEditor.Search:ASIAI0B' with importer (ScriptedImporter : UnityEditor.QuickSearchModule:UnityEditor.Search:ASIAI0B)
Imported 'GUID: de65c849485d346e68c1186154a222ee' -> (Import Result ID: 'd0de9c63873a3231e5cd396c40d2aead') in 0.001 seconds [static and dynamic dependencies]. Details - ImportResultOutputID=0dda801e6d3619f65419d947aea92d1c DependenciesID=f73abf61297eab694c5210c6a9246603 StaticDependenciesID=9f561ccbe1a6fb61162b8bd94970f354 
Number of updated asset objects reloaded before import = 0
Number of asset objects unloaded after import = 0
========================================================================
Received Import Request.
  Time of request: 2026-09-15T03:17:29.075206Z
  Time since last request: 0.000293521 seconds.
  importAddress: GUID: f9c4f3fd3d86b491ebdbdb5671bf0843 - Path: Packages/com.unity.services.core/Editor/Core/Environments/Client/Http/BaseApiClient.cs - Importer: ScriptedImporter/UnityEditor.QuickSearchModule:UnityEditor.Search:ASIAI0B
Importing 'GUID: f9c4f3fd3d86b491ebdbdb5671bf0843 - Path: Packages/com.unity.services.core/Editor/Core/Environments/Client/Http/BaseApiClient.cs - Importer: ScriptedImporter/UnityEditor.QuickSearchModule:UnityEditor.Search:ASIAI0B' with importer (ScriptedImporter : UnityEditor.QuickSearchModule:UnityEditor.Search:ASIAI0B)
Imported 'GUID: f9c4f3fd3d86b491ebdbdb5671bf0843' -> (Import Result ID: '191e04e05a7afb67d4ee47eb9c3eef57') in 0.001 seconds [static and dynamic dependencies]. Details - ImportResultOutputID=ebfa3953d96bc5517b8d067ddabdb467 DependenciesID=dc71ad8bad86f04d60107ffc804f0ce1 StaticDependenciesID=650a000729436b4b2e4c8886c369b590 
Number of updated asset objects reloaded before import = 0
Number of asset objects unloaded after import = 0
========================================================================
Received Import Request.
  Time of request: 2026-09-15T03:17:29.076089Z
  Time since last request: 0.000228019 seconds.
  importAddress: GUID: f82009cf854e040a18ebb38251781c58 - Path: Packages/com.unity.services.core/Runtime/Core.Internal/Unity.Services.Core.Internal.asmdef - Importer: ScriptedImporter/UnityEditor.QuickSearchModule:UnityEditor.Search:ASIAI0B
Importing 'GUID: f82009cf854e040a18ebb38251781c58 - Path: Packages/com.unity.services.core/Runtime/Core.Internal/Unity.Services.Core.Internal.asmdef - Importer: ScriptedImporter/UnityEditor.QuickSearchModule:UnityEditor.Search:ASIAI0B' with importer (ScriptedImporter : UnityEditor.QuickSearchModule:UnityEditor.Search:ASIAI0B)
Imported 'GUID: f82009cf854e040a18ebb38251781c58' -> (Import Result ID: '5cba479258fcd05f74b50f19f9e2fe95') in 0.001 seconds [static and dynamic dependencies]. Details - ImportResultOutputID=334fb454e5d235e025706a76a668eb72 DependenciesID=75e3d35539f5b8e1a8a8161d61021ceb StaticDependenciesID=2fb04771bf9b72c21fe75c6fbea2149b 
Number of updated asset objects reloaded before import = 0
Number of asset objects unloaded after import = 1
========================================================================
Received Import Request.
  Time of request: 2026-09-15T03:17:29.077116Z
  Time since last request: 0.00029272 seconds.
  importAddress: GUID: 84db7b35cbfa34dc4b15828d29f33a74 - Path: Packages/com.unity.services.core/Editor/Core/Shared/Clients/CloudEnvironmentConfigProvider.Gen.cs - Importer: ScriptedImporter/UnityEditor.QuickSearchModule:UnityEditor.Search:ASIAI0B
Importing 'GUID: 84db7b35cbfa34dc4b15828d29f33a74 - Path: Packages/com.unity.services.core/Editor/Core/Shared/Clients/CloudEnvironmentConfigProvider.Gen.cs - Importer: ScriptedImporter/UnityEditor.QuickSearchModule:UnityEditor.Search:ASIAI0B' with importer (ScriptedImporter : UnityEditor.QuickSearchModule:UnityEditor.Search:ASIAI0B)
Imported 'GUID: 84db7b35cbfa34dc4b15828d29f33a74' -> (Import Result ID: 'cfcf553a4fbe8d68a617109a0c955210') in 0.001 seconds [static and dynamic dependencies]. Details - ImportResultOutputID=11409e560f50bd21955f06737a275177 DependenciesID=0fb28ecf2e4da16ae27cc22a93cfc86b StaticDependenciesID=9c727c007062077b0f8f6dfc6c4bc33f 
Number of updated asset objects reloaded before import = 0
Number of asset objects unloaded after import = 0
========================================================================
Received Import Request.
  Time of request: 2026-09-15T03:17:29.07831Z
  Time since last request: 0.000528373 seconds.
  importAddress: GUID: b5e912354fdd6b4cbdeca24c3ff6b5a3 - Path: Packages/com.unity.services.core - Importer: ScriptedImporter/UnityEditor.QuickSearchModule:UnityEditor.Search:ASIAI0B
Importing 'GUID: b5e912354fdd6b4cbdeca24c3ff6b5a3 - Path: Packages/com.unity.services.core - Importer: ScriptedImporter/UnityEditor.QuickSearchModule:UnityEditor.Search:ASIAI0B' with importer (ScriptedImporter : UnityEditor.QuickSearchModule:UnityEditor.Search:ASIAI0B)
Imported 'GUID: b5e912354fdd6b4cbdeca24c3ff6b5a3' -> (Import Result ID: '0fdec7918810ae4d7763c69c77be5ac4') in 0.001 seconds [static and dynamic dependencies]. Details - ImportResultOutputID=d67b2c1db87a43b5b4bb2bc08bb45fb8 DependenciesID=a1735d83623ed4f38b40e2eaec6ecf8c StaticDependenciesID=fc8a63ec3cfe31ce4428981d2780ecae 
Number of updated asset objects reloaded before import = 0
Number of asset objects unloaded after import = 1
========================================================================
Received Import Request.
  Time of request: 2026-09-15T03:17:29.079492Z
  Time since last request: 0.00028741 seconds.
  importAddress: GUID: 61d38ecfef754e543bfc1d8db27e0e3d - Path: Packages/com.unity.services.core/Editor/Core/Networking - Importer: ScriptedImporter/UnityEditor.QuickSearchModule:UnityEditor.Search:ASIAI0B
Importing 'GUID: 61d38ecfef754e543bfc1d8db27e0e3d - Path: Packages/com.unity.services.core/Editor/Core/Networking - Importer: ScriptedImporter/UnityEditor.QuickSearchModule:UnityEditor.Search:ASIAI0B' with importer (ScriptedImporter : UnityEditor.QuickSearchModule:UnityEditor.Search:ASIAI0B)
Imported 'GUID: 61d38ecfef754e543bfc1d8db27e0e3d' -> (Import Result ID: '3fbe408625865718f37b2afd3696b142') in 0.001 seconds [static and dynamic dependencies]. Details - ImportResultOutputID=bfaf8bc798436534853a4e92cfb524b6 DependenciesID=b81816729d25402020244a7772633e02 StaticDependenciesID=755db81edb71706f2fbe762c6a0001b0 
Number of updated asset objects reloaded before import = 0
Number of asset objects unloaded after import = 1
========================================================================
Received Import Request.
  Time of request: 2026-09-15T03:17:29.080375Z
  Time since last request: 0.000206948 seconds.
  importAddress: GUID: b4f3e14b8bd74e76b23e74804880c321 - Path: Packages/com.unity.services.core/Editor/Core/Environments/Save - Importer: ScriptedImporter/UnityEditor.QuickSearchModule:UnityEditor.Search:ASIAI0B
Importing 'GUID: b4f3e14b8bd74e76b23e74804880c321 - Path: Packages/com.unity.services.core/Editor/Core/Environments/Save - Importer: ScriptedImporter/UnityEditor.QuickSearchModule:UnityEditor.Search:ASIAI0B' with importer (ScriptedImporter : UnityEditor.QuickSearchModule:UnityEditor.Search:ASIAI0B)
Imported 'GUID: b4f3e14b8bd74e76b23e74804880c321' -> (Import Result ID: '79ee23ede85a5108f8321083afeb7a63') in 0.001 seconds [static and dynamic dependencies]. Details - ImportResultOutputID=77b7936d35f35191a00aff198ad32812 DependenciesID=bd02a63be81aec8f486ead54443cfaef StaticDependenciesID=25ec48cb9002943006af139df181e45d 
Number of updated asset objects reloaded before import = 0
Number of asset objects unloaded after import = 1
========================================================================
Received Import Request.
  Time of request: 2026-09-15T03:17:29.081289Z
  Time since last request: 0.000234821 seconds.
  importAddress: GUID: dbc247fa3550140d3983e118699f3f18 - Path: Packages/com.unity.services.core/Runtime/Scheduler/AssemblyInfo.cs - Importer: ScriptedImporter/UnityEditor.QuickSearchModule:UnityEditor.Search:ASIAI0B
Importing 'GUID: dbc247fa3550140d3983e118699f3f18 - Path: Packages/com.unity.services.core/Runtime/Scheduler/AssemblyInfo.cs - Importer: ScriptedImporter/UnityEditor.QuickSearchModule:UnityEditor.Search:ASIAI0B' with importer (ScriptedImporter : UnityEditor.QuickSearchModule:UnityEditor.Search:ASIAI0B)
Imported 'GUID: dbc247fa3550140d3983e118699f3f18' -> (Import Result ID: '7c63892f0c959707362c5e87f3f6b089') in 0.001 seconds [static and dynamic dependencies]. Details - ImportResultOutputID=9c87a75c49429dad181aed7743e09702 DependenciesID=1b62ed97912ededfbeaa7bafbfd6dc36 StaticDependenciesID=1c1b90f2de1bed79b4569e383153afe7 
Number of updated asset objects reloaded before import = 0
Number of asset objects unloaded after import = 0
========================================================================
Received Import Request.
  Time of request: 2026-09-15T03:17:29.082165Z
  Time since last request: 0.000258566 seconds.
  importAddress: GUID: 9e05cadf15c14df99a1606c765c75b6c - Path: Packages/com.unity.services.core/Editor/Core/Environments/ValidationResult.cs - Importer: ScriptedImporter/UnityEditor.QuickSearchModule:UnityEditor.Search:ASIAI0B
Importing 'GUID: 9e05cadf15c14df99a1606c765c75b6c - Path: Packages/com.unity.services.core/Editor/Core/Environments/ValidationResult.cs - Importer: ScriptedImporter/UnityEditor.QuickSearchModule:UnityEditor.Search:ASIAI0B' with importer (ScriptedImporter : UnityEditor.QuickSearchModule:UnityEditor.Search:ASIAI0B)
Imported 'GUID: 9e05cadf15c14df99a1606c765c75b6c' -> (Import Result ID: '6f2a6c528256be5d5c25a39e9101a4eb') in 0.001 seconds [static and dynamic dependencies]. Details - ImportResultOutputID=cbd4f60a87c820b58414caef36d1ad15 DependenciesID=2e1938b35de835073d9eb7c66b4e8591 StaticDependenciesID=28742828686a7597351e0d966b247658 
Number of updated asset objects reloaded before import = 0
Number of asset objects unloaded after import = 0
========================================================================
Received Import Request.
  Time of request: 2026-09-15T03:17:29.083098Z
  Time since last request: 0.00031923 seconds.
  importAddress: GUID: af6ccefad660d884d8cd4619efc8ccc4 - Path: Packages/com.unity.services.core/Runtime/Core.Internal/Registry/DependencyTreeExtensions.cs - Importer: ScriptedImporter/UnityEditor.QuickSearchModule:UnityEditor.Search:ASIAI0B
Importing 'GUID: af6ccefad660d884d8cd4619efc8ccc4 - Path: Packages/com.unity.services.core/Runtime/Core.Internal/Registry/DependencyTreeExtensions.cs - Importer: ScriptedImporter/UnityEditor.QuickSearchModule:UnityEditor.Search:ASIAI0B' with importer (ScriptedImporter : UnityEditor.QuickSearchModule:UnityEditor.Search:ASIAI0B)
Imported 'GUID: af6ccefad660d884d8cd4619efc8ccc4' -> (Import Result ID: '11007faf14b3bb3e87ca4895694ef770') in 0.001 seconds [static and dynamic dependencies]. Details - ImportResultOutputID=163a206c7ab5e3b4f5b42945c6a25b96 DependenciesID=278e64cc2a9d80149ea80c9f78fdcfa5 StaticDependenciesID=a24af8ba43259f0adb713dbdd4ea7085 
Number of updated asset objects reloaded before import = 0
Number of asset objects unloaded after import = 0
========================================================================
Received Import Request.
  Time of request: 2026-09-15T03:17:29.083927Z
  Time since last request: 0.00022397 seconds.
  importAddress: GUID: 369d0db0039444caa7dc2ca455c9e4b1 - Path: Packages/com.unity.services.core/Editor/Core/EditorGameService/Analytics/EditorGameServiceAnalytic.cs - Importer: ScriptedImporter/UnityEditor.QuickSearchModule:UnityEditor.Search:ASIAI0B
Importing 'GUID: 369d0db0039444caa7dc2ca455c9e4b1 - Path: Packages/com.unity.services.core/Editor/Core/EditorGameService/Analytics/EditorGameServiceAnalytic.cs - Importer: ScriptedImporter/UnityEditor.QuickSearchModule:UnityEditor.Search:ASIAI0B' with importer (ScriptedImporter : UnityEditor.QuickSearchModule:UnityEditor.Search:ASIAI0B)
Imported 'GUID: 369d0db0039444caa7dc2ca455c9e4b1' -> (Import Result ID: '6004f03a69d0beb49f351a06ae17b148') in 0.001 seconds [static and dynamic dependencies]. Details - ImportResultOutputID=d20d6ed346af4eb8cb839030ae53e935 DependenciesID=23bffea8591ac64db2b2de74b3f14e4e StaticDependenciesID=8bae2a46ae20e08d7acd80f1d3b7d550 
Number of updated asset objects reloaded before import = 0
Number of asset objects unloaded after import = 0
========================================================================
Received Import Request.
  Time of request: 2026-09-15T03:17:29.084806Z
  Time since last request: 0.000259628 seconds.
  importAddress: GUID: cbd58a01e7dd4fd1b899ea8b6bf852c7 - Path: Packages/com.unity.services.core/Editor/Core/EditorGameService/EditorGameServiceFlagEnabler.cs - Importer: ScriptedImporter/UnityEditor.QuickSearchModule:UnityEditor.Search:ASIAI0B
Importing 'GUID: cbd58a01e7dd4fd1b899ea8b6bf852c7 - Path: Packages/com.unity.services.core/Editor/Core/EditorGameService/EditorGameServiceFlagEnabler.cs - Importer: ScriptedImporter/UnityEditor.QuickSearchModule:UnityEditor.Search:ASIAI0B' with importer (ScriptedImporter : UnityEditor.QuickSearchModule:UnityEditor.Search:ASIAI0B)
Imported 'GUID: cbd58a01e7dd4fd1b899ea8b6bf852c7' -> (Import Result ID: '1bf87b88de4d16d625fb94ed69b24bc2') in 0.001 seconds [static and dynamic dependencies]. Details - ImportResultOutputID=fa62f9e7c796ad73552f141f7eb39cbc DependenciesID=d578e3343ee5ef62a997c1d0d4253186 StaticDependenciesID=f27c835a8e1793ce79d8e5827ed840bf 
Number of updated asset objects reloaded before import = 0
Number of asset objects unloaded after import = 0
========================================================================
Received Import Request.
  Time of request: 2026-09-15T03:17:29.085639Z
  Time since last request: 0.000227157 seconds.
  importAddress: GUID: 872d11033da0d4ce8aa948384ccc3df0 - Path: Packages/com.unity.services.core/Runtime/Core/Utils/UnityThreadUtils.cs - Importer: ScriptedImporter/UnityEditor.QuickSearchModule:UnityEditor.Search:ASIAI0B
Importing 'GUID: 872d11033da0d4ce8aa948384ccc3df0 - Path: Packages/com.unity.services.core/Runtime/Core/Utils/UnityThreadUtils.cs - Importer: ScriptedImporter/UnityEditor.QuickSearchModule:UnityEditor.Search:ASIAI0B' with importer (ScriptedImporter : UnityEditor.QuickSearchModule:UnityEditor.Search:ASIAI0B)
Imported 'GUID: 872d11033da0d4ce8aa948384ccc3df0' -> (Import Result ID: '20b11c5c397ec5dadfb9849101544cdd') in 0.001 seconds [static and dynamic dependencies]. Details - ImportResultOutputID=39542701d2551cb294ff1324994c9fbb DependenciesID=3f646b72619e2595c5bcfaed8b1d53ba StaticDependenciesID=91612c694c43c9b63f2c31b2d2ddc27f 
Number of updated asset objects reloaded before import = 0
Number of asset objects unloaded after import = 0
========================================================================
Received Import Request.
  Time of request: 2026-09-15T03:17:29.086597Z
  Time since last request: 0.000366508 seconds.
  importAddress: GUID: 3239cc5ca90c4d4b9c0cc90368564d04 - Path: Packages/com.unity.services.core/Editor/Core/Networking/StagingTokenExchangeUrls.cs - Importer: ScriptedImporter/UnityEditor.QuickSearchModule:UnityEditor.Search:ASIAI0B
Importing 'GUID: 3239cc5ca90c4d4b9c0cc90368564d04 - Path: Packages/com.unity.services.core/Editor/Core/Networking/StagingTokenExchangeUrls.cs - Importer: ScriptedImporter/UnityEditor.QuickSearchModule:UnityEditor.Search:ASIAI0B' with importer (ScriptedImporter : UnityEditor.QuickSearchModule:UnityEditor.Search:ASIAI0B)
Imported 'GUID: 3239cc5ca90c4d4b9c0cc90368564d04' -> (Import Result ID: 'dfaf525bbd6240b161b5efbb2e2c25f0') in 0.001 seconds [static and dynamic dependencies]. Details - ImportResultOutputID=4edf2c4a1d24b4c9c153eac3da5c4b44 DependenciesID=4f69015701903d901271b11361008796 StaticDependenciesID=eaedca4db26303be801cf07e36a7518c 
Number of updated asset objects reloaded before import = 0
Number of asset objects unloaded after import = 0
========================================================================
Received Import Request.
  Time of request: 2026-09-15T03:17:29.087786Z
  Time since last request: 0.000430569 seconds.
  importAddress: GUID: 7d3357eea24c4a14af2bd8fdbd56c914 - Path: Packages/com.unity.services.cloud-build/Editor/BuildAutomationSettingsEditor.cs - Importer: ScriptedImporter/UnityEditor.QuickSearchModule:UnityEditor.Search:ASIAI0B
Importing 'GUID: 7d3357eea24c4a14af2bd8fdbd56c914 - Path: Packages/com.unity.services.cloud-build/Editor/BuildAutomationSettingsEditor.cs - Importer: ScriptedImporter/UnityEditor.QuickSearchModule:UnityEditor.Search:ASIAI0B' with importer (ScriptedImporter : UnityEditor.QuickSearchModule:UnityEditor.Search:ASIAI0B)
Imported 'GUID: 7d3357eea24c4a14af2bd8fdbd56c914' -> (Import Result ID: 'cdd970bfa48fbc71a5cb4241ba9cc91f') in 0.001 seconds [static and dynamic dependencies]. Details - ImportResultOutputID=291aafbd38a24271068da0ff836f5461 DependenciesID=43996d6d6c0c2699e771fb2c7ca03950 StaticDependenciesID=87e4ef56e4b7f04703f22471a9de7234 
Number of updated asset objects reloaded before import = 0
Number of asset objects unloaded after import = 0
========================================================================
Received Import Request.
  Time of request: 2026-09-15T03:17:29.088831Z
  Time since last request: 0.000243347 seconds.
  importAddress: GUID: c23475166c0634642a1feebc28f06c4d - Path: Packages/com.unity.services.core/Runtime/Configuration/ExternalUserId.cs - Importer: ScriptedImporter/UnityEditor.QuickSearchModule:UnityEditor.Search:ASIAI0B
Importing 'GUID: c23475166c0634642a1feebc28f06c4d - Path: Packages/com.unity.services.core/Runtime/Configuration/ExternalUserId.cs - Importer: ScriptedImporter/UnityEditor.QuickSearchModule:UnityEditor.Search:ASIAI0B' with importer (ScriptedImporter : UnityEditor.QuickSearchModule:UnityEditor.Search:ASIAI0B)
Imported 'GUID: c23475166c0634642a1feebc28f06c4d' -> (Import Result ID: 'a2a96e552f9df46178973b64721bf8aa') in 0.001 seconds [static and dynamic dependencies]. Details - ImportResultOutputID=6a7c4090cd45d8c4e461554e4bfef957 DependenciesID=121de68901b7e168f17be6ed6bb5610e StaticDependenciesID=986dc05d9a70f19cc74be67cb90c3145 
Number of updated asset objects reloaded before import = 0
Number of asset objects unloaded after import = 0
========================================================================
Received Import Request.
  Time of request: 2026-09-15T03:17:29.089688Z
  Time since last request: 0.000244289 seconds.
  importAddress: GUID: a91c61f0884c4fdc917bfed03fdbe325 - Path: Packages/com.unity.services.core/Editor/Core/Environments/Config - Importer: ScriptedImporter/UnityEditor.QuickSearchModule:UnityEditor.Search:ASIAI0B
Importing 'GUID: a91c61f0884c4fdc917bfed03fdbe325 - Path: Packages/com.unity.services.core/Editor/Core/Environments/Config - Importer: ScriptedImporter/UnityEditor.QuickSearchModule:UnityEditor.Search:ASIAI0B' with importer (ScriptedImporter : UnityEditor.QuickSearchModule:UnityEditor.Search:ASIAI0B)
Imported 'GUID: a91c61f0884c4fdc917bfed03fdbe325' -> (Import Result ID: 'f53b9aa40d7c38e2a9d22e4239728180') in 0.001 seconds [static and dynamic dependencies]. Details - ImportResultOutputID=097ee821ca236e162c83d117683a0335 DependenciesID=6fe04aad75a7dfb9c5f626733727d4f0 StaticDependenciesID=91fb2a84c644827e31e357687bf4bb50 
Number of updated asset objects reloaded before import = 0
Number of asset objects unloaded after import = 1
========================================================================
Received Import Request.
  Time of request: 2026-09-15T03:17:29.090575Z
  Time since last request: 0.000221246 seconds.
  importAddress: GUID: 812ddb4d356f4cca8e6f7655ce815aae - Path: Packages/com.unity.services.core/Runtime/Core.Internal/UnityServicesInitializer.cs - Importer: ScriptedImporter/UnityEditor.QuickSearchModule:UnityEditor.Search:ASIAI0B
Importing 'GUID: 812ddb4d356f4cca8e6f7655ce815aae - Path: Packages/com.unity.services.core/Runtime/Core.Internal/UnityServicesInitializer.cs - Importer: ScriptedImporter/UnityEditor.QuickSearchModule:UnityEditor.Search:ASIAI0B' with importer (ScriptedImporter : UnityEditor.QuickSearchModule:UnityEditor.Search:ASIAI0B)
Imported 'GUID: 812ddb4d356f4cca8e6f7655ce815aae' -> (Import Result ID: '00e4604f9377986e6c04e73d6bbaf90f') in 0.001 seconds [static and dynamic dependencies]. Details - ImportResultOutputID=cf7c76fdd4fa84b79cb8f8e78cbade01 DependenciesID=a47062937d987424a6716cac2a9608b3 StaticDependenciesID=112f598cfa142b050e2486529033fdb2 
Number of updated asset objects reloaded before import = 0
Number of asset objects unloaded after import = 0
========================================================================
Received Import Request.
  Time of request: 2026-09-15T03:17:29.091644Z
  Time since last request: 0.000280607 seconds.
  importAddress: GUID: 2458d7ed2cd22964bb2de41ded78bca8 - Path: Packages/com.unity.services.core/Runtime/Configuration/ProjectConfiguration.cs - Importer: ScriptedImporter/UnityEditor.QuickSearchModule:UnityEditor.Search:ASIAI0B
Importing 'GUID: 2458d7ed2cd22964bb2de41ded78bca8 - Path: Packages/com.unity.services.core/Runtime/Configuration/ProjectConfiguration.cs - Importer: ScriptedImporter/UnityEditor.QuickSearchModule:UnityEditor.Search:ASIAI0B' with importer (ScriptedImporter : UnityEditor.QuickSearchModule:UnityEditor.Search:ASIAI0B)
Imported 'GUID: 2458d7ed2cd22964bb2de41ded78bca8' -> (Import Result ID: '6c8b044e149b869710b280855230dba9') in 0.001 seconds [static and dynamic dependencies]. Details - ImportResultOutputID=bedbbec70103b9ae52deb1873001eede DependenciesID=d2b12fdc6b74595664d0f5dd65b1a37c StaticDependenciesID=9dee7fdf373228388c226c07b8ffa371 
Number of updated asset objects reloaded before import = 0
Number of asset objects unloaded after import = 0
========================================================================
Received Import Request.
  Time of request: 2026-09-15T03:17:29.092603Z
  Time since last request: 0.000257604 seconds.
  importAddress: GUID: ac5d584c42ec64ccab1f5b0774e70ad1 - Path: Packages/com.unity.services.core/Runtime/Core.Internal/CoreInternalResetter.cs - Importer: ScriptedImporter/UnityEditor.QuickSearchModule:UnityEditor.Search:ASIAI0B
Importing 'GUID: ac5d584c42ec64ccab1f5b0774e70ad1 - Path: Packages/com.unity.services.core/Runtime/Core.Internal/CoreInternalResetter.cs - Importer: ScriptedImporter/UnityEditor.QuickSearchModule:UnityEditor.Search:ASIAI0B' with importer (ScriptedImporter : UnityEditor.QuickSearchModule:UnityEditor.Search:ASIAI0B)
Imported 'GUID: ac5d584c42ec64ccab1f5b0774e70ad1' -> (Import Result ID: '188ae8d55d2cdf87b776261fcff7784b') in 0.001 seconds [static and dynamic dependencies]. Details - ImportResultOutputID=3d99facf139edeab6cd49ea3a9c22eed DependenciesID=fa1dcf8ddc7bef380aa8a08b3665890c StaticDependenciesID=8e805776343f62c4088906e3a68d15e5 
Number of updated asset objects reloaded before import = 0
Number of asset objects unloaded after import = 0
========================================================================
Received Import Request.
  Time of request: 2026-09-15T03:17:29.093586Z
  Time since last request: 0.000301096 seconds.
  importAddress: GUID: c6603f554e19f4ef6ac932f67674ca3d - Path: Packages/com.unity.services.core/Runtime/Core/DynamicDependency/PreserveDependencyAttribute.cs - Importer: ScriptedImporter/UnityEditor.QuickSearchModule:UnityEditor.Search:ASIAI0B
Importing 'GUID: c6603f554e19f4ef6ac932f67674ca3d - Path: Packages/com.unity.services.core/Runtime/Core/DynamicDependency/PreserveDependencyAttribute.cs - Importer: ScriptedImporter/UnityEditor.QuickSearchModule:UnityEditor.Search:ASIAI0B' with importer (ScriptedImporter : UnityEditor.QuickSearchModule:UnityEditor.Search:ASIAI0B)
Imported 'GUID: c6603f554e19f4ef6ac932f67674ca3d' -> (Import Result ID: '2f7428658fed02ad52ba1e320a22c5be') in 0.001 seconds [static and dynamic dependencies]. Details - ImportResultOutputID=28352016859c87637409ba271715f016 DependenciesID=ff040e6a13f074c692eac1bbee5bbaeb StaticDependenciesID=60d499e4460bdaf1957139b883911f77 
Number of updated asset objects reloaded before import = 0
Number of asset objects unloaded after import = 0
========================================================================
Received Import Request.
  Time of request: 2026-09-15T03:17:29.09455Z
  Time since last request: 0.000272062 seconds.
  importAddress: GUID: c80d0a42d5f7a42c1827c363108fade9 - Path: Packages/com.unity.services.core/Editor/Core/Environments/Client/Models/UnityEnvironmentV1.cs - Importer: ScriptedImporter/UnityEditor.QuickSearchModule:UnityEditor.Search:ASIAI0B
Importing 'GUID: c80d0a42d5f7a42c1827c363108fade9 - Path: Packages/com.unity.services.core/Editor/Core/Environments/Client/Models/UnityEnvironmentV1.cs - Importer: ScriptedImporter/UnityEditor.QuickSearchModule:UnityEditor.Search:ASIAI0B' with importer (ScriptedImporter : UnityEditor.QuickSearchModule:UnityEditor.Search:ASIAI0B)
Imported 'GUID: c80d0a42d5f7a42c1827c363108fade9' -> (Import Result ID: 'bfe972c7b17228d679269f5372303e98') in 0.001 seconds [static and dynamic dependencies]. Details - ImportResultOutputID=3a5e4f97cec39d4ea0f38e9cdb0012b2 DependenciesID=d700c21775ee5db279d0931bfe2a24a3 StaticDependenciesID=340e4f424deb68e75ea1ee3ecfef78c0 
Number of updated asset objects reloaded before import = 0
Number of asset objects unloaded after import = 0
========================================================================
Received Import Request.
  Time of request: 2026-09-15T03:17:29.095549Z
  Time since last request: 0.000312407 seconds.
  importAddress: GUID: 8c2efaaf56f24529a91061c1537d607d - Path: Packages/com.unity.services.core/Editor/Core/Environments/Client/Models/UnityUploadIconV1201Response.cs - Importer: ScriptedImporter/UnityEditor.QuickSearchModule:UnityEditor.Search:ASIAI0B
Importing 'GUID: 8c2efaaf56f24529a91061c1537d607d - Path: Packages/com.unity.services.core/Editor/Core/Environments/Client/Models/UnityUploadIconV1201Response.cs - Importer: ScriptedImporter/UnityEditor.QuickSearchModule:UnityEditor.Search:ASIAI0B' with importer (ScriptedImporter : UnityEditor.QuickSearchModule:UnityEditor.Search:ASIAI0B)
Imported 'GUID: 8c2efaaf56f24529a91061c1537d607d' -> (Import Result ID: '1b51028abe4b05e0f060d45141e55745') in 0.001 seconds [static and dynamic dependencies]. Details - ImportResultOutputID=ff1c96b1bc227bab13b661572a3e6cc1 DependenciesID=a9f1464e3ad0c4d29f57fb6f3f2793fe StaticDependenciesID=2b32bbcf5fbcf392cdcb16ac724d3dcc 
Number of updated asset objects reloaded before import = 0
Number of asset objects unloaded after import = 0
========================================================================
Received Import Request.
  Time of request: 2026-09-15T03:17:29.096577Z
  Time since last request: 0.00025515 seconds.
  importAddress: GUID: 9422d9b1fde3cf644b4a0dddd10a7348 - Path: Packages/com.unity.nuget.newtonsoft-json/Third Party Notices.md - Importer: ScriptedImporter/UnityEditor.QuickSearchModule:UnityEditor.Search:ASIAI0B
Importing 'GUID: 9422d9b1fde3cf644b4a0dddd10a7348 - Path: Packages/com.unity.nuget.newtonsoft-json/Third Party Notices.md - Importer: ScriptedImporter/UnityEditor.QuickSearchModule:UnityEditor.Search:ASIAI0B' with importer (ScriptedImporter : UnityEditor.QuickSearchModule:UnityEditor.Search:ASIAI0B)
Imported 'GUID: 9422d9b1fde3cf644b4a0dddd10a7348' -> (Import Result ID: 'd8b97c5669c891624e6da99f9c82c8d9') in 0.001 seconds [static and dynamic dependencies]. Details - ImportResultOutputID=595d605249876f48b357fdcd87a26d5d DependenciesID=e920e61ba8828144d8ad14659fb9592a StaticDependenciesID=e0488b72d0163f9fc8c67397d0e32581 
Number of updated asset objects reloaded before import = 0
Number of asset objects unloaded after import = 1
========================================================================
Received Import Request.
  Time of request: 2026-09-15T03:17:29.097539Z
  Time since last request: 0.000325302 seconds.
  importAddress: GUID: 6f48c843d2260425ab2a451843b22e04 - Path: Packages/com.unity.services.core/Editor/Core/Build/ProjectUnlinkBuildWarning.cs - Importer: ScriptedImporter/UnityEditor.QuickSearchModule:UnityEditor.Search:ASIAI0B
Importing 'GUID: 6f48c843d2260425ab2a451843b22e04 - Path: Packages/com.unity.services.core/Editor/Core/Build/ProjectUnlinkBuildWarning.cs - Importer: ScriptedImporter/UnityEditor.QuickSearchModule:UnityEditor.Search:ASIAI0B' with importer (ScriptedImporter : UnityEditor.QuickSearchModule:UnityEditor.Search:ASIAI0B)
Imported 'GUID: 6f48c843d2260425ab2a451843b22e04' -> (Import Result ID: '1629db430b56719c1909b43ba7b0ffd7') in 0.001 seconds [static and dynamic dependencies]. Details - ImportResultOutputID=1584a61935a469c62c576b321e411246 DependenciesID=ed1f4c971e533e9e887e21f866084915 StaticDependenciesID=184e9e64465979aea6156c50579bf257 
Number of updated asset objects reloaded before import = 0
Number of asset objects unloaded after import = 0
========================================================================
Received Import Request.
  Time of request: 2026-09-15T03:17:29.098567Z
  Time since last request: 0.000364374 seconds.
  importAddress: GUID: 4793b5531764c4e4d856241083e98cdd - Path: Packages/com.unity.services.core/Editor/Core/Environments/Client/Scheduler - Importer: ScriptedImporter/UnityEditor.QuickSearchModule:UnityEditor.Search:ASIAI0B
Importing 'GUID: 4793b5531764c4e4d856241083e98cdd - Path: Packages/com.unity.services.core/Editor/Core/Environments/Client/Scheduler - Importer: ScriptedImporter/UnityEditor.QuickSearchModule:UnityEditor.Search:ASIAI0B' with importer (ScriptedImporter : UnityEditor.QuickSearchModule:UnityEditor.Search:ASIAI0B)
Imported 'GUID: 4793b5531764c4e4d856241083e98cdd' -> (Import Result ID: '1884b5e2e8d836909df04538f466254f') in 0.001 seconds [static and dynamic dependencies]. Details - ImportResultOutputID=c7d0b9c882e14bfe8fc4c44e1fcd4882 DependenciesID=fbb6eaf5be4c5c20116ff2a3d274f64c StaticDependenciesID=1d00436b53a60c31d15ca3efe8af5f64 
Number of updated asset objects reloaded before import = 0
Number of asset objects unloaded after import = 1
========================================================================
Received Import Request.
  Time of request: 2026-09-15T03:17:29.099451Z
  Time since last request: 0.000240872 seconds.
  importAddress: GUID: aefea58c4a982cc41b2f3aef6132055e - Path: Packages/com.unity.services.core/Editor/Core/Environments/Analytics/EnvironmentAnalytics.cs - Importer: ScriptedImporter/UnityEditor.QuickSearchModule:UnityEditor.Search:ASIAI0B
Importing 'GUID: aefea58c4a982cc41b2f3aef6132055e - Path: Packages/com.unity.services.core/Editor/Core/Environments/Analytics/EnvironmentAnalytics.cs - Importer: ScriptedImporter/UnityEditor.QuickSearchModule:UnityEditor.Search:ASIAI0B' with importer (ScriptedImporter : UnityEditor.QuickSearchModule:UnityEditor.Search:ASIAI0B)
Imported 'GUID: aefea58c4a982cc41b2f3aef6132055e' -> (Import Result ID: 'b49bdaa873ede6d2d16a2d1ce3b27707') in 0.002 seconds [static and dynamic dependencies]. Details - ImportResultOutputID=54348b4a87554efa5053b54db45d7ba4 DependenciesID=12b91357fae8e870c7f409db7f428a57 StaticDependenciesID=17ac59603315774185e1625ee80173ca 
Number of updated asset objects reloaded before import = 0
Number of asset objects unloaded after import = 0
========================================================================
Received Import Request.
  Time of request: 2026-09-15T03:17:29.101586Z
  Time since last request: 0.000285266 seconds.
  importAddress: GUID: 5db156bbd7dad0544bcc03b72725bedb - Path: Packages/com.unity.services.core/Editor/Core/Configuration/ProjectConfigurationBuilder.cs - Importer: ScriptedImporter/UnityEditor.QuickSearchModule:UnityEditor.Search:ASIAI0B
Importing 'GUID: 5db156bbd7dad0544bcc03b72725bedb - Path: Packages/com.unity.services.core/Editor/Core/Configuration/ProjectConfigurationBuilder.cs - Importer: ScriptedImporter/UnityEditor.QuickSearchModule:UnityEditor.Search:ASIAI0B' with importer (ScriptedImporter : UnityEditor.QuickSearchModule:UnityEditor.Search:ASIAI0B)
Imported 'GUID: 5db156bbd7dad0544bcc03b72725bedb' -> (Import Result ID: '6736674b1a5d834ccafc570584165e0b') in 0.001 seconds [static and dynamic dependencies]. Details - ImportResultOutputID=2a20d6455cbb80f83bf345a579a26529 DependenciesID=7d9c2473c848ba8a065815351ce473be StaticDependenciesID=17c446edcbcb2d5b61a672b4c91b658e 
Number of updated asset objects reloaded before import = 0
Number of asset objects unloaded after import = 0
========================================================================
Received Import Request.
  Time of request: 2026-09-15T03:17:29.102654Z
  Time since last request: 0.000286138 seconds.
  importAddress: GUID: 32935510f629b49ab837f3dfe788d6e5 - Path: Packages/com.unity.services.core/Editor/Core/Shared/DependencyInversion/AssemblyInfo.Gen.cs - Importer: ScriptedImporter/UnityEditor.QuickSearchModule:UnityEditor.Search:ASIAI0B
Importing 'GUID: 32935510f629b49ab837f3dfe788d6e5 - Path: Packages/com.unity.services.core/Editor/Core/Shared/DependencyInversion/AssemblyInfo.Gen.cs - Importer: ScriptedImporter/UnityEditor.QuickSearchModule:UnityEditor.Search:ASIAI0B' with importer (ScriptedImporter : UnityEditor.QuickSearchModule:UnityEditor.Search:ASIAI0B)
Imported 'GUID: 32935510f629b49ab837f3dfe788d6e5' -> (Import Result ID: 'f12cf99f99643c1a85186a8f6666fb05') in 0.001 seconds [static and dynamic dependencies]. Details - ImportResultOutputID=70552ccd88c1c4de56305dd39b9794d8 DependenciesID=ee6aaffef2441389d1173a626d62b19e StaticDependenciesID=c65e6cd9a717de1056f3b9135312ebe8 
Number of updated asset objects reloaded before import = 0
Number of asset objects unloaded after import = 0
========================================================================
Received Import Request.
  Time of request: 2026-09-15T03:17:29.103542Z
  Time since last request: 0.000252895 seconds.
  importAddress: GUID: 8d4cfc84a4b414bb998fc192e3c3efff - Path: Packages/com.unity.services.core/Runtime/Core/CommonErrorCodes.cs - Importer: ScriptedImporter/UnityEditor.QuickSearchModule:UnityEditor.Search:ASIAI0B
Importing 'GUID: 8d4cfc84a4b414bb998fc192e3c3efff - Path: Packages/com.unity.services.core/Runtime/Core/CommonErrorCodes.cs - Importer: ScriptedImporter/UnityEditor.QuickSearchModule:UnityEditor.Search:ASIAI0B' with importer (ScriptedImporter : UnityEditor.QuickSearchModule:UnityEditor.Search:ASIAI0B)
Imported 'GUID: 8d4cfc84a4b414bb998fc192e3c3efff' -> (Import Result ID: 'cd1ce44ece470841b3f967e6496d9c79') in 0.001 seconds [static and dynamic dependencies]. Details - ImportResultOutputID=ab2c3afd318baf657eb69c743422f025 DependenciesID=852a571d5f85a6ce5557f5d0b9e80a46 StaticDependenciesID=9b0953611d5b22d4b7f7f1cf23c8969e 
Number of updated asset objects reloaded before import = 0
Number of asset objects unloaded after import = 0
========================================================================
Received Import Request.
  Time of request: 2026-09-15T03:17:29.104413Z
  Time since last request: 0.000253536 seconds.
  importAddress: GUID: ed548fe923e1b4ed2a25497af44016f5 - Path: Packages/com.unity.services.core/Editor/Core/Shared/EditorUtils/Sync.Gen.cs - Importer: ScriptedImporter/UnityEditor.QuickSearchModule:UnityEditor.Search:ASIAI0B
Importing 'GUID: ed548fe923e1b4ed2a25497af44016f5 - Path: Packages/com.unity.services.core/Editor/Core/Shared/EditorUtils/Sync.Gen.cs - Importer: ScriptedImporter/UnityEditor.QuickSearchModule:UnityEditor.Search:ASIAI0B' with importer (ScriptedImporter : UnityEditor.QuickSearchModule:UnityEditor.Search:ASIAI0B)
Imported 'GUID: ed548fe923e1b4ed2a25497af44016f5' -> (Import Result ID: 'e4be6bad839da58d2f5a581dd2e2523c') in 0.001 seconds [static and dynamic dependencies]. Details - ImportResultOutputID=3b6bdbefa6aa623a99cf427327a986bc DependenciesID=7fb0449aaf65926a2df6d72a1165a2e6 StaticDependenciesID=74612abfa646bb2e6d91e06d1373a7c5 
Number of updated asset objects reloaded before import = 0
Number of asset objects unloaded after import = 0
========================================================================
Received Import Request.
  Time of request: 2026-09-15T03:17:29.105479Z
  Time since last request: 0.000296096 seconds.
  importAddress: GUID: 61e91eb31a3934d3bbcb76e76abbe530 - Path: Packages/com.unity.services.core/Editor/Core/Shared/DependencyInversion/AbstractRuntimeServices.Gen.cs - Importer: ScriptedImporter/UnityEditor.QuickSearchModule:UnityEditor.Search:ASIAI0B
Importing 'GUID: 61e91eb31a3934d3bbcb76e76abbe530 - Path: Packages/com.unity.services.core/Editor/Core/Shared/DependencyInversion/AbstractRuntimeServices.Gen.cs - Importer: ScriptedImporter/UnityEditor.QuickSearchModule:UnityEditor.Search:ASIAI0B' with importer (ScriptedImporter : UnityEditor.QuickSearchModule:UnityEditor.Search:ASIAI0B)
Imported 'GUID: 61e91eb31a3934d3bbcb76e76abbe530' -> (Import Result ID: 'ed486e80e0f9b6aa23b30ad69395a584') in 0.001 seconds [static and dynamic dependencies]. Details - ImportResultOutputID=fd6998d4c95e024b209341af8380f614 DependenciesID=1f880b94ab2a362917acfb64687df19c StaticDependenciesID=4a550424acd13aaa73d11bc9da5281b2 
Number of updated asset objects reloaded before import = 0
Number of asset objects unloaded after import = 0
========================================================================
Received Import Request.
  Time of request: 2026-09-15T03:17:29.106554Z
  Time since last request: 0.000298931 seconds.
  importAddress: GUID: 7037b2656c5c0074f903147b0453f312 - Path: Packages/com.unity.services.core/Editor/Core/Configuration/AssemblyInfo.cs - Importer: ScriptedImporter/UnityEditor.QuickSearchModule:UnityEditor.Search:ASIAI0B
Importing 'GUID: 7037b2656c5c0074f903147b0453f312 - Path: Packages/com.unity.services.core/Editor/Core/Configuration/AssemblyInfo.cs - Importer: ScriptedImporter/UnityEditor.QuickSearchModule:UnityEditor.Search:ASIAI0B' with importer (ScriptedImporter : UnityEditor.QuickSearchModule:UnityEditor.Search:ASIAI0B)
Imported 'GUID: 7037b2656c5c0074f903147b0453f312' -> (Import Result ID: 'a907af303bd41cbcf7e229f52ddadc4a') in 0.001 seconds [static and dynamic dependencies]. Details - ImportResultOutputID=61775b409a8da52e4b80ed0670ed3480 DependenciesID=a392257d1393bba182dd5292a925c386 StaticDependenciesID=9a887a83eea7624bed4adee1890107df 
Number of updated asset objects reloaded before import = 0
Number of asset objects unloaded after import = 0
========================================================================
Received Import Request.
  Time of request: 2026-09-15T03:17:29.107725Z
  Time since last request: 0.000317266 seconds.
  importAddress: GUID: 9fd3161dccac3420aba623cc85241d0d - Path: Packages/com.unity.services.core/Runtime/Device/Unity.Services.Core.Device.api - Importer: ScriptedImporter/UnityEditor.QuickSearchModule:UnityEditor.Search:ASIAI0B
Importing 'GUID: 9fd3161dccac3420aba623cc85241d0d - Path: Packages/com.unity.services.core/Runtime/Device/Unity.Services.Core.Device.api - Importer: ScriptedImporter/UnityEditor.QuickSearchModule:UnityEditor.Search:ASIAI0B' with importer (ScriptedImporter : UnityEditor.QuickSearchModule:UnityEditor.Search:ASIAI0B)
Imported 'GUID: 9fd3161dccac3420aba623cc85241d0d' -> (Import Result ID: '073b02f1438b98c083ba6fac9c566338') in 0.001 seconds [static and dynamic dependencies]. Details - ImportResultOutputID=433680253abf4c35abe5c0e1768a63c1 DependenciesID=d4bfc7b914e4613e8e5138c6580855c7 StaticDependenciesID=c8c1efe32fda232a6139af9eb117810f 
Number of updated asset objects reloaded before import = 0
Number of asset objects unloaded after import = 1
========================================================================
Received Import Request.
  Time of request: 2026-09-15T03:17:29.108999Z
  Time since last request: 0.000315333 seconds.
  importAddress: GUID: 93f3fa6ca41e54380b7362a953d48f4f - Path: Packages/com.unity.services.core/Runtime/Scheduler/Unity.Services.Core.Scheduler.api - Importer: ScriptedImporter/UnityEditor.QuickSearchModule:UnityEditor.Search:ASIAI0B
Importing 'GUID: 93f3fa6ca41e54380b7362a953d48f4f - Path: Packages/com.unity.services.core/Runtime/Scheduler/Unity.Services.Core.Scheduler.api - Importer: ScriptedImporter/UnityEditor.QuickSearchModule:UnityEditor.Search:ASIAI0B' with importer (ScriptedImporter : UnityEditor.QuickSearchModule:UnityEditor.Search:ASIAI0B)
Imported 'GUID: 93f3fa6ca41e54380b7362a953d48f4f' -> (Import Result ID: '069de0d7fd5054d49a81fd8db155953d') in 0.001 seconds [static and dynamic dependencies]. Details - ImportResultOutputID=24ad34ca6c6fbb4dfb883ffcbee7fb83 DependenciesID=7369e9ee7144a284b6b4c1510d6215b3 StaticDependenciesID=a525747c77561619f936df6653af9fe0 
Number of updated asset objects reloaded before import = 0
Number of asset objects unloaded after import = 1
========================================================================
Received Import Request.
  Time of request: 2026-09-15T03:17:29.110119Z
  Time since last request: 0.000292239 seconds.
  importAddress: GUID: f0e33537955dc40b79e0fe252e6441dc - Path: Packages/com.unity.services.core/Runtime/Environments/AssemblyInfo.cs - Importer: ScriptedImporter/UnityEditor.QuickSearchModule:UnityEditor.Search:ASIAI0B
Importing 'GUID: f0e33537955dc40b79e0fe252e6441dc - Path: Packages/com.unity.services.core/Runtime/Environments/AssemblyInfo.cs - Importer: ScriptedImporter/UnityEditor.QuickSearchModule:UnityEditor.Search:ASIAI0B' with importer (ScriptedImporter : UnityEditor.QuickSearchModule:UnityEditor.Search:ASIAI0B)
Imported 'GUID: f0e33537955dc40b79e0fe252e6441dc' -> (Import Result ID: 'f7d1f7ecfdd4fea547510d8cb3632396') in 0.001 seconds [static and dynamic dependencies]. Details - ImportResultOutputID=efc7aa3001633ccf3c9a5023ac3ea1c0 DependenciesID=02efb5d435b1621306cf020efb405fb3 StaticDependenciesID=7a60e5ab011ffb47f25b5ab465d9cfad 
Number of updated asset objects reloaded before import = 0
Number of asset objects unloaded after import = 0
========================================================================
Received Import Request.
  Time of request: 2026-09-15T03:17:29.111445Z
  Time since last request: 0.000549732 seconds.
  importAddress: GUID: a8e64265b126d4a479f3d0f27c7338c2 - Path: Packages/com.unity.services.core/Editor/Core/Shared/Infrastructure - Importer: ScriptedImporter/UnityEditor.QuickSearchModule:UnityEditor.Search:ASIAI0B
Importing 'GUID: a8e64265b126d4a479f3d0f27c7338c2 - Path: Packages/com.unity.services.core/Editor/Core/Shared/Infrastructure - Importer: ScriptedImporter/UnityEditor.QuickSearchModule:UnityEditor.Search:ASIAI0B' with importer (ScriptedImporter : UnityEditor.QuickSearchModule:UnityEditor.Search:ASIAI0B)
Imported 'GUID: a8e64265b126d4a479f3d0f27c7338c2' -> (Import Result ID: 'd2741518602f8670de25d0c21466c872') in 0.001 seconds [static and dynamic dependencies]. Details - ImportResultOutputID=79ae903428c20dcef252318d9d6c28df DependenciesID=a412e05cb6b418ec751aaf55498e78b8 StaticDependenciesID=aa36dec2248844eec43659598422de0c 
Number of updated asset objects reloaded before import = 0
Number of asset objects unloaded after import = 1
========================================================================
Received Import Request.
  Time of request: 2026-09-15T03:17:29.112549Z
  Time since last request: 0.000375806 seconds.
  importAddress: GUID: d4f6a83cd2a8c40ce97bda4199084fbc - Path: Packages/com.unity.services.core/Editor/Core/UiHelpers/USS/PlatformSupportVisualDark.uss - Importer: ScriptedImporter/UnityEditor.QuickSearchModule:UnityEditor.Search:ASIAI0B
Importing 'GUID: d4f6a83cd2a8c40ce97bda4199084fbc - Path: Packages/com.unity.services.core/Editor/Core/UiHelpers/USS/PlatformSupportVisualDark.uss - Importer: ScriptedImporter/UnityEditor.QuickSearchModule:UnityEditor.Search:ASIAI0B' with importer (ScriptedImporter : UnityEditor.QuickSearchModule:UnityEditor.Search:ASIAI0B)
Imported 'GUID: d4f6a83cd2a8c40ce97bda4199084fbc' -> (Import Result ID: '04968b55c3e8e56eedb398fe3f4de149') in 0.002 seconds [static and dynamic dependencies]. Details - ImportResultOutputID=0073e1ed69115b46a8ff02b4357fe941 DependenciesID=ea2e2978f6dd19736ff63e9b530637f0 StaticDependenciesID=f8c804a7ce5012f4fff92ffb1ad1e316 
Number of updated asset objects reloaded before import = 0
Number of asset objects unloaded after import = 1
========================================================================
Received Import Request.
  Time of request: 2026-09-15T03:17:29.11475Z
  Time since last request: 0.000385204 seconds.
  importAddress: GUID: dc4d653a4df37f0488eb48939f3898fd - Path: Packages/com.unity.services.core/Runtime/Components/Unity.Services.Core.Components.api - Importer: ScriptedImporter/UnityEditor.QuickSearchModule:UnityEditor.Search:ASIAI0B
Importing 'GUID: dc4d653a4df37f0488eb48939f3898fd - Path: Packages/com.unity.services.core/Runtime/Components/Unity.Services.Core.Components.api - Importer: ScriptedImporter/UnityEditor.QuickSearchModule:UnityEditor.Search:ASIAI0B' with importer (ScriptedImporter : UnityEditor.QuickSearchModule:UnityEditor.Search:ASIAI0B)
Imported 'GUID: dc4d653a4df37f0488eb48939f3898fd' -> (Import Result ID: '26e2bfa7b6fd81d81e06e74b7ded3e50') in 0.001 seconds [static and dynamic dependencies]. Details - ImportResultOutputID=56fed4771b91f636b481d1434e9d6028 DependenciesID=46ab01fe51f043c8e2cd096f3114db48 StaticDependenciesID=00a7329482619889df401a6cf76398a9 
Number of updated asset objects reloaded before import = 0
Number of asset objects unloaded after import = 1
========================================================================
Received Import Request.
  Time of request: 2026-09-15T03:17:29.116045Z
  Time since last request: 0.000379363 seconds.
  importAddress: GUID: ae62c9097c2e3a527bccc7a06da55e81 - Path: Packages/com.unity.services.core/Editor/Core/Environments/Client/Models/UnityListProjects200Response.cs - Importer: ScriptedImporter/UnityEditor.QuickSearchModule:UnityEditor.Search:ASIAI0B
Importing 'GUID: ae62c9097c2e3a527bccc7a06da55e81 - Path: Packages/com.unity.services.core/Editor/Core/Environments/Client/Models/UnityListProjects200Response.cs - Importer: ScriptedImporter/UnityEditor.QuickSearchModule:UnityEditor.Search:ASIAI0B' with importer (ScriptedImporter : UnityEditor.QuickSearchModule:UnityEditor.Search:ASIAI0B)
Imported 'GUID: ae62c9097c2e3a527bccc7a06da55e81' -> (Import Result ID: '8ee734a8ee5f161fbc56e511b220d100') in 0.001 seconds [static and dynamic dependencies]. Details - ImportResultOutputID=65e2a2138857100b3b755bbae9640255 DependenciesID=0fb9cf3a49a4a51d3506a45fa0c207f2 StaticDependenciesID=87d30859b62a05edb8062c404fb02a98 
Number of updated asset objects reloaded before import = 0
Number of asset objects unloaded after import = 0
========================================================================
Received Import Request.
  Time of request: 2026-09-15T03:17:29.255872Z
  Time since last request: 0.139131372 seconds.
  importAddress: GUID: 9fb175b9ce0f46e89880ba861805a2ff - Path: Packages/com.unity.services.core/Runtime/Core.Internal/Telemetry/CoreDiagnostics.cs - Importer: ScriptedImporter/UnityEditor.QuickSearchModule:UnityEditor.Search:ASIAI0B
Importing 'GUID: 9fb175b9ce0f46e89880ba861805a2ff - Path: Packages/com.unity.services.core/Runtime/Core.Internal/Telemetry/CoreDiagnostics.cs - Importer: ScriptedImporter/UnityEditor.QuickSearchModule:UnityEditor.Search:ASIAI0B' with importer (ScriptedImporter : UnityEditor.QuickSearchModule:UnityEditor.Search:ASIAI0B)
Imported 'GUID: 9fb175b9ce0f46e89880ba861805a2ff' -> (Import Result ID: '2d88a389213319f45929e951db8a0703') in 0.001 seconds [static and dynamic dependencies]. Details - ImportResultOutputID=744ccf89e5166141c0bdd81496216c22 DependenciesID=8e452700af9691fb7f229779971cf157 StaticDependenciesID=2d3ac3e9f81b5c3e811f77b7f94ee4db 
Number of updated asset objects reloaded before import = 0
Number of asset objects unloaded after import = 0
========================================================================
Received Import Request.
  Time of request: 2026-09-15T03:17:29.257658Z
  Time since last request: 0.000320963 seconds.
  importAddress: GUID: cf288fdecb6dc4702a6cbf145af0a97c - Path: Packages/com.unity.services.core/Editor/Core/Environments/Client/Http/HttpClientResponse.cs - Importer: ScriptedImporter/UnityEditor.QuickSearchModule:UnityEditor.Search:ASIAI0B
Importing 'GUID: cf288fdecb6dc4702a6cbf145af0a97c - Path: Packages/com.unity.services.core/Editor/Core/Environments/Client/Http/HttpClientResponse.cs - Importer: ScriptedImporter/UnityEditor.QuickSearchModule:UnityEditor.Search:ASIAI0B' with importer (ScriptedImporter : UnityEditor.QuickSearchModule:UnityEditor.Search:ASIAI0B)
Imported 'GUID: cf288fdecb6dc4702a6cbf145af0a97c' -> (Import Result ID: '82cfb7dd24befdb315e95de86e20e367') in 0.001 seconds [static and dynamic dependencies]. Details - ImportResultOutputID=bc5ac734127cce46d7e3b23807091645 DependenciesID=e1c70e37cf654fa77e1e573e613f47f9 StaticDependenciesID=017554f29dfdf99f379d466ff6c4bfb4 
Number of updated asset objects reloaded before import = 0
Number of asset objects unloaded after import = 0
========================================================================
Received Import Request.
  Time of request: 2026-09-15T03:17:29.274479Z
  Time since last request: 0.016030409 seconds.
  importAddress: GUID: 07c14def3cbf48069bc2ef1c10d936c5 - Path: Packages/com.unity.services.core/Runtime/Scheduler/ScheduledInvocation.cs - Importer: ScriptedImporter/UnityEditor.QuickSearchModule:UnityEditor.Search:ASIAI0B
Importing 'GUID: 07c14def3cbf48069bc2ef1c10d936c5 - Path: Packages/com.unity.services.core/Runtime/Scheduler/ScheduledInvocation.cs - Importer: ScriptedImporter/UnityEditor.QuickSearchModule:UnityEditor.Search:ASIAI0B' with importer (ScriptedImporter : UnityEditor.QuickSearchModule:UnityEditor.Search:ASIAI0B)
Imported 'GUID: 07c14def3cbf48069bc2ef1c10d936c5' -> (Import Result ID: 'f9a8ad766080b6100b7f187c3edc6bbe') in 0.001 seconds [static and dynamic dependencies]. Details - ImportResultOutputID=2239b5a8dcfbaf0c2085082bf35ae357 DependenciesID=08e19913771fed6d87f905a2725f00d4 StaticDependenciesID=c04404ae77bd5991371307ddf23cd3e9 
Number of updated asset objects reloaded before import = 0
Number of asset objects unloaded after import = 0
========================================================================
Received Import Request.
  Time of request: 2026-09-15T03:17:29.275712Z
  Time since last request: 0.000381146 seconds.
  importAddress: GUID: dd9998d5d46eb4c048e4e0544f880bbc - Path: Packages/com.unity.services.core/Editor/Core/Environments/Client/Http/IHttpClient.cs - Importer: ScriptedImporter/UnityEditor.QuickSearchModule:UnityEditor.Search:ASIAI0B
Importing 'GUID: dd9998d5d46eb4c048e4e0544f880bbc - Path: Packages/com.unity.services.core/Editor/Core/Environments/Client/Http/IHttpClient.cs - Importer: ScriptedImporter/UnityEditor.QuickSearchModule:UnityEditor.Search:ASIAI0B' with importer (ScriptedImporter : UnityEditor.QuickSearchModule:UnityEditor.Search:ASIAI0B)
Imported 'GUID: dd9998d5d46eb4c048e4e0544f880bbc' -> (Import Result ID: '89542e3da511188776739d11dc537054') in 0.001 seconds [static and dynamic dependencies]. Details - ImportResultOutputID=27f99b659022d0cdd0f17530a2feeeda DependenciesID=f977fe1e61076b22ca85424ec80f5c11 StaticDependenciesID=32cea5b1378f8dde3c778e0260133993 
Number of updated asset objects reloaded before import = 0
Number of asset objects unloaded after import = 0
========================================================================
Received Import Request.
  Time of request: 2026-09-15T03:17:29.276796Z
  Time since last request: 0.00029804 seconds.
  importAddress: GUID: 0cc3d186d74b4475d828ab6d749b72c1 - Path: Packages/com.unity.services.core/Editor/Core/Shared/DependencyInversion/ServiceCollection.Gen.cs - Importer: ScriptedImporter/UnityEditor.QuickSearchModule:UnityEditor.Search:ASIAI0B
Importing 'GUID: 0cc3d186d74b4475d828ab6d749b72c1 - Path: Packages/com.unity.services.core/Editor/Core/Shared/DependencyInversion/ServiceCollection.Gen.cs - Importer: ScriptedImporter/UnityEditor.QuickSearchModule:UnityEditor.Search:ASIAI0B' with importer (ScriptedImporter : UnityEditor.QuickSearchModule:UnityEditor.Search:ASIAI0B)
Imported 'GUID: 0cc3d186d74b4475d828ab6d749b72c1' -> (Import Result ID: '6133f3abe8d302dd16ba20da15c19b29') in 0.001 seconds [static and dynamic dependencies]. Details - ImportResultOutputID=12055ece83ea7cbd3be60ebfdbcb8939 DependenciesID=643a0c757f3b5fe1c69b51c36c2cb61b StaticDependenciesID=134898c0ae635d527c43cea497d9a965 
Number of updated asset objects reloaded before import = 0
Number of asset objects unloaded after import = 0
========================================================================
Received Import Request.
  Time of request: 2026-09-15T03:17:29.277733Z
  Time since last request: 0.000307067 seconds.
  importAddress: GUID: 391e0967c80626143befc3cf1f52f5c6 - Path: Packages/com.unity.services.core/Runtime/Components/ServicesBehaviour.cs - Importer: ScriptedImporter/UnityEditor.QuickSearchModule:UnityEditor.Search:ASIAI0B
Importing 'GUID: 391e0967c80626143befc3cf1f52f5c6 - Path: Packages/com.unity.services.core/Runtime/Components/ServicesBehaviour.cs - Importer: ScriptedImporter/UnityEditor.QuickSearchModule:UnityEditor.Search:ASIAI0B' with importer (ScriptedImporter : UnityEditor.QuickSearchModule:UnityEditor.Search:ASIAI0B)
Imported 'GUID: 391e0967c80626143befc3cf1f52f5c6' -> (Import Result ID: 'e436a97ae38ca98325b154161bba1466') in 0.001 seconds [static and dynamic dependencies]. Details - ImportResultOutputID=ce2fea85314dd6aae479485a6c841d1f DependenciesID=1a854f60749409839c926733e7a85257 StaticDependenciesID=8a1b0f89133dae2a6b21e50f67fcf981 
Number of updated asset objects reloaded before import = 0
Number of asset objects unloaded after import = 0
========================================================================
Received Import Request.
  Time of request: 2026-09-15T03:17:29.278648Z
  Time since last request: 0.000318629 seconds.
  importAddress: GUID: 774c129df5bb4d7b9ce865ebfe7e94bb - Path: Packages/com.unity.services.core/Editor/Core/EditorGameService/ServiceUrlBuilder.cs - Importer: ScriptedImporter/UnityEditor.QuickSearchModule:UnityEditor.Search:ASIAI0B
Importing 'GUID: 774c129df5bb4d7b9ce865ebfe7e94bb - Path: Packages/com.unity.services.core/Editor/Core/EditorGameService/ServiceUrlBuilder.cs - Importer: ScriptedImporter/UnityEditor.QuickSearchModule:UnityEditor.Search:ASIAI0B' with importer (ScriptedImporter : UnityEditor.QuickSearchModule:UnityEditor.Search:ASIAI0B)
Imported 'GUID: 774c129df5bb4d7b9ce865ebfe7e94bb' -> (Import Result ID: '5b260dc6dce61a4bfa081dec088e5b52') in 0.001 seconds [static and dynamic dependencies]. Details - ImportResultOutputID=b91d99fddf60f881cc262c9bb88da695 DependenciesID=9ec27ba9e7087de42572cd5bf0a2bbc5 StaticDependenciesID=211007d8b44ba7caca543fcda426c2ea 
Number of updated asset objects reloaded before import = 0
Number of asset objects unloaded after import = 0
========================================================================
Received Import Request.
  Time of request: 2026-09-15T03:17:29.279517Z
  Time since last request: 0.000265609 seconds.
  importAddress: GUID: 49cc1478f193eaf42b317e31da46effa - Path: Packages/com.unity.services.core/Runtime - Importer: ScriptedImporter/UnityEditor.QuickSearchModule:UnityEditor.Search:ASIAI0B
Importing 'GUID: 49cc1478f193eaf42b317e31da46effa - Path: Packages/com.unity.services.core/Runtime - Importer: ScriptedImporter/UnityEditor.QuickSearchModule:UnityEditor.Search:ASIAI0B' with importer (ScriptedImporter : UnityEditor.QuickSearchModule:UnityEditor.Search:ASIAI0B)
Imported 'GUID: 49cc1478f193eaf42b317e31da46effa' -> (Import Result ID: 'ad927049d15b32921e373c2066710135') in 0.001 seconds [static and dynamic dependencies]. Details - ImportResultOutputID=55df913fed8747941b163696e07cb028 DependenciesID=2e788cd5ff28b9b67cb9c2c5129be160 StaticDependenciesID=ce24ffa411dd4e47f158b9bd60fb8e99 
Number of updated asset objects reloaded before import = 0
Number of asset objects unloaded after import = 1
========================================================================
Received Import Request.
  Time of request: 2026-09-15T03:17:29.28058Z
  Time since last request: 0.000384733 seconds.
  importAddress: GUID: 2e0166bafa3674b43af8ca32673614e1 - Path: Packages/com.unity.services.core/Editor/Core/Shared/Infrastructure/IO/PathUtils.Gen.cs - Importer: ScriptedImporter/UnityEditor.QuickSearchModule:UnityEditor.Search:ASIAI0B
Importing 'GUID: 2e0166bafa3674b43af8ca32673614e1 - Path: Packages/com.unity.services.core/Editor/Core/Shared/Infrastructure/IO/PathUtils.Gen.cs - Importer: ScriptedImporter/UnityEditor.QuickSearchModule:UnityEditor.Search:ASIAI0B' with importer (ScriptedImporter : UnityEditor.QuickSearchModule:UnityEditor.Search:ASIAI0B)
Imported 'GUID: 2e0166bafa3674b43af8ca32673614e1' -> (Import Result ID: '74ebffce8dbd3dddeefcad2bfefdf2f6') in 0.001 seconds [static and dynamic dependencies]. Details - ImportResultOutputID=33d826968cb33b22ed8a2e726e18541d DependenciesID=438a77e9da4d11da6b6878e6c9338f0a StaticDependenciesID=4c0c54e200169d786aa3f5a6d73b6969 
Number of updated asset objects reloaded before import = 0
Number of asset objects unloaded after import = 0
========================================================================
Received Import Request.
  Time of request: 2026-09-15T03:17:29.281553Z
  Time since last request: 0.000293331 seconds.
  importAddress: GUID: 7096662908e5fed409f1e3d1a25a2eee - Path: Packages/com.unity.services.core/Runtime/Core/Initialization - Importer: ScriptedImporter/UnityEditor.QuickSearchModule:UnityEditor.Search:ASIAI0B
Importing 'GUID: 7096662908e5fed409f1e3d1a25a2eee - Path: Packages/com.unity.services.core/Runtime/Core/Initialization - Importer: ScriptedImporter/UnityEditor.QuickSearchModule:UnityEditor.Search:ASIAI0B' with importer (ScriptedImporter : UnityEditor.QuickSearchModule:UnityEditor.Search:ASIAI0B)
Imported 'GUID: 7096662908e5fed409f1e3d1a25a2eee' -> (Import Result ID: '2d25e64ea5a1883ebea6cd351d672cdc') in 0.001 seconds [static and dynamic dependencies]. Details - ImportResultOutputID=b3419aa253b58772ce3d3c92de9d6ab3 DependenciesID=3753766f47dd075ea1dea898768c2721 StaticDependenciesID=98c5869ae9f3204f9b38fa67a00b3a4a 
Number of updated asset objects reloaded before import = 0
Number of asset objects unloaded after import = 1
========================================================================
Received Import Request.
  Time of request: 2026-09-15T03:17:29.282408Z
  Time since last request: 0.000224021 seconds.
  importAddress: GUID: fac66275348d245d490b160bcf2413c3 - Path: Packages/com.unity.services.core/Runtime/Core.Internal/AsyncOperation/IAsyncOperation.cs - Importer: ScriptedImporter/UnityEditor.QuickSearchModule:UnityEditor.Search:ASIAI0B
Importing 'GUID: fac66275348d245d490b160bcf2413c3 - Path: Packages/com.unity.services.core/Runtime/Core.Internal/AsyncOperation/IAsyncOperation.cs - Importer: ScriptedImporter/UnityEditor.QuickSearchModule:UnityEditor.Search:ASIAI0B' with importer (ScriptedImporter : UnityEditor.QuickSearchModule:UnityEditor.Search:ASIAI0B)
Imported 'GUID: fac66275348d245d490b160bcf2413c3' -> (Import Result ID: '8b22cbd36fb51c1137ae55f51ea3e253') in 0.001 seconds [static and dynamic dependencies]. Details - ImportResultOutputID=cc4b1d68861db85c4f9a7c073e3fef31 DependenciesID=29b94bf80cd0078c3a11d9ecf36e1c0f StaticDependenciesID=1da6bf4ab3d25934a4fe8c27a5161ce6 
Number of updated asset objects reloaded before import = 0
Number of asset objects unloaded after import = 0
========================================================================
Received Import Request.
  Time of request: 2026-09-15T03:17:29.283337Z
  Time since last request: 0.000284354 seconds.
  importAddress: GUID: e6a900469855a4439a8cc405993bbe57 - Path: Packages/com.unity.services.core/Runtime/Core.Internal/Components/Configuration/ICloudProjectId.cs - Importer: ScriptedImporter/UnityEditor.QuickSearchModule:UnityEditor.Search:ASIAI0B
Importing 'GUID: e6a900469855a4439a8cc405993bbe57 - Path: Packages/com.unity.services.core/Runtime/Core.Internal/Components/Configuration/ICloudProjectId.cs - Importer: ScriptedImporter/UnityEditor.QuickSearchModule:UnityEditor.Search:ASIAI0B' with importer (ScriptedImporter : UnityEditor.QuickSearchModule:UnityEditor.Search:ASIAI0B)
Imported 'GUID: e6a900469855a4439a8cc405993bbe57' -> (Import Result ID: '9ee6040f2d5ac253e60460ab7381094c') in 0.001 seconds [static and dynamic dependencies]. Details - ImportResultOutputID=8a11c6c2834d5b44cd911372111d2aab DependenciesID=5161e99af822119b21e78b2ad3393e20 StaticDependenciesID=da4b5b51cf31b2f58fd1e244b276b8e1 
Number of updated asset objects reloaded before import = 0
Number of asset objects unloaded after import = 0
========================================================================
Received Import Request.
  Time of request: 2026-09-15T03:17:29.284877Z
  Time since last request: 0.000328437 seconds.
  importAddress: GUID: 9cdb86a3e3785004ea80f58ee530428c - Path: Packages/com.unity.services.core/Runtime/Core/UnityServicesBuilder.cs - Importer: ScriptedImporter/UnityEditor.QuickSearchModule:UnityEditor.Search:ASIAI0B
Importing 'GUID: 9cdb86a3e3785004ea80f58ee530428c - Path: Packages/com.unity.services.core/Runtime/Core/UnityServicesBuilder.cs - Importer: ScriptedImporter/UnityEditor.QuickSearchModule:UnityEditor.Search:ASIAI0B' with importer (ScriptedImporter : UnityEditor.QuickSearchModule:UnityEditor.Search:ASIAI0B)
Imported 'GUID: 9cdb86a3e3785004ea80f58ee530428c' -> (Import Result ID: 'c8033001a8deefc167d1a518a9489a8c') in 0.001 seconds [static and dynamic dependencies]. Details - ImportResultOutputID=ff4f91a4f4f961f746aad8cf263776b4 DependenciesID=490b66f3f763cd4db7eeb43b9efedec3 StaticDependenciesID=3fe1ef917d16e92be3dc00182dc7a711 
Number of updated asset objects reloaded before import = 0
Number of asset objects unloaded after import = 0
========================================================================
Received Import Request.
  Time of request: 2026-09-15T03:17:29.285921Z
  Time since last request: 0.000260089 seconds.
  importAddress: GUID: add07ed3db70146bea50b6a4f554e651 - Path: Packages/com.unity.services.core/Runtime/Core.Internal/Components/Environments - Importer: ScriptedImporter/UnityEditor.QuickSearchModule:UnityEditor.Search:ASIAI0B
Importing 'GUID: add07ed3db70146bea50b6a4f554e651 - Path: Packages/com.unity.services.core/Runtime/Core.Internal/Components/Environments - Importer: ScriptedImporter/UnityEditor.QuickSearchModule:UnityEditor.Search:ASIAI0B' with importer (ScriptedImporter : UnityEditor.QuickSearchModule:UnityEditor.Search:ASIAI0B)
Imported 'GUID: add07ed3db70146bea50b6a4f554e651' -> (Import Result ID: 'ebec498a7ae50601116107ba635ef088') in 0.001 seconds [static and dynamic dependencies]. Details - ImportResultOutputID=7623a94f027548be80b3823db65eb1d5 DependenciesID=c100c4d3f70f42fa0d5270bd84665079 StaticDependenciesID=e9d70714dd97c4a8e33a43e11b61487b 
Number of updated asset objects reloaded before import = 0
Number of asset objects unloaded after import = 1
========================================================================
Received Import Request.
  Time of request: 2026-09-15T03:17:29.286944Z
  Time since last request: 0.000252214 seconds.
  importAddress: GUID: 9adf428799cec421caeecd93d938c500 - Path: Packages/com.unity.services.core/Editor/Core/UiHelpers/USS/PlatformSupportVisualCommon.uss - Importer: ScriptedImporter/UnityEditor.QuickSearchModule:UnityEditor.Search:ASIAI0B
Importing 'GUID: 9adf428799cec421caeecd93d938c500 - Path: Packages/com.unity.services.core/Editor/Core/UiHelpers/USS/PlatformSupportVisualCommon.uss - Importer: ScriptedImporter/UnityEditor.QuickSearchModule:UnityEditor.Search:ASIAI0B' with importer (ScriptedImporter : UnityEditor.QuickSearchModule:UnityEditor.Search:ASIAI0B)
Imported 'GUID: 9adf428799cec421caeecd93d938c500' -> (Import Result ID: '61fa965e5dfd29e1edec71262888383f') in 0.001 seconds [static and dynamic dependencies]. Details - ImportResultOutputID=91e0aa7804b4be0c45cde07abb4b4829 DependenciesID=a66c8a8c158a3033bf00b96589a5c0f9 StaticDependenciesID=d39386a0601f1d9323cf4347dc23ae09 
Number of updated asset objects reloaded before import = 0
Number of asset objects unloaded after import = 1
========================================================================
Received Import Request.
  Time of request: 2026-09-15T03:17:29.288583Z
  Time since last request: 0.000276149 seconds.
  importAddress: GUID: 9b71409f18e224984a570ffc7bfda272 - Path: Packages/com.unity.services.cloud-build/Icons/build_canceled.png - Importer: ScriptedImporter/UnityEditor.QuickSearchModule:UnityEditor.Search:ASIAI0B
Importing 'GUID: 9b71409f18e224984a570ffc7bfda272 - Path: Packages/com.unity.services.cloud-build/Icons/build_canceled.png - Importer: ScriptedImporter/UnityEditor.QuickSearchModule:UnityEditor.Search:ASIAI0B' with importer (ScriptedImporter : UnityEditor.QuickSearchModule:UnityEditor.Search:ASIAI0B)
Imported 'GUID: 9b71409f18e224984a570ffc7bfda272' -> (Import Result ID: '15a2ca514f3efd3e67228e2103001211') in 0.003 seconds [static and dynamic dependencies]. Details - ImportResultOutputID=54b6192bc5ee2136bfda5302e5e5b974 DependenciesID=0b58f727fe1e884a6a6ffa2b2e8e402b StaticDependenciesID=b8807b71af0ba9684a51dce7167a9dc8 
Number of updated asset objects reloaded before import = 0
Number of asset objects unloaded after import = 1
========================================================================
Received Import Request.
  Time of request: 2026-09-15T03:17:29.315739Z
  Time since last request: 0.02384523 seconds.
  importAddress: GUID: 3fc1d3bc5abf4373a2790806fb95828b - Path: Packages/com.unity.services.core/Editor/Core/UiHelpers/SliderToggleUiHelper.cs - Importer: ScriptedImporter/UnityEditor.QuickSearchModule:UnityEditor.Search:ASIAI0B
Importing 'GUID: 3fc1d3bc5abf4373a2790806fb95828b - Path: Packages/com.unity.services.core/Editor/Core/UiHelpers/SliderToggleUiHelper.cs - Importer: ScriptedImporter/UnityEditor.QuickSearchModule:UnityEditor.Search:ASIAI0B' with importer (ScriptedImporter : UnityEditor.QuickSearchModule:UnityEditor.Search:ASIAI0B)
Imported 'GUID: 3fc1d3bc5abf4373a2790806fb95828b' -> (Import Result ID: '20a581303699000a7df01bd724cedfdb') in 0.002 seconds [static and dynamic dependencies]. Details - ImportResultOutputID=92e852778a75b7d535624dbd2055a9d4 DependenciesID=3a27da3379baf7571edaca42f216d227 StaticDependenciesID=fdd0799672713754db9b1ebdacfc78be 
Number of updated asset objects reloaded before import = 0
Number of asset objects unloaded after import = 0
========================================================================
Received Import Request.
  Time of request: 2026-09-15T03:17:29.317958Z
  Time since last request: 0.000433104 seconds.
  importAddress: GUID: db4bccee820244986b6e717bc4eba02d - Path: Packages/com.unity.services.core/Editor/Core/Shared/DependencyInversion/Singleton.Gen.cs - Importer: ScriptedImporter/UnityEditor.QuickSearchModule:UnityEditor.Search:ASIAI0B
Importing 'GUID: db4bccee820244986b6e717bc4eba02d - Path: Packages/com.unity.services.core/Editor/Core/Shared/DependencyInversion/Singleton.Gen.cs - Importer: ScriptedImporter/UnityEditor.QuickSearchModule:UnityEditor.Search:ASIAI0B' with importer (ScriptedImporter : UnityEditor.QuickSearchModule:UnityEditor.Search:ASIAI0B)
Imported 'GUID: db4bccee820244986b6e717bc4eba02d' -> (Import Result ID: '7a04f19c5188944ce4b69265cfcc811b') in 0.001 seconds [static and dynamic dependencies]. Details - ImportResultOutputID=929757d5053bccc4da96ed60e9f35d9b DependenciesID=05d09db4629bc56c31ba07da1f924ba3 StaticDependenciesID=5307f3ed41551bd3c75232cebd0963d7 
Number of updated asset objects reloaded before import = 0
Number of asset objects unloaded after import = 0
========================================================================
Received Import Request.
  Time of request: 2026-09-15T03:17:29.319368Z
  Time since last request: 0.000280427 seconds.
  importAddress: GUID: 2055cc720334d6949af721689c3a29e2 - Path: Packages/com.unity.services.core/Editor/Core/Status - Importer: ScriptedImporter/UnityEditor.QuickSearchModule:UnityEditor.Search:ASIAI0B
Importing 'GUID: 2055cc720334d6949af721689c3a29e2 - Path: Packages/com.unity.services.core/Editor/Core/Status - Importer: ScriptedImporter/UnityEditor.QuickSearchModule:UnityEditor.Search:ASIAI0B' with importer (ScriptedImporter : UnityEditor.QuickSearchModule:UnityEditor.Search:ASIAI0B)
Imported 'GUID: 2055cc720334d6949af721689c3a29e2' -> (Import Result ID: 'c22f83c15b0c221920d078406c5d2b65') in 0.001 seconds [static and dynamic dependencies]. Details - ImportResultOutputID=dc2b4cc9a01b8c25eeb71aa274e837a8 DependenciesID=ac6121c0354ac27375e4f8340b6f2a95 StaticDependenciesID=3159eeb500204de9a910d999f699de47 
Number of updated asset objects reloaded before import = 0
Number of asset objects unloaded after import = 1
========================================================================
Received Import Request.
  Time of request: 2026-09-15T03:17:29.320652Z
  Time since last request: 0.000303791 seconds.
  importAddress: GUID: fe94fb62b1b5744d7be64e13f3ccd496 - Path: Packages/com.unity.services.cloud-build/Editor/UXML/BuildAutomationHistory.uxml - Importer: ScriptedImporter/UnityEditor.QuickSearchModule:UnityEditor.Search:ASIAI0B
Importing 'GUID: fe94fb62b1b5744d7be64e13f3ccd496 - Path: Packages/com.unity.services.cloud-build/Editor/UXML/BuildAutomationHistory.uxml - Importer: ScriptedImporter/UnityEditor.QuickSearchModule:UnityEditor.Search:ASIAI0B' with importer (ScriptedImporter : UnityEditor.QuickSearchModule:UnityEditor.Search:ASIAI0B)
Imported 'GUID: fe94fb62b1b5744d7be64e13f3ccd496' -> (Import Result ID: 'b81d43f0f3398d7cbec5a1ccd68bcd36') in 0.010 seconds [static and dynamic dependencies]. Details - ImportResultOutputID=9ea3729fbe3c17449b0e8ece4073daa1 DependenciesID=62c3121bc04e839c06e7b9072718ccba StaticDependenciesID=d429071c3266d4f53b133dd16e506979 
Number of updated asset objects reloaded before import = 0
Number of asset objects unloaded after import = 6
========================================================================
Received Import Request.
  Time of request: 2026-09-15T03:17:29.330962Z
  Time since last request: 0.000200506 seconds.
  importAddress: GUID: 2579e429d2c9c43a1bd957ca08ba269a - Path: Packages/com.unity.services.core/Runtime/Core.Internal/Registry/CoreRegistryInitializer.cs - Importer: ScriptedImporter/UnityEditor.QuickSearchModule:UnityEditor.Search:ASIAI0B
Importing 'GUID: 2579e429d2c9c43a1bd957ca08ba269a - Path: Packages/com.unity.services.core/Runtime/Core.Internal/Registry/CoreRegistryInitializer.cs - Importer: ScriptedImporter/UnityEditor.QuickSearchModule:UnityEditor.Search:ASIAI0B' with importer (ScriptedImporter : UnityEditor.QuickSearchModule:UnityEditor.Search:ASIAI0B)
Imported 'GUID: 2579e429d2c9c43a1bd957ca08ba269a' -> (Import Result ID: 'ac2e77261225539a27f75ee1f9c7b984') in 0.001 seconds [static and dynamic dependencies]. Details - ImportResultOutputID=a2225acfee8c7f788be8088f639b00ae DependenciesID=8142584d6c91e092bea87988bea9fec1 StaticDependenciesID=5c244d47bf08697313e1e80a47afb467 
Number of updated asset objects reloaded before import = 0
Number of asset objects unloaded after import = 0
========================================================================
Received Import Request.
  Time of request: 2026-09-15T03:17:29.332114Z
  Time since last request: 0.000241994 seconds.
  importAddress: GUID: be5e351f9a40dd54d8fb1ec23b94a1e9 - Path: Packages/com.unity.services.core/Runtime/Telemetry/Metrics/Metrics.cs - Importer: ScriptedImporter/UnityEditor.QuickSearchModule:UnityEditor.Search:ASIAI0B
Importing 'GUID: be5e351f9a40dd54d8fb1ec23b94a1e9 - Path: Packages/com.unity.services.core/Runtime/Telemetry/Metrics/Metrics.cs - Importer: ScriptedImporter/UnityEditor.QuickSearchModule:UnityEditor.Search:ASIAI0B' with importer (ScriptedImporter : UnityEditor.QuickSearchModule:UnityEditor.Search:ASIAI0B)
Imported 'GUID: be5e351f9a40dd54d8fb1ec23b94a1e9' -> (Import Result ID: '6a54030dde0262c59251b33b96a21fc3') in 0.001 seconds [static and dynamic dependencies]. Details - ImportResultOutputID=151db83807122278ef48ed358b19ce1a DependenciesID=8b3e58a2c2ddf57f1fb6340612896dbe StaticDependenciesID=6d2319bf6c90722c94c32a7b1c5f6390 
Number of updated asset objects reloaded before import = 0
Number of asset objects unloaded after import = 0
========================================================================
Received Import Request.
  Time of request: 2026-09-15T03:17:29.333078Z
  Time since last request: 0.000316745 seconds.
  importAddress: GUID: 834428b9fdb274dc191d5db44eb23a2f - Path: Packages/com.unity.services.core/Runtime/Registration/AssemblyInfo.cs - Importer: ScriptedImporter/UnityEditor.QuickSearchModule:UnityEditor.Search:ASIAI0B
Importing 'GUID: 834428b9fdb274dc191d5db44eb23a2f - Path: Packages/com.unity.services.core/Runtime/Registration/AssemblyInfo.cs - Importer: ScriptedImporter/UnityEditor.QuickSearchModule:UnityEditor.Search:ASIAI0B' with importer (ScriptedImporter : UnityEditor.QuickSearchModule:UnityEditor.Search:ASIAI0B)
Imported 'GUID: 834428b9fdb274dc191d5db44eb23a2f' -> (Import Result ID: '566a81f02c8303d0feb4ab3768260db0') in 0.001 seconds [static and dynamic dependencies]. Details - ImportResultOutputID=e5f2ad09aa4b5564502eedec532e06e9 DependenciesID=e74447416338d980254ce46b4947664f StaticDependenciesID=594e0fd23a34be44454fb1adc72ed02e 
Number of updated asset objects reloaded before import = 0
Number of asset objects unloaded after import = 0
========================================================================
Received Import Request.
  Time of request: 2026-09-15T03:17:29.333907Z
  Time since last request: 0.000237857 seconds.
  importAddress: GUID: 0bc813267d884254f93e1477fe12263b - Path: Packages/com.unity.services.core/Runtime/Networking/Unity.Services.Core.Networking.api - Importer: ScriptedImporter/UnityEditor.QuickSearchModule:UnityEditor.Search:ASIAI0B
Importing 'GUID: 0bc813267d884254f93e1477fe12263b - Path: Packages/com.unity.services.core/Runtime/Networking/Unity.Services.Core.Networking.api - Importer: ScriptedImporter/UnityEditor.QuickSearchModule:UnityEditor.Search:ASIAI0B' with importer (ScriptedImporter : UnityEditor.QuickSearchModule:UnityEditor.Search:ASIAI0B)
Imported 'GUID: 0bc813267d884254f93e1477fe12263b' -> (Import Result ID: 'f3f9b37a6c70197e942c3f88ba252292') in 0.001 seconds [static and dynamic dependencies]. Details - ImportResultOutputID=f9af068e5f290fb46b4ad51e611f4077 DependenciesID=5387d9bc84aa09c6541b742f1e4911c5 StaticDependenciesID=13e7d1685b87d7cc1b223689ff478cf0 
Number of updated asset objects reloaded before import = 0
Number of asset objects unloaded after import = 1
========================================================================
Received Import Request.
  Time of request: 2026-09-15T03:17:29.33507Z
  Time since last request: 0.000245631 seconds.
  importAddress: GUID: cad53c020288c4aa5b499ccdbf6c3226 - Path: Packages/com.unity.services.core/Editor/Core/Environments/Client/Models/UnityUserGuestProjectV1.cs - Importer: ScriptedImporter/UnityEditor.QuickSearchModule:UnityEditor.Search:ASIAI0B
Importing 'GUID: cad53c020288c4aa5b499ccdbf6c3226 - Path: Packages/com.unity.services.core/Editor/Core/Environments/Client/Models/UnityUserGuestProjectV1.cs - Importer: ScriptedImporter/UnityEditor.QuickSearchModule:UnityEditor.Search:ASIAI0B' with importer (ScriptedImporter : UnityEditor.QuickSearchModule:UnityEditor.Search:ASIAI0B)
Imported 'GUID: cad53c020288c4aa5b499ccdbf6c3226' -> (Import Result ID: '8d3b56c58c968101537e15ab72d11623') in 0.001 seconds [static and dynamic dependencies]. Details - ImportResultOutputID=e904ccfb10cf52fd749fdabbc11f5a54 DependenciesID=4a60749330efc47ca83a664fe14dd6d4 StaticDependenciesID=770ba7cbf727408277517752990db2a1 
Number of updated asset objects reloaded before import = 0
Number of asset objects unloaded after import = 0
========================================================================
Received Import Request.
  Time of request: 2026-09-15T03:17:29.335952Z
  Time since last request: 0.000254638 seconds.
  importAddress: GUID: 4ec562db73a1a9542b5e467840433378 - Path: Packages/com.unity.services.core/Editor/Core/UiHelpers/AccessTokenErrorUiHelper.cs - Importer: ScriptedImporter/UnityEditor.QuickSearchModule:UnityEditor.Search:ASIAI0B
Importing 'GUID: 4ec562db73a1a9542b5e467840433378 - Path: Packages/com.unity.services.core/Editor/Core/UiHelpers/AccessTokenErrorUiHelper.cs - Importer: ScriptedImporter/UnityEditor.QuickSearchModule:UnityEditor.Search:ASIAI0B' with importer (ScriptedImporter : UnityEditor.QuickSearchModule:UnityEditor.Search:ASIAI0B)
Imported 'GUID: 4ec562db73a1a9542b5e467840433378' -> (Import Result ID: '95053e9c82b9f474dc63e0ae6d01dc67') in 0.001 seconds [static and dynamic dependencies]. Details - ImportResultOutputID=d17561bb5c21b207e5e4ea2645d668a0 DependenciesID=80017044f0c792629234c9b3eb672fa3 StaticDependenciesID=bd102108a24896d56e264207b586540a 
Number of updated asset objects reloaded before import = 0
Number of asset objects unloaded after import = 0
========================================================================
Received Import Request.
  Time of request: 2026-09-15T03:17:29.336922Z
  Time since last request: 0.000295956 seconds.
  importAddress: GUID: e981378a67a734dc3bb293bfedec3b33 - Path: Packages/com.unity.services.cloud-build/Editor - Importer: ScriptedImporter/UnityEditor.QuickSearchModule:UnityEditor.Search:ASIAI0B
Importing 'GUID: e981378a67a734dc3bb293bfedec3b33 - Path: Packages/com.unity.services.cloud-build/Editor - Importer: ScriptedImporter/UnityEditor.QuickSearchModule:UnityEditor.Search:ASIAI0B' with importer (ScriptedImporter : UnityEditor.QuickSearchModule:UnityEditor.Search:ASIAI0B)
Imported 'GUID: e981378a67a734dc3bb293bfedec3b33' -> (Import Result ID: 'c86052ee7a0e7d5e578e8a8bf4b5c42c') in 0.001 seconds [static and dynamic dependencies]. Details - ImportResultOutputID=20b664ee689aa85a84821d3f19b0b2c2 DependenciesID=c4741e4470d0698e38fb28c5be13bd93 StaticDependenciesID=ab927b0a6159157e4dc07f7123918a4b 
Number of updated asset objects reloaded before import = 0
Number of asset objects unloaded after import = 1
========================================================================
Received Import Request.
  Time of request: 2026-09-15T03:17:29.337767Z
  Time since last request: 0.000238598 seconds.
  importAddress: GUID: 07e3134c861c120498b4db06cb3e336d - Path: Packages/com.unity.services.core/Editor/Core/Status/UIServiceExtensions.cs - Importer: ScriptedImporter/UnityEditor.QuickSearchModule:UnityEditor.Search:ASIAI0B
Importing 'GUID: 07e3134c861c120498b4db06cb3e336d - Path: Packages/com.unity.services.core/Editor/Core/Status/UIServiceExtensions.cs - Importer: ScriptedImporter/UnityEditor.QuickSearchModule:UnityEditor.Search:ASIAI0B' with importer (ScriptedImporter : UnityEditor.QuickSearchModule:UnityEditor.Search:ASIAI0B)
Imported 'GUID: 07e3134c861c120498b4db06cb3e336d' -> (Import Result ID: '9d28bc700b2b7073daeb415bf33f798f') in 0.001 seconds [static and dynamic dependencies]. Details - ImportResultOutputID=6d7bdd2b38626d212bf54c75d7ffdddd DependenciesID=d8aa3e66c9c8d4baa7ced8891342ce3b StaticDependenciesID=1b4fc9c05a91efbe624b5ce760d28ce8 
Number of updated asset objects reloaded before import = 0
Number of asset objects unloaded after import = 0
========================================================================
Received Import Request.
  Time of request: 2026-09-15T03:17:29.338642Z
  Time since last request: 0.000261832 seconds.
  importAddress: GUID: 230ff0327fa25a64a84bbf9e7cf97c8b - Path: Packages/com.unity.services.core/Runtime/Core.Internal/Components/Vivox/IVivoxTokenProviderInternal.cs - Importer: ScriptedImporter/UnityEditor.QuickSearchModule:UnityEditor.Search:ASIAI0B
Importing 'GUID: 230ff0327fa25a64a84bbf9e7cf97c8b - Path: Packages/com.unity.services.core/Runtime/Core.Internal/Components/Vivox/IVivoxTokenProviderInternal.cs - Importer: ScriptedImporter/UnityEditor.QuickSearchModule:UnityEditor.Search:ASIAI0B' with importer (ScriptedImporter : UnityEditor.QuickSearchModule:UnityEditor.Search:ASIAI0B)
Imported 'GUID: 230ff0327fa25a64a84bbf9e7cf97c8b' -> (Import Result ID: '829d9b086219db296455bfd825ffd6ca') in 0.001 seconds [static and dynamic dependencies]. Details - ImportResultOutputID=ac94552e4f2de4450ab41ba850e918d4 DependenciesID=b924edb905a52af08ea22d499563a387 StaticDependenciesID=c1bf67b6118ae9395e21da281160d041 
Number of updated asset objects reloaded before import = 0
Number of asset objects unloaded after import = 0
========================================================================
Received Import Request.
  Time of request: 2026-09-15T03:17:29.339477Z
  Time since last request: 0.000231625 seconds.
  importAddress: GUID: 9488c334d65c5604989ba0f3b4b4576b - Path: Packages/com.unity.services.core/Editor/Core/Components - Importer: ScriptedImporter/UnityEditor.QuickSearchModule:UnityEditor.Search:ASIAI0B
Importing 'GUID: 9488c334d65c5604989ba0f3b4b4576b - Path: Packages/com.unity.services.core/Editor/Core/Components - Importer: ScriptedImporter/UnityEditor.QuickSearchModule:UnityEditor.Search:ASIAI0B' with importer (ScriptedImporter : UnityEditor.QuickSearchModule:UnityEditor.Search:ASIAI0B)
Imported 'GUID: 9488c334d65c5604989ba0f3b4b4576b' -> (Import Result ID: 'efdb44755816dc4cd144b2f4ea168429') in 0.001 seconds [static and dynamic dependencies]. Details - ImportResultOutputID=928949d09995d527aa65a23f183f6368 DependenciesID=ead61ae01cf722077d146ed98db778e9 StaticDependenciesID=60d979c5ef011115315e30090aa6468f 
Number of updated asset objects reloaded before import = 0
Number of asset objects unloaded after import = 1
========================================================================
Received Import Request.
  Time of request: 2026-09-15T03:17:29.341746Z
  Time since last request: 0.001678183 seconds.
  importAddress: GUID: 93dfd405b987c45479315eb420601044 - Path: Packages/com.unity.services.core/Runtime/Environments/Internal/Unity.Services.Core.Environments.Internal.asmdef - Importer: ScriptedImporter/UnityEditor.QuickSearchModule:UnityEditor.Search:ASIAI0B
Importing 'GUID: 93dfd405b987c45479315eb420601044 - Path: Packages/com.unity.services.core/Runtime/Environments/Internal/Unity.Services.Core.Environments.Internal.asmdef - Importer: ScriptedImporter/UnityEditor.QuickSearchModule:UnityEditor.Search:ASIAI0B' with importer (ScriptedImporter : UnityEditor.QuickSearchModule:UnityEditor.Search:ASIAI0B)
Imported 'GUID: 93dfd405b987c45479315eb420601044' -> (Import Result ID: '3edb15c906941c4c561b8347cfde1f3c') in 0.001 seconds [static and dynamic dependencies]. Details - ImportResultOutputID=8d383f0ca66f86d2422afa9f4ee0913e DependenciesID=afec4ad322e3208adb05df2135965a26 StaticDependenciesID=5917769fa5bc00e7791f90481b893497 
Number of updated asset objects reloaded before import = 0
Number of asset objects unloaded after import = 1
========================================================================
Received Import Request.
  Time of request: 2026-09-15T03:17:29.342615Z
  Time since last request: 0.000212048 seconds.
  importAddress: GUID: ed095cc016bfe354b86dbc64b34667e6 - Path: Packages/com.unity.services.core/Runtime/Core/Initialization/InitializationOptions.cs - Importer: ScriptedImporter/UnityEditor.QuickSearchModule:UnityEditor.Search:ASIAI0B
Importing 'GUID: ed095cc016bfe354b86dbc64b34667e6 - Path: Packages/com.unity.services.core/Runtime/Core/Initialization/InitializationOptions.cs - Importer: ScriptedImporter/UnityEditor.QuickSearchModule:UnityEditor.Search:ASIAI0B' with importer (ScriptedImporter : UnityEditor.QuickSearchModule:UnityEditor.Search:ASIAI0B)
Imported 'GUID: ed095cc016bfe354b86dbc64b34667e6' -> (Import Result ID: '3137e753a8f3cbdc63638fe5c93797fa') in 0.002 seconds [static and dynamic dependencies]. Details - ImportResultOutputID=59e0ebda6f58dd5ac3471c1292998e6c DependenciesID=93661b4933132a5e3499383ee21fbc13 StaticDependenciesID=68862e92c93586e13e2a84231b8f68a6 
Number of updated asset objects reloaded before import = 0
Number of asset objects unloaded after import = 0
========================================================================
Received Import Request.
  Time of request: 2026-09-15T03:17:29.344538Z
  Time since last request: 0.000188354 seconds.
  importAddress: GUID: 8ec5ff42a19804f12b6f36016197b5e8 - Path: Packages/com.unity.services.core/Runtime/Core/Utils - Importer: ScriptedImporter/UnityEditor.QuickSearchModule:UnityEditor.Search:ASIAI0B
Importing 'GUID: 8ec5ff42a19804f12b6f36016197b5e8 - Path: Packages/com.unity.services.core/Runtime/Core/Utils - Importer: ScriptedImporter/UnityEditor.QuickSearchModule:UnityEditor.Search:ASIAI0B' with importer (ScriptedImporter : UnityEditor.QuickSearchModule:UnityEditor.Search:ASIAI0B)
Imported 'GUID: 8ec5ff42a19804f12b6f36016197b5e8' -> (Import Result ID: '55fcb4e60de000d710453b607fd6e8d3') in 0.001 seconds [static and dynamic dependencies]. Details - ImportResultOutputID=be025619f45179711b77d019fa5d2fab DependenciesID=096d2c7cd4d37028f947d3d1c0d22ab5 StaticDependenciesID=d04626e7cbbdbf3b9dcab1e12b8a76ef 
Number of updated asset objects reloaded before import = 0
Number of asset objects unloaded after import = 1
========================================================================
Received Import Request.
  Time of request: 2026-09-15T03:17:29.345448Z
  Time since last request: 0.000327876 seconds.
  importAddress: GUID: 2d4226bb1b35d4a73896b0f11814ba6f - Path: Packages/com.unity.services.core/Editor/Core/Environments/Client/Models/UnityAddressV1.cs - Importer: ScriptedImporter/UnityEditor.QuickSearchModule:UnityEditor.Search:ASIAI0B
Importing 'GUID: 2d4226bb1b35d4a73896b0f11814ba6f - Path: Packages/com.unity.services.core/Editor/Core/Environments/Client/Models/UnityAddressV1.cs - Importer: ScriptedImporter/UnityEditor.QuickSearchModule:UnityEditor.Search:ASIAI0B' with importer (ScriptedImporter : UnityEditor.QuickSearchModule:UnityEditor.Search:ASIAI0B)
Imported 'GUID: 2d4226bb1b35d4a73896b0f11814ba6f' -> (Import Result ID: '431ef9ff5c48de1608fad597df1bd90f') in 0.001 seconds [static and dynamic dependencies]. Details - ImportResultOutputID=83b85b4e872dbe7d309d0d4b2d026e0a DependenciesID=e249d9070570132d854ca778242bb70f StaticDependenciesID=a69441373e54436b4a47cb9b8851a950 
Number of updated asset objects reloaded before import = 0
Number of asset objects unloaded after import = 0
========================================================================
Received Import Request.
  Time of request: 2026-09-15T03:17:29.346519Z
  Time since last request: 0.000413527 seconds.
  importAddress: GUID: eed7074da0854137b4affdacce5d20db - Path: Packages/com.unity.services.core/Editor/Core/EditorGameService/Analytics/EditorGameServiceAnalyticData.cs - Importer: ScriptedImporter/UnityEditor.QuickSearchModule:UnityEditor.Search:ASIAI0B
Importing 'GUID: eed7074da0854137b4affdacce5d20db - Path: Packages/com.unity.services.core/Editor/Core/EditorGameService/Analytics/EditorGameServiceAnalyticData.cs - Importer: ScriptedImporter/UnityEditor.QuickSearchModule:UnityEditor.Search:ASIAI0B' with importer (ScriptedImporter : UnityEditor.QuickSearchModule:UnityEditor.Search:ASIAI0B)
Imported 'GUID: eed7074da0854137b4affdacce5d20db' -> (Import Result ID: 'a00d2fc516a700e9ba53b1486209b0a9') in 0.001 seconds [static and dynamic dependencies]. Details - ImportResultOutputID=dd5e67c6a133b42ff673960a369d7efd DependenciesID=ceb042d79d9a9627b2f2e06a5cd0edd5 StaticDependenciesID=c9186f120c77bc7c939fcd1bd5fc6e19 
Number of updated asset objects reloaded before import = 0
Number of asset objects unloaded after import = 0
========================================================================
Received Import Request.
  Time of request: 2026-09-15T03:17:29.3478Z
  Time since last request: 0.000602091 seconds.
  importAddress: GUID: a4fec9ab8c1a4ce0849b3562f5c19f80 - Path: Packages/com.unity.services.core/Editor/Core/ProjectStateManagement/ProjectStateRequest.cs - Importer: ScriptedImporter/UnityEditor.QuickSearchModule:UnityEditor.Search:ASIAI0B
Importing 'GUID: a4fec9ab8c1a4ce0849b3562f5c19f80 - Path: Packages/com.unity.services.core/Editor/Core/ProjectStateManagement/ProjectStateRequest.cs - Importer: ScriptedImporter/UnityEditor.QuickSearchModule:UnityEditor.Search:ASIAI0B' with importer (ScriptedImporter : UnityEditor.QuickSearchModule:UnityEditor.Search:ASIAI0B)
Imported 'GUID: a4fec9ab8c1a4ce0849b3562f5c19f80' -> (Import Result ID: '858e05dde3eb32078f0175014152961b') in 0.001 seconds [static and dynamic dependencies]. Details - ImportResultOutputID=2db86053a5e1218d2bfe97dd6373b1ab DependenciesID=b71ddf55d922d02a5621431dad392ab4 StaticDependenciesID=058dae2d03ea433cbdb795546a9e9fd5 
Number of updated asset objects reloaded before import = 0
Number of asset objects unloaded after import = 0
========================================================================
Received Import Request.
  Time of request: 2026-09-15T03:17:29.348646Z
  Time since last request: 0.000232316 seconds.
  importAddress: GUID: f5a82d89366f47d69dc69ae0f6cf29bf - Path: Packages/com.unity.services.core/Editor/Core/UiHelpers/USS - Importer: ScriptedImporter/UnityEditor.QuickSearchModule:UnityEditor.Search:ASIAI0B
Importing 'GUID: f5a82d89366f47d69dc69ae0f6cf29bf - Path: Packages/com.unity.services.core/Editor/Core/UiHelpers/USS - Importer: ScriptedImporter/UnityEditor.QuickSearchModule:UnityEditor.Search:ASIAI0B' with importer (ScriptedImporter : UnityEditor.QuickSearchModule:UnityEditor.Search:ASIAI0B)
Imported 'GUID: f5a82d89366f47d69dc69ae0f6cf29bf' -> (Import Result ID: 'cd6c5c7742abfcf9a56e4b8f4642e9b2') in 0.001 seconds [static and dynamic dependencies]. Details - ImportResultOutputID=c8acf62dcf23ebee7a36d217c2f7280e DependenciesID=1c74117bf81765cdef33195dcd5a82cd StaticDependenciesID=f2b3e30d1fc80dfbb516b9393b41728b 
Number of updated asset objects reloaded before import = 0
Number of asset objects unloaded after import = 1
========================================================================
Received Import Request.
  Time of request: 2026-09-15T03:17:29.349464Z
  Time since last request: 0.00023968 seconds.
  importAddress: GUID: 818fd0c72018949c9911c0e5737bfa5f - Path: Packages/com.unity.services.core/Runtime/Core.Internal/Registry/IInitializablePackage.cs - Importer: ScriptedImporter/UnityEditor.QuickSearchModule:UnityEditor.Search:ASIAI0B
Importing 'GUID: 818fd0c72018949c9911c0e5737bfa5f - Path: Packages/com.unity.services.core/Runtime/Core.Internal/Registry/IInitializablePackage.cs - Importer: ScriptedImporter/UnityEditor.QuickSearchModule:UnityEditor.Search:ASIAI0B' with importer (ScriptedImporter : UnityEditor.QuickSearchModule:UnityEditor.Search:ASIAI0B)
Imported 'GUID: 818fd0c72018949c9911c0e5737bfa5f' -> (Import Result ID: '7380585f06709c8b8b73b9d8e9775677') in 0.001 seconds [static and dynamic dependencies]. Details - ImportResultOutputID=aac237950ad8336b0d4fe12fe011b941 DependenciesID=95517a664dc6dd94125dba45c794b36f StaticDependenciesID=f09d11106b381ba1489eb9cdaabb3de1 
Number of updated asset objects reloaded before import = 0
Number of asset objects unloaded after import = 0
========================================================================
Received Import Request.
  Time of request: 2026-09-15T03:17:29.350359Z
  Time since last request: 0.000296067 seconds.
  importAddress: GUID: 320e8a82ba9b470d9daf05ba21fc6c0a - Path: Packages/com.unity.services.core/Editor/Core/Environments/Analytics/EnvironmentAnalyticsSender.cs - Importer: ScriptedImporter/UnityEditor.QuickSearchModule:UnityEditor.Search:ASIAI0B
Importing 'GUID: 320e8a82ba9b470d9daf05ba21fc6c0a - Path: Packages/com.unity.services.core/Editor/Core/Environments/Analytics/EnvironmentAnalyticsSender.cs - Importer: ScriptedImporter/UnityEditor.QuickSearchModule:UnityEditor.Search:ASIAI0B' with importer (ScriptedImporter : UnityEditor.QuickSearchModule:UnityEditor.Search:ASIAI0B)
Imported 'GUID: 320e8a82ba9b470d9daf05ba21fc6c0a' -> (Import Result ID: 'dc5b8625e286a163fd12e93b0b95c4db') in 0.001 seconds [static and dynamic dependencies]. Details - ImportResultOutputID=5f87e5bdb4ff25a65443e0a954a87d3f DependenciesID=e01923d6a749fc9171881c8decc4ae8b StaticDependenciesID=94d4a1e7fab54971d3af76d4836c82dd 
Number of updated asset objects reloaded before import = 0
Number of asset objects unloaded after import = 0
========================================================================
Received Import Request.
  Time of request: 2026-09-15T03:17:29.351303Z
  Time since last request: 0.000362541 seconds.
  importAddress: GUID: a97a88294a224bf9970a770cd8fa3aa7 - Path: Packages/com.unity.services.core/Editor/Core/UserRoleManagement/IUserRoleHandler.cs - Importer: ScriptedImporter/UnityEditor.QuickSearchModule:UnityEditor.Search:ASIAI0B
Importing 'GUID: a97a88294a224bf9970a770cd8fa3aa7 - Path: Packages/com.unity.services.core/Editor/Core/UserRoleManagement/IUserRoleHandler.cs - Importer: ScriptedImporter/UnityEditor.QuickSearchModule:UnityEditor.Search:ASIAI0B' with importer (ScriptedImporter : UnityEditor.QuickSearchModule:UnityEditor.Search:ASIAI0B)
Imported 'GUID: a97a88294a224bf9970a770cd8fa3aa7' -> (Import Result ID: 'af2c1972a6f63fd60f05bdc3baedc31e') in 0.001 seconds [static and dynamic dependencies]. Details - ImportResultOutputID=554e12710eab18e74d40610d431115b6 DependenciesID=f6c485a4b4ed37163c07bc74dd219a56 StaticDependenciesID=2f9f0d3c4563282a9b7abe289a72ed98 
Number of updated asset objects reloaded before import = 0
Number of asset objects unloaded after import = 0
========================================================================
Received Import Request.
  Time of request: 2026-09-15T03:17:29.352185Z
  Time since last request: 0.000301126 seconds.
  importAddress: GUID: 7e91ddb9a38e46f2b0669180e053a695 - Path: Packages/com.unity.services.core/Editor/Core/EditorGameService/DefaultCdnConfiguredEndpoint.cs - Importer: ScriptedImporter/UnityEditor.QuickSearchModule:UnityEditor.Search:ASIAI0B
Importing 'GUID: 7e91ddb9a38e46f2b0669180e053a695 - Path: Packages/com.unity.services.core/Editor/Core/EditorGameService/DefaultCdnConfiguredEndpoint.cs - Importer: ScriptedImporter/UnityEditor.QuickSearchModule:UnityEditor.Search:ASIAI0B' with importer (ScriptedImporter : UnityEditor.QuickSearchModule:UnityEditor.Search:ASIAI0B)
Imported 'GUID: 7e91ddb9a38e46f2b0669180e053a695' -> (Import Result ID: 'a163d62db0b6ea64a248a2f49a5b33ad') in 0.001 seconds [static and dynamic dependencies]. Details - ImportResultOutputID=1099d75eb4b194a48a36b171a55387e8 DependenciesID=ca334646d0e53fab2e50a59c1bf317b5 StaticDependenciesID=dc00544f0dc6bf86032c5a82ecd68e1a 
Number of updated asset objects reloaded before import = 0
Number of asset objects unloaded after import = 0
========================================================================
Received Import Request.
  Time of request: 2026-09-15T03:17:29.353484Z
  Time since last request: 0.000528232 seconds.
  importAddress: GUID: 0dc33952e916e49cd8d00f627d768b05 - Path: Packages/com.unity.services.core/Editor/Core/Shared/EditorUtils/EditorValueTracker.Gen.cs - Importer: ScriptedImporter/UnityEditor.QuickSearchModule:UnityEditor.Search:ASIAI0B
Importing 'GUID: 0dc33952e916e49cd8d00f627d768b05 - Path: Packages/com.unity.services.core/Editor/Core/Shared/EditorUtils/EditorValueTracker.Gen.cs - Importer: ScriptedImporter/UnityEditor.QuickSearchModule:UnityEditor.Search:ASIAI0B' with importer (ScriptedImporter : UnityEditor.QuickSearchModule:UnityEditor.Search:ASIAI0B)
Imported 'GUID: 0dc33952e916e49cd8d00f627d768b05' -> (Import Result ID: '09a0f91352aba2f8f07495b34c13b5c9') in 0.001 seconds [static and dynamic dependencies]. Details - ImportResultOutputID=7a29adc274c66f84b77a774c199a46f7 DependenciesID=46f3ffd792df1ed5026a2535a6a3446d StaticDependenciesID=72101e02bc4c1527d7f9345cabece14d 
Number of updated asset objects reloaded before import = 0
Number of asset objects unloaded after import = 0
========================================================================
Received Import Request.
  Time of request: 2026-09-15T03:17:29.354398Z
  Time since last request: 0.000275268 seconds.
  importAddress: GUID: e13401069986e4070b7b19134fd9ea67 - Path: Packages/com.unity.services.core/Editor/Core/Environments/Client/Http/ResponseDeserializationException.cs - Importer: ScriptedImporter/UnityEditor.QuickSearchModule:UnityEditor.Search:ASIAI0B
Importing 'GUID: e13401069986e4070b7b19134fd9ea67 - Path: Packages/com.unity.services.core/Editor/Core/Environments/Client/Http/ResponseDeserializationException.cs - Importer: ScriptedImporter/UnityEditor.QuickSearchModule:UnityEditor.Search:ASIAI0B' with importer (ScriptedImporter : UnityEditor.QuickSearchModule:UnityEditor.Search:ASIAI0B)
Imported 'GUID: e13401069986e4070b7b19134fd9ea67' -> (Import Result ID: '83633520cb5cfe9422261ce64ffec757') in 0.001 seconds [static and dynamic dependencies]. Details - ImportResultOutputID=d1efb8e224a600cd7620668ef95e12a8 DependenciesID=be13da3401756a2e4dffaeab6c69d446 StaticDependenciesID=2b3553e097eb248d8ab07b19c414b707 
Number of updated asset objects reloaded before import = 0
Number of asset objects unloaded after import = 0
========================================================================
Received Import Request.
  Time of request: 2026-09-15T03:17:29.355365Z
  Time since last request: 0.000341982 seconds.
  importAddress: GUID: f4eea6806fae644df829a32ac4939577 - Path: Packages/com.unity.services.core/Editor/Core/Environments/Client/Models/UnityGetOrganizationMembers200Response.cs - Importer: ScriptedImporter/UnityEditor.QuickSearchModule:UnityEditor.Search:ASIAI0B
Importing 'GUID: f4eea6806fae644df829a32ac4939577 - Path: Packages/com.unity.services.core/Editor/Core/Environments/Client/Models/UnityGetOrganizationMembers200Response.cs - Importer: ScriptedImporter/UnityEditor.QuickSearchModule:UnityEditor.Search:ASIAI0B' with importer (ScriptedImporter : UnityEditor.QuickSearchModule:UnityEditor.Search:ASIAI0B)
Imported 'GUID: f4eea6806fae644df829a32ac4939577' -> (Import Result ID: '84c40fe6bbae9faac1df9a8e44f96e3e') in 0.001 seconds [static and dynamic dependencies]. Details - ImportResultOutputID=96062818a3eb3bde6a0ec993b81ed6aa DependenciesID=e5a199dab2a10e751c5f41fa202c16d5 StaticDependenciesID=79c5c278ad1c641eee86bbcc88705609 
Number of updated asset objects reloaded before import = 0
Number of asset objects unloaded after import = 0
========================================================================
Received Import Request.
  Time of request: 2026-09-15T03:17:29.356476Z
  Time since last request: 0.000373863 seconds.
  importAddress: GUID: 01e7e065dd954fd695f04594c6d42959 - Path: Packages/com.unity.services.core/Editor/Core/Linker/Models/XmlLinkerModel.cs - Importer: ScriptedImporter/UnityEditor.QuickSearchModule:UnityEditor.Search:ASIAI0B
Importing 'GUID: 01e7e065dd954fd695f04594c6d42959 - Path: Packages/com.unity.services.core/Editor/Core/Linker/Models/XmlLinkerModel.cs - Importer: ScriptedImporter/UnityEditor.QuickSearchModule:UnityEditor.Search:ASIAI0B' with importer (ScriptedImporter : UnityEditor.QuickSearchModule:UnityEditor.Search:ASIAI0B)
Imported 'GUID: 01e7e065dd954fd695f04594c6d42959' -> (Import Result ID: '38ad8aea0c784e7cde39cac933c76a83') in 0.001 seconds [static and dynamic dependencies]. Details - ImportResultOutputID=09332fbf5b4c6e87337e7c8d356a107f DependenciesID=2f79e7ae550550af1f5a31aeccaf0fde StaticDependenciesID=d961921ec302bd3d0f4fb91f0d5723b5 
Number of updated asset objects reloaded before import = 0
Number of asset objects unloaded after import = 0
========================================================================
Received Import Request.
  Time of request: 2026-09-15T03:17:29.357365Z
  Time since last request: 0.000269276 seconds.
  importAddress: GUID: eaca1461750224243bbf46b2e8741f64 - Path: Packages/com.unity.services.core/Runtime/Core/IService.cs - Importer: ScriptedImporter/UnityEditor.QuickSearchModule:UnityEditor.Search:ASIAI0B
Importing 'GUID: eaca1461750224243bbf46b2e8741f64 - Path: Packages/com.unity.services.core/Runtime/Core/IService.cs - Importer: ScriptedImporter/UnityEditor.QuickSearchModule:UnityEditor.Search:ASIAI0B' with importer (ScriptedImporter : UnityEditor.QuickSearchModule:UnityEditor.Search:ASIAI0B)
Imported 'GUID: eaca1461750224243bbf46b2e8741f64' -> (Import Result ID: '05dbac3656b3d183d9d6ee7d4536a125') in 0.001 seconds [static and dynamic dependencies]. Details - ImportResultOutputID=e8fabce49f53f5d1d5474eb1390c554b DependenciesID=244f895a4fe7f460fa3c00070e32bf33 StaticDependenciesID=c50a11437fa0ae862b077cc4b546cbc0 
Number of updated asset objects reloaded before import = 0
Number of asset objects unloaded after import = 0
========================================================================
Received Import Request.
  Time of request: 2026-09-15T03:17:29.358328Z
  Time since last request: 0.000318689 seconds.
  importAddress: GUID: 90f56b0e19234c3d83a22db15b02d883 - Path: Packages/com.unity.services.core/Editor/Core/Environments/Analytics/EnvironmentAnalyticEvent.cs - Importer: ScriptedImporter/UnityEditor.QuickSearchModule:UnityEditor.Search:ASIAI0B
Importing 'GUID: 90f56b0e19234c3d83a22db15b02d883 - Path: Packages/com.unity.services.core/Editor/Core/Environments/Analytics/EnvironmentAnalyticEvent.cs - Importer: ScriptedImporter/UnityEditor.QuickSearchModule:UnityEditor.Search:ASIAI0B' with importer (ScriptedImporter : UnityEditor.QuickSearchModule:UnityEditor.Search:ASIAI0B)
Imported 'GUID: 90f56b0e19234c3d83a22db15b02d883' -> (Import Result ID: 'db02aafd85ccd5c88830775481bb44e6') in 0.001 seconds [static and dynamic dependencies]. Details - ImportResultOutputID=00fe621d15a557573b2b010069a8ab88 DependenciesID=b0077c913b0d323589f53c1db89ea69e StaticDependenciesID=92f4363ca40cdd8201ccef81aa861d38 
Number of updated asset objects reloaded before import = 0
Number of asset objects unloaded after import = 0
========================================================================
Received Import Request.
  Time of request: 2026-09-15T03:17:29.359225Z
  Time since last request: 0.000288963 seconds.
  importAddress: GUID: 551ea0e88707ef72e9c975e115290f84 - Path: Packages/com.unity.services.core/Editor/Core/Environments/Client/Models/UnityCreateEnvironmentRequest.cs - Importer: ScriptedImporter/UnityEditor.QuickSearchModule:UnityEditor.Search:ASIAI0B
Importing 'GUID: 551ea0e88707ef72e9c975e115290f84 - Path: Packages/com.unity.services.core/Editor/Core/Environments/Client/Models/UnityCreateEnvironmentRequest.cs - Importer: ScriptedImporter/UnityEditor.QuickSearchModule:UnityEditor.Search:ASIAI0B' with importer (ScriptedImporter : UnityEditor.QuickSearchModule:UnityEditor.Search:ASIAI0B)
Imported 'GUID: 551ea0e88707ef72e9c975e115290f84' -> (Import Result ID: '29b34b439163905b320d2bc8936f37b1') in 0.001 seconds [static and dynamic dependencies]. Details - ImportResultOutputID=e37dbb2c9b7e0e99d2ca5bc97d45f238 DependenciesID=a9f68bd8c6a0b34f41bc8f79176f06cc StaticDependenciesID=8bfdfde68591fdf62082068c794392f9 
Number of updated asset objects reloaded before import = 0
Number of asset objects unloaded after import = 0
========================================================================
Received Import Request.
  Time of request: 2026-09-15T03:17:29.360112Z
  Time since last request: 0.000295736 seconds.
  importAddress: GUID: 5b82a86adaaeb4c0786b09f4f5b9065a - Path: Packages/com.unity.services.core/Editor/Core/EditorGameService/USS/ServicesProjectSettingsCommon.uss - Importer: ScriptedImporter/UnityEditor.QuickSearchModule:UnityEditor.Search:ASIAI0B
Importing 'GUID: 5b82a86adaaeb4c0786b09f4f5b9065a - Path: Packages/com.unity.services.core/Editor/Core/EditorGameService/USS/ServicesProjectSettingsCommon.uss - Importer: ScriptedImporter/UnityEditor.QuickSearchModule:UnityEditor.Search:ASIAI0B' with importer (ScriptedImporter : UnityEditor.QuickSearchModule:UnityEditor.Search:ASIAI0B)
Imported 'GUID: 5b82a86adaaeb4c0786b09f4f5b9065a' -> (Import Result ID: '455726c10add76db0b36364d17fce7f7') in 0.002 seconds [static and dynamic dependencies]. Details - ImportResultOutputID=214a65ec9498d3e9a11825824f5f1ead DependenciesID=ccdd95e886b59871d208efb05b0a82e2 StaticDependenciesID=2d4e1b23c3cdcc5d27d0309867e6655a 
Number of updated asset objects reloaded before import = 0
Number of asset objects unloaded after import = 1
========================================================================
Received Import Request.
  Time of request: 2026-09-15T03:17:29.362313Z
  Time since last request: 0.000432242 seconds.
  importAddress: GUID: ac5940d1ac8476b4dad0aa82a483442c - Path: Packages/com.unity.services.core/Runtime/Environments/Internal - Importer: ScriptedImporter/UnityEditor.QuickSearchModule:UnityEditor.Search:ASIAI0B
Importing 'GUID: ac5940d1ac8476b4dad0aa82a483442c - Path: Packages/com.unity.services.core/Runtime/Environments/Internal - Importer: ScriptedImporter/UnityEditor.QuickSearchModule:UnityEditor.Search:ASIAI0B' with importer (ScriptedImporter : UnityEditor.QuickSearchModule:UnityEditor.Search:ASIAI0B)
Imported 'GUID: ac5940d1ac8476b4dad0aa82a483442c' -> (Import Result ID: '600f51b4beba7dfe59b0fbfa4f507fce') in 0.001 seconds [static and dynamic dependencies]. Details - ImportResultOutputID=5cfa3b60341b5f25adb057ae2fb6c794 DependenciesID=ae05e1c950a4bd6d0fc0e7d2a09169c9 StaticDependenciesID=be4d3a1500f16c5ffd70fb49073c224b 
Number of updated asset objects reloaded before import = 0
Number of asset objects unloaded after import = 1
========================================================================
Received Import Request.
  Time of request: 2026-09-15T03:17:29.363155Z
  Time since last request: 0.000246303 seconds.
  importAddress: GUID: 859a95323373144b7a6b438edfc6ee56 - Path: Packages/com.unity.services.core/Editor/Core/ProjectBindRedirect/USS/ProjectBindRedirectProjectSettings.uss - Importer: ScriptedImporter/UnityEditor.QuickSearchModule:UnityEditor.Search:ASIAI0B
Importing 'GUID: 859a95323373144b7a6b438edfc6ee56 - Path: Packages/com.unity.services.core/Editor/Core/ProjectBindRedirect/USS/ProjectBindRedirectProjectSettings.uss - Importer: ScriptedImporter/UnityEditor.QuickSearchModule:UnityEditor.Search:ASIAI0B' with importer (ScriptedImporter : UnityEditor.QuickSearchModule:UnityEditor.Search:ASIAI0B)
Imported 'GUID: 859a95323373144b7a6b438edfc6ee56' -> (Import Result ID: 'ea436d60593d61360e749c5b6ecee675') in 0.001 seconds [static and dynamic dependencies]. Details - ImportResultOutputID=1c21080d9c286bd149b785bbb445e53c DependenciesID=fc15c1fa2f96a42305c89ab341febde4 StaticDependenciesID=38a435ee89b85a035fd0ad1f2bf3e444 
Number of updated asset objects reloaded before import = 0
Number of asset objects unloaded after import = 1
========================================================================
Received Import Request.
  Time of request: 2026-09-15T03:17:29.364752Z
  Time since last request: 0.000346982 seconds.
  importAddress: GUID: 4cd0b1268265e3f41baa3aca9d5f2e65 - Path: Packages/com.unity.services.core/Runtime/Core.Internal/Registry/ServiceRegistry/IServiceRegistry.cs - Importer: ScriptedImporter/UnityEditor.QuickSearchModule:UnityEditor.Search:ASIAI0B
Importing 'GUID: 4cd0b1268265e3f41baa3aca9d5f2e65 - Path: Packages/com.unity.services.core/Runtime/Core.Internal/Registry/ServiceRegistry/IServiceRegistry.cs - Importer: ScriptedImporter/UnityEditor.QuickSearchModule:UnityEditor.Search:ASIAI0B' with importer (ScriptedImporter : UnityEditor.QuickSearchModule:UnityEditor.Search:ASIAI0B)
Imported 'GUID: 4cd0b1268265e3f41baa3aca9d5f2e65' -> (Import Result ID: '4cee21b99e474893cc9efacbf23c2dfc') in 0.001 seconds [static and dynamic dependencies]. Details - ImportResultOutputID=964d275abf22d05b7d82e0a13db7f860 DependenciesID=d9d0735e6b8893a2093e9aa390bc2db0 StaticDependenciesID=bfcff19f7da26be2b8b8390e71aa3e25 
Number of updated asset objects reloaded before import = 0
Number of asset objects unloaded after import = 0
========================================================================
Received Import Request.
  Time of request: 2026-09-15T03:17:29.365743Z
  Time since last request: 0.000300846 seconds.
  importAddress: GUID: 18566762fc26b7949ab81cd5526fd740 - Path: Packages/com.unity.services.core/Runtime/Networking/AssemblyInfo.cs - Importer: ScriptedImporter/UnityEditor.QuickSearchModule:UnityEditor.Search:ASIAI0B
Importing 'GUID: 18566762fc26b7949ab81cd5526fd740 - Path: Packages/com.unity.services.core/Runtime/Networking/AssemblyInfo.cs - Importer: ScriptedImporter/UnityEditor.QuickSearchModule:UnityEditor.Search:ASIAI0B' with importer (ScriptedImporter : UnityEditor.QuickSearchModule:UnityEditor.Search:ASIAI0B)
Imported 'GUID: 18566762fc26b7949ab81cd5526fd740' -> (Import Result ID: '518b12c1fc4599a1b090925c2ac38e18') in 0.001 seconds [static and dynamic dependencies]. Details - ImportResultOutputID=1ecbf3199bc204c7b518866dc88dfa10 DependenciesID=78b95fca23365e0159591c86072f309d StaticDependenciesID=e73f91383b7c3b8cb8d74616ff8d3da3 
Number of updated asset objects reloaded before import = 0
Number of asset objects unloaded after import = 0
========================================================================
Received Import Request.
  Time of request: 2026-09-15T03:17:29.366605Z
  Time since last request: 0.000269416 seconds.
  importAddress: GUID: 8633e275bcc4c4540929c62473526fce - Path: Packages/com.unity.services.core/Editor/Core/CloudEnvironment/CloudEnvironmentConfigProvider.cs - Importer: ScriptedImporter/UnityEditor.QuickSearchModule:UnityEditor.Search:ASIAI0B
Importing 'GUID: 8633e275bcc4c4540929c62473526fce - Path: Packages/com.unity.services.core/Editor/Core/CloudEnvironment/CloudEnvironmentConfigProvider.cs - Importer: ScriptedImporter/UnityEditor.QuickSearchModule:UnityEditor.Search:ASIAI0B' with importer (ScriptedImporter : UnityEditor.QuickSearchModule:UnityEditor.Search:ASIAI0B)
Imported 'GUID: 8633e275bcc4c4540929c62473526fce' -> (Import Result ID: 'addaad681463e196595e250f24a0338e') in 0.001 seconds [static and dynamic dependencies]. Details - ImportResultOutputID=1c2430936580a39def79b8e19aa69ebe DependenciesID=a8ba40d2e35f9453b9b5bf67e787640d StaticDependenciesID=298ce074351be1daa583946819f9cd3f 
Number of updated asset objects reloaded before import = 0
Number of asset objects unloaded after import = 0
========================================================================
Received Import Request.
  Time of request: 2026-09-15T03:17:29.367477Z
  Time since last request: 0.000280206 seconds.
  importAddress: GUID: 70a510401d114452a9dc4a53f35f6bfc - Path: Packages/com.unity.services.core/Editor/Core/Environments/UI/Assets/EnvironmentSelectorUi.uss - Importer: ScriptedImporter/UnityEditor.QuickSearchModule:UnityEditor.Search:ASIAI0B
Importing 'GUID: 70a510401d114452a9dc4a53f35f6bfc - Path: Packages/com.unity.services.core/Editor/Core/Environments/UI/Assets/EnvironmentSelectorUi.uss - Importer: ScriptedImporter/UnityEditor.QuickSearchModule:UnityEditor.Search:ASIAI0B' with importer (ScriptedImporter : UnityEditor.QuickSearchModule:UnityEditor.Search:ASIAI0B)
Imported 'GUID: 70a510401d114452a9dc4a53f35f6bfc' -> (Import Result ID: '7bc89b1812ea041489e471c6a099f860') in 0.001 seconds [static and dynamic dependencies]. Details - ImportResultOutputID=4a725ffc7746717a74539a32c82be99b DependenciesID=d890bd0e57dd8c3c2d216294b0bc2363 StaticDependenciesID=3e5afdd28fa997f6e718b6580ba13d89 
Number of updated asset objects reloaded before import = 0
Number of asset objects unloaded after import = 1
========================================================================
Received Import Request.
  Time of request: 2026-09-15T03:17:29.368948Z
  Time since last request: 0.000320593 seconds.
  importAddress: GUID: 9a0c99ca7bb84684fbf1df9c8f77e89f - Path: Packages/com.unity.services.core/README.md - Importer: ScriptedImporter/UnityEditor.QuickSearchModule:UnityEditor.Search:ASIAI0B
Importing 'GUID: 9a0c99ca7bb84684fbf1df9c8f77e89f - Path: Packages/com.unity.services.core/README.md - Importer: ScriptedImporter/UnityEditor.QuickSearchModule:UnityEditor.Search:ASIAI0B' with importer (ScriptedImporter : UnityEditor.QuickSearchModule:UnityEditor.Search:ASIAI0B)
Imported 'GUID: 9a0c99ca7bb84684fbf1df9c8f77e89f' -> (Import Result ID: '863126c9c53de722b2b2731a4ac21362') in 0.001 seconds [static and dynamic dependencies]. Details - ImportResultOutputID=6f072b76b343d9c36b683d184b92b4df DependenciesID=8be11ba3779a971842d690961cd9d9d5 StaticDependenciesID=3e6fde1b69340cc31dc81cf33dd1aff2 
Number of updated asset objects reloaded before import = 0
Number of asset objects unloaded after import = 1
========================================================================
Received Import Request.
  Time of request: 2026-09-15T03:17:29.369878Z
  Time since last request: 0.000273594 seconds.
  importAddress: GUID: 2834b4ceb01eed449ad34cbd5f6d13cb - Path: Packages/com.unity.services.core/Editor/Core/Utils - Importer: ScriptedImporter/UnityEditor.QuickSearchModule:UnityEditor.Search:ASIAI0B
Importing 'GUID: 2834b4ceb01eed449ad34cbd5f6d13cb - Path: Packages/com.unity.services.core/Editor/Core/Utils - Importer: ScriptedImporter/UnityEditor.QuickSearchModule:UnityEditor.Search:ASIAI0B' with importer (ScriptedImporter : UnityEditor.QuickSearchModule:UnityEditor.Search:ASIAI0B)
Imported 'GUID: 2834b4ceb01eed449ad34cbd5f6d13cb' -> (Import Result ID: '95a4e4009a8c9e844ebb216efca67187') in 0.001 seconds [static and dynamic dependencies]. Details - ImportResultOutputID=a099616e5784b530f4a72c8ddd4f11ff DependenciesID=d889a747b4c714c5ffc9fe3f8238c268 StaticDependenciesID=57675a5915f11082195cf18d5c052747 
Number of updated asset objects reloaded before import = 0
Number of asset objects unloaded after import = 1
========================================================================
Received Import Request.
  Time of request: 2026-09-15T03:17:29.370755Z
  Time since last request: 0.000299082 seconds.
  importAddress: GUID: 476d6affad0f84edaa7f2517f66cfb3d - Path: Packages/com.unity.services.core/Editor/Core/Build - Importer: ScriptedImporter/UnityEditor.QuickSearchModule:UnityEditor.Search:ASIAI0B
Importing 'GUID: 476d6affad0f84edaa7f2517f66cfb3d - Path: Packages/com.unity.services.core/Editor/Core/Build - Importer: ScriptedImporter/UnityEditor.QuickSearchModule:UnityEditor.Search:ASIAI0B' with importer (ScriptedImporter : UnityEditor.QuickSearchModule:UnityEditor.Search:ASIAI0B)
Imported 'GUID: 476d6affad0f84edaa7f2517f66cfb3d' -> (Import Result ID: '77c391a7a22d92bf3865d4e333135aec') in 0.001 seconds [static and dynamic dependencies]. Details - ImportResultOutputID=fd075d302c1fc296e3f41bf0f12e582e DependenciesID=44b1450a42a89c03c33a42a7c940ae29 StaticDependenciesID=9dff1c97fc11445dfce8f5ddb740a675 
Number of updated asset objects reloaded before import = 0
Number of asset objects unloaded after import = 1
========================================================================
Received Import Request.
  Time of request: 2026-09-15T03:17:29.371644Z
  Time since last request: 0.000277571 seconds.
  importAddress: GUID: f0d49dd8a34484dc387198e1e2a3fe0c - Path: Packages/com.unity.services.core/Runtime/Environments/Internal/Environments.cs - Importer: ScriptedImporter/UnityEditor.QuickSearchModule:UnityEditor.Search:ASIAI0B
Importing 'GUID: f0d49dd8a34484dc387198e1e2a3fe0c - Path: Packages/com.unity.services.core/Runtime/Environments/Internal/Environments.cs - Importer: ScriptedImporter/UnityEditor.QuickSearchModule:UnityEditor.Search:ASIAI0B' with importer (ScriptedImporter : UnityEditor.QuickSearchModule:UnityEditor.Search:ASIAI0B)
Imported 'GUID: f0d49dd8a34484dc387198e1e2a3fe0c' -> (Import Result ID: 'd1fd2e504bf84600c954dc36c808cbac') in 0.001 seconds [static and dynamic dependencies]. Details - ImportResultOutputID=047e680efcf9d069bd2a20e19ec8729f DependenciesID=2795b1d05f7685e583d895796c30bb29 StaticDependenciesID=5fe13f85a01ffe8175c2ffe179646b3c 
Number of updated asset objects reloaded before import = 0
Number of asset objects unloaded after import = 0
========================================================================
Received Import Request.
  Time of request: 2026-09-15T03:17:29.372685Z
  Time since last request: 0.000268735 seconds.
  importAddress: GUID: 3acf2aa337e346f289bc71ea2fb7d786 - Path: Packages/com.unity.services.core/Editor/Core/ProjectBindRedirect/ProjectBindRedirectProjectSettingsUi.cs - Importer: ScriptedImporter/UnityEditor.QuickSearchModule:UnityEditor.Search:ASIAI0B
Importing 'GUID: 3acf2aa337e346f289bc71ea2fb7d786 - Path: Packages/com.unity.services.core/Editor/Core/ProjectBindRedirect/ProjectBindRedirectProjectSettingsUi.cs - Importer: ScriptedImporter/UnityEditor.QuickSearchModule:UnityEditor.Search:ASIAI0B' with importer (ScriptedImporter : UnityEditor.QuickSearchModule:UnityEditor.Search:ASIAI0B)
Imported 'GUID: 3acf2aa337e346f289bc71ea2fb7d786' -> (Import Result ID: '46d5d02678180b62767f3f4092dfaa66') in 0.001 seconds [static and dynamic dependencies]. Details - ImportResultOutputID=f34e9378671b4cd71c1be102ae813650 DependenciesID=4be839fce1ace36443ec99773645c442 StaticDependenciesID=4881fe6d93940b008193cd72c06f0202 
Number of updated asset objects reloaded before import = 0
Number of asset objects unloaded after import = 0
========================================================================
Received Import Request.
  Time of request: 2026-09-15T03:17:29.373653Z
  Time since last request: 0.000240091 seconds.
  importAddress: GUID: 4bf5535fd1c6d46de8893c106f2a4907 - Path: Packages/com.unity.services.core/Editor/Core/EditorGameService/IEditorGameServiceEnabler.cs - Importer: ScriptedImporter/UnityEditor.QuickSearchModule:UnityEditor.Search:ASIAI0B
Importing 'GUID: 4bf5535fd1c6d46de8893c106f2a4907 - Path: Packages/com.unity.services.core/Editor/Core/EditorGameService/IEditorGameServiceEnabler.cs - Importer: ScriptedImporter/UnityEditor.QuickSearchModule:UnityEditor.Search:ASIAI0B' with importer (ScriptedImporter : UnityEditor.QuickSearchModule:UnityEditor.Search:ASIAI0B)
Imported 'GUID: 4bf5535fd1c6d46de8893c106f2a4907' -> (Import Result ID: 'c1b0f693ee82119155ab0a2f093439ef') in 0.002 seconds [static and dynamic dependencies]. Details - ImportResultOutputID=a9526d2efcf17d85d7123531607f667c DependenciesID=80968aba24fd28035806021ff811e85b StaticDependenciesID=450fe8770181abf60713a8675273fc4f 
Number of updated asset objects reloaded before import = 0
Number of asset objects unloaded after import = 0
========================================================================
Received Import Request.
  Time of request: 2026-09-15T03:17:29.375937Z
  Time since last request: 0.000309562 seconds.
  importAddress: GUID: 8403e32bfcb112444bcc3a7f9ea043d1 - Path: Packages/com.unity.services.core/Runtime/Configuration/ConfigurationCollectionHelper.cs - Importer: ScriptedImporter/UnityEditor.QuickSearchModule:UnityEditor.Search:ASIAI0B
Importing 'GUID: 8403e32bfcb112444bcc3a7f9ea043d1 - Path: Packages/com.unity.services.core/Runtime/Configuration/ConfigurationCollectionHelper.cs - Importer: ScriptedImporter/UnityEditor.QuickSearchModule:UnityEditor.Search:ASIAI0B' with importer (ScriptedImporter : UnityEditor.QuickSearchModule:UnityEditor.Search:ASIAI0B)
Imported 'GUID: 8403e32bfcb112444bcc3a7f9ea043d1' -> (Import Result ID: '277f8065b9b4eb5f988213241b748a80') in 0.001 seconds [static and dynamic dependencies]. Details - ImportResultOutputID=2f1e6ccbe87e4dce8b1515d8e29eac7c DependenciesID=2e1a7606b52723c7d080bea177953ce0 StaticDependenciesID=dc588ed205ffa7113b5f56a34b9fd622 
Number of updated asset objects reloaded before import = 0
Number of asset objects unloaded after import = 0
========================================================================
Received Import Request.
  Time of request: 2026-09-15T03:17:29.377112Z
  Time since last request: 0.000297018 seconds.
  importAddress: GUID: 6d24c9b8f12524834ab8c048bcc93f12 - Path: Packages/com.unity.services.core/Editor/Core/ProjectBindRedirect/UXML/ProjectBindRedirectPopup.uxml - Importer: ScriptedImporter/UnityEditor.QuickSearchModule:UnityEditor.Search:ASIAI0B
Importing 'GUID: 6d24c9b8f12524834ab8c048bcc93f12 - Path: Packages/com.unity.services.core/Editor/Core/ProjectBindRedirect/UXML/ProjectBindRedirectPopup.uxml - Importer: ScriptedImporter/UnityEditor.QuickSearchModule:UnityEditor.Search:ASIAI0B' with importer (ScriptedImporter : UnityEditor.QuickSearchModule:UnityEditor.Search:ASIAI0B)
Imported 'GUID: 6d24c9b8f12524834ab8c048bcc93f12' -> (Import Result ID: 'fc25c842eb0024bab92988a4042ae3a1') in 0.003 seconds [static and dynamic dependencies]. Details - ImportResultOutputID=7070bae8453abadf15cfba5f9b881bd2 DependenciesID=36621c242601696a278b246643c500dc StaticDependenciesID=35809809fb0d475f430a8af95c0bc739 
Number of updated asset objects reloaded before import = 0
Number of asset objects unloaded after import = 2
========================================================================
Received Import Request.
  Time of request: 2026-09-15T03:17:29.380126Z
  Time since last request: 0.000257353 seconds.
  importAddress: GUID: 8ab6db39cc89491bb901eb484cd94373 - Path: Packages/com.unity.services.core/Editor/Core/ProjectStateManagement/ServiceFlagRequest.cs - Importer: ScriptedImporter/UnityEditor.QuickSearchModule:UnityEditor.Search:ASIAI0B
Importing 'GUID: 8ab6db39cc89491bb901eb484cd94373 - Path: Packages/com.unity.services.core/Editor/Core/ProjectStateManagement/ServiceFlagRequest.cs - Importer: ScriptedImporter/UnityEditor.QuickSearchModule:UnityEditor.Search:ASIAI0B' with importer (ScriptedImporter : UnityEditor.QuickSearchModule:UnityEditor.Search:ASIAI0B)
Imported 'GUID: 8ab6db39cc89491bb901eb484cd94373' -> (Import Result ID: 'fa7bc4c084e04dc98a794bf3cc07b5cc') in 0.001 seconds [static and dynamic dependencies]. Details - ImportResultOutputID=f9503bc705476c69408541a69710e8ab DependenciesID=8912d739f93b8de77526a5db66bff130 StaticDependenciesID=db704e6f96c88a7bd24d8e22b62900a8 
Number of updated asset objects reloaded before import = 0
Number of asset objects unloaded after import = 0
========================================================================
Received Import Request.
  Time of request: 2026-09-15T03:17:29.381021Z
  Time since last request: 0.000231805 seconds.
  importAddress: GUID: 142dc26b3b00c43c9b5fdfde8e313179 - Path: Packages/com.unity.services.core/Editor/Core/Environments/Client/Scheduler/ThreadHelper.cs - Importer: ScriptedImporter/UnityEditor.QuickSearchModule:UnityEditor.Search:ASIAI0B
Importing 'GUID: 142dc26b3b00c43c9b5fdfde8e313179 - Path: Packages/com.unity.services.core/Editor/Core/Environments/Client/Scheduler/ThreadHelper.cs - Importer: ScriptedImporter/UnityEditor.QuickSearchModule:UnityEditor.Search:ASIAI0B' with importer (ScriptedImporter : UnityEditor.QuickSearchModule:UnityEditor.Search:ASIAI0B)
Imported 'GUID: 142dc26b3b00c43c9b5fdfde8e313179' -> (Import Result ID: '7c9823073945eb1c2d9cc1e176183b36') in 0.001 seconds [static and dynamic dependencies]. Details - ImportResultOutputID=ae2b26dcddfab129c413a99bb6468b10 DependenciesID=48fd3ab87969fc0b87a725977952189f StaticDependenciesID=95b469c1a573213f2417af1fce906415 
Number of updated asset objects reloaded before import = 0
Number of asset objects unloaded after import = 0
========================================================================
Received Import Request.
  Time of request: 2026-09-15T03:17:29.381935Z
  Time since last request: 0.000293422 seconds.
  importAddress: GUID: 6aee007e2cfd488f8b0eef33ce13e954 - Path: Packages/com.unity.services.cloud-build/Editor/Components/BuildAutomationBuilderConfig.cs - Importer: ScriptedImporter/UnityEditor.QuickSearchModule:UnityEditor.Search:ASIAI0B
Importing 'GUID: 6aee007e2cfd488f8b0eef33ce13e954 - Path: Packages/com.unity.services.cloud-build/Editor/Components/BuildAutomationBuilderConfig.cs - Importer: ScriptedImporter/UnityEditor.QuickSearchModule:UnityEditor.Search:ASIAI0B' with importer (ScriptedImporter : UnityEditor.QuickSearchModule:UnityEditor.Search:ASIAI0B)
Imported 'GUID: 6aee007e2cfd488f8b0eef33ce13e954' -> (Import Result ID: '35c7f87162fe4d6c9ea8f1e497112ea9') in 0.001 seconds [static and dynamic dependencies]. Details - ImportResultOutputID=cbfb8df5f75fe584d69eba8f6c6c147b DependenciesID=fa229c63ab82c45b8cb2b88feb7c7955 StaticDependenciesID=15716721872f5a7abc3487e86e5be2ea 
Number of updated asset objects reloaded before import = 0
Number of asset objects unloaded after import = 0
========================================================================
Received Import Request.
  Time of request: 2026-09-15T03:17:29.382804Z
  Time since last request: 0.000249619 seconds.
  importAddress: GUID: 83f00b802363474d82f3127384f4dda1 - Path: Packages/com.unity.services.core/Editor/Core/UserRoleManagement/IUserRoleClient.cs - Importer: ScriptedImporter/UnityEditor.QuickSearchModule:UnityEditor.Search:ASIAI0B
Importing 'GUID: 83f00b802363474d82f3127384f4dda1 - Path: Packages/com.unity.services.core/Editor/Core/UserRoleManagement/IUserRoleClient.cs - Importer: ScriptedImporter/UnityEditor.QuickSearchModule:UnityEditor.Search:ASIAI0B' with importer (ScriptedImporter : UnityEditor.QuickSearchModule:UnityEditor.Search:ASIAI0B)
Imported 'GUID: 83f00b802363474d82f3127384f4dda1' -> (Import Result ID: '4f6a7710b952c37c3a3d76339ff914af') in 0.001 seconds [static and dynamic dependencies]. Details - ImportResultOutputID=57984d605951eddb2e24606edc970853 DependenciesID=5a2cf2956c35941d87aeb7fc61d5a1d1 StaticDependenciesID=6ef08f698b6a4dec94b1e248074aaffc 
Number of updated asset objects reloaded before import = 0
Number of asset objects unloaded after import = 0
========================================================================
Received Import Request.
  Time of request: 2026-09-15T03:17:29.383648Z
  Time since last request: 0.00022893 seconds.
  importAddress: GUID: e760c9eec49d4aa7b08cc920e45222d9 - Path: Packages/com.unity.services.core/Editor/Core/EditorGameService/EditorGameServiceSettingsProvider.cs - Importer: ScriptedImporter/UnityEditor.QuickSearchModule:UnityEditor.Search:ASIAI0B
Importing 'GUID: e760c9eec49d4aa7b08cc920e45222d9 - Path: Packages/com.unity.services.core/Editor/Core/EditorGameService/EditorGameServiceSettingsProvider.cs - Importer: ScriptedImporter/UnityEditor.QuickSearchModule:UnityEditor.Search:ASIAI0B' with importer (ScriptedImporter : UnityEditor.QuickSearchModule:UnityEditor.Search:ASIAI0B)
Imported 'GUID: e760c9eec49d4aa7b08cc920e45222d9' -> (Import Result ID: '278d400f42b537cfa697b707f92b116f') in 0.001 seconds [static and dynamic dependencies]. Details - ImportResultOutputID=908583b286d06f79371ef654aa450528 DependenciesID=817d3469873c256c7c59f0d68139761a StaticDependenciesID=34f2ca84e0e8bc638fcb9e02eecaf306 
Number of updated asset objects reloaded before import = 0
Number of asset objects unloaded after import = 0
========================================================================
Received Import Request.
  Time of request: 2026-09-15T03:17:29.384483Z
  Time since last request: 0.000231615 seconds.
  importAddress: GUID: e97f44a089f144758b462da41bc96973 - Path: Packages/com.unity.services.core/Editor/Core/UiHelpers/Images/ToggleOn.png - Importer: ScriptedImporter/UnityEditor.QuickSearchModule:UnityEditor.Search:ASIAI0B
Importing 'GUID: e97f44a089f144758b462da41bc96973 - Path: Packages/com.unity.services.core/Editor/Core/UiHelpers/Images/ToggleOn.png - Importer: ScriptedImporter/UnityEditor.QuickSearchModule:UnityEditor.Search:ASIAI0B' with importer (ScriptedImporter : UnityEditor.QuickSearchModule:UnityEditor.Search:ASIAI0B)
Imported 'GUID: e97f44a089f144758b462da41bc96973' -> (Import Result ID: 'c4eb137859d8cd2a2e8618a379dfe487') in 0.002 seconds [static and dynamic dependencies]. Details - ImportResultOutputID=8cd844b5dc9ac34116e68302f9d931f9 DependenciesID=e934df1cddc5b5a9855aa1c3e510255b StaticDependenciesID=81450a05fee18db801a8651ceaa490b5 
Number of updated asset objects reloaded before import = 0
Number of asset objects unloaded after import = 1
========================================================================
Received Import Request.
  Time of request: 2026-09-15T03:17:29.386805Z
  Time since last request: 0.000274606 seconds.
  importAddress: GUID: 97a4535b865f4c68a124b3a3bb8cd42b - Path: Packages/com.unity.services.core/Editor/Core/UiHelpers/IProjectEditorDrawerFactory.cs - Importer: ScriptedImporter/UnityEditor.QuickSearchModule:UnityEditor.Search:ASIAI0B
Importing 'GUID: 97a4535b865f4c68a124b3a3bb8cd42b - Path: Packages/com.unity.services.core/Editor/Core/UiHelpers/IProjectEditorDrawerFactory.cs - Importer: ScriptedImporter/UnityEditor.QuickSearchModule:UnityEditor.Search:ASIAI0B' with importer (ScriptedImporter : UnityEditor.QuickSearchModule:UnityEditor.Search:ASIAI0B)
Imported 'GUID: 97a4535b865f4c68a124b3a3bb8cd42b' -> (Import Result ID: '823ef97ccae3e4e96e043fc68ca1de3c') in 0.001 seconds [static and dynamic dependencies]. Details - ImportResultOutputID=0caee345b9a734bd727645ba1b591607 DependenciesID=2a8ccbe022acb784c163e0d4a9bce34e StaticDependenciesID=553d78328f4a1f6cd8b20671ddb58f0d 
Number of updated asset objects reloaded before import = 0
Number of asset objects unloaded after import = 0
========================================================================
Received Import Request.
  Time of request: 2026-09-15T03:17:29.387751Z
  Time since last request: 0.000239961 seconds.
  importAddress: GUID: 08f168bc4126b428f9394f07df550d9b - Path: Packages/com.unity.services.core/Editor/Core/Environments/IProjectInfo.cs - Importer: ScriptedImporter/UnityEditor.QuickSearchModule:UnityEditor.Search:ASIAI0B
Importing 'GUID: 08f168bc4126b428f9394f07df550d9b - Path: Packages/com.unity.services.core/Editor/Core/Environments/IProjectInfo.cs - Importer: ScriptedImporter/UnityEditor.QuickSearchModule:UnityEditor.Search:ASIAI0B' with importer (ScriptedImporter : UnityEditor.QuickSearchModule:UnityEditor.Search:ASIAI0B)
Imported 'GUID: 08f168bc4126b428f9394f07df550d9b' -> (Import Result ID: 'e6f20d4af8f8a734506313213af9a6ff') in 0.001 seconds [static and dynamic dependencies]. Details - ImportResultOutputID=469d863730c3495346f4dc5864c66fa3 DependenciesID=6bdf3d85c272b445864fa2ac6614af43 StaticDependenciesID=0fbef9a651c049e2cc5e1680ac49bed9 
Number of updated asset objects reloaded before import = 0
Number of asset objects unloaded after import = 0
========================================================================
Received Import Request.
  Time of request: 2026-09-15T03:17:29.388658Z
  Time since last request: 0.000234981 seconds.
  importAddress: GUID: 47b040834d0cf144b80407277a1bcadd - Path: Packages/com.unity.services.core/Runtime/Telemetry/Unity.Services.Core.Telemetry.api - Importer: ScriptedImporter/UnityEditor.QuickSearchModule:UnityEditor.Search:ASIAI0B
Importing 'GUID: 47b040834d0cf144b80407277a1bcadd - Path: Packages/com.unity.services.core/Runtime/Telemetry/Unity.Services.Core.Telemetry.api - Importer: ScriptedImporter/UnityEditor.QuickSearchModule:UnityEditor.Search:ASIAI0B' with importer (ScriptedImporter : UnityEditor.QuickSearchModule:UnityEditor.Search:ASIAI0B)
Imported 'GUID: 47b040834d0cf144b80407277a1bcadd' -> (Import Result ID: '256392204f9ed67e6e2172ffbe78d228') in 0.001 seconds [static and dynamic dependencies]. Details - ImportResultOutputID=85da8ec289213ddb126826e066fd6121 DependenciesID=572ba1fe8acb5772028d0a6f1e162d0f StaticDependenciesID=4b2073884716576e183e9256ab0ec79f 
Number of updated asset objects reloaded before import = 0
Number of asset objects unloaded after import = 1
========================================================================
Received Import Request.
  Time of request: 2026-09-15T03:17:29.389575Z
  Time since last request: 0.000252204 seconds.
  importAddress: GUID: d94b93b32e10188419629795f25734b0 - Path: Packages/com.unity.services.core/Runtime/Components/ServicesInitialization.cs - Importer: ScriptedImporter/UnityEditor.QuickSearchModule:UnityEditor.Search:ASIAI0B
Importing 'GUID: d94b93b32e10188419629795f25734b0 - Path: Packages/com.unity.services.core/Runtime/Components/ServicesInitialization.cs - Importer: ScriptedImporter/UnityEditor.QuickSearchModule:UnityEditor.Search:ASIAI0B' with importer (ScriptedImporter : UnityEditor.QuickSearchModule:UnityEditor.Search:ASIAI0B)
Imported 'GUID: d94b93b32e10188419629795f25734b0' -> (Import Result ID: '007c672be09c33c7ce626a78ce5eea2b') in 0.001 seconds [static and dynamic dependencies]. Details - ImportResultOutputID=77ca0d1ee3e09beb8057dd985b095555 DependenciesID=7aac9889e2d351ac5849fddea0a64ba8 StaticDependenciesID=17dc2530b48ae7f70d2b7c1b32417ca7 
Number of updated asset objects reloaded before import = 0
Number of asset objects unloaded after import = 0
========================================================================
Received Import Request.
  Time of request: 2026-09-15T03:17:29.390441Z
  Time since last request: 0.000248657 seconds.
  importAddress: GUID: b7ecf3a3ec1c94010a20351870519493 - Path: Packages/com.unity.services.core/Editor/Core/UiHelpers/UXML/PleaseWait.uxml - Importer: ScriptedImporter/UnityEditor.QuickSearchModule:UnityEditor.Search:ASIAI0B
Importing 'GUID: b7ecf3a3ec1c94010a20351870519493 - Path: Packages/com.unity.services.core/Editor/Core/UiHelpers/UXML/PleaseWait.uxml - Importer: ScriptedImporter/UnityEditor.QuickSearchModule:UnityEditor.Search:ASIAI0B' with importer (ScriptedImporter : UnityEditor.QuickSearchModule:UnityEditor.Search:ASIAI0B)
Imported 'GUID: b7ecf3a3ec1c94010a20351870519493' -> (Import Result ID: '23436fad4948c4ded49d1535cb1929d7') in 0.002 seconds [static and dynamic dependencies]. Details - ImportResultOutputID=7d49f0c4db41bd321ab86a825e043cbc DependenciesID=4cfe4a62c0ed9e3e9204232c755e20cc StaticDependenciesID=42d7f39edc6b241b098fe15ba92986ec 
Number of updated asset objects reloaded before import = 0
Number of asset objects unloaded after import = 2
========================================================================
Received Import Request.
  Time of request: 2026-09-15T03:17:29.392793Z
  Time since last request: 0.000257052 seconds.
  importAddress: GUID: 386d16474b5e4b42b6800aa2c1d99924 - Path: Packages/com.unity.services.core/Editor/Core/ProjectStateManagement/ProjectState.cs - Importer: ScriptedImporter/UnityEditor.QuickSearchModule:UnityEditor.Search:ASIAI0B
Importing 'GUID: 386d16474b5e4b42b6800aa2c1d99924 - Path: Packages/com.unity.services.core/Editor/Core/ProjectStateManagement/ProjectState.cs - Importer: ScriptedImporter/UnityEditor.QuickSearchModule:UnityEditor.Search:ASIAI0B' with importer (ScriptedImporter : UnityEditor.QuickSearchModule:UnityEditor.Search:ASIAI0B)
Imported 'GUID: 386d16474b5e4b42b6800aa2c1d99924' -> (Import Result ID: '83f769a92e66d4fb587a5888b6c6ae0a') in 0.001 seconds [static and dynamic dependencies]. Details - ImportResultOutputID=decb2219b2a28c6ebdd81902ca88e146 DependenciesID=1af10a42057544711b293219ab6262d7 StaticDependenciesID=ae6ac283d51b0497b2610bc48cf4aac7 
Number of updated asset objects reloaded before import = 0
Number of asset objects unloaded after import = 0
========================================================================
Received Import Request.
  Time of request: 2026-09-15T03:17:29.393612Z
  Time since last request: 0.000240813 seconds.
  importAddress: GUID: 68448537185dd4d6ba109ed748b184f4 - Path: Packages/com.unity.services.core/Runtime/Core.Internal/Components/Networking/HttpOptions.cs - Importer: ScriptedImporter/UnityEditor.QuickSearchModule:UnityEditor.Search:ASIAI0B
Importing 'GUID: 68448537185dd4d6ba109ed748b184f4 - Path: Packages/com.unity.services.core/Runtime/Core.Internal/Components/Networking/HttpOptions.cs - Importer: ScriptedImporter/UnityEditor.QuickSearchModule:UnityEditor.Search:ASIAI0B' with importer (ScriptedImporter : UnityEditor.QuickSearchModule:UnityEditor.Search:ASIAI0B)
Imported 'GUID: 68448537185dd4d6ba109ed748b184f4' -> (Import Result ID: 'ec988a567ea8ca04bb8a2f808d0c9ae3') in 0.001 seconds [static and dynamic dependencies]. Details - ImportResultOutputID=97f8d08e331fb15c10a284f558826fd1 DependenciesID=7168b6a13df65d398ffec224f42e8d28 StaticDependenciesID=fa1521bb3efaafcb488e00a2dfe6c5f1 
Number of updated asset objects reloaded before import = 0
Number of asset objects unloaded after import = 0
========================================================================
Received Import Request.
  Time of request: 2026-09-15T03:17:29.394685Z
  Time since last request: 0.00045758 seconds.
  importAddress: GUID: 6c694cfdc33ae264fb33e0cd1c7e25cf - Path: Packages/com.unity.nuget.newtonsoft-json/Runtime/AOT/Newtonsoft.Json.dll - Importer: ScriptedImporter/UnityEditor.QuickSearchModule:UnityEditor.Search:ASIAI0B
Importing 'GUID: 6c694cfdc33ae264fb33e0cd1c7e25cf - Path: Packages/com.unity.nuget.newtonsoft-json/Runtime/AOT/Newtonsoft.Json.dll - Importer: ScriptedImporter/UnityEditor.QuickSearchModule:UnityEditor.Search:ASIAI0B' with importer (ScriptedImporter : UnityEditor.QuickSearchModule:UnityEditor.Search:ASIAI0B)
Imported 'GUID: 6c694cfdc33ae264fb33e0cd1c7e25cf' -> (Import Result ID: '0c03183afea82d835c3ffb8c0b8e77cc') in 0.002 seconds [static and dynamic dependencies]. Details - ImportResultOutputID=50a0c4bdbb607ed664e2165044fdec0e DependenciesID=45ff58eda3633ef576a0919ca3b04e50 StaticDependenciesID=dc7d24bd0317473f899a6cf47293c497 
Number of updated asset objects reloaded before import = 0
Number of asset objects unloaded after import = 0
========================================================================
Received Import Request.
  Time of request: 2026-09-15T03:17:29.397199Z
  Time since last request: 0.000442051 seconds.
  importAddress: GUID: 77b2992c427804e15ac922a1891ebe57 - Path: Packages/com.unity.services.core/Editor/Core/Environments/Settings - Importer: ScriptedImporter/UnityEditor.QuickSearchModule:UnityEditor.Search:ASIAI0B
Importing 'GUID: 77b2992c427804e15ac922a1891ebe57 - Path: Packages/com.unity.services.core/Editor/Core/Environments/Settings - Importer: ScriptedImporter/UnityEditor.QuickSearchModule:UnityEditor.Search:ASIAI0B' with importer (ScriptedImporter : UnityEditor.QuickSearchModule:UnityEditor.Search:ASIAI0B)
Imported 'GUID: 77b2992c427804e15ac922a1891ebe57' -> (Import Result ID: '200476b4f5ea28e777841e6fd0533a5f') in 0.001 seconds [static and dynamic dependencies]. Details - ImportResultOutputID=1ed607bde47147f65fc59ec837ed8397 DependenciesID=a5a84d2fcb39d8c0d42e1b338f387dcf StaticDependenciesID=816ef4083961ca6ee25c689ec27b4818 
Number of updated asset objects reloaded before import = 0
Number of asset objects unloaded after import = 1
========================================================================
Received Import Request.
  Time of request: 2026-09-15T03:17:29.39813Z
  Time since last request: 0.000345459 seconds.
  importAddress: GUID: 182c5bcc97fc21747a9ca5e01da1ed3f - Path: Packages/com.unity.services.core/package.json - Importer: ScriptedImporter/UnityEditor.QuickSearchModule:UnityEditor.Search:ASIAI0B
Importing 'GUID: 182c5bcc97fc21747a9ca5e01da1ed3f - Path: Packages/com.unity.services.core/package.json - Importer: ScriptedImporter/UnityEditor.QuickSearchModule:UnityEditor.Search:ASIAI0B' with importer (ScriptedImporter : UnityEditor.QuickSearchModule:UnityEditor.Search:ASIAI0B)
Imported 'GUID: 182c5bcc97fc21747a9ca5e01da1ed3f' -> (Import Result ID: '4ad31bd779e9c692d211499128f8224e') in 0.001 seconds [static and dynamic dependencies]. Details - ImportResultOutputID=d07b017d5931739c8ee7c346e243651e DependenciesID=259d1c604bfa885b3f1ea30a9adb5a14 StaticDependenciesID=b177e6dfcc8e290901b76da1b1f19699 
Number of updated asset objects reloaded before import = 0
Number of asset objects unloaded after import = 1
========================================================================
Received Import Request.
  Time of request: 2026-09-15T03:17:29.399038Z
  Time since last request: 0.000320031 seconds.
  importAddress: GUID: 75aa0e3c26c49effe9a22ae327c88e65 - Path: Packages/com.unity.services.core/Editor/Core/Environments/Client/Models/UnityListOrganizationFavoriteProjects200Response.cs - Importer: ScriptedImporter/UnityEditor.QuickSearchModule:UnityEditor.Search:ASIAI0B
Importing 'GUID: 75aa0e3c26c49effe9a22ae327c88e65 - Path: Packages/com.unity.services.core/Editor/Core/Environments/Client/Models/UnityListOrganizationFavoriteProjects200Response.cs - Importer: ScriptedImporter/UnityEditor.QuickSearchModule:UnityEditor.Search:ASIAI0B' with importer (ScriptedImporter : UnityEditor.QuickSearchModule:UnityEditor.Search:ASIAI0B)
Imported 'GUID: 75aa0e3c26c49effe9a22ae327c88e65' -> (Import Result ID: 'ee7feded804f43b295f0803f21a015c6') in 0.002 seconds [static and dynamic dependencies]. Details - ImportResultOutputID=694b6eb8c8ac9b2bdcf1c722a61e6502 DependenciesID=59b6ba86a733f0a83a245f3b5b5a621f StaticDependenciesID=b82506b776034b142483011ea7841192 
Number of updated asset objects reloaded before import = 0
Number of asset objects unloaded after import = 0
========================================================================
Received Import Request.
  Time of request: 2026-09-15T03:17:29.420216Z
  Time since last request: 0.019211174 seconds.
  importAddress: GUID: b315fd610cdac4a2c9761c472c2813b2 - Path: Packages/com.unity.services.core/Editor/Core/EditorGameService/Analytics - Importer: ScriptedImporter/UnityEditor.QuickSearchModule:UnityEditor.Search:ASIAI0B
Importing 'GUID: b315fd610cdac4a2c9761c472c2813b2 - Path: Packages/com.unity.services.core/Editor/Core/EditorGameService/Analytics - Importer: ScriptedImporter/UnityEditor.QuickSearchModule:UnityEditor.Search:ASIAI0B' with importer (ScriptedImporter : UnityEditor.QuickSearchModule:UnityEditor.Search:ASIAI0B)
Imported 'GUID: b315fd610cdac4a2c9761c472c2813b2' -> (Import Result ID: '570e95148b57027c529b49aa6cb4a0aa') in 0.001 seconds [static and dynamic dependencies]. Details - ImportResultOutputID=110865b72761401df58cef8dc9bbcb4e DependenciesID=6d198630eba24be3656e736b5f97ad9c StaticDependenciesID=d8cd825c265048e0281edffb2a1bf112 
Number of updated asset objects reloaded before import = 0
Number of asset objects unloaded after import = 1
========================================================================
Received Import Request.
  Time of request: 2026-09-15T03:17:29.421675Z
  Time since last request: 0.000545655 seconds.
  importAddress: GUID: 26f7b42820554484877d9119515d37e5 - Path: Packages/com.unity.services.core/Editor/Core/Linker/Models/XmlLinkedEvent.cs - Importer: ScriptedImporter/UnityEditor.QuickSearchModule:UnityEditor.Search:ASIAI0B
Importing 'GUID: 26f7b42820554484877d9119515d37e5 - Path: Packages/com.unity.services.core/Editor/Core/Linker/Models/XmlLinkedEvent.cs - Importer: ScriptedImporter/UnityEditor.QuickSearchModule:UnityEditor.Search:ASIAI0B' with importer (ScriptedImporter : UnityEditor.QuickSearchModule:UnityEditor.Search:ASIAI0B)
Imported 'GUID: 26f7b42820554484877d9119515d37e5' -> (Import Result ID: '654ece1ad41959329a2fe0dba63a6017') in 0.001 seconds [static and dynamic dependencies]. Details - ImportResultOutputID=8a1dff08f36e446984fa715003e0099b DependenciesID=c6588315ed70bbb7478e9136161ba5af StaticDependenciesID=4f956f0d902891714bb2b6b3af0a0640 
Number of updated asset objects reloaded before import = 0
Number of asset objects unloaded after import = 0
========================================================================
Received Import Request.
  Time of request: 2026-09-15T03:17:29.422902Z
  Time since last request: 0.000318168 seconds.
  importAddress: GUID: de1c7164adaf49d47b5de31c140713c9 - Path: Packages/com.unity.nuget.newtonsoft-json/Runtime - Importer: ScriptedImporter/UnityEditor.QuickSearchModule:UnityEditor.Search:ASIAI0B
Importing 'GUID: de1c7164adaf49d47b5de31c140713c9 - Path: Packages/com.unity.nuget.newtonsoft-json/Runtime - Importer: ScriptedImporter/UnityEditor.QuickSearchModule:UnityEditor.Search:ASIAI0B' with importer (ScriptedImporter : UnityEditor.QuickSearchModule:UnityEditor.Search:ASIAI0B)
Imported 'GUID: de1c7164adaf49d47b5de31c140713c9' -> (Import Result ID: 'aa11982adf93e775ef1c1e1e6e7ca221') in 0.001 seconds [static and dynamic dependencies]. Details - ImportResultOutputID=85ef9cb32a2b59902ce50b640c2db374 DependenciesID=5d0108b7492de7d44c179ef77c63156c StaticDependenciesID=15afe377c16c7c6b83085fb16940907d 
Number of updated asset objects reloaded before import = 0
Number of asset objects unloaded after import = 1
========================================================================
Received Import Request.
  Time of request: 2026-09-15T03:17:29.423966Z
  Time since last request: 0.000350188 seconds.
  importAddress: GUID: a714b03f4d124ab5892813ce1bbc7446 - Path: Packages/com.unity.services.cloud-build/Editor/BuildAutomationRequests.cs - Importer: ScriptedImporter/UnityEditor.QuickSearchModule:UnityEditor.Search:ASIAI0B
Importing 'GUID: a714b03f4d124ab5892813ce1bbc7446 - Path: Packages/com.unity.services.cloud-build/Editor/BuildAutomationRequests.cs - Importer: ScriptedImporter/UnityEditor.QuickSearchModule:UnityEditor.Search:ASIAI0B' with importer (ScriptedImporter : UnityEditor.QuickSearchModule:UnityEditor.Search:ASIAI0B)
Imported 'GUID: a714b03f4d124ab5892813ce1bbc7446' -> (Import Result ID: '1ef039ca90ad4d2bd6f69386886b7316') in 0.001 seconds [static and dynamic dependencies]. Details - ImportResultOutputID=2cdfafca4abdfc9710a1fabc497bc58a DependenciesID=3f1d417a0b8786d499e765f7faa811f9 StaticDependenciesID=5365d645d42fe4a3bd3e0d22bf8ffd7f 
Number of updated asset objects reloaded before import = 0
Number of asset objects unloaded after import = 0
========================================================================
Received Import Request.
  Time of request: 2026-09-15T03:17:29.424982Z
  Time since last request: 0.000295716 seconds.
  importAddress: GUID: 100d3175fd7e4a9eb6ec2e6ed5533fc8 - Path: Packages/com.unity.services.core/Editor/Core/Environments - Importer: ScriptedImporter/UnityEditor.QuickSearchModule:UnityEditor.Search:ASIAI0B
Importing 'GUID: 100d3175fd7e4a9eb6ec2e6ed5533fc8 - Path: Packages/com.unity.services.core/Editor/Core/Environments - Importer: ScriptedImporter/UnityEditor.QuickSearchModule:UnityEditor.Search:ASIAI0B' with importer (ScriptedImporter : UnityEditor.QuickSearchModule:UnityEditor.Search:ASIAI0B)
Imported 'GUID: 100d3175fd7e4a9eb6ec2e6ed5533fc8' -> (Import Result ID: 'af040a43449ddbeff7db52c546472f1e') in 0.001 seconds [static and dynamic dependencies]. Details - ImportResultOutputID=47a640039726c65f641d7222fd2861d5 DependenciesID=9e209b24471c3879201b769325d3e312 StaticDependenciesID=3fc161b794d1a84c3a4927e9309da597 
Number of updated asset objects reloaded before import = 0
Number of asset objects unloaded after import = 1
========================================================================
Received Import Request.
  Time of request: 2026-09-15T03:17:29.425911Z
  Time since last request: 0.000366127 seconds.
  importAddress: GUID: 0b86b5b95a96c4ed5bf7167992f203ef - Path: Packages/com.unity.services.core/Runtime/Core.Internal/Registry - Importer: ScriptedImporter/UnityEditor.QuickSearchModule:UnityEditor.Search:ASIAI0B
Importing 'GUID: 0b86b5b95a96c4ed5bf7167992f203ef - Path: Packages/com.unity.services.core/Runtime/Core.Internal/Registry - Importer: ScriptedImporter/UnityEditor.QuickSearchModule:UnityEditor.Search:ASIAI0B' with importer (ScriptedImporter : UnityEditor.QuickSearchModule:UnityEditor.Search:ASIAI0B)
Imported 'GUID: 0b86b5b95a96c4ed5bf7167992f203ef' -> (Import Result ID: '79b4b42bd8d1c1f67b1a11dbbc40dfd6') in 0.001 seconds [static and dynamic dependencies]. Details - ImportResultOutputID=1a5e352204efe7aa5b778015432b81a6 DependenciesID=6b2d73f9e89f6d1066bf413c2273f9ee StaticDependenciesID=1267c5321fadf9bc3b43a39013142720 
Number of updated asset objects reloaded before import = 0
Number of asset objects unloaded after import = 1
========================================================================
Received Import Request.
  Time of request: 2026-09-15T03:17:29.426765Z
  Time since last request: 0.000245492 seconds.
  importAddress: GUID: 974d9fb338699444fa12c421db55a2bd - Path: Packages/com.unity.services.core/Editor/Core/Environments/Client/Http/DeserializationException.cs - Importer: ScriptedImporter/UnityEditor.QuickSearchModule:UnityEditor.Search:ASIAI0B
Importing 'GUID: 974d9fb338699444fa12c421db55a2bd - Path: Packages/com.unity.services.core/Editor/Core/Environments/Client/Http/DeserializationException.cs - Importer: ScriptedImporter/UnityEditor.QuickSearchModule:UnityEditor.Search:ASIAI0B' with importer (ScriptedImporter : UnityEditor.QuickSearchModule:UnityEditor.Search:ASIAI0B)
Imported 'GUID: 974d9fb338699444fa12c421db55a2bd' -> (Import Result ID: '62ce899a7565364fe4cff221a98556b1') in 0.001 seconds [static and dynamic dependencies]. Details - ImportResultOutputID=d0c751f37d3e362b636dfc7ca07a1070 DependenciesID=8e4de76b73fd0df9a2cd4edd77843732 StaticDependenciesID=f93c96935d60708dd4234a884fa90987 
Number of updated asset objects reloaded before import = 0
Number of asset objects unloaded after import = 0
========================================================================
Received Import Request.
  Time of request: 2026-09-15T03:17:29.427759Z
  Time since last request: 0.000338015 seconds.
  importAddress: GUID: 751662d6c01144819a1d17e1333bb5a4 - Path: Packages/com.unity.services.core/Editor/Core/UiHelpers - Importer: ScriptedImporter/UnityEditor.QuickSearchModule:UnityEditor.Search:ASIAI0B
Importing 'GUID: 751662d6c01144819a1d17e1333bb5a4 - Path: Packages/com.unity.services.core/Editor/Core/UiHelpers - Importer: ScriptedImporter/UnityEditor.QuickSearchModule:UnityEditor.Search:ASIAI0B' with importer (ScriptedImporter : UnityEditor.QuickSearchModule:UnityEditor.Search:ASIAI0B)
Imported 'GUID: 751662d6c01144819a1d17e1333bb5a4' -> (Import Result ID: 'c7d70cf90e36cd9ae4abc32987ae1316') in 0.001 seconds [static and dynamic dependencies]. Details - ImportResultOutputID=8d3b282f06ad409b759125d0a3286444 DependenciesID=f25a23a204dc89e1a040c63a350baa61 StaticDependenciesID=497764989c7e47e959d69b29ac7913a7 
Number of updated asset objects reloaded before import = 0
Number of asset objects unloaded after import = 1
========================================================================
Received Import Request.
  Time of request: 2026-09-15T03:17:29.42861Z
  Time since last request: 0.000257544 seconds.
  importAddress: GUID: fe25561d224ed4743af4c60938a59d0b - Path: Packages/com.unity.services.core/Runtime/Core/Unity.Services.Core.asmdef - Importer: ScriptedImporter/UnityEditor.QuickSearchModule:UnityEditor.Search:ASIAI0B
Importing 'GUID: fe25561d224ed4743af4c60938a59d0b - Path: Packages/com.unity.services.core/Runtime/Core/Unity.Services.Core.asmdef - Importer: ScriptedImporter/UnityEditor.QuickSearchModule:UnityEditor.Search:ASIAI0B' with importer (ScriptedImporter : UnityEditor.QuickSearchModule:UnityEditor.Search:ASIAI0B)
Imported 'GUID: fe25561d224ed4743af4c60938a59d0b' -> (Import Result ID: '5114ef6a84d3c1b79a390527ae4abe16') in 0.001 seconds [static and dynamic dependencies]. Details - ImportResultOutputID=bb33fb08fe01f3f1d88a114372f0a38e DependenciesID=55c874cb5fa06618691052c53ee31990 StaticDependenciesID=f55304c321c01478fc04a6c5860f6886 
Number of updated asset objects reloaded before import = 0
Number of asset objects unloaded after import = 1
========================================================================
Received Import Request.
  Time of request: 2026-09-15T03:17:29.429526Z
  Time since last request: 0.000261521 seconds.
  importAddress: GUID: 8bd936a12126f430fbbe1649a8bf5be7 - Path: Packages/com.unity.services.cloud-build/Editor/USS/BuildAutomationHistory.uss - Importer: ScriptedImporter/UnityEditor.QuickSearchModule:UnityEditor.Search:ASIAI0B
Importing 'GUID: 8bd936a12126f430fbbe1649a8bf5be7 - Path: Packages/com.unity.services.cloud-build/Editor/USS/BuildAutomationHistory.uss - Importer: ScriptedImporter/UnityEditor.QuickSearchModule:UnityEditor.Search:ASIAI0B' with importer (ScriptedImporter : UnityEditor.QuickSearchModule:UnityEditor.Search:ASIAI0B)
Imported 'GUID: 8bd936a12126f430fbbe1649a8bf5be7' -> (Import Result ID: 'caf153e19de355041ad39cecd06ca5d3') in 0.001 seconds [static and dynamic dependencies]. Details - ImportResultOutputID=77f0076a5263f556b6c3b57d73d81bae DependenciesID=06843469fb5a0be981dea00c46a98c3f StaticDependenciesID=3274b6a41eb3c3d2e14d7d0be610ada8 
Number of updated asset objects reloaded before import = 0
Number of asset objects unloaded after import = 1
========================================================================
Received Import Request.
  Time of request: 2026-09-15T03:17:29.431095Z
  Time since last request: 0.000257314 seconds.
  importAddress: GUID: 8d2aa84387bb4a82a112246221c3e06c - Path: Packages/com.unity.services.core/Editor/Core/BackendHelpers/JsonHelper.cs - Importer: ScriptedImporter/UnityEditor.QuickSearchModule:UnityEditor.Search:ASIAI0B
Importing 'GUID: 8d2aa84387bb4a82a112246221c3e06c - Path: Packages/com.unity.services.core/Editor/Core/BackendHelpers/JsonHelper.cs - Importer: ScriptedImporter/UnityEditor.QuickSearchModule:UnityEditor.Search:ASIAI0B' with importer (ScriptedImporter : UnityEditor.QuickSearchModule:UnityEditor.Search:ASIAI0B)
Imported 'GUID: 8d2aa84387bb4a82a112246221c3e06c' -> (Import Result ID: 'ff4c7e2adac0680427853c31d74ae7f6') in 0.001 seconds [static and dynamic dependencies]. Details - ImportResultOutputID=c13c8840102fab0880f9f4431636f8f8 DependenciesID=c675e4461495e3c694f85d68ce2bddf2 StaticDependenciesID=252bfeff746fe282aa84ec87a436ecc7 
Number of updated asset objects reloaded before import = 0
Number of asset objects unloaded after import = 0
========================================================================
Received Import Request.
  Time of request: 2026-09-15T03:17:29.431969Z
  Time since last request: 0.000263394 seconds.
  importAddress: GUID: fe97984daaefe4f7ea9eee59fe9717ba - Path: Packages/com.unity.services.core/Editor/Core/Environments/Client/Models - Importer: ScriptedImporter/UnityEditor.QuickSearchModule:UnityEditor.Search:ASIAI0B
Importing 'GUID: fe97984daaefe4f7ea9eee59fe9717ba - Path: Packages/com.unity.services.core/Editor/Core/Environments/Client/Models - Importer: ScriptedImporter/UnityEditor.QuickSearchModule:UnityEditor.Search:ASIAI0B' with importer (ScriptedImporter : UnityEditor.QuickSearchModule:UnityEditor.Search:ASIAI0B)
Imported 'GUID: fe97984daaefe4f7ea9eee59fe9717ba' -> (Import Result ID: 'a29139cc7f430e9d5d5ac0272642ebd5') in 0.001 seconds [static and dynamic dependencies]. Details - ImportResultOutputID=c51a0c957c42c8ad9a824f77e7b2aab4 DependenciesID=80088bdec1bf93995796ee397e96f830 StaticDependenciesID=26844dff6b8bfe871852c0f12e963dfd 
Number of updated asset objects reloaded before import = 0
Number of asset objects unloaded after import = 1
========================================================================
Received Import Request.
  Time of request: 2026-09-15T03:17:29.432849Z
  Time since last request: 0.000266861 seconds.
  importAddress: GUID: a1ab09d0b3276c44dadbef4b90e85ccf - Path: Packages/com.unity.services.core/Runtime/Core/AssemblyInfo.cs - Importer: ScriptedImporter/UnityEditor.QuickSearchModule:UnityEditor.Search:ASIAI0B
Importing 'GUID: a1ab09d0b3276c44dadbef4b90e85ccf - Path: Packages/com.unity.services.core/Runtime/Core/AssemblyInfo.cs - Importer: ScriptedImporter/UnityEditor.QuickSearchModule:UnityEditor.Search:ASIAI0B' with importer (ScriptedImporter : UnityEditor.QuickSearchModule:UnityEditor.Search:ASIAI0B)
Imported 'GUID: a1ab09d0b3276c44dadbef4b90e85ccf' -> (Import Result ID: 'a6c5ef486d4390298fc2fa68733c6c3a') in 0.001 seconds [static and dynamic dependencies]. Details - ImportResultOutputID=ec49227835c49d512313f42ec8f1f6c1 DependenciesID=d8c7981998d32a2f74a23ccc7e872eca StaticDependenciesID=35d482485796247f64fac9758e61024e 
Number of updated asset objects reloaded before import = 0
Number of asset objects unloaded after import = 0
========================================================================
Received Import Request.
  Time of request: 2026-09-15T03:17:29.43368Z
  Time since last request: 0.000246844 seconds.
  importAddress: GUID: 2e0cb19278ad147c0b3a3be846482657 - Path: Packages/com.unity.services.cloud-build/Editor/USS/BuildAutomationStyleSheet.uss - Importer: ScriptedImporter/UnityEditor.QuickSearchModule:UnityEditor.Search:ASIAI0B
Importing 'GUID: 2e0cb19278ad147c0b3a3be846482657 - Path: Packages/com.unity.services.cloud-build/Editor/USS/BuildAutomationStyleSheet.uss - Importer: ScriptedImporter/UnityEditor.QuickSearchModule:UnityEditor.Search:ASIAI0B' with importer (ScriptedImporter : UnityEditor.QuickSearchModule:UnityEditor.Search:ASIAI0B)
Imported 'GUID: 2e0cb19278ad147c0b3a3be846482657' -> (Import Result ID: 'be19cd33287bc4d1568e05a51ab93d32') in 0.001 seconds [static and dynamic dependencies]. Details - ImportResultOutputID=11ea42e340a21e613815e23a16708371 DependenciesID=e6cd2fb0327b2695c604aecbb825dd73 StaticDependenciesID=c60e76d2dd58f1753edac82e26deb232 
Number of updated asset objects reloaded before import = 0
Number of asset objects unloaded after import = 1
========================================================================
Received Import Request.
  Time of request: 2026-09-15T03:17:29.435353Z
  Time since last request: 0.000280337 seconds.
  importAddress: GUID: fa3f17315398b5a4ab5e65de964c3afc - Path: Packages/com.unity.services.core/Runtime/Core.Internal/Components/Authentication/IPlayerNameComponent.cs - Importer: ScriptedImporter/UnityEditor.QuickSearchModule:UnityEditor.Search:ASIAI0B
Importing 'GUID: fa3f17315398b5a4ab5e65de964c3afc - Path: Packages/com.unity.services.core/Runtime/Core.Internal/Components/Authentication/IPlayerNameComponent.cs - Importer: ScriptedImporter/UnityEditor.QuickSearchModule:UnityEditor.Search:ASIAI0B' with importer (ScriptedImporter : UnityEditor.QuickSearchModule:UnityEditor.Search:ASIAI0B)
Imported 'GUID: fa3f17315398b5a4ab5e65de964c3afc' -> (Import Result ID: 'd848efec1fb6e71323675a5dd127e90b') in 0.001 seconds [static and dynamic dependencies]. Details - ImportResultOutputID=eab641ced87d65e1a7cad4af2c9c984b DependenciesID=9d9f51baa97cd85314d7ef12e80c956d StaticDependenciesID=1a3e8dd13c495c18a2416782c6921eac 
Number of updated asset objects reloaded before import = 0
Number of asset objects unloaded after import = 0
========================================================================
Received Import Request.
  Time of request: 2026-09-15T03:17:29.436265Z
  Time since last request: 0.000257073 seconds.
  importAddress: GUID: 73a7759b168f2422f976ca481279904f - Path: Packages/com.unity.services.core/Runtime/Analytics/AnalyticsOptionsExtensions.cs - Importer: ScriptedImporter/UnityEditor.QuickSearchModule:UnityEditor.Search:ASIAI0B
Importing 'GUID: 73a7759b168f2422f976ca481279904f - Path: Packages/com.unity.services.core/Runtime/Analytics/AnalyticsOptionsExtensions.cs - Importer: ScriptedImporter/UnityEditor.QuickSearchModule:UnityEditor.Search:ASIAI0B' with importer (ScriptedImporter : UnityEditor.QuickSearchModule:UnityEditor.Search:ASIAI0B)
Imported 'GUID: 73a7759b168f2422f976ca481279904f' -> (Import Result ID: 'e33a217a58d43ab2a73148caced7a406') in 0.001 seconds [static and dynamic dependencies]. Details - ImportResultOutputID=7e1f770c94beeb8bb3c75369260eb958 DependenciesID=2fbba7a74d464d8fe29935ebbc43fd3b StaticDependenciesID=e3d548ca72acffd905706c4283521506 
Number of updated asset objects reloaded before import = 0
Number of asset objects unloaded after import = 0
========================================================================
Received Import Request.
  Time of request: 2026-09-15T03:17:29.437252Z
  Time since last request: 0.000240682 seconds.
  importAddress: GUID: 3fdb983cd9c6943db94f76b0e6462317 - Path: Packages/com.unity.services.core/Runtime/Configuration/Unity.Services.Core.Configuration.api - Importer: ScriptedImporter/UnityEditor.QuickSearchModule:UnityEditor.Search:ASIAI0B
Importing 'GUID: 3fdb983cd9c6943db94f76b0e6462317 - Path: Packages/com.unity.services.core/Runtime/Configuration/Unity.Services.Core.Configuration.api - Importer: ScriptedImporter/UnityEditor.QuickSearchModule:UnityEditor.Search:ASIAI0B' with importer (ScriptedImporter : UnityEditor.QuickSearchModule:UnityEditor.Search:ASIAI0B)
Imported 'GUID: 3fdb983cd9c6943db94f76b0e6462317' -> (Import Result ID: '759bc5b3f6e2f1e7dd84b532d0712ad4') in 0.001 seconds [static and dynamic dependencies]. Details - ImportResultOutputID=d52752f816ebf65e4513de02d6196081 DependenciesID=f00b41a498888d9fce83c1417a805d7f StaticDependenciesID=169c377a34ed00e970374cbe5e7a72b3 
Number of updated asset objects reloaded before import = 0
Number of asset objects unloaded after import = 1
========================================================================
Received Import Request.
  Time of request: 2026-09-15T03:17:29.438131Z
  Time since last request: 0.00026087 seconds.
  importAddress: GUID: 9b1c3b381f42945578ff44373134d0cc - Path: Packages/com.unity.services.core/Runtime/Analytics/AssemblyInfo.cs - Importer: ScriptedImporter/UnityEditor.QuickSearchModule:UnityEditor.Search:ASIAI0B
Importing 'GUID: 9b1c3b381f42945578ff44373134d0cc - Path: Packages/com.unity.services.core/Runtime/Analytics/AssemblyInfo.cs - Importer: ScriptedImporter/UnityEditor.QuickSearchModule:UnityEditor.Search:ASIAI0B' with importer (ScriptedImporter : UnityEditor.QuickSearchModule:UnityEditor.Search:ASIAI0B)
Imported 'GUID: 9b1c3b381f42945578ff44373134d0cc' -> (Import Result ID: 'c6fb12fb95e50f6a43c7b059fbd9497e') in 0.001 seconds [static and dynamic dependencies]. Details - ImportResultOutputID=fe3a582d3ec2e5891fe81593abb4b5ea DependenciesID=9fad974ce6a3e11cebd26b7d3573f8fc StaticDependenciesID=daa6cfabbf509a9f15fde7854e1dba42 
Number of updated asset objects reloaded before import = 0
Number of asset objects unloaded after import = 0
========================================================================
Received Import Request.
  Time of request: 2026-09-15T03:17:29.438933Z
  Time since last request: 0.000229692 seconds.
  importAddress: GUID: 49b24799bb47c476ebbb3e57c2481ec1 - Path: Packages/com.unity.services.core/Runtime/Core.Internal/Components/Device/IEngineInstallationId.cs - Importer: ScriptedImporter/UnityEditor.QuickSearchModule:UnityEditor.Search:ASIAI0B
Importing 'GUID: 49b24799bb47c476ebbb3e57c2481ec1 - Path: Packages/com.unity.services.core/Runtime/Core.Internal/Components/Device/IEngineInstallationId.cs - Importer: ScriptedImporter/UnityEditor.QuickSearchModule:UnityEditor.Search:ASIAI0B' with importer (ScriptedImporter : UnityEditor.QuickSearchModule:UnityEditor.Search:ASIAI0B)
Imported 'GUID: 49b24799bb47c476ebbb3e57c2481ec1' -> (Import Result ID: '7293122d9cfb4e9e241ff0d01b10eecb') in 0.001 seconds [static and dynamic dependencies]. Details - ImportResultOutputID=f6eb1476bdf57296feb0195ec7000c4b DependenciesID=117c16fcb41afc7ded6b13b6fb941ab9 StaticDependenciesID=856d018ba2fb505c4269493d54c98dc7 
Number of updated asset objects reloaded before import = 0
Number of asset objects unloaded after import = 0
========================================================================
Received Import Request.
  Time of request: 2026-09-15T03:17:29.439809Z
  Time since last request: 0.000229151 seconds.
  importAddress: GUID: c1badd287b3d9486b989e6861643165b - Path: Packages/com.unity.services.core/Editor/Core/EditorGameService/USS - Importer: ScriptedImporter/UnityEditor.QuickSearchModule:UnityEditor.Search:ASIAI0B
Importing 'GUID: c1badd287b3d9486b989e6861643165b - Path: Packages/com.unity.services.core/Editor/Core/EditorGameService/USS - Importer: ScriptedImporter/UnityEditor.QuickSearchModule:UnityEditor.Search:ASIAI0B' with importer (ScriptedImporter : UnityEditor.QuickSearchModule:UnityEditor.Search:ASIAI0B)
Imported 'GUID: c1badd287b3d9486b989e6861643165b' -> (Import Result ID: '58c94232f0778964a63edf69c03419dc') in 0.001 seconds [static and dynamic dependencies]. Details - ImportResultOutputID=4c8b20b90a82646fdedccddb72183e82 DependenciesID=1fb4d48931b9233bab968f463e303141 StaticDependenciesID=3aaffc22ec8fa1f0a6bc6ad27024a436 
Number of updated asset objects reloaded before import = 0
Number of asset objects unloaded after import = 1
========================================================================
Received Import Request.
  Time of request: 2026-09-15T03:17:29.440616Z
  Time since last request: 0.000233739 seconds.
  importAddress: GUID: 7615cb8d033d945ea9457f44440ec78a - Path: Packages/com.unity.services.core/Editor/Core/Environments/Client/Http/UnityWebRequestHelpers.cs - Importer: ScriptedImporter/UnityEditor.QuickSearchModule:UnityEditor.Search:ASIAI0B
Importing 'GUID: 7615cb8d033d945ea9457f44440ec78a - Path: Packages/com.unity.services.core/Editor/Core/Environments/Client/Http/UnityWebRequestHelpers.cs - Importer: ScriptedImporter/UnityEditor.QuickSearchModule:UnityEditor.Search:ASIAI0B' with importer (ScriptedImporter : UnityEditor.QuickSearchModule:UnityEditor.Search:ASIAI0B)
Imported 'GUID: 7615cb8d033d945ea9457f44440ec78a' -> (Import Result ID: 'cd02a726a0af91b2fc91cd6cef80b378') in 0.001 seconds [static and dynamic dependencies]. Details - ImportResultOutputID=bf1c55be28233a78e21fae158f36a6dd DependenciesID=5bea914dc0eddf324bd36fbf7d748b7f StaticDependenciesID=4d4cb14dfb2ecf5f2bfcb44dc0504b8d 
Number of updated asset objects reloaded before import = 0
Number of asset objects unloaded after import = 0
========================================================================
Received Import Request.
  Time of request: 2026-09-15T03:17:29.441441Z
  Time since last request: 0.000227297 seconds.
  importAddress: GUID: e0f34382d332b4ab6ab0055a3a89c029 - Path: Packages/com.unity.services.core/Runtime/Registration - Importer: ScriptedImporter/UnityEditor.QuickSearchModule:UnityEditor.Search:ASIAI0B
Importing 'GUID: e0f34382d332b4ab6ab0055a3a89c029 - Path: Packages/com.unity.services.core/Runtime/Registration - Importer: ScriptedImporter/UnityEditor.QuickSearchModule:UnityEditor.Search:ASIAI0B' with importer (ScriptedImporter : UnityEditor.QuickSearchModule:UnityEditor.Search:ASIAI0B)
Imported 'GUID: e0f34382d332b4ab6ab0055a3a89c029' -> (Import Result ID: 'cdb4e3ee7dbfb62863033b52cce74731') in 0.001 seconds [static and dynamic dependencies]. Details - ImportResultOutputID=4a2262aa675cbdf5b9862de9e4c395ec DependenciesID=fb20152f817062507983d97b70c0b653 StaticDependenciesID=3f955e8bedfc38cadf74ecfe3c0ab958 
Number of updated asset objects reloaded before import = 0
Number of asset objects unloaded after import = 1
========================================================================
Received Import Request.
  Time of request: 2026-09-15T03:17:29.442184Z
  Time since last request: 0.000189236 seconds.
  importAddress: GUID: b428f1f312a46d4448d355cafbaa13dc - Path: Packages/com.unity.services.core/Runtime/Core.Internal/Registry/CorePackageRegistry.cs - Importer: ScriptedImporter/UnityEditor.QuickSearchModule:UnityEditor.Search:ASIAI0B
Importing 'GUID: b428f1f312a46d4448d355cafbaa13dc - Path: Packages/com.unity.services.core/Runtime/Core.Internal/Registry/CorePackageRegistry.cs - Importer: ScriptedImporter/UnityEditor.QuickSearchModule:UnityEditor.Search:ASIAI0B' with importer (ScriptedImporter : UnityEditor.QuickSearchModule:UnityEditor.Search:ASIAI0B)
Imported 'GUID: b428f1f312a46d4448d355cafbaa13dc' -> (Import Result ID: 'b26d9cd1ec7348e83a649305cf43dfae') in 0.001 seconds [static and dynamic dependencies]. Details - ImportResultOutputID=cfc4c73eb5fc32fd0b314599a3dd5d88 DependenciesID=a4b1ae845f4965db7bb961c621c4801a StaticDependenciesID=f5d458d63ad48cb2f4ca8bea44c7d8a3 
Number of updated asset objects reloaded before import = 0
Number of asset objects unloaded after import = 0
========================================================================
Received Import Request.
  Time of request: 2026-09-15T03:17:29.442951Z
  Time since last request: 0.000199064 seconds.
  importAddress: GUID: 029a83481f94f4626a4addeb4f496d02 - Path: Packages/com.unity.services.core/Runtime/PrivacyInfo.xcprivacy - Importer: ScriptedImporter/UnityEditor.QuickSearchModule:UnityEditor.Search:ASIAI0B
Importing 'GUID: 029a83481f94f4626a4addeb4f496d02 - Path: Packages/com.unity.services.core/Runtime/PrivacyInfo.xcprivacy - Importer: ScriptedImporter/UnityEditor.QuickSearchModule:UnityEditor.Search:ASIAI0B' with importer (ScriptedImporter : UnityEditor.QuickSearchModule:UnityEditor.Search:ASIAI0B)
Imported 'GUID: 029a83481f94f4626a4addeb4f496d02' -> (Import Result ID: 'fa7264e61dbe39c3410a8e4d79b2e648') in 0.001 seconds [static and dynamic dependencies]. Details - ImportResultOutputID=363a5c7ac310717887c2ea511d8e6cf8 DependenciesID=c136c9bbe188423e4de05775d0aaa833 StaticDependenciesID=4ea059f40061a039e5cbffd18b859e95 
Number of updated asset objects reloaded before import = 0
Number of asset objects unloaded after import = 0
========================================================================
Received Import Request.
  Time of request: 2026-09-15T03:17:29.444477Z
  Time since last request: 0.000240942 seconds.
  importAddress: GUID: 4dc74701c67cd41a18b37fe1a4e42b71 - Path: Packages/com.unity.services.core/Runtime/Core.Internal/Components/Wire/SubscriptionState.cs - Importer: ScriptedImporter/UnityEditor.QuickSearchModule:UnityEditor.Search:ASIAI0B
Importing 'GUID: 4dc74701c67cd41a18b37fe1a4e42b71 - Path: Packages/com.unity.services.core/Runtime/Core.Internal/Components/Wire/SubscriptionState.cs - Importer: ScriptedImporter/UnityEditor.QuickSearchModule:UnityEditor.Search:ASIAI0B' with importer (ScriptedImporter : UnityEditor.QuickSearchModule:UnityEditor.Search:ASIAI0B)
Imported 'GUID: 4dc74701c67cd41a18b37fe1a4e42b71' -> (Import Result ID: '7d8dda26b75c43955d873f8b39d9c7d5') in 0.001 seconds [static and dynamic dependencies]. Details - ImportResultOutputID=af6496204c7b5e758a1b3f8389d7e6b4 DependenciesID=f93c43138091782291b573b2ea6347c3 StaticDependenciesID=ddb6f0a067a08159ccbe486659cc3cd0 
Number of updated asset objects reloaded before import = 0
Number of asset objects unloaded after import = 0
========================================================================
Received Import Request.
  Time of request: 2026-09-15T03:17:29.445345Z
  Time since last request: 0.000232487 seconds.
  importAddress: GUID: 144d81c470711634aa3b53f081b60557 - Path: Packages/com.unity.services.core/Runtime/Core - Importer: ScriptedImporter/UnityEditor.QuickSearchModule:UnityEditor.Search:ASIAI0B
Importing 'GUID: 144d81c470711634aa3b53f081b60557 - Path: Packages/com.unity.services.core/Runtime/Core - Importer: ScriptedImporter/UnityEditor.QuickSearchModule:UnityEditor.Search:ASIAI0B' with importer (ScriptedImporter : UnityEditor.QuickSearchModule:UnityEditor.Search:ASIAI0B)
Imported 'GUID: 144d81c470711634aa3b53f081b60557' -> (Import Result ID: '6b9600c5e97b61578993a0b8e2517633') in 0.001 seconds [static and dynamic dependencies]. Details - ImportResultOutputID=cd9f56f245ad38afe2e2ee303d3720b5 DependenciesID=2a0f58c305f02a88da38aeaeb29b2512 StaticDependenciesID=4cd302aa38a137a25a3094fb0835d5fb 
Number of updated asset objects reloaded before import = 0
Number of asset objects unloaded after import = 1
========================================================================
Received Import Request.
  Time of request: 2026-09-15T03:17:29.446234Z
  Time since last request: 0.000259628 seconds.
  importAddress: GUID: db331124c2ee348219007881f953471b - Path: Packages/com.unity.services.core/Runtime/Core.Internal/AsyncOperation/AsyncOperationBase.cs - Importer: ScriptedImporter/UnityEditor.QuickSearchModule:UnityEditor.Search:ASIAI0B
Importing 'GUID: db331124c2ee348219007881f953471b - Path: Packages/com.unity.services.core/Runtime/Core.Internal/AsyncOperation/AsyncOperationBase.cs - Importer: ScriptedImporter/UnityEditor.QuickSearchModule:UnityEditor.Search:ASIAI0B' with importer (ScriptedImporter : UnityEditor.QuickSearchModule:UnityEditor.Search:ASIAI0B)
Imported 'GUID: db331124c2ee348219007881f953471b' -> (Import Result ID: 'a08449a702657f472309d1e1313e4bbf') in 0.001 seconds [static and dynamic dependencies]. Details - ImportResultOutputID=7a065cf6cfd70e56f15171c0f1435e6c DependenciesID=0f384499b59388a7cc9651ba8e9aa3af StaticDependenciesID=094637af8cf81cae0356f4f5e1fcb912 
Number of updated asset objects reloaded before import = 0
Number of asset objects unloaded after import = 0
========================================================================
Received Import Request.
  Time of request: 2026-09-15T03:17:29.447258Z
  Time since last request: 0.000376157 seconds.
  importAddress: GUID: 0e9515598d3bf405bb8311f6d4528e00 - Path: Packages/com.unity.services.core/Editor/Core/UiHelpers/UXML/LoggedOut.uxml - Importer: ScriptedImporter/UnityEditor.QuickSearchModule:UnityEditor.Search:ASIAI0B
Importing 'GUID: 0e9515598d3bf405bb8311f6d4528e00 - Path: Packages/com.unity.services.core/Editor/Core/UiHelpers/UXML/LoggedOut.uxml - Importer: ScriptedImporter/UnityEditor.QuickSearchModule:UnityEditor.Search:ASIAI0B' with importer (ScriptedImporter : UnityEditor.QuickSearchModule:UnityEditor.Search:ASIAI0B)
Imported 'GUID: 0e9515598d3bf405bb8311f6d4528e00' -> (Import Result ID: 'e29e4b9af5a60004c299be119d9895da') in 0.003 seconds [static and dynamic dependencies]. Details - ImportResultOutputID=9a08dc84bb43d1685efbdbcc3e456512 DependenciesID=6289fd5858a5b24a0bd627ee0266342e StaticDependenciesID=f0bd4667a068913f6f535b97445965b0 
Number of updated asset objects reloaded before import = 0
Number of asset objects unloaded after import = 2
========================================================================
Received Import Request.
  Time of request: 2026-09-15T03:17:29.450557Z
  Time since last request: 0.000239741 seconds.
  importAddress: GUID: 62cb2395d95d4c3b918e83fc770dadb5 - Path: Packages/com.unity.services.core/Editor/Core/Linker/Models/XmlLinkedProperty.cs - Importer: ScriptedImporter/UnityEditor.QuickSearchModule:UnityEditor.Search:ASIAI0B
Importing 'GUID: 62cb2395d95d4c3b918e83fc770dadb5 - Path: Packages/com.unity.services.core/Editor/Core/Linker/Models/XmlLinkedProperty.cs - Importer: ScriptedImporter/UnityEditor.QuickSearchModule:UnityEditor.Search:ASIAI0B' with importer (ScriptedImporter : UnityEditor.QuickSearchModule:UnityEditor.Search:ASIAI0B)
Imported 'GUID: 62cb2395d95d4c3b918e83fc770dadb5' -> (Import Result ID: 'd525dd680a6ae892c5265cc80919ab3f') in 0.002 seconds [static and dynamic dependencies]. Details - ImportResultOutputID=aa7552bf13cb834403c889b386d1b036 DependenciesID=36cdcd002b37153bd44f4e0b75e2f3b9 StaticDependenciesID=bcc572ca4db61b29f1c79fa3e68ef601 
Number of updated asset objects reloaded before import = 0
Number of asset objects unloaded after import = 0
========================================================================
Received Import Request.
  Time of request: 2026-09-15T03:17:29.452932Z
  Time since last request: 0.000259938 seconds.
  importAddress: GUID: 64d300c97ef0045988d44f511d9c8648 - Path: Packages/com.unity.services.core/Runtime/Core.Internal/Registry/IServiceComponent.cs - Importer: ScriptedImporter/UnityEditor.QuickSearchModule:UnityEditor.Search:ASIAI0B
Importing 'GUID: 64d300c97ef0045988d44f511d9c8648 - Path: Packages/com.unity.services.core/Runtime/Core.Internal/Registry/IServiceComponent.cs - Importer: ScriptedImporter/UnityEditor.QuickSearchModule:UnityEditor.Search:ASIAI0B' with importer (ScriptedImporter : UnityEditor.QuickSearchModule:UnityEditor.Search:ASIAI0B)
Imported 'GUID: 64d300c97ef0045988d44f511d9c8648' -> (Import Result ID: '2a8a8bf21cea5c83a87044646b5864bd') in 0.001 seconds [static and dynamic dependencies]. Details - ImportResultOutputID=dcd25fd155430f92b8896224f4c107d3 DependenciesID=8fc9369388240a3bdbd5c55f3e939f9d StaticDependenciesID=f5a7c6907a4f2dd504452153599b9bdc 
Number of updated asset objects reloaded before import = 0
Number of asset objects unloaded after import = 0
========================================================================
Received Import Request.
  Time of request: 2026-09-15T03:17:29.454137Z
  Time since last request: 0.000342564 seconds.
  importAddress: GUID: c98e909b661a94dfbacaa1f5717b8c64 - Path: Packages/com.unity.services.core/Editor/Core/EditorGameService/EditorGameServiceDashboardHelper.cs - Importer: ScriptedImporter/UnityEditor.QuickSearchModule:UnityEditor.Search:ASIAI0B
Importing 'GUID: c98e909b661a94dfbacaa1f5717b8c64 - Path: Packages/com.unity.services.core/Editor/Core/EditorGameService/EditorGameServiceDashboardHelper.cs - Importer: ScriptedImporter/UnityEditor.QuickSearchModule:UnityEditor.Search:ASIAI0B' with importer (ScriptedImporter : UnityEditor.QuickSearchModule:UnityEditor.Search:ASIAI0B)
Imported 'GUID: c98e909b661a94dfbacaa1f5717b8c64' -> (Import Result ID: '2138acfc8d98c1cc7e3e920e65de0170') in 0.001 seconds [static and dynamic dependencies]. Details - ImportResultOutputID=66096c0396eb0aa2f932bcd20e363220 DependenciesID=2dc64d8f0afb929ab4fc112b3fcdaa16 StaticDependenciesID=493e8624065e36473f60d52025094c3f 
Number of updated asset objects reloaded before import = 0
Number of asset objects unloaded after import = 0
========================================================================
Received Import Request.
  Time of request: 2026-09-15T03:17:29.455088Z
  Time since last request: 0.000284555 seconds.
  importAddress: GUID: cd19f4d30febf412099957c9457b31f2 - Path: Packages/com.unity.services.core/Runtime/Device - Importer: ScriptedImporter/UnityEditor.QuickSearchModule:UnityEditor.Search:ASIAI0B
Importing 'GUID: cd19f4d30febf412099957c9457b31f2 - Path: Packages/com.unity.services.core/Runtime/Device - Importer: ScriptedImporter/UnityEditor.QuickSearchModule:UnityEditor.Search:ASIAI0B' with importer (ScriptedImporter : UnityEditor.QuickSearchModule:UnityEditor.Search:ASIAI0B)
Imported 'GUID: cd19f4d30febf412099957c9457b31f2' -> (Import Result ID: '6d3798629d92c78a8b5416b6ae148a89') in 0.001 seconds [static and dynamic dependencies]. Details - ImportResultOutputID=a02ed3da48519f4bd9949280d0337ada DependenciesID=0babd3c4e47ff81da9e2c3bbca0b0fd8 StaticDependenciesID=dae2dd4c3d13980255afb3dc798ffcfd 
Number of updated asset objects reloaded before import = 0
Number of asset objects unloaded after import = 1
========================================================================
Received Import Request.
  Time of request: 2026-09-15T03:17:29.455955Z
  Time since last request: 0.000267012 seconds.
  importAddress: GUID: bcb39717dc044856ae68744f205c8c8e - Path: Packages/com.unity.services.core/Editor/Core/Utils/IAccessTokens.cs - Importer: ScriptedImporter/UnityEditor.QuickSearchModule:UnityEditor.Search:ASIAI0B
Importing 'GUID: bcb39717dc044856ae68744f205c8c8e - Path: Packages/com.unity.services.core/Editor/Core/Utils/IAccessTokens.cs - Importer: ScriptedImporter/UnityEditor.QuickSearchModule:UnityEditor.Search:ASIAI0B' with importer (ScriptedImporter : UnityEditor.QuickSearchModule:UnityEditor.Search:ASIAI0B)
Imported 'GUID: bcb39717dc044856ae68744f205c8c8e' -> (Import Result ID: '6d845abc4146b40c0ea9220cb24311a0') in 0.001 seconds [static and dynamic dependencies]. Details - ImportResultOutputID=fb5607319803020cf754b491ba15e045 DependenciesID=215f54803a77cbafe504d0d3dc30f291 StaticDependenciesID=e4a96b2687a6bd81515bb2be209906ba 
Number of updated asset objects reloaded before import = 0
Number of asset objects unloaded after import = 0
========================================================================
Received Import Request.
  Time of request: 2026-09-15T03:17:29.456858Z
  Time since last request: 0.000299923 seconds.
  importAddress: GUID: 7145ff75f48d459ba47583c1301f05aa - Path: Packages/com.unity.services.core/Runtime/Core.Internal/Serialization/IJsonSerializer.cs - Importer: ScriptedImporter/UnityEditor.QuickSearchModule:UnityEditor.Search:ASIAI0B
Importing 'GUID: 7145ff75f48d459ba47583c1301f05aa - Path: Packages/com.unity.services.core/Runtime/Core.Internal/Serialization/IJsonSerializer.cs - Importer: ScriptedImporter/UnityEditor.QuickSearchModule:UnityEditor.Search:ASIAI0B' with importer (ScriptedImporter : UnityEditor.QuickSearchModule:UnityEditor.Search:ASIAI0B)
Imported 'GUID: 7145ff75f48d459ba47583c1301f05aa' -> (Import Result ID: '8545c6b40caadf193d8fd7679be3e8ac') in 0.001 seconds [static and dynamic dependencies]. Details - ImportResultOutputID=ac446d2debc67e90ce47e5185ac02189 DependenciesID=1ff945d391c9b70843ca3cf33dc0dbc1 StaticDependenciesID=5a37f5b99a37e5b3d064bfed6874f38f 
Number of updated asset objects reloaded before import = 0
Number of asset objects unloaded after import = 0
========================================================================
Received Import Request.
  Time of request: 2026-09-15T03:17:29.457742Z
  Time since last request: 0.000265519 seconds.
  importAddress: GUID: 5a367299638e0496c93ea5472d17e202 - Path: Packages/com.unity.services.core/Runtime/Core.Internal/Components/Wire/ChannelToken.cs - Importer: ScriptedImporter/UnityEditor.QuickSearchModule:UnityEditor.Search:ASIAI0B
Importing 'GUID: 5a367299638e0496c93ea5472d17e202 - Path: Packages/com.unity.services.core/Runtime/Core.Internal/Components/Wire/ChannelToken.cs - Importer: ScriptedImporter/UnityEditor.QuickSearchModule:UnityEditor.Search:ASIAI0B' with importer (ScriptedImporter : UnityEditor.QuickSearchModule:UnityEditor.Search:ASIAI0B)
Imported 'GUID: 5a367299638e0496c93ea5472d17e202' -> (Import Result ID: '1a3973add1b44c620f5a75439eda96eb') in 0.001 seconds [static and dynamic dependencies]. Details - ImportResultOutputID=b81b54b374b46b62cea6ea50f3f799b7 DependenciesID=aaa61f66831adf470e4970361208b46d StaticDependenciesID=e7df07ead7acf428bf7a0e72f8ab5892 
Number of updated asset objects reloaded before import = 0
Number of asset objects unloaded after import = 0
========================================================================
Received Import Request.
  Time of request: 2026-09-15T03:17:29.458557Z
  Time since last request: 0.000212168 seconds.
  importAddress: GUID: a1b72e317de21944db60cab0b6122b91 - Path: Packages/com.unity.services.core/Editor/Core/Configuration/productionUrls.json - Importer: ScriptedImporter/UnityEditor.QuickSearchModule:UnityEditor.Search:ASIAI0B
Importing 'GUID: a1b72e317de21944db60cab0b6122b91 - Path: Packages/com.unity.services.core/Editor/Core/Configuration/productionUrls.json - Importer: ScriptedImporter/UnityEditor.QuickSearchModule:UnityEditor.Search:ASIAI0B' with importer (ScriptedImporter : UnityEditor.QuickSearchModule:UnityEditor.Search:ASIAI0B)
Imported 'GUID: a1b72e317de21944db60cab0b6122b91' -> (Import Result ID: '0cedc105edf714fb4b86cf8023c07489') in 0.001 seconds [static and dynamic dependencies]. Details - ImportResultOutputID=4f4b4e743d3011fff8ea6af6a2d47567 DependenciesID=ab15f8262c7075b45f78012a56c4f160 StaticDependenciesID=d192149b19840ceae3aad36cd0c75734 
Number of updated asset objects reloaded before import = 0
Number of asset objects unloaded after import = 1
========================================================================
Received Import Request.
  Time of request: 2026-09-15T03:17:29.459438Z
  Time since last request: 0.000232798 seconds.
  importAddress: GUID: 5851f7a45fb45438984f24b9d30f4972 - Path: Packages/com.unity.services.cloud-build/Icons/build_sentToBuilder.png - Importer: ScriptedImporter/UnityEditor.QuickSearchModule:UnityEditor.Search:ASIAI0B
Importing 'GUID: 5851f7a45fb45438984f24b9d30f4972 - Path: Packages/com.unity.services.cloud-build/Icons/build_sentToBuilder.png - Importer: ScriptedImporter/UnityEditor.QuickSearchModule:UnityEditor.Search:ASIAI0B' with importer (ScriptedImporter : UnityEditor.QuickSearchModule:UnityEditor.Search:ASIAI0B)
Imported 'GUID: 5851f7a45fb45438984f24b9d30f4972' -> (Import Result ID: 'a4f8f75128ab0e9174231e600d7f1c8c') in 0.002 seconds [static and dynamic dependencies]. Details - ImportResultOutputID=7dd09e555bed02fe0304297b46c34beb DependenciesID=87a8e9649c4c14692d0398d85fcd332e StaticDependenciesID=780af915407e744a24ffc6ad2b2668f3 
Number of updated asset objects reloaded before import = 0
Number of asset objects unloaded after import = 1
========================================================================
Received Import Request.
  Time of request: 2026-09-15T03:17:29.461765Z
  Time since last request: 0.000259147 seconds.
  importAddress: GUID: c08e902836184f9e8107cd93bf1ad5e7 - Path: Packages/com.unity.services.cloud-build/Editor/BuildAutomationConstants.cs - Importer: ScriptedImporter/UnityEditor.QuickSearchModule:UnityEditor.Search:ASIAI0B
Importing 'GUID: c08e902836184f9e8107cd93bf1ad5e7 - Path: Packages/com.unity.services.cloud-build/Editor/BuildAutomationConstants.cs - Importer: ScriptedImporter/UnityEditor.QuickSearchModule:UnityEditor.Search:ASIAI0B' with importer (ScriptedImporter : UnityEditor.QuickSearchModule:UnityEditor.Search:ASIAI0B)
Imported 'GUID: c08e902836184f9e8107cd93bf1ad5e7' -> (Import Result ID: '5e4eae1abcb370547767599dff2cc4f7') in 0.001 seconds [static and dynamic dependencies]. Details - ImportResultOutputID=81353cf4609d3d8cf162cf5fda1fc58d DependenciesID=e3e564cc2b811c62eeadbe8da9333c59 StaticDependenciesID=2b633f384b15d494b4a7d289b6fdbdf9 
Number of updated asset objects reloaded before import = 0
Number of asset objects unloaded after import = 0
========================================================================
Received Import Request.
  Time of request: 2026-09-15T03:17:29.462653Z
  Time since last request: 0.000299483 seconds.
  importAddress: GUID: e4f05d69764dc4f34987c49a70ec8d46 - Path: Packages/com.unity.services.core/Editor/Core/Environments/IEnvironmentValidator.cs - Importer: ScriptedImporter/UnityEditor.QuickSearchModule:UnityEditor.Search:ASIAI0B
Importing 'GUID: e4f05d69764dc4f34987c49a70ec8d46 - Path: Packages/com.unity.services.core/Editor/Core/Environments/IEnvironmentValidator.cs - Importer: ScriptedImporter/UnityEditor.QuickSearchModule:UnityEditor.Search:ASIAI0B' with importer (ScriptedImporter : UnityEditor.QuickSearchModule:UnityEditor.Search:ASIAI0B)
Imported 'GUID: e4f05d69764dc4f34987c49a70ec8d46' -> (Import Result ID: '60d79467f4c4649f4e746a0469029c58') in 0.001 seconds [static and dynamic dependencies]. Details - ImportResultOutputID=562b9d3851e96799b9b97da84cbe0096 DependenciesID=41f4fcb8b98bcd5da1e716a0db18ac87 StaticDependenciesID=664539e6999dfbeed1454708334856a2 
Number of updated asset objects reloaded before import = 0
Number of asset objects unloaded after import = 0
========================================================================
Received Import Request.
  Time of request: 2026-09-15T03:17:29.463612Z
  Time since last request: 0.000370666 seconds.
  importAddress: GUID: 4c6dc86da62be4b67aa82568698b9a92 - Path: Packages/com.unity.services.core/Editor/Core/Shared/Infrastructure/Collections/MergedObservableCollection.Gen.cs - Importer: ScriptedImporter/UnityEditor.QuickSearchModule:UnityEditor.Search:ASIAI0B
Importing 'GUID: 4c6dc86da62be4b67aa82568698b9a92 - Path: Packages/com.unity.services.core/Editor/Core/Shared/Infrastructure/Collections/MergedObservableCollection.Gen.cs - Importer: ScriptedImporter/UnityEditor.QuickSearchModule:UnityEditor.Search:ASIAI0B' with importer (ScriptedImporter : UnityEditor.QuickSearchModule:UnityEditor.Search:ASIAI0B)
Imported 'GUID: 4c6dc86da62be4b67aa82568698b9a92' -> (Import Result ID: 'd880e426950eeecc8436c297cc15167d') in 0.001 seconds [static and dynamic dependencies]. Details - ImportResultOutputID=cb86e1814897d6480ce615fa7ba99cff DependenciesID=efe461dcdd1d6c89f3746d0f9ba5b2c5 StaticDependenciesID=c7288ca7e70fc35fafde8a90c932dff7 
Number of updated asset objects reloaded before import = 0
Number of asset objects unloaded after import = 0
========================================================================
Received Import Request.
  Time of request: 2026-09-15T03:17:29.464652Z
  Time since last request: 0.000445196 seconds.
  importAddress: GUID: 9e6ed7d51349b45518022aa545ab7e0b - Path: Packages/com.unity.services.core/Editor/Core/Environments/Unity.Services.Core.Environments.Editor.asmdef - Importer: ScriptedImporter/UnityEditor.QuickSearchModule:UnityEditor.Search:ASIAI0B
Importing 'GUID: 9e6ed7d51349b45518022aa545ab7e0b - Path: Packages/com.unity.services.core/Editor/Core/Environments/Unity.Services.Core.Environments.Editor.asmdef - Importer: ScriptedImporter/UnityEditor.QuickSearchModule:UnityEditor.Search:ASIAI0B' with importer (ScriptedImporter : UnityEditor.QuickSearchModule:UnityEditor.Search:ASIAI0B)
Imported 'GUID: 9e6ed7d51349b45518022aa545ab7e0b' -> (Import Result ID: '7eb6291bd3f486167f12801980cbda05') in 0.001 seconds [static and dynamic dependencies]. Details - ImportResultOutputID=a5f5c3fe2aa54fb24af0d6648ba16ab3 DependenciesID=dd34180fa64ebdd4304db0dcc3749e3f StaticDependenciesID=97604fd6e4f845437f4a63978fe16bf4 
Number of updated asset objects reloaded before import = 0
Number of asset objects unloaded after import = 1
========================================================================
Received Import Request.
  Time of request: 2026-09-15T03:17:29.465625Z
  Time since last request: 0.000326353 seconds.
  importAddress: GUID: 57c3b7d88e2241d39318a95ace5b1400 - Path: Packages/com.unity.services.core/Editor/Core/UiHelpers/PlatformSupportUiHelper.cs - Importer: ScriptedImporter/UnityEditor.QuickSearchModule:UnityEditor.Search:ASIAI0B
Importing 'GUID: 57c3b7d88e2241d39318a95ace5b1400 - Path: Packages/com.unity.services.core/Editor/Core/UiHelpers/PlatformSupportUiHelper.cs - Importer: ScriptedImporter/UnityEditor.QuickSearchModule:UnityEditor.Search:ASIAI0B' with importer (ScriptedImporter : UnityEditor.QuickSearchModule:UnityEditor.Search:ASIAI0B)
Imported 'GUID: 57c3b7d88e2241d39318a95ace5b1400' -> (Import Result ID: '6f74766c27fa7dd2871b491d2af4a64a') in 0.001 seconds [static and dynamic dependencies]. Details - ImportResultOutputID=575e4d9f6540734fc10a95b5969face6 DependenciesID=1e39450e6e4a550c2f8bea255ed631b9 StaticDependenciesID=1a5a81978017bd286a4974a5515ae013 
Number of updated asset objects reloaded before import = 0
Number of asset objects unloaded after import = 0
========================================================================
Received Import Request.
  Time of request: 2026-09-15T03:17:29.466577Z
  Time since last request: 0.000358904 seconds.
  importAddress: GUID: 373ec6d78d05e42a0a824c0167210322 - Path: Packages/com.unity.services.core/Editor/Core/Environments/EnvironmentValidator.cs - Importer: ScriptedImporter/UnityEditor.QuickSearchModule:UnityEditor.Search:ASIAI0B
Importing 'GUID: 373ec6d78d05e42a0a824c0167210322 - Path: Packages/com.unity.services.core/Editor/Core/Environments/EnvironmentValidator.cs - Importer: ScriptedImporter/UnityEditor.QuickSearchModule:UnityEditor.Search:ASIAI0B' with importer (ScriptedImporter : UnityEditor.QuickSearchModule:UnityEditor.Search:ASIAI0B)
Imported 'GUID: 373ec6d78d05e42a0a824c0167210322' -> (Import Result ID: '0be68e0ddd15d7829b4a200c8cf8c86f') in 0.001 seconds [static and dynamic dependencies]. Details - ImportResultOutputID=8f3a087abd471fcddece842b9fe491ef DependenciesID=4c4ef5eb8f6036893a7c4230d01dc6d6 StaticDependenciesID=ee40413a02419f1e9a7c18613b79f0b2 
Number of updated asset objects reloaded before import = 0
Number of asset objects unloaded after import = 0
========================================================================
Received Import Request.
  Time of request: 2026-09-15T03:17:29.467468Z
  Time since last request: 0.000304863 seconds.
  importAddress: GUID: 4f5fbcf1cf27a4a37ad615aee226465f - Path: Packages/com.unity.services.core/Editor/Core/Shared/Infrastructure/SystemEnvironment/SystemEnvironmentPathUtils.Gen.cs - Importer: ScriptedImporter/UnityEditor.QuickSearchModule:UnityEditor.Search:ASIAI0B
Importing 'GUID: 4f5fbcf1cf27a4a37ad615aee226465f - Path: Packages/com.unity.services.core/Editor/Core/Shared/Infrastructure/SystemEnvironment/SystemEnvironmentPathUtils.Gen.cs - Importer: ScriptedImporter/UnityEditor.QuickSearchModule:UnityEditor.Search:ASIAI0B' with importer (ScriptedImporter : UnityEditor.QuickSearchModule:UnityEditor.Search:ASIAI0B)
Imported 'GUID: 4f5fbcf1cf27a4a37ad615aee226465f' -> (Import Result ID: '516d40cd0ac6c82870126ff2213c21ea') in 0.001 seconds [static and dynamic dependencies]. Details - ImportResultOutputID=d9bab815774a87cc9495ee18dd86a75a DependenciesID=927ffedc0685d71d8fc8db86e865e62e StaticDependenciesID=7fefff219f44a88e8518c97157a8c321 
Number of updated asset objects reloaded before import = 0
Number of asset objects unloaded after import = 0
========================================================================
Received Import Request.
  Time of request: 2026-09-15T03:17:29.468421Z
  Time since last request: 0.00034087 seconds.
  importAddress: GUID: 6305d1320b2644a46b430e4ccd6eeb6e - Path: Packages/com.unity.services.core/Editor/Core/Utils/AccessTokens.cs - Importer: ScriptedImporter/UnityEditor.QuickSearchModule:UnityEditor.Search:ASIAI0B
Importing 'GUID: 6305d1320b2644a46b430e4ccd6eeb6e - Path: Packages/com.unity.services.core/Editor/Core/Utils/AccessTokens.cs - Importer: ScriptedImporter/UnityEditor.QuickSearchModule:UnityEditor.Search:ASIAI0B' with importer (ScriptedImporter : UnityEditor.QuickSearchModule:UnityEditor.Search:ASIAI0B)
Imported 'GUID: 6305d1320b2644a46b430e4ccd6eeb6e' -> (Import Result ID: '77f50701514123c9614f2c7c51768dd5') in 0.000 seconds [static and dynamic dependencies]. Details - ImportResultOutputID=f73de8f2f223098183b588dc2a2e7706 DependenciesID=f1cb8deef2e7e843942c1b4e277c70f3 StaticDependenciesID=a11b6af215a2df97f70bf5a1a1cdea6f 
Number of updated asset objects reloaded before import = 0
Number of asset objects unloaded after import = 0
========================================================================
Received Import Request.
  Time of request: 2026-09-15T03:17:29.469217Z
  Time since last request: 0.000245491 seconds.
  importAddress: GUID: a5a20a36fab5ed4fc023d92d2ac579fb - Path: Packages/com.unity.nuget.newtonsoft-json - Importer: ScriptedImporter/UnityEditor.QuickSearchModule:UnityEditor.Search:ASIAI0B
Importing 'GUID: a5a20a36fab5ed4fc023d92d2ac579fb - Path: Packages/com.unity.nuget.newtonsoft-json - Importer: ScriptedImporter/UnityEditor.QuickSearchModule:UnityEditor.Search:ASIAI0B' with importer (ScriptedImporter : UnityEditor.QuickSearchModule:UnityEditor.Search:ASIAI0B)
Imported 'GUID: a5a20a36fab5ed4fc023d92d2ac579fb' -> (Import Result ID: '01d3bf21ed55bf02cb33bd197721a8ba') in 0.000 seconds [static and dynamic dependencies]. Details - ImportResultOutputID=e09e91b73b4636de093ff9630221fa69 DependenciesID=f6efbd6a6a8276320cbf4211070d90c7 StaticDependenciesID=80815a3bbcf31735ac8bae619ec0f40b 
Number of updated asset objects reloaded before import = 0
Number of asset objects unloaded after import = 1
========================================================================
Received Import Request.
  Time of request: 2026-09-15T03:17:29.470036Z
  Time since last request: 0.000267171 seconds.
  importAddress: GUID: e5cb09d6e3f0e49f8a2a23fa61447902 - Path: Packages/com.unity.services.core/Editor/Core/Environments/Client/Apis/DefaultApi.cs - Importer: ScriptedImporter/UnityEditor.QuickSearchModule:UnityEditor.Search:ASIAI0B
Importing 'GUID: e5cb09d6e3f0e49f8a2a23fa61447902 - Path: Packages/com.unity.services.core/Editor/Core/Environments/Client/Apis/DefaultApi.cs - Importer: ScriptedImporter/UnityEditor.QuickSearchModule:UnityEditor.Search:ASIAI0B' with importer (ScriptedImporter : UnityEditor.QuickSearchModule:UnityEditor.Search:ASIAI0B)
Imported 'GUID: e5cb09d6e3f0e49f8a2a23fa61447902' -> (Import Result ID: '04e3ba301bb51a435bcfaa99b8594f0a') in 0.001 seconds [static and dynamic dependencies]. Details - ImportResultOutputID=a17abd7af2776015e9c1f7a0fb3070b6 DependenciesID=c289206c9b82cf793e6648bc3730b5ea StaticDependenciesID=823bc4492944a4b2fa60b5c5fff037e6 
Number of updated asset objects reloaded before import = 0
Number of asset objects unloaded after import = 0
========================================================================
Received Import Request.
  Time of request: 2026-09-15T03:17:29.470898Z
  Time since last request: 0.000286829 seconds.
  importAddress: GUID: 0b321f1156cb24f0e8d4c8fa0d32f5c7 - Path: Packages/com.unity.services.core/Runtime/Core/RequestFailedException.cs - Importer: ScriptedImporter/UnityEditor.QuickSearchModule:UnityEditor.Search:ASIAI0B
Importing 'GUID: 0b321f1156cb24f0e8d4c8fa0d32f5c7 - Path: Packages/com.unity.services.core/Runtime/Core/RequestFailedException.cs - Importer: ScriptedImporter/UnityEditor.QuickSearchModule:UnityEditor.Search:ASIAI0B' with importer (ScriptedImporter : UnityEditor.QuickSearchModule:UnityEditor.Search:ASIAI0B)
Imported 'GUID: 0b321f1156cb24f0e8d4c8fa0d32f5c7' -> (Import Result ID: '0ab2f4d4d249bb661f4af47ce8218d4f') in 0.001 seconds [static and dynamic dependencies]. Details - ImportResultOutputID=fe215f36ebc9831be32b7e8d555c35bb DependenciesID=87768c72fbd7437e702b87fb445bc65f StaticDependenciesID=d90938e3bc8ea64b6719c8ff16adcc0c 
Number of updated asset objects reloaded before import = 0
Number of asset objects unloaded after import = 0
========================================================================
Received Import Request.
  Time of request: 2026-09-15T03:17:29.471731Z
  Time since last request: 0.000230864 seconds.
  importAddress: GUID: 9358f5ecbf4c7c243b03db1b22f7c166 - Path: Packages/com.unity.services.core/Runtime/Core/Initialization/ServicesCreationException.cs - Importer: ScriptedImporter/UnityEditor.QuickSearchModule:UnityEditor.Search:ASIAI0B
Importing 'GUID: 9358f5ecbf4c7c243b03db1b22f7c166 - Path: Packages/com.unity.services.core/Runtime/Core/Initialization/ServicesCreationException.cs - Importer: ScriptedImporter/UnityEditor.QuickSearchModule:UnityEditor.Search:ASIAI0B' with importer (ScriptedImporter : UnityEditor.QuickSearchModule:UnityEditor.Search:ASIAI0B)
Imported 'GUID: 9358f5ecbf4c7c243b03db1b22f7c166' -> (Import Result ID: '462753cf8b6fd7aae73edd4edb05618b') in 0.001 seconds [static and dynamic dependencies]. Details - ImportResultOutputID=358cba3e14e9b22d9b2c19221c7af65e DependenciesID=036ec2a9088d45b692d4fe66dd7ff828 StaticDependenciesID=838c48e8ff4e56fb0c482f14cd0edc21 
Number of updated asset objects reloaded before import = 0
Number of asset objects unloaded after import = 0
========================================================================
Received Import Request.
  Time of request: 2026-09-15T03:17:29.472682Z
  Time since last request: 0.000366238 seconds.
  importAddress: GUID: aba594edfb0154c809b60ba057041165 - Path: Packages/com.unity.services.cloud-build/Editor/BuildAutomationHistoryWindow.cs - Importer: ScriptedImporter/UnityEditor.QuickSearchModule:UnityEditor.Search:ASIAI0B
Importing 'GUID: aba594edfb0154c809b60ba057041165 - Path: Packages/com.unity.services.cloud-build/Editor/BuildAutomationHistoryWindow.cs - Importer: ScriptedImporter/UnityEditor.QuickSearchModule:UnityEditor.Search:ASIAI0B' with importer (ScriptedImporter : UnityEditor.QuickSearchModule:UnityEditor.Search:ASIAI0B)
Imported 'GUID: aba594edfb0154c809b60ba057041165' -> (Import Result ID: 'ac712d7225064873cdb6a14a1b0639ba') in 0.001 seconds [static and dynamic dependencies]. Details - ImportResultOutputID=357c9a3eba69a18f19e18fbfb1600568 DependenciesID=e541e6b32aec644a27ae2077bb1ea3ce StaticDependenciesID=97fa93e8303e91c3fd399eb11ac1cc07 
Number of updated asset objects reloaded before import = 0
Number of asset objects unloaded after import = 0
========================================================================
Received Import Request.
  Time of request: 2026-09-15T03:17:29.473721Z
  Time since last request: 0.000461848 seconds.
  importAddress: GUID: 2ce7a4ee920834a2eb1b48958047fbd4 - Path: Packages/com.unity.services.core/Runtime/Core.Internal/Components/Device/IInstallationId.cs - Importer: ScriptedImporter/UnityEditor.QuickSearchModule:UnityEditor.Search:ASIAI0B
Importing 'GUID: 2ce7a4ee920834a2eb1b48958047fbd4 - Path: Packages/com.unity.services.core/Runtime/Core.Internal/Components/Device/IInstallationId.cs - Importer: ScriptedImporter/UnityEditor.QuickSearchModule:UnityEditor.Search:ASIAI0B' with importer (ScriptedImporter : UnityEditor.QuickSearchModule:UnityEditor.Search:ASIAI0B)
Imported 'GUID: 2ce7a4ee920834a2eb1b48958047fbd4' -> (Import Result ID: 'f0ec1961a9a2014fcfa44a8a2f855104') in 0.001 seconds [static and dynamic dependencies]. Details - ImportResultOutputID=ae34edaf4abed76629cb107d3fe16b13 DependenciesID=398772ac194919cf3021d7bea8b63d96 StaticDependenciesID=5b8f4a92e5b486ad102acb4ade92cc65 
Number of updated asset objects reloaded before import = 0
Number of asset objects unloaded after import = 0
========================================================================
Received Import Request.
  Time of request: 2026-09-15T03:17:29.47462Z
  Time since last request: 0.000327856 seconds.
  importAddress: GUID: e79be1821d7fcebc98ca23dbab17f130 - Path: Packages/com.unity.services.core/Editor/Core/Environments/Client/Models/UnityGetUserGuestProjects200Response.cs - Importer: ScriptedImporter/UnityEditor.QuickSearchModule:UnityEditor.Search:ASIAI0B
Importing 'GUID: e79be1821d7fcebc98ca23dbab17f130 - Path: Packages/com.unity.services.core/Editor/Core/Environments/Client/Models/UnityGetUserGuestProjects200Response.cs - Importer: ScriptedImporter/UnityEditor.QuickSearchModule:UnityEditor.Search:ASIAI0B' with importer (ScriptedImporter : UnityEditor.QuickSearchModule:UnityEditor.Search:ASIAI0B)
Imported 'GUID: e79be1821d7fcebc98ca23dbab17f130' -> (Import Result ID: 'ed0e4065385315dc4ed9e42bfbb160de') in 0.001 seconds [static and dynamic dependencies]. Details - ImportResultOutputID=a1d5c6ff45aac6e1b2be3e7b22b260c1 DependenciesID=41a05e0c70225588c80ab73604934ad5 StaticDependenciesID=f519c7b657c002c439bdc69bbfb14f49 
Number of updated asset objects reloaded before import = 0
Number of asset objects unloaded after import = 0
========================================================================
Received Import Request.
  Time of request: 2026-09-15T03:17:29.475678Z
  Time since last request: 0.000384683 seconds.
  importAddress: GUID: d60d10f7c2b9479fa548dce8a80cab6e - Path: Packages/com.unity.services.core/Editor/Core/UiHelpers/VisualElementHelper.cs - Importer: ScriptedImporter/UnityEditor.QuickSearchModule:UnityEditor.Search:ASIAI0B
Importing 'GUID: d60d10f7c2b9479fa548dce8a80cab6e - Path: Packages/com.unity.services.core/Editor/Core/UiHelpers/VisualElementHelper.cs - Importer: ScriptedImporter/UnityEditor.QuickSearchModule:UnityEditor.Search:ASIAI0B' with importer (ScriptedImporter : UnityEditor.QuickSearchModule:UnityEditor.Search:ASIAI0B)
Imported 'GUID: d60d10f7c2b9479fa548dce8a80cab6e' -> (Import Result ID: 'b6062a4f7418979b107cfc2da8491cd1') in 0.001 seconds [static and dynamic dependencies]. Details - ImportResultOutputID=0531ebeb1ac71db1cb2eaadee97a3e2d DependenciesID=637de7a0b9b3985247f8d0a06712e3c0 StaticDependenciesID=242eec45494a05653e38ffcd9cbc7f6b 
Number of updated asset objects reloaded before import = 0
Number of asset objects unloaded after import = 0
========================================================================
Received Import Request.
  Time of request: 2026-09-15T03:17:29.476605Z
  Time since last request: 0.000335351 seconds.
  importAddress: GUID: 96fdca1f2d7348147946226cfe61a2e1 - Path: Packages/com.unity.services.core/Runtime/Components/Unity.Services.Core.Components.asmdef - Importer: ScriptedImporter/UnityEditor.QuickSearchModule:UnityEditor.Search:ASIAI0B
Importing 'GUID: 96fdca1f2d7348147946226cfe61a2e1 - Path: Packages/com.unity.services.core/Runtime/Components/Unity.Services.Core.Components.asmdef - Importer: ScriptedImporter/UnityEditor.QuickSearchModule:UnityEditor.Search:ASIAI0B' with importer (ScriptedImporter : UnityEditor.QuickSearchModule:UnityEditor.Search:ASIAI0B)
Imported 'GUID: 96fdca1f2d7348147946226cfe61a2e1' -> (Import Result ID: '40061d58b623a704aaeaeb063491e500') in 0.001 seconds [static and dynamic dependencies]. Details - ImportResultOutputID=9b305d4d8da17f5088d1d3bacb432716 DependenciesID=8bbea03edcc9f12e55d89264b5750e6e StaticDependenciesID=ef94eed5c00ad2fc9f61068eb1f13189 
Number of updated asset objects reloaded before import = 0
Number of asset objects unloaded after import = 1
========================================================================
Received Import Request.
  Time of request: 2026-09-15T03:17:29.477497Z
  Time since last request: 0.000255991 seconds.
  importAddress: GUID: 249ac81b0a95a25449448c6ac698e501 - Path: Packages/com.unity.services.core/Runtime/Core.Internal/Registry/ComponentRegistry/ComponentRegistry.cs - Importer: ScriptedImporter/UnityEditor.QuickSearchModule:UnityEditor.Search:ASIAI0B
Importing 'GUID: 249ac81b0a95a25449448c6ac698e501 - Path: Packages/com.unity.services.core/Runtime/Core.Internal/Registry/ComponentRegistry/ComponentRegistry.cs - Importer: ScriptedImporter/UnityEditor.QuickSearchModule:UnityEditor.Search:ASIAI0B' with importer (ScriptedImporter : UnityEditor.QuickSearchModule:UnityEditor.Search:ASIAI0B)
Imported 'GUID: 249ac81b0a95a25449448c6ac698e501' -> (Import Result ID: '87e872a567f688790884152dd0f5d463') in 0.001 seconds [static and dynamic dependencies]. Details - ImportResultOutputID=8232c128c4411f20284205b4ef4dab1f DependenciesID=0672692a12d34982e2531c88b47c20d1 StaticDependenciesID=1f09507e80f2c978a998370dfad53c84 
Number of updated asset objects reloaded before import = 0
Number of asset objects unloaded after import = 0
========================================================================
Received Import Request.
  Time of request: 2026-09-15T03:17:29.47847Z
  Time since last request: 0.000377529 seconds.
  importAddress: GUID: a6b7cd5474143421294936ce0035f352 - Path: Packages/com.unity.services.core/Editor/Core/Environments/UI/EnvironmentSelector.cs - Importer: ScriptedImporter/UnityEditor.QuickSearchModule:UnityEditor.Search:ASIAI0B
Importing 'GUID: a6b7cd5474143421294936ce0035f352 - Path: Packages/com.unity.services.core/Editor/Core/Environments/UI/EnvironmentSelector.cs - Importer: ScriptedImporter/UnityEditor.QuickSearchModule:UnityEditor.Search:ASIAI0B' with importer (ScriptedImporter : UnityEditor.QuickSearchModule:UnityEditor.Search:ASIAI0B)
Imported 'GUID: a6b7cd5474143421294936ce0035f352' -> (Import Result ID: '52250e61c0c391a7f387928fb9801d3d') in 0.001 seconds [static and dynamic dependencies]. Details - ImportResultOutputID=767a1642991f27f29075b4518cfe2b15 DependenciesID=54ab6961ce41dc672ecb9a2134764c77 StaticDependenciesID=57bcdfaee92e9e871964cfcd36b95ed9 
Number of updated asset objects reloaded before import = 0
Number of asset objects unloaded after import = 0
========================================================================
Received Import Request.
  Time of request: 2026-09-15T03:17:29.479357Z
  Time since last request: 0.000289574 seconds.
  importAddress: GUID: e3040a42462f34a1abb382a2b8af67f2 - Path: Packages/com.unity.services.core/Editor/Core/Shared/Infrastructure/Collections - Importer: ScriptedImporter/UnityEditor.QuickSearchModule:UnityEditor.Search:ASIAI0B
Importing 'GUID: e3040a42462f34a1abb382a2b8af67f2 - Path: Packages/com.unity.services.core/Editor/Core/Shared/Infrastructure/Collections - Importer: ScriptedImporter/UnityEditor.QuickSearchModule:UnityEditor.Search:ASIAI0B' with importer (ScriptedImporter : UnityEditor.QuickSearchModule:UnityEditor.Search:ASIAI0B)
Imported 'GUID: e3040a42462f34a1abb382a2b8af67f2' -> (Import Result ID: 'eee713d680dc19ea5f666c20db2256e0') in 0.001 seconds [static and dynamic dependencies]. Details - ImportResultOutputID=3bbc419813241664c21465fdf06ae9e3 DependenciesID=a85891a28bac7c6c91473b6eacf29382 StaticDependenciesID=e65ebd876e40961eb22dab7c6ae9afa2 
Number of updated asset objects reloaded before import = 0
Number of asset objects unloaded after import = 1
========================================================================
Received Import Request.
  Time of request: 2026-09-15T03:17:29.480296Z
  Time since last request: 0.000365496 seconds.
  importAddress: GUID: f8604489d464d4ffcbc69b7bbeed5585 - Path: Packages/com.unity.services.core/Editor/Core/Shared/Infrastructure/AssemblyInfo.Gen.cs - Importer: ScriptedImporter/UnityEditor.QuickSearchModule:UnityEditor.Search:ASIAI0B
Importing 'GUID: f8604489d464d4ffcbc69b7bbeed5585 - Path: Packages/com.unity.services.core/Editor/Core/Shared/Infrastructure/AssemblyInfo.Gen.cs - Importer: ScriptedImporter/UnityEditor.QuickSearchModule:UnityEditor.Search:ASIAI0B' with importer (ScriptedImporter : UnityEditor.QuickSearchModule:UnityEditor.Search:ASIAI0B)
Imported 'GUID: f8604489d464d4ffcbc69b7bbeed5585' -> (Import Result ID: '8ff1effaed1cb2fa4ed4173c4c4b9eb6') in 0.001 seconds [static and dynamic dependencies]. Details - ImportResultOutputID=f11fdf0dd4070d647f3f4326abe08ac7 DependenciesID=63b030c62c229c8ce37c027491f56423 StaticDependenciesID=fbad3f2a60f1cfb3eb77d6168a2b5bb6 
Number of updated asset objects reloaded before import = 0
Number of asset objects unloaded after import = 0
========================================================================
Received Import Request.
  Time of request: 2026-09-15T03:17:29.48122Z
  Time since last request: 0.000321925 seconds.
  importAddress: GUID: f2413ede0f9e49f181c52bd5ebd971c9 - Path: Packages/com.unity.services.cloud-build/Editor/AssemblyInfo.cs - Importer: ScriptedImporter/UnityEditor.QuickSearchModule:UnityEditor.Search:ASIAI0B
Importing 'GUID: f2413ede0f9e49f181c52bd5ebd971c9 - Path: Packages/com.unity.services.cloud-build/Editor/AssemblyInfo.cs - Importer: ScriptedImporter/UnityEditor.QuickSearchModule:UnityEditor.Search:ASIAI0B' with importer (ScriptedImporter : UnityEditor.QuickSearchModule:UnityEditor.Search:ASIAI0B)
Imported 'GUID: f2413ede0f9e49f181c52bd5ebd971c9' -> (Import Result ID: '4aa08287b98eee7f0f15064b9a7eca6f') in 0.002 seconds [static and dynamic dependencies]. Details - ImportResultOutputID=75706ab875e268501673e2b945141e44 DependenciesID=659e7507dd6db5aabf7c799daa07b43d StaticDependenciesID=3f9c95750ffea5afbbe434d5d8105937 
Number of updated asset objects reloaded before import = 0
Number of asset objects unloaded after import = 0
========================================================================
Received Import Request.
  Time of request: 2026-09-15T03:17:29.483323Z
  Time since last request: 0.000360828 seconds.
  importAddress: GUID: 3e30cac7e0b708f4997401b616d76276 - Path: Packages/com.unity.services.core/Runtime/Core.Internal/Registry/PackageRegistry - Importer: ScriptedImporter/UnityEditor.QuickSearchModule:UnityEditor.Search:ASIAI0B
Importing 'GUID: 3e30cac7e0b708f4997401b616d76276 - Path: Packages/com.unity.services.core/Runtime/Core.Internal/Registry/PackageRegistry - Importer: ScriptedImporter/UnityEditor.QuickSearchModule:UnityEditor.Search:ASIAI0B' with importer (ScriptedImporter : UnityEditor.QuickSearchModule:UnityEditor.Search:ASIAI0B)
Imported 'GUID: 3e30cac7e0b708f4997401b616d76276' -> (Import Result ID: '3a6ad5aaaaedc010e038bfd9bddf42ff') in 0.001 seconds [static and dynamic dependencies]. Details - ImportResultOutputID=90396ff385f7a77a38a952aa4ac6048c DependenciesID=dccc3865ab0e19e08572b607fb849a7c StaticDependenciesID=95339bc5aa31668ffd2fbefaf6c90b0d 
Number of updated asset objects reloaded before import = 0
Number of asset objects unloaded after import = 1
========================================================================
Received Import Request.
  Time of request: 2026-09-15T03:17:29.484303Z
  Time since last request: 0.000383912 seconds.
  importAddress: GUID: 2946cf1ab319d45a9af9d5720e7cc5f6 - Path: Packages/com.unity.services.core/Runtime/Core.Internal/Components/Authentication/IAccessToken.cs - Importer: ScriptedImporter/UnityEditor.QuickSearchModule:UnityEditor.Search:ASIAI0B
Importing 'GUID: 2946cf1ab319d45a9af9d5720e7cc5f6 - Path: Packages/com.unity.services.core/Runtime/Core.Internal/Components/Authentication/IAccessToken.cs - Importer: ScriptedImporter/UnityEditor.QuickSearchModule:UnityEditor.Search:ASIAI0B' with importer (ScriptedImporter : UnityEditor.QuickSearchModule:UnityEditor.Search:ASIAI0B)
Imported 'GUID: 2946cf1ab319d45a9af9d5720e7cc5f6' -> (Import Result ID: 'fe1ea364790ce734e3c77fece097df7a') in 0.001 seconds [static and dynamic dependencies]. Details - ImportResultOutputID=c66cd24cec593ef43269a67e7ad0e9cc DependenciesID=9912bcac1ca5646abb31a2e0fb7fe40d StaticDependenciesID=a57b802291e27da657bebee9caf559d3 
Number of updated asset objects reloaded before import = 0
Number of asset objects unloaded after import = 0
========================================================================
Received Import Request.
  Time of request: 2026-09-15T03:17:29.485264Z
  Time since last request: 0.000381427 seconds.
  importAddress: GUID: 8248873d05b3a9445ad1b09f6a0d2284 - Path: Packages/com.unity.services.core/Editor/Core/Telemetry - Importer: ScriptedImporter/UnityEditor.QuickSearchModule:UnityEditor.Search:ASIAI0B
Importing 'GUID: 8248873d05b3a9445ad1b09f6a0d2284 - Path: Packages/com.unity.services.core/Editor/Core/Telemetry - Importer: ScriptedImporter/UnityEditor.QuickSearchModule:UnityEditor.Search:ASIAI0B' with importer (ScriptedImporter : UnityEditor.QuickSearchModule:UnityEditor.Search:ASIAI0B)
Imported 'GUID: 8248873d05b3a9445ad1b09f6a0d2284' -> (Import Result ID: '2cda528cbcc917b5fcea44a19de1db06') in 0.001 seconds [static and dynamic dependencies]. Details - ImportResultOutputID=92ed4f9a0cedb916bff5a2a7e63a5d41 DependenciesID=af52a27fc7ae5aeb57d44367e6c4877a StaticDependenciesID=97bd74a8d3b345f2560c6f9c4fd1bf2e 
Number of updated asset objects reloaded before import = 0
Number of asset objects unloaded after import = 1
========================================================================
Received Import Request.
  Time of request: 2026-09-15T03:17:29.486232Z
  Time since last request: 0.000372409 seconds.
  importAddress: GUID: 24f488a631d59471fac9f6afb99df333 - Path: Packages/com.unity.services.core/Runtime/Device/UserIdProviders/NSUserDefaults.mm - Importer: ScriptedImporter/UnityEditor.QuickSearchModule:UnityEditor.Search:ASIAI0B
Importing 'GUID: 24f488a631d59471fac9f6afb99df333 - Path: Packages/com.unity.services.core/Runtime/Device/UserIdProviders/NSUserDefaults.mm - Importer: ScriptedImporter/UnityEditor.QuickSearchModule:UnityEditor.Search:ASIAI0B' with importer (ScriptedImporter : UnityEditor.QuickSearchModule:UnityEditor.Search:ASIAI0B)
Imported 'GUID: 24f488a631d59471fac9f6afb99df333' -> (Import Result ID: 'd3423c77115f86564d0a4432f4bd5327') in 0.001 seconds [static and dynamic dependencies]. Details - ImportResultOutputID=df8a3da9c22dcc73e9b275f1810ced7e DependenciesID=1cb9f9045c0844d8bcb34ffc76b72115 StaticDependenciesID=8464dfe5a2a13c14540d4060d682ec5a 
Number of updated asset objects reloaded before import = 0
Number of asset objects unloaded after import = 0
========================================================================
Received Import Request.
  Time of request: 2026-09-15T03:17:29.487293Z
  Time since last request: 0.000275958 seconds.
  importAddress: GUID: 75ba8cc18b7164eb6aa7a8c4e64fbd25 - Path: Packages/com.unity.services.core/Runtime/Core/Unity.Services.Core.api - Importer: ScriptedImporter/UnityEditor.QuickSearchModule:UnityEditor.Search:ASIAI0B
Importing 'GUID: 75ba8cc18b7164eb6aa7a8c4e64fbd25 - Path: Packages/com.unity.services.core/Runtime/Core/Unity.Services.Core.api - Importer: ScriptedImporter/UnityEditor.QuickSearchModule:UnityEditor.Search:ASIAI0B' with importer (ScriptedImporter : UnityEditor.QuickSearchModule:UnityEditor.Search:ASIAI0B)
Imported 'GUID: 75ba8cc18b7164eb6aa7a8c4e64fbd25' -> (Import Result ID: 'bb714a5325e7f139633812d643a2f91f') in 0.001 seconds [static and dynamic dependencies]. Details - ImportResultOutputID=3040c424b9bda94d6787e86156a4c6a6 DependenciesID=fe045f0fa0fe8cd525dd38a42bdb17bd StaticDependenciesID=c0a7cfd06ef156b84ceb22adb43f2474 
Number of updated asset objects reloaded before import = 0
Number of asset objects unloaded after import = 1
========================================================================
Received Import Request.
  Time of request: 2026-09-15T03:17:29.517516Z
  Time since last request: 0.029579584 seconds.
  importAddress: GUID: 4ccb088ac3dc549f8b9dd4c7fa79206f - Path: Packages/com.unity.services.core/Runtime/Device/AssemblyInfo.cs - Importer: ScriptedImporter/UnityEditor.QuickSearchModule:UnityEditor.Search:ASIAI0B
Importing 'GUID: 4ccb088ac3dc549f8b9dd4c7fa79206f - Path: Packages/com.unity.services.core/Runtime/Device/AssemblyInfo.cs - Importer: ScriptedImporter/UnityEditor.QuickSearchModule:UnityEditor.Search:ASIAI0B' with importer (ScriptedImporter : UnityEditor.QuickSearchModule:UnityEditor.Search:ASIAI0B)
Imported 'GUID: 4ccb088ac3dc549f8b9dd4c7fa79206f' -> (Import Result ID: '22b627b14fe31e80ef97c4c6f6aadfdc') in 0.001 seconds [static and dynamic dependencies]. Details - ImportResultOutputID=e67ec64d2bd381aaf7f643f9e5f5f84d DependenciesID=9aefa3f805c1a10403b010459ec7d9e7 StaticDependenciesID=a43634f73c64ce0d23136fcb1a1e81d8 
Number of updated asset objects reloaded before import = 0
Number of asset objects unloaded after import = 0
========================================================================
Received Import Request.
  Time of request: 2026-09-15T03:17:29.518996Z
  Time since last request: 0.000400322 seconds.
  importAddress: GUID: a3870aa69e6f14c5d9f854d85444519b - Path: Packages/com.unity.services.core/Editor/Core/Shared/Clients/AdminApiHeaders.Gen.cs - Importer: ScriptedImporter/UnityEditor.QuickSearchModule:UnityEditor.Search:ASIAI0B
Importing 'GUID: a3870aa69e6f14c5d9f854d85444519b - Path: Packages/com.unity.services.core/Editor/Core/Shared/Clients/AdminApiHeaders.Gen.cs - Importer: ScriptedImporter/UnityEditor.QuickSearchModule:UnityEditor.Search:ASIAI0B' with importer (ScriptedImporter : UnityEditor.QuickSearchModule:UnityEditor.Search:ASIAI0B)
Imported 'GUID: a3870aa69e6f14c5d9f854d85444519b' -> (Import Result ID: '11d34a8569866c7a4839146bf89d103d') in 0.001 seconds [static and dynamic dependencies]. Details - ImportResultOutputID=1bef6625d9a004d18e7cebb4bb466096 DependenciesID=7b9e9fcf81364b45e0295509e0fb00c6 StaticDependenciesID=5d03044f0e7e0e9afea8e3507dcee15e 
Number of updated asset objects reloaded before import = 0
Number of asset objects unloaded after import = 0
========================================================================
Received Import Request.
  Time of request: 2026-09-15T03:17:29.520197Z
  Time since last request: 0.000432443 seconds.
  importAddress: GUID: db9e13e6a104a4b3a943cdd2e3ef4851 - Path: Packages/com.unity.services.core/Runtime/Core.Internal/Components/Wire/IChannel.cs - Importer: ScriptedImporter/UnityEditor.QuickSearchModule:UnityEditor.Search:ASIAI0B
Importing 'GUID: db9e13e6a104a4b3a943cdd2e3ef4851 - Path: Packages/com.unity.services.core/Runtime/Core.Internal/Components/Wire/IChannel.cs - Importer: ScriptedImporter/UnityEditor.QuickSearchModule:UnityEditor.Search:ASIAI0B' with importer (ScriptedImporter : UnityEditor.QuickSearchModule:UnityEditor.Search:ASIAI0B)
Imported 'GUID: db9e13e6a104a4b3a943cdd2e3ef4851' -> (Import Result ID: '6f08d7a77db0dc93eccbe8e3b57bfc90') in 0.001 seconds [static and dynamic dependencies]. Details - ImportResultOutputID=a41b67e73d68f16ad1ad53c66e905dc3 DependenciesID=256961fcd0189f1c154110bbfdb06827 StaticDependenciesID=56a783308bd2a5de6559f3a14a532da8 
Number of updated asset objects reloaded before import = 0
Number of asset objects unloaded after import = 0
========================================================================
Received Import Request.
  Time of request: 2026-09-15T03:17:29.521315Z
  Time since last request: 0.000438734 seconds.
  importAddress: GUID: 7e37a63eef781477eb8beceb182bb6ae - Path: Packages/com.unity.services.cloud-build/Editor/USS - Importer: ScriptedImporter/UnityEditor.QuickSearchModule:UnityEditor.Search:ASIAI0B
Importing 'GUID: 7e37a63eef781477eb8beceb182bb6ae - Path: Packages/com.unity.services.cloud-build/Editor/USS - Importer: ScriptedImporter/UnityEditor.QuickSearchModule:UnityEditor.Search:ASIAI0B' with importer (ScriptedImporter : UnityEditor.QuickSearchModule:UnityEditor.Search:ASIAI0B)
Imported 'GUID: 7e37a63eef781477eb8beceb182bb6ae' -> (Import Result ID: '2fb9477367947cee69b0c8819c00c232') in 0.001 seconds [static and dynamic dependencies]. Details - ImportResultOutputID=618aaa97109de1dedc08b760ae1d588f DependenciesID=3f24b50bc1c055bd3754c267064411b4 StaticDependenciesID=bc9b35ad499b920760c1a9f467e737ea 
Number of updated asset objects reloaded before import = 0
Number of asset objects unloaded after import = 1
========================================================================
Received Import Request.
  Time of request: 2026-09-15T03:17:29.522396Z
  Time since last request: 0.000440117 seconds.
  importAddress: GUID: 0ae1e28585e54ec3beb5b599a85bde59 - Path: Packages/com.unity.services.core/Editor/Core/ProjectBindRedirect/USS - Importer: ScriptedImporter/UnityEditor.QuickSearchModule:UnityEditor.Search:ASIAI0B
Importing 'GUID: 0ae1e28585e54ec3beb5b599a85bde59 - Path: Packages/com.unity.services.core/Editor/Core/ProjectBindRedirect/USS - Importer: ScriptedImporter/UnityEditor.QuickSearchModule:UnityEditor.Search:ASIAI0B' with importer (ScriptedImporter : UnityEditor.QuickSearchModule:UnityEditor.Search:ASIAI0B)
Imported 'GUID: 0ae1e28585e54ec3beb5b599a85bde59' -> (Import Result ID: 'd6909493537f508253f5f05ec85945cb') in 0.001 seconds [static and dynamic dependencies]. Details - ImportResultOutputID=4a1a66d9cf3d0ecc8cf9fcbda079fcb4 DependenciesID=27dca61e9e206f2cf22fa7cf29379143 StaticDependenciesID=ae79ba289141e62fd6882ba23b90ab6e 
Number of updated asset objects reloaded before import = 0
Number of asset objects unloaded after import = 1
========================================================================
Received Import Request.
  Time of request: 2026-09-15T03:17:29.523328Z
  Time since last request: 0.000317717 seconds.
  importAddress: GUID: eafba3bdb53b34d70a61f2cf40a497ec - Path: Packages/com.unity.services.core/Runtime/Core.Internal/Components/Networking/ReadOnlyHttpRequest.cs - Importer: ScriptedImporter/UnityEditor.QuickSearchModule:UnityEditor.Search:ASIAI0B
Importing 'GUID: eafba3bdb53b34d70a61f2cf40a497ec - Path: Packages/com.unity.services.core/Runtime/Core.Internal/Components/Networking/ReadOnlyHttpRequest.cs - Importer: ScriptedImporter/UnityEditor.QuickSearchModule:UnityEditor.Search:ASIAI0B' with importer (ScriptedImporter : UnityEditor.QuickSearchModule:UnityEditor.Search:ASIAI0B)
Imported 'GUID: eafba3bdb53b34d70a61f2cf40a497ec' -> (Import Result ID: '21e5ab3d1a302dde22ed10d48eee8e8c') in 0.001 seconds [static and dynamic dependencies]. Details - ImportResultOutputID=ad96b0b91f9d5d6cd42c8b8b7ea3b852 DependenciesID=4418bdb8485a7a516c9952733141ea79 StaticDependenciesID=2f812e538237ee88291d231595895507 
Number of updated asset objects reloaded before import = 0
Number of asset objects unloaded after import = 0
========================================================================
Received Import Request.
  Time of request: 2026-09-15T03:17:29.524431Z
  Time since last request: 0.000376357 seconds.
  importAddress: GUID: 0f64d807cc1f642829a405ac1e55d676 - Path: Packages/com.unity.services.core/Editor/Core/Shared/EditorUtils/ApplyRevertChangeTracker.Gen.cs - Importer: ScriptedImporter/UnityEditor.QuickSearchModule:UnityEditor.Search:ASIAI0B
Importing 'GUID: 0f64d807cc1f642829a405ac1e55d676 - Path: Packages/com.unity.services.core/Editor/Core/Shared/EditorUtils/ApplyRevertChangeTracker.Gen.cs - Importer: ScriptedImporter/UnityEditor.QuickSearchModule:UnityEditor.Search:ASIAI0B' with importer (ScriptedImporter : UnityEditor.QuickSearchModule:UnityEditor.Search:ASIAI0B)
Imported 'GUID: 0f64d807cc1f642829a405ac1e55d676' -> (Import Result ID: '2f50bac956b749e7977759c77a624f9a') in 0.001 seconds [static and dynamic dependencies]. Details - ImportResultOutputID=4e1bcd41172e61d1aa634ef196ec2e55 DependenciesID=b0d9643838266ea4cb75580489eb38b8 StaticDependenciesID=af84eb062b694d4d52fdd28843d07d48 
Number of updated asset objects reloaded before import = 0
Number of asset objects unloaded after import = 0
========================================================================
Received Import Request.
  Time of request: 2026-09-15T03:17:29.525416Z
  Time since last request: 0.000381978 seconds.
  importAddress: GUID: dcf688ba1ec64584bccb711c266642f7 - Path: Packages/com.unity.services.cloud-build/Editor/EditorService - Importer: ScriptedImporter/UnityEditor.QuickSearchModule:UnityEditor.Search:ASIAI0B
Importing 'GUID: dcf688ba1ec64584bccb711c266642f7 - Path: Packages/com.unity.services.cloud-build/Editor/EditorService - Importer: ScriptedImporter/UnityEditor.QuickSearchModule:UnityEditor.Search:ASIAI0B' with importer (ScriptedImporter : UnityEditor.QuickSearchModule:UnityEditor.Search:ASIAI0B)
Imported 'GUID: dcf688ba1ec64584bccb711c266642f7' -> (Import Result ID: 'f64126ab1542217722df9edbe649fb17') in 0.001 seconds [static and dynamic dependencies]. Details - ImportResultOutputID=14f45f682529971801efecb8831068e7 DependenciesID=d9d38a3755952a645059e9077889b5b5 StaticDependenciesID=aa94e65882f4f1b694514726514f82fa 
Number of updated asset objects reloaded before import = 0
Number of asset objects unloaded after import = 1
========================================================================
Received Import Request.
  Time of request: 2026-09-15T03:17:29.526321Z
  Time since last request: 0.000297179 seconds.
  importAddress: GUID: d0b82cea4f17c2d4ca9d0cf90f65875e - Path: Packages/com.unity.services.core/Editor/Core/Utils/OrganizationHandler/IOrganizationHandler.cs - Importer: ScriptedImporter/UnityEditor.QuickSearchModule:UnityEditor.Search:ASIAI0B
Importing 'GUID: d0b82cea4f17c2d4ca9d0cf90f65875e - Path: Packages/com.unity.services.core/Editor/Core/Utils/OrganizationHandler/IOrganizationHandler.cs - Importer: ScriptedImporter/UnityEditor.QuickSearchModule:UnityEditor.Search:ASIAI0B' with importer (ScriptedImporter : UnityEditor.QuickSearchModule:UnityEditor.Search:ASIAI0B)
Imported 'GUID: d0b82cea4f17c2d4ca9d0cf90f65875e' -> (Import Result ID: '7bc8c790459ca10511d154b83d244192') in 0.001 seconds [static and dynamic dependencies]. Details - ImportResultOutputID=d05d1a44cbc913b4901b1a5362a07677 DependenciesID=559d05ff1b7991015c4abee5dda9b351 StaticDependenciesID=38800f60403ce322c1d10592da4ba814 
Number of updated asset objects reloaded before import = 0
Number of asset objects unloaded after import = 0
========================================================================
Received Import Request.
  Time of request: 2026-09-15T03:17:29.527202Z
  Time since last request: 0.000274967 seconds.
  importAddress: GUID: aa0fffe757d77d74b8fe6c3643f8aad9 - Path: Packages/com.unity.services.core/Editor/Core/Components/ServicesInitializationEditor.cs - Importer: ScriptedImporter/UnityEditor.QuickSearchModule:UnityEditor.Search:ASIAI0B
Importing 'GUID: aa0fffe757d77d74b8fe6c3643f8aad9 - Path: Packages/com.unity.services.core/Editor/Core/Components/ServicesInitializationEditor.cs - Importer: ScriptedImporter/UnityEditor.QuickSearchModule:UnityEditor.Search:ASIAI0B' with importer (ScriptedImporter : UnityEditor.QuickSearchModule:UnityEditor.Search:ASIAI0B)
Imported 'GUID: aa0fffe757d77d74b8fe6c3643f8aad9' -> (Import Result ID: '57e28dea2f77956144bdf61a65332d34') in 0.001 seconds [static and dynamic dependencies]. Details - ImportResultOutputID=cdc4e0359047bc1ed005f2e0c3a74a1f DependenciesID=bc1cbe955f411e1d4ae96fc56c3e2386 StaticDependenciesID=4cf9967ee36853456d0bd918e563cac6 
Number of updated asset objects reloaded before import = 0
Number of asset objects unloaded after import = 0
========================================================================
Received Import Request.
  Time of request: 2026-09-15T03:17:29.528138Z
  Time since last request: 0.000315964 seconds.
  importAddress: GUID: b0e6fc8843fcd463aa6a3b763e0eeb1c - Path: Packages/com.unity.services.core/Runtime/Device/UserIdProviders/UnityEngineIdentifier.cs - Importer: ScriptedImporter/UnityEditor.QuickSearchModule:UnityEditor.Search:ASIAI0B
Importing 'GUID: b0e6fc8843fcd463aa6a3b763e0eeb1c - Path: Packages/com.unity.services.core/Runtime/Device/UserIdProviders/UnityEngineIdentifier.cs - Importer: ScriptedImporter/UnityEditor.QuickSearchModule:UnityEditor.Search:ASIAI0B' with importer (ScriptedImporter : UnityEditor.QuickSearchModule:UnityEditor.Search:ASIAI0B)
Imported 'GUID: b0e6fc8843fcd463aa6a3b763e0eeb1c' -> (Import Result ID: 'b48055f2c3893f598074ddbe657ad384') in 0.001 seconds [static and dynamic dependencies]. Details - ImportResultOutputID=5da997998d4e1b585783ab22fee0adda DependenciesID=cf201d6b59598e6a97d8a6f8cca3dfd6 StaticDependenciesID=36d046954735009a4196e4a00eb36642 
Number of updated asset objects reloaded before import = 0
Number of asset objects unloaded after import = 0
========================================================================
Received Import Request.
  Time of request: 2026-09-15T03:17:29.529105Z
  Time since last request: 0.00031947 seconds.
  importAddress: GUID: a7624b141c8742c78133946b1e5643d7 - Path: Packages/com.unity.services.core/Runtime/Core.Internal/AssemblyInfo.cs - Importer: ScriptedImporter/UnityEditor.QuickSearchModule:UnityEditor.Search:ASIAI0B
Importing 'GUID: a7624b141c8742c78133946b1e5643d7 - Path: Packages/com.unity.services.core/Runtime/Core.Internal/AssemblyInfo.cs - Importer: ScriptedImporter/UnityEditor.QuickSearchModule:UnityEditor.Search:ASIAI0B' with importer (ScriptedImporter : UnityEditor.QuickSearchModule:UnityEditor.Search:ASIAI0B)
Imported 'GUID: a7624b141c8742c78133946b1e5643d7' -> (Import Result ID: 'bf3b2ccd77c714520ac2b648e359fec7') in 0.001 seconds [static and dynamic dependencies]. Details - ImportResultOutputID=080cc5f322800505c80a20b00abc2203 DependenciesID=a43dd6bae0c7dbf7998a619df228763f StaticDependenciesID=4190aa651f955c8081d58e3e4baa0b33 
Number of updated asset objects reloaded before import = 0
Number of asset objects unloaded after import = 0
========================================================================
Received Import Request.
  Time of request: 2026-09-15T03:17:29.530012Z
  Time since last request: 0.000349106 seconds.
  importAddress: GUID: d9d20055a871be64386d2366d3b00a23 - Path: Packages/com.unity.services.core/Runtime/Networking/UnityWebRequestClient.cs - Importer: ScriptedImporter/UnityEditor.QuickSearchModule:UnityEditor.Search:ASIAI0B
Importing 'GUID: d9d20055a871be64386d2366d3b00a23 - Path: Packages/com.unity.services.core/Runtime/Networking/UnityWebRequestClient.cs - Importer: ScriptedImporter/UnityEditor.QuickSearchModule:UnityEditor.Search:ASIAI0B' with importer (ScriptedImporter : UnityEditor.QuickSearchModule:UnityEditor.Search:ASIAI0B)
Imported 'GUID: d9d20055a871be64386d2366d3b00a23' -> (Import Result ID: 'fd15af8e9ec7325798d99560712ea086') in 0.001 seconds [static and dynamic dependencies]. Details - ImportResultOutputID=e7b6b4261cee74317c6bf189a676d78a DependenciesID=7c3dfec7899c1333de626e4bea3ccd6a StaticDependenciesID=68c643a2f4f134846743919ecf5671fe 
Number of updated asset objects reloaded before import = 0
Number of asset objects unloaded after import = 0
========================================================================
Received Import Request.
  Time of request: 2026-09-15T03:17:29.530861Z
  Time since last request: 0.000272502 seconds.
  importAddress: GUID: b53832499e53a0b4d86ce8a5699ffaa7 - Path: Packages/com.unity.services.core/Runtime/Components/AssemblyInfo.cs - Importer: ScriptedImporter/UnityEditor.QuickSearchModule:UnityEditor.Search:ASIAI0B
Importing 'GUID: b53832499e53a0b4d86ce8a5699ffaa7 - Path: Packages/com.unity.services.core/Runtime/Components/AssemblyInfo.cs - Importer: ScriptedImporter/UnityEditor.QuickSearchModule:UnityEditor.Search:ASIAI0B' with importer (ScriptedImporter : UnityEditor.QuickSearchModule:UnityEditor.Search:ASIAI0B)
Imported 'GUID: b53832499e53a0b4d86ce8a5699ffaa7' -> (Import Result ID: '7843401e2366dc69b63c1d012266894f') in 0.001 seconds [static and dynamic dependencies]. Details - ImportResultOutputID=d8ed56de1647e3cc38db9b92cb3fac87 DependenciesID=cbefeb76b3c593d52bc7807a70e03635 StaticDependenciesID=5fae02f720583027727b730da673e0fb 
Number of updated asset objects reloaded before import = 0
Number of asset objects unloaded after import = 0
========================================================================
Received Import Request.
  Time of request: 2026-09-15T03:17:29.531784Z
  Time since last request: 0.000349026 seconds.
  importAddress: GUID: 3b67b1e8b8e4b40a8a8c9013b40c7efd - Path: Packages/com.unity.services.core/Runtime/Core.Internal/Components/Telemetry/IDiagnosticsComponentProvider.cs - Importer: ScriptedImporter/UnityEditor.QuickSearchModule:UnityEditor.Search:ASIAI0B
Importing 'GUID: 3b67b1e8b8e4b40a8a8c9013b40c7efd - Path: Packages/com.unity.services.core/Runtime/Core.Internal/Components/Telemetry/IDiagnosticsComponentProvider.cs - Importer: ScriptedImporter/UnityEditor.QuickSearchModule:UnityEditor.Search:ASIAI0B' with importer (ScriptedImporter : UnityEditor.QuickSearchModule:UnityEditor.Search:ASIAI0B)
Imported 'GUID: 3b67b1e8b8e4b40a8a8c9013b40c7efd' -> (Import Result ID: 'e04229dc7e383cc7be6d7a075b5d9ce3') in 0.001 seconds [static and dynamic dependencies]. Details - ImportResultOutputID=9c92f5fb27aa7f5cfb1a7b0d7141ea00 DependenciesID=b3ee098f473401a9e11b2bcc055f76dc StaticDependenciesID=dd9191133204007279cbfa0fe5cc512a 
Number of updated asset objects reloaded before import = 0
Number of asset objects unloaded after import = 0
========================================================================
Received Import Request.
  Time of request: 2026-09-15T03:17:29.532653Z
  Time since last request: 0.00028167 seconds.
  importAddress: GUID: 71938c5983b844220988ffeb611b6e63 - Path: Packages/com.unity.services.core/Editor/Core/Shared/Clients - Importer: ScriptedImporter/UnityEditor.QuickSearchModule:UnityEditor.Search:ASIAI0B
Importing 'GUID: 71938c5983b844220988ffeb611b6e63 - Path: Packages/com.unity.services.core/Editor/Core/Shared/Clients - Importer: ScriptedImporter/UnityEditor.QuickSearchModule:UnityEditor.Search:ASIAI0B' with importer (ScriptedImporter : UnityEditor.QuickSearchModule:UnityEditor.Search:ASIAI0B)
Imported 'GUID: 71938c5983b844220988ffeb611b6e63' -> (Import Result ID: 'abf2ff430f4ba77f11e1502de93d5b00') in 0.001 seconds [static and dynamic dependencies]. Details - ImportResultOutputID=5dbbda061472df649373c8de979b08db DependenciesID=af361c8783d6d79c4bb09efb2651b8f4 StaticDependenciesID=52abf24721afd0df30cc6c55c803d812 
Number of updated asset objects reloaded before import = 0
Number of asset objects unloaded after import = 1
========================================================================
Received Import Request.
  Time of request: 2026-09-15T03:17:29.533594Z
  Time since last request: 0.000317967 seconds.
  importAddress: GUID: d0d7f6572d6b64d4f802e930a1670ab5 - Path: Packages/com.unity.services.core/Runtime/Telemetry/Metrics/MetricsFactory.cs - Importer: ScriptedImporter/UnityEditor.QuickSearchModule:UnityEditor.Search:ASIAI0B
Importing 'GUID: d0d7f6572d6b64d4f802e930a1670ab5 - Path: Packages/com.unity.services.core/Runtime/Telemetry/Metrics/MetricsFactory.cs - Importer: ScriptedImporter/UnityEditor.QuickSearchModule:UnityEditor.Search:ASIAI0B' with importer (ScriptedImporter : UnityEditor.QuickSearchModule:UnityEditor.Search:ASIAI0B)
Imported 'GUID: d0d7f6572d6b64d4f802e930a1670ab5' -> (Import Result ID: 'db2cf5f9081047b8258ac08227fc0e69') in 0.001 seconds [static and dynamic dependencies]. Details - ImportResultOutputID=bf08e6756b17f7abc7bd462b290dbde8 DependenciesID=3b9901fd6dca084a2969434806bc0ccc StaticDependenciesID=e3469f700823ab13293903c151682a81 
Number of updated asset objects reloaded before import = 0
Number of asset objects unloaded after import = 0
========================================================================
Received Import Request.
  Time of request: 2026-09-15T03:17:29.534664Z
  Time since last request: 0.000373231 seconds.
  importAddress: GUID: 5c918066646404a9cb09f3f5b6b20f35 - Path: Packages/com.unity.services.core/Runtime/Core.Internal/Components/Wire/IWire.cs - Importer: ScriptedImporter/UnityEditor.QuickSearchModule:UnityEditor.Search:ASIAI0B
Importing 'GUID: 5c918066646404a9cb09f3f5b6b20f35 - Path: Packages/com.unity.services.core/Runtime/Core.Internal/Components/Wire/IWire.cs - Importer: ScriptedImporter/UnityEditor.QuickSearchModule:UnityEditor.Search:ASIAI0B' with importer (ScriptedImporter : UnityEditor.QuickSearchModule:UnityEditor.Search:ASIAI0B)
Imported 'GUID: 5c918066646404a9cb09f3f5b6b20f35' -> (Import Result ID: '724f78da82a5d4e78f736cbcada81f2c') in 0.001 seconds [static and dynamic dependencies]. Details - ImportResultOutputID=f413dddcc386111e79051b1fdeb29d80 DependenciesID=e43759d6c43256ef619ca23a15ddf3fd StaticDependenciesID=88664f9c46a331c4ec19f22d4d27969f 
Number of updated asset objects reloaded before import = 0
Number of asset objects unloaded after import = 0
========================================================================
Received Import Request.
  Time of request: 2026-09-15T03:17:29.535607Z
  Time since last request: 0.000342153 seconds.
  importAddress: GUID: fa39e69036093794783504f168fa2bb3 - Path: Packages/com.unity.services.cloud-build/Editor/BuildAutomationDashboardUrls.cs - Importer: ScriptedImporter/UnityEditor.QuickSearchModule:UnityEditor.Search:ASIAI0B
Importing 'GUID: fa39e69036093794783504f168fa2bb3 - Path: Packages/com.unity.services.cloud-build/Editor/BuildAutomationDashboardUrls.cs - Importer: ScriptedImporter/UnityEditor.QuickSearchModule:UnityEditor.Search:ASIAI0B' with importer (ScriptedImporter : UnityEditor.QuickSearchModule:UnityEditor.Search:ASIAI0B)
Imported 'GUID: fa39e69036093794783504f168fa2bb3' -> (Import Result ID: '87178f37d5a9fd8f86ba2490ba2cae87') in 0.001 seconds [static and dynamic dependencies]. Details - ImportResultOutputID=db85cf82cd2f1c89b03e1e318ca11e52 DependenciesID=72e12f703fd2e48ed094ed0efa4e7d92 StaticDependenciesID=e2c7a3889dfa06db24b236edb430630c 
Number of updated asset objects reloaded before import = 0
Number of asset objects unloaded after import = 0
========================================================================
Received Import Request.
  Time of request: 2026-09-15T03:17:29.536751Z
  Time since last request: 0.000501502 seconds.
  importAddress: GUID: 56b4bdb99b98edc9588da08d3a61e6bb - Path: Packages/com.unity.services.core/Editor/Core/Environments/Client/Models/UnityUpdateOrganizationRequest.cs - Importer: ScriptedImporter/UnityEditor.QuickSearchModule:UnityEditor.Search:ASIAI0B
Importing 'GUID: 56b4bdb99b98edc9588da08d3a61e6bb - Path: Packages/com.unity.services.core/Editor/Core/Environments/Client/Models/UnityUpdateOrganizationRequest.cs - Importer: ScriptedImporter/UnityEditor.QuickSearchModule:UnityEditor.Search:ASIAI0B' with importer (ScriptedImporter : UnityEditor.QuickSearchModule:UnityEditor.Search:ASIAI0B)
Imported 'GUID: 56b4bdb99b98edc9588da08d3a61e6bb' -> (Import Result ID: '181541f10c060dce244e78e25c2ce96b') in 0.001 seconds [static and dynamic dependencies]. Details - ImportResultOutputID=e30de70c0303b47059918421f013942b DependenciesID=5ca07c7995e294c686c888990957fafb StaticDependenciesID=1b84416a6911f34f307e6e5373095c9c 
Number of updated asset objects reloaded before import = 0
Number of asset objects unloaded after import = 0
========================================================================
Received Import Request.
  Time of request: 2026-09-15T03:17:29.537723Z
  Time since last request: 0.000295555 seconds.
  importAddress: GUID: 6785295165a3043e78d533185c7bf4cb - Path: Packages/com.unity.services.core/Runtime/Core.Internal/Unity.Services.Core.Internal.api - Importer: ScriptedImporter/UnityEditor.QuickSearchModule:UnityEditor.Search:ASIAI0B
Importing 'GUID: 6785295165a3043e78d533185c7bf4cb - Path: Packages/com.unity.services.core/Runtime/Core.Internal/Unity.Services.Core.Internal.api - Importer: ScriptedImporter/UnityEditor.QuickSearchModule:UnityEditor.Search:ASIAI0B' with importer (ScriptedImporter : UnityEditor.QuickSearchModule:UnityEditor.Search:ASIAI0B)
Imported 'GUID: 6785295165a3043e78d533185c7bf4cb' -> (Import Result ID: '9b38240898c38da66ea5f576342dce0b') in 0.001 seconds [static and dynamic dependencies]. Details - ImportResultOutputID=8d229743362a34fe15337f7926b613d4 DependenciesID=0c7886704f36b0fa7989bffd9924bf9e StaticDependenciesID=5b830d11871641ae863edebfd951a6c8 
Number of updated asset objects reloaded before import = 0
Number of asset objects unloaded after import = 1
========================================================================
Received Import Request.
  Time of request: 2026-09-15T03:17:29.538725Z
  Time since last request: 0.000337915 seconds.
  importAddress: GUID: c6da497a894c04c6d9b6a738042ec6a0 - Path: Packages/com.unity.services.core/Runtime/Core.Internal/AsyncOperation/IAsyncOperationAwaiter.cs - Importer: ScriptedImporter/UnityEditor.QuickSearchModule:UnityEditor.Search:ASIAI0B
Importing 'GUID: c6da497a894c04c6d9b6a738042ec6a0 - Path: Packages/com.unity.services.core/Runtime/Core.Internal/AsyncOperation/IAsyncOperationAwaiter.cs - Importer: ScriptedImporter/UnityEditor.QuickSearchModule:UnityEditor.Search:ASIAI0B' with importer (ScriptedImporter : UnityEditor.QuickSearchModule:UnityEditor.Search:ASIAI0B)
Imported 'GUID: c6da497a894c04c6d9b6a738042ec6a0' -> (Import Result ID: 'e1a36f5c75c4d58f65963bf1dc5494cc') in 0.001 seconds [static and dynamic dependencies]. Details - ImportResultOutputID=c2f99c3e9a84f40a9c3d07ebdf9a268e DependenciesID=435869e9d3b47182107c24a30d612ade StaticDependenciesID=8c9b3966e5fdaf7b3e22b7e58b45e394 
Number of updated asset objects reloaded before import = 0
Number of asset objects unloaded after import = 0
========================================================================
Received Import Request.
  Time of request: 2026-09-15T03:17:29.539731Z
  Time since last request: 0.000321434 seconds.
  importAddress: GUID: c24795b0094cd46aa8966ca98c292b17 - Path: Packages/com.unity.services.core/Editor/Core/Environments/Client/Http/JsonHelpers.cs - Importer: ScriptedImporter/UnityEditor.QuickSearchModule:UnityEditor.Search:ASIAI0B
Importing 'GUID: c24795b0094cd46aa8966ca98c292b17 - Path: Packages/com.unity.services.core/Editor/Core/Environments/Client/Http/JsonHelpers.cs - Importer: ScriptedImporter/UnityEditor.QuickSearchModule:UnityEditor.Search:ASIAI0B' with importer (ScriptedImporter : UnityEditor.QuickSearchModule:UnityEditor.Search:ASIAI0B)
Imported 'GUID: c24795b0094cd46aa8966ca98c292b17' -> (Import Result ID: '07bbaefa35fb6e2c2072ad4d07693dc1') in 0.001 seconds [static and dynamic dependencies]. Details - ImportResultOutputID=bf78ad0ce399e35f3bf39be410710d32 DependenciesID=883179bc115f101dbaddd44de8dbcc68 StaticDependenciesID=1d606e7cfe7d67137dec4361a728d7f6 
Number of updated asset objects reloaded before import = 0
Number of asset objects unloaded after import = 0
========================================================================
Received Import Request.
  Time of request: 2026-09-15T03:17:29.540688Z
  Time since last request: 0.000304091 seconds.
  importAddress: GUID: 7be8bf62aa4ad41f4888e0eda994a5bd - Path: Packages/com.unity.services.core/Editor/Core/EditorGameService/ServiceFlagEndpoint.cs - Importer: ScriptedImporter/UnityEditor.QuickSearchModule:UnityEditor.Search:ASIAI0B
Importing 'GUID: 7be8bf62aa4ad41f4888e0eda994a5bd - Path: Packages/com.unity.services.core/Editor/Core/EditorGameService/ServiceFlagEndpoint.cs - Importer: ScriptedImporter/UnityEditor.QuickSearchModule:UnityEditor.Search:ASIAI0B' with importer (ScriptedImporter : UnityEditor.QuickSearchModule:UnityEditor.Search:ASIAI0B)
Imported 'GUID: 7be8bf62aa4ad41f4888e0eda994a5bd' -> (Import Result ID: 'ad8c87e6ba18e136e0a0cac119e134b8') in 0.001 seconds [static and dynamic dependencies]. Details - ImportResultOutputID=13c38e81c8b0357dc3a820f4caef6ddb DependenciesID=937ac44055ea3471be9cc79464c9f4a0 StaticDependenciesID=bc90d9808d1e7a904c89412ee6b27f7c 
Number of updated asset objects reloaded before import = 0
Number of asset objects unloaded after import = 0
========================================================================
Received Import Request.
  Time of request: 2026-09-15T03:17:29.541568Z
  Time since last request: 0.000266661 seconds.
  importAddress: GUID: f4753c82e9efa4528a60bf86e36dddeb - Path: Packages/com.unity.services.core/Editor/Core/Environments/Client/Models/IdentityIOneOf.cs - Importer: ScriptedImporter/UnityEditor.QuickSearchModule:UnityEditor.Search:ASIAI0B
Importing 'GUID: f4753c82e9efa4528a60bf86e36dddeb - Path: Packages/com.unity.services.core/Editor/Core/Environments/Client/Models/IdentityIOneOf.cs - Importer: ScriptedImporter/UnityEditor.QuickSearchModule:UnityEditor.Search:ASIAI0B' with importer (ScriptedImporter : UnityEditor.QuickSearchModule:UnityEditor.Search:ASIAI0B)
Imported 'GUID: f4753c82e9efa4528a60bf86e36dddeb' -> (Import Result ID: '244ff7d89332237b2bcf968717626dbf') in 0.001 seconds [static and dynamic dependencies]. Details - ImportResultOutputID=b78edf7a1a27c94d10a1e0a034666cc2 DependenciesID=c9a9fbd049cdfc7f905a36510bd94081 StaticDependenciesID=69d59f5d5f1849b177703d312ffd19d4 
Number of updated asset objects reloaded before import = 0
Number of asset objects unloaded after import = 0
========================================================================
Received Import Request.
  Time of request: 2026-09-15T03:17:29.542607Z
  Time since last request: 0.00035684 seconds.
  importAddress: GUID: 90bd6c54a71b541299caf2a914b3d1ee - Path: Packages/com.unity.services.cloud-build/Editor/USS/BuildProfile.uss - Importer: ScriptedImporter/UnityEditor.QuickSearchModule:UnityEditor.Search:ASIAI0B
Importing 'GUID: 90bd6c54a71b541299caf2a914b3d1ee - Path: Packages/com.unity.services.cloud-build/Editor/USS/BuildProfile.uss - Importer: ScriptedImporter/UnityEditor.QuickSearchModule:UnityEditor.Search:ASIAI0B' with importer (ScriptedImporter : UnityEditor.QuickSearchModule:UnityEditor.Search:ASIAI0B)
Imported 'GUID: 90bd6c54a71b541299caf2a914b3d1ee' -> (Import Result ID: '9bab2596702600a1458be9580f8630db') in 0.001 seconds [static and dynamic dependencies]. Details - ImportResultOutputID=4a1c58b536c2984aa88279159be498a8 DependenciesID=53500845799b23c6ca9e2df667220c12 StaticDependenciesID=2065061b2574492b7d56c31497d12cac 
Number of updated asset objects reloaded before import = 0
Number of asset objects unloaded after import = 1
========================================================================
Received Import Request.
  Time of request: 2026-09-15T03:17:29.544354Z
  Time since last request: 0.000312277 seconds.
  importAddress: GUID: cb40388a6db89d3429128f7a969e3960 - Path: Packages/com.unity.services.core/Runtime/Core.Internal/Registry/ComponentRegistry - Importer: ScriptedImporter/UnityEditor.QuickSearchModule:UnityEditor.Search:ASIAI0B
Importing 'GUID: cb40388a6db89d3429128f7a969e3960 - Path: Packages/com.unity.services.core/Runtime/Core.Internal/Registry/ComponentRegistry - Importer: ScriptedImporter/UnityEditor.QuickSearchModule:UnityEditor.Search:ASIAI0B' with importer (ScriptedImporter : UnityEditor.QuickSearchModule:UnityEditor.Search:ASIAI0B)
Imported 'GUID: cb40388a6db89d3429128f7a969e3960' -> (Import Result ID: '0c1cc35028eed98539333c2ada9fa75f') in 0.001 seconds [static and dynamic dependencies]. Details - ImportResultOutputID=b35a0ff692dd2551b3e03ad52e9ce9d9 DependenciesID=5646c9f389e1f65ca98605de9f90cdbe StaticDependenciesID=a94351d54ef0b34fe5173970fb347b6c 
Number of updated asset objects reloaded before import = 0
Number of asset objects unloaded after import = 1
========================================================================
Received Import Request.
  Time of request: 2026-09-15T03:17:29.545467Z
  Time since last request: 0.000343956 seconds.
  importAddress: GUID: a34c854a398474b63b1e45024cfbd2d4 - Path: Packages/com.unity.services.core/Editor/Core/Shared/Infrastructure/SystemEnvironment - Importer: ScriptedImporter/UnityEditor.QuickSearchModule:UnityEditor.Search:ASIAI0B
Importing 'GUID: a34c854a398474b63b1e45024cfbd2d4 - Path: Packages/com.unity.services.core/Editor/Core/Shared/Infrastructure/SystemEnvironment - Importer: ScriptedImporter/UnityEditor.QuickSearchModule:UnityEditor.Search:ASIAI0B' with importer (ScriptedImporter : UnityEditor.QuickSearchModule:UnityEditor.Search:ASIAI0B)
Imported 'GUID: a34c854a398474b63b1e45024cfbd2d4' -> (Import Result ID: '5dbd49c9724ca6a7e6e8b38f4e15f644') in 0.001 seconds [static and dynamic dependencies]. Details - ImportResultOutputID=e8efac3c6b109bf5799873864f6e38cf DependenciesID=bcbfbd2e534b3b88fa75ecca49495187 StaticDependenciesID=d9fecc3e0c62a5640bda27d6939a4fca 
Number of updated asset objects reloaded before import = 0
Number of asset objects unloaded after import = 1
========================================================================
Received Import Request.
  Time of request: 2026-09-15T03:17:29.546453Z
  Time since last request: 0.000300595 seconds.
  importAddress: GUID: 9d56e732a6084e26ade8541c75cca4e1 - Path: Packages/com.unity.services.core/Editor/Core/Linker/Models/XmlLinkedMethod.cs - Importer: ScriptedImporter/UnityEditor.QuickSearchModule:UnityEditor.Search:ASIAI0B
Importing 'GUID: 9d56e732a6084e26ade8541c75cca4e1 - Path: Packages/com.unity.services.core/Editor/Core/Linker/Models/XmlLinkedMethod.cs - Importer: ScriptedImporter/UnityEditor.QuickSearchModule:UnityEditor.Search:ASIAI0B' with importer (ScriptedImporter : UnityEditor.QuickSearchModule:UnityEditor.Search:ASIAI0B)
Imported 'GUID: 9d56e732a6084e26ade8541c75cca4e1' -> (Import Result ID: '007a9a06904ee07b3d54ad8986d5b990') in 0.001 seconds [static and dynamic dependencies]. Details - ImportResultOutputID=e8bdee243e5bc783fc0d4101d00eef73 DependenciesID=d9eaa65cb2222070579559b15bfa49a2 StaticDependenciesID=02eb209e3b5bb8b732cb92eac9aba111 
Number of updated asset objects reloaded before import = 0
Number of asset objects unloaded after import = 0
========================================================================
Received Import Request.
  Time of request: 2026-09-15T03:17:29.547493Z
  Time since last request: 0.00030303 seconds.
  importAddress: GUID: 36565a93e739cba4d8afed38abe79811 - Path: Packages/com.unity.services.core/Runtime/Core.Internal/Components/Vivox - Importer: ScriptedImporter/UnityEditor.QuickSearchModule:UnityEditor.Search:ASIAI0B
Importing 'GUID: 36565a93e739cba4d8afed38abe79811 - Path: Packages/com.unity.services.core/Runtime/Core.Internal/Components/Vivox - Importer: ScriptedImporter/UnityEditor.QuickSearchModule:UnityEditor.Search:ASIAI0B' with importer (ScriptedImporter : UnityEditor.QuickSearchModule:UnityEditor.Search:ASIAI0B)
Imported 'GUID: 36565a93e739cba4d8afed38abe79811' -> (Import Result ID: 'e49d9bd09eefb31d15171cb179eed872') in 0.002 seconds [static and dynamic dependencies]. Details - ImportResultOutputID=f9595e6e5fd55b812d2996a31989fe7e DependenciesID=6fb7c6250b4ac688796cac8d6b24179c StaticDependenciesID=5fa40595188ba21ae28f787223728895 
Number of updated asset objects reloaded before import = 0
Number of asset objects unloaded after import = 1
========================================================================
Received Import Request.
  Time of request: 2026-09-15T03:17:29.549831Z
  Time since last request: 0.000233549 seconds.
  importAddress: GUID: 31e8372c664249ebbe0edd0ed9d1729c - Path: Packages/com.unity.services.core/Editor/Core/Utils/ThreadingUtility.cs - Importer: ScriptedImporter/UnityEditor.QuickSearchModule:UnityEditor.Search:ASIAI0B
Importing 'GUID: 31e8372c664249ebbe0edd0ed9d1729c - Path: Packages/com.unity.services.core/Editor/Core/Utils/ThreadingUtility.cs - Importer: ScriptedImporter/UnityEditor.QuickSearchModule:UnityEditor.Search:ASIAI0B' with importer (ScriptedImporter : UnityEditor.QuickSearchModule:UnityEditor.Search:ASIAI0B)
Imported 'GUID: 31e8372c664249ebbe0edd0ed9d1729c' -> (Import Result ID: '81e7bd90e2b81ddbc5e8a9cc0fd8890d') in 0.001 seconds [static and dynamic dependencies]. Details - ImportResultOutputID=ec96b8f80adecdc661f77b1d9129105f DependenciesID=980d5e5ca1c204fb0c99e5725237ecd5 StaticDependenciesID=dfcd1a5e207181b968ee8d7a38a8fb46 
Number of updated asset objects reloaded before import = 0
Number of asset objects unloaded after import = 0
========================================================================
Received Import Request.
  Time of request: 2026-09-15T03:17:29.550844Z
  Time since last request: 0.000295856 seconds.
  importAddress: GUID: 14f21d7a1e53a8c4e87b25526a7eb63c - Path: Packages/com.unity.nuget.newtonsoft-json/Runtime/AOT - Importer: ScriptedImporter/UnityEditor.QuickSearchModule:UnityEditor.Search:ASIAI0B
Importing 'GUID: 14f21d7a1e53a8c4e87b25526a7eb63c - Path: Packages/com.unity.nuget.newtonsoft-json/Runtime/AOT - Importer: ScriptedImporter/UnityEditor.QuickSearchModule:UnityEditor.Search:ASIAI0B' with importer (ScriptedImporter : UnityEditor.QuickSearchModule:UnityEditor.Search:ASIAI0B)
Imported 'GUID: 14f21d7a1e53a8c4e87b25526a7eb63c' -> (Import Result ID: 'f3654e49c3754b95023c307e4a9925bd') in 0.001 seconds [static and dynamic dependencies]. Details - ImportResultOutputID=bae975df19e848d2c7d257089fb54ec5 DependenciesID=7a2a9a5aacfa1bc98893f36cd6a547db StaticDependenciesID=e3b3af9ab8f41ce63a0ee3b90d860c34 
Number of updated asset objects reloaded before import = 0
Number of asset objects unloaded after import = 1
========================================================================
Received Import Request.
  Time of request: 2026-09-15T03:17:29.551829Z
  Time since last request: 0.000305484 seconds.
  importAddress: GUID: 568341f8f466f439b94ba2a42f030174 - Path: Packages/com.unity.services.core/Editor/Core/Environments/Client/Scheduler/EngineStateHelper.cs - Importer: ScriptedImporter/UnityEditor.QuickSearchModule:UnityEditor.Search:ASIAI0B
Importing 'GUID: 568341f8f466f439b94ba2a42f030174 - Path: Packages/com.unity.services.core/Editor/Core/Environments/Client/Scheduler/EngineStateHelper.cs - Importer: ScriptedImporter/UnityEditor.QuickSearchModule:UnityEditor.Search:ASIAI0B' with importer (ScriptedImporter : UnityEditor.QuickSearchModule:UnityEditor.Search:ASIAI0B)
Imported 'GUID: 568341f8f466f439b94ba2a42f030174' -> (Import Result ID: '72d58f9e950791627dda93daa34510a8') in 0.001 seconds [static and dynamic dependencies]. Details - ImportResultOutputID=a34625e0001c20f4ec6177210c4c1a36 DependenciesID=b3f1a5a6a4aa4c8994149c965793f322 StaticDependenciesID=239e7bd471d0ee505ace8505fa5666eb 
Number of updated asset objects reloaded before import = 0
Number of asset objects unloaded after import = 0
========================================================================
Received Import Request.
  Time of request: 2026-09-15T03:17:29.552933Z
  Time since last request: 0.000389722 seconds.
  importAddress: GUID: 249a2fdb5bd0534428138ffd827b1db5 - Path: Packages/com.unity.services.core/Runtime/Configuration/ConfigurationUtils.cs - Importer: ScriptedImporter/UnityEditor.QuickSearchModule:UnityEditor.Search:ASIAI0B
Importing 'GUID: 249a2fdb5bd0534428138ffd827b1db5 - Path: Packages/com.unity.services.core/Runtime/Configuration/ConfigurationUtils.cs - Importer: ScriptedImporter/UnityEditor.QuickSearchModule:UnityEditor.Search:ASIAI0B' with importer (ScriptedImporter : UnityEditor.QuickSearchModule:UnityEditor.Search:ASIAI0B)
Imported 'GUID: 249a2fdb5bd0534428138ffd827b1db5' -> (Import Result ID: '5fec41fa513b0d7f784dafdcbac20bc3') in 0.001 seconds [static and dynamic dependencies]. Details - ImportResultOutputID=6edda1cbf419e3012685388d00664c83 DependenciesID=f27659bb51cb8e7db91154175d0d646f StaticDependenciesID=3936d8994dcec1fc4ad895b4be2f6695 
Number of updated asset objects reloaded before import = 0
Number of asset objects unloaded after import = 0
========================================================================
Received Import Request.
  Time of request: 2026-09-15T03:17:29.553907Z
  Time since last request: 0.000369825 seconds.
  importAddress: GUID: f370a18090ac4e558e6cf30636aabfe0 - Path: Packages/com.unity.services.core/Editor/Core/Networking/JsonWebToken.cs - Importer: ScriptedImporter/UnityEditor.QuickSearchModule:UnityEditor.Search:ASIAI0B
Importing 'GUID: f370a18090ac4e558e6cf30636aabfe0 - Path: Packages/com.unity.services.core/Editor/Core/Networking/JsonWebToken.cs - Importer: ScriptedImporter/UnityEditor.QuickSearchModule:UnityEditor.Search:ASIAI0B' with importer (ScriptedImporter : UnityEditor.QuickSearchModule:UnityEditor.Search:ASIAI0B)
Imported 'GUID: f370a18090ac4e558e6cf30636aabfe0' -> (Import Result ID: 'ae8f95fdc50bfdae332615316a5608ae') in 0.001 seconds [static and dynamic dependencies]. Details - ImportResultOutputID=7393eb841ad6539cef6b699e725fa2cb DependenciesID=060a86149cd77269e355100ad4469eb6 StaticDependenciesID=28b9214b1c485ccd97318c45f319a639 
Number of updated asset objects reloaded before import = 0
Number of asset objects unloaded after import = 0
========================================================================
Received Import Request.
  Time of request: 2026-09-15T03:17:29.555081Z
  Time since last request: 0.000357061 seconds.
  importAddress: GUID: bd3488b91e5f84fb18390042c3ebc70b - Path: Packages/com.unity.services.core/Runtime/Core.Internal/AsyncOperation/AsyncOperationExtensions.cs - Importer: ScriptedImporter/UnityEditor.QuickSearchModule:UnityEditor.Search:ASIAI0B
Importing 'GUID: bd3488b91e5f84fb18390042c3ebc70b - Path: Packages/com.unity.services.core/Runtime/Core.Internal/AsyncOperation/AsyncOperationExtensions.cs - Importer: ScriptedImporter/UnityEditor.QuickSearchModule:UnityEditor.Search:ASIAI0B' with importer (ScriptedImporter : UnityEditor.QuickSearchModule:UnityEditor.Search:ASIAI0B)
Imported 'GUID: bd3488b91e5f84fb18390042c3ebc70b' -> (Import Result ID: '6e205eb653622f0087cade43a0ed94c1') in 0.001 seconds [static and dynamic dependencies]. Details - ImportResultOutputID=06136e0ad574241910ed6e4f0a8d0b5a DependenciesID=6f5715e12245e5e7461b3d4def6d3790 StaticDependenciesID=b36fac60e0626cdf601cc4e8f6aaa84d 
Number of updated asset objects reloaded before import = 0
Number of asset objects unloaded after import = 0
========================================================================
Received Import Request.
  Time of request: 2026-09-15T03:17:29.556022Z
  Time since last request: 0.00029804 seconds.
  importAddress: GUID: 1d10e5e321ee64ac08d2a84ac6da0812 - Path: Packages/com.unity.services.cloud-build/Icons - Importer: ScriptedImporter/UnityEditor.QuickSearchModule:UnityEditor.Search:ASIAI0B
Importing 'GUID: 1d10e5e321ee64ac08d2a84ac6da0812 - Path: Packages/com.unity.services.cloud-build/Icons - Importer: ScriptedImporter/UnityEditor.QuickSearchModule:UnityEditor.Search:ASIAI0B' with importer (ScriptedImporter : UnityEditor.QuickSearchModule:UnityEditor.Search:ASIAI0B)
Imported 'GUID: 1d10e5e321ee64ac08d2a84ac6da0812' -> (Import Result ID: '5694b4fc4a7ad6b411c84ca94a7ef613') in 0.001 seconds [static and dynamic dependencies]. Details - ImportResultOutputID=f8037f538ef20ce8afe1353796fc6000 DependenciesID=d08e4558a04c307d85c549bfe49a5f48 StaticDependenciesID=aadc9dd9f0db2068a2dfa15e57eceee4 
Number of updated asset objects reloaded before import = 0
Number of asset objects unloaded after import = 1
========================================================================
Received Import Request.
  Time of request: 2026-09-15T03:17:29.556915Z
  Time since last request: 0.000300785 seconds.
  importAddress: GUID: e5bcbad422c32d240b4dae8cdd6123fd - Path: Packages/com.unity.services.core/Runtime/Core.Internal/Components/Analytics - Importer: ScriptedImporter/UnityEditor.QuickSearchModule:UnityEditor.Search:ASIAI0B
Importing 'GUID: e5bcbad422c32d240b4dae8cdd6123fd - Path: Packages/com.unity.services.core/Runtime/Core.Internal/Components/Analytics - Importer: ScriptedImporter/UnityEditor.QuickSearchModule:UnityEditor.Search:ASIAI0B' with importer (ScriptedImporter : UnityEditor.QuickSearchModule:UnityEditor.Search:ASIAI0B)
Imported 'GUID: e5bcbad422c32d240b4dae8cdd6123fd' -> (Import Result ID: '17f0da833bf4c797cbb9797bc4af450f') in 0.001 seconds [static and dynamic dependencies]. Details - ImportResultOutputID=012e3798fd96412878ac10af878a8ff9 DependenciesID=08f75d654908c4bc78765e55483f0b7d StaticDependenciesID=6e22a6f7a0bf368df5b5faa9909912fa 
Number of updated asset objects reloaded before import = 0
Number of asset objects unloaded after import = 1
========================================================================
Received Import Request.
  Time of request: 2026-09-15T03:17:29.557799Z
  Time since last request: 0.000318649 seconds.
  importAddress: GUID: fed01095b990a354289891ead909238f - Path: Packages/com.unity.nuget.newtonsoft-json/Runtime/Newtonsoft.Json.xml - Importer: ScriptedImporter/UnityEditor.QuickSearchModule:UnityEditor.Search:ASIAI0B
Importing 'GUID: fed01095b990a354289891ead909238f - Path: Packages/com.unity.nuget.newtonsoft-json/Runtime/Newtonsoft.Json.xml - Importer: ScriptedImporter/UnityEditor.QuickSearchModule:UnityEditor.Search:ASIAI0B' with importer (ScriptedImporter : UnityEditor.QuickSearchModule:UnityEditor.Search:ASIAI0B)
Imported 'GUID: fed01095b990a354289891ead909238f' -> (Import Result ID: '9601155552b1e53a994b18c3534c4d9e') in 0.002 seconds [static and dynamic dependencies]. Details - ImportResultOutputID=b5f7ea29e1fa78471f5f7ab1c6534f9e DependenciesID=a27bdaf04ca836a1038b14b157470f4a StaticDependenciesID=bddd78c2e26d11aa2980dfed5c226ecf 
Number of updated asset objects reloaded before import = 0
Number of asset objects unloaded after import = 1
========================================================================
Received Import Request.
  Time of request: 2026-09-15T03:17:29.559753Z
  Time since last request: 0.000106921 seconds.
  importAddress: GUID: 23802ddabc0c4ccab92e4052314d4473 - Path: Packages/com.unity.services.core/Editor/Core/UserRoleManagement/UserRoleClient.cs - Importer: ScriptedImporter/UnityEditor.QuickSearchModule:UnityEditor.Search:ASIAI0B
Importing 'GUID: 23802ddabc0c4ccab92e4052314d4473 - Path: Packages/com.unity.services.core/Editor/Core/UserRoleManagement/UserRoleClient.cs - Importer: ScriptedImporter/UnityEditor.QuickSearchModule:UnityEditor.Search:ASIAI0B' with importer (ScriptedImporter : UnityEditor.QuickSearchModule:UnityEditor.Search:ASIAI0B)
Imported 'GUID: 23802ddabc0c4ccab92e4052314d4473' -> (Import Result ID: '438beded84f12516b232668b477cddb7') in 0.001 seconds [static and dynamic dependencies]. Details - ImportResultOutputID=2b46ff4610237e6f60d27f95bea165e6 DependenciesID=cc073ae25d20d1ce1d924d448376c9f4 StaticDependenciesID=cedbae5b18a04b8e64ef922c81945774 
Number of updated asset objects reloaded before import = 0
Number of asset objects unloaded after import = 0
========================================================================
Received Import Request.
  Time of request: 2026-09-15T03:17:29.560703Z
  Time since last request: 0.000311987 seconds.
  importAddress: GUID: 0fda2e89476d45ee88061de782415ae8 - Path: Packages/com.unity.services.core/Editor/Core/Environments/EnvironmentsApi.cs - Importer: ScriptedImporter/UnityEditor.QuickSearchModule:UnityEditor.Search:ASIAI0B
Importing 'GUID: 0fda2e89476d45ee88061de782415ae8 - Path: Packages/com.unity.services.core/Editor/Core/Environments/EnvironmentsApi.cs - Importer: ScriptedImporter/UnityEditor.QuickSearchModule:UnityEditor.Search:ASIAI0B' with importer (ScriptedImporter : UnityEditor.QuickSearchModule:UnityEditor.Search:ASIAI0B)
Imported 'GUID: 0fda2e89476d45ee88061de782415ae8' -> (Import Result ID: '233bc315a853847e4d1cad82669bfd1b') in 0.001 seconds [static and dynamic dependencies]. Details - ImportResultOutputID=23c747997c036f1ad26e2873d3f16a9b DependenciesID=670dd3b8155bd97cb64e4e1f96177482 StaticDependenciesID=fd2eeaf7308a055cb6c7e0e7d19d4a5e 
Number of updated asset objects reloaded before import = 0
Number of asset objects unloaded after import = 0
========================================================================
Received Import Request.
  Time of request: 2026-09-15T03:17:29.561573Z
  Time since last request: 0.000268975 seconds.
  importAddress: GUID: 460c6bd3df0f3f943a1ba014c1818f4a - Path: Packages/com.unity.services.core/Editor/Core/Networking/TokenExchange.cs - Importer: ScriptedImporter/UnityEditor.QuickSearchModule:UnityEditor.Search:ASIAI0B
Importing 'GUID: 460c6bd3df0f3f943a1ba014c1818f4a - Path: Packages/com.unity.services.core/Editor/Core/Networking/TokenExchange.cs - Importer: ScriptedImporter/UnityEditor.QuickSearchModule:UnityEditor.Search:ASIAI0B' with importer (ScriptedImporter : UnityEditor.QuickSearchModule:UnityEditor.Search:ASIAI0B)
Imported 'GUID: 460c6bd3df0f3f943a1ba014c1818f4a' -> (Import Result ID: '64cd321398361e6a7584c12f27a6679c') in 0.001 seconds [static and dynamic dependencies]. Details - ImportResultOutputID=3b02a9afbec11f89d86eeb91a766d877 DependenciesID=03ca8af027fcaa41adb67215f5724588 StaticDependenciesID=ecc3782d3f1a60c82ea2bff03167a950 
Number of updated asset objects reloaded before import = 0
Number of asset objects unloaded after import = 0
========================================================================
Received Import Request.
  Time of request: 2026-09-15T03:17:29.562554Z
  Time since last request: 0.000396906 seconds.
  importAddress: GUID: 7a3effa9f908d4e8a88877e048cf05dd - Path: Packages/com.unity.services.core/Runtime/Registration/Unity.Services.Core.Registration.asmdef - Importer: ScriptedImporter/UnityEditor.QuickSearchModule:UnityEditor.Search:ASIAI0B
Importing 'GUID: 7a3effa9f908d4e8a88877e048cf05dd - Path: Packages/com.unity.services.core/Runtime/Registration/Unity.Services.Core.Registration.asmdef - Importer: ScriptedImporter/UnityEditor.QuickSearchModule:UnityEditor.Search:ASIAI0B' with importer (ScriptedImporter : UnityEditor.QuickSearchModule:UnityEditor.Search:ASIAI0B)
Imported 'GUID: 7a3effa9f908d4e8a88877e048cf05dd' -> (Import Result ID: 'e4273cd83c0c2c84f9cd8c5b77ccfa56') in 0.001 seconds [static and dynamic dependencies]. Details - ImportResultOutputID=0fd628cc8636e60b8928c23523cf7efc DependenciesID=abbcb6726b62239745984ffb90652b70 StaticDependenciesID=f972d57bac368494da56f75b4804520e 
Number of updated asset objects reloaded before import = 0
Number of asset objects unloaded after import = 1
========================================================================
Received Import Request.
  Time of request: 2026-09-15T03:17:29.563731Z
  Time since last request: 0.000534584 seconds.
  importAddress: GUID: b53dd038fe96141b3ad1e6676408d00b - Path: Packages/com.unity.services.core/Editor - Importer: ScriptedImporter/UnityEditor.QuickSearchModule:UnityEditor.Search:ASIAI0B
Importing 'GUID: b53dd038fe96141b3ad1e6676408d00b - Path: Packages/com.unity.services.core/Editor - Importer: ScriptedImporter/UnityEditor.QuickSearchModule:UnityEditor.Search:ASIAI0B' with importer (ScriptedImporter : UnityEditor.QuickSearchModule:UnityEditor.Search:ASIAI0B)
Imported 'GUID: b53dd038fe96141b3ad1e6676408d00b' -> (Import Result ID: '2e9c5e35093fd69cc1b302086c8705b2') in 0.001 seconds [static and dynamic dependencies]. Details - ImportResultOutputID=cf182dfff099c754ba41366d4a00c83c DependenciesID=25f9ba62193b7a29ba20834784bb7f53 StaticDependenciesID=eade8c1b83312c8543c15c6b1ddd2a84 
Number of updated asset objects reloaded before import = 0
Number of asset objects unloaded after import = 1
========================================================================
Received Import Request.
  Time of request: 2026-09-15T03:17:29.564744Z
  Time since last request: 0.000428646 seconds.
  importAddress: GUID: 56724d63b19250d45b2ded3dff5bf19c - Path: Packages/com.unity.services.core/Editor/Core/Configuration/ConfigurationBuilder.cs - Importer: ScriptedImporter/UnityEditor.QuickSearchModule:UnityEditor.Search:ASIAI0B
Importing 'GUID: 56724d63b19250d45b2ded3dff5bf19c - Path: Packages/com.unity.services.core/Editor/Core/Configuration/ConfigurationBuilder.cs - Importer: ScriptedImporter/UnityEditor.QuickSearchModule:UnityEditor.Search:ASIAI0B' with importer (ScriptedImporter : UnityEditor.QuickSearchModule:UnityEditor.Search:ASIAI0B)
Imported 'GUID: 56724d63b19250d45b2ded3dff5bf19c' -> (Import Result ID: 'ee2c41ed5bfc3b09aeb5c76706bd7fe6') in 0.001 seconds [static and dynamic dependencies]. Details - ImportResultOutputID=ae44f82d44d5e2a5131f31714cc87f92 DependenciesID=42eb5a06a840f599e112893c0fb36834 StaticDependenciesID=8aa268e1287cfa90f71ec13f123e85bf 
Number of updated asset objects reloaded before import = 0
Number of asset objects unloaded after import = 0
========================================================================
Received Import Request.
  Time of request: 2026-09-15T03:17:29.565744Z
  Time since last request: 0.000376307 seconds.
  importAddress: GUID: 75eeeeadd65f0407db138d67605e095b - Path: Packages/com.unity.services.core/Runtime/Environments/EnvironmentsOptionsExtensions.cs - Importer: ScriptedImporter/UnityEditor.QuickSearchModule:UnityEditor.Search:ASIAI0B
Importing 'GUID: 75eeeeadd65f0407db138d67605e095b - Path: Packages/com.unity.services.core/Runtime/Environments/EnvironmentsOptionsExtensions.cs - Importer: ScriptedImporter/UnityEditor.QuickSearchModule:UnityEditor.Search:ASIAI0B' with importer (ScriptedImporter : UnityEditor.QuickSearchModule:UnityEditor.Search:ASIAI0B)
Imported 'GUID: 75eeeeadd65f0407db138d67605e095b' -> (Import Result ID: '6560cfa69b3fed9cd5344af4eb3416fb') in 0.001 seconds [static and dynamic dependencies]. Details - ImportResultOutputID=46548c793934a80479bd2a5d6717ca06 DependenciesID=6cedc35abd599f65cee8dc8da0e23da4 StaticDependenciesID=4ad08dfc85d100a7763202d3f1d8680e 
Number of updated asset objects reloaded before import = 0
Number of asset objects unloaded after import = 0
========================================================================
Received Import Request.
  Time of request: 2026-09-15T03:17:29.566815Z
  Time since last request: 0.000359485 seconds.
  importAddress: GUID: 6226434778f184f669acaa32c428c821 - Path: Packages/com.unity.services.core/Editor/Core/Environments/Client/ErrorMitigation/RetryPolicy.cs - Importer: ScriptedImporter/UnityEditor.QuickSearchModule:UnityEditor.Search:ASIAI0B
Importing 'GUID: 6226434778f184f669acaa32c428c821 - Path: Packages/com.unity.services.core/Editor/Core/Environments/Client/ErrorMitigation/RetryPolicy.cs - Importer: ScriptedImporter/UnityEditor.QuickSearchModule:UnityEditor.Search:ASIAI0B' with importer (ScriptedImporter : UnityEditor.QuickSearchModule:UnityEditor.Search:ASIAI0B)
Imported 'GUID: 6226434778f184f669acaa32c428c821' -> (Import Result ID: 'c3a3679207f3d83874cc11ddf09904ea') in 0.001 seconds [static and dynamic dependencies]. Details - ImportResultOutputID=c8165c8d97926bc9200f02daa3fc8df6 DependenciesID=475a9945f3c9996f77602b241cf2f6cf StaticDependenciesID=16c1ad11a0d84c07ef865955e784f418 
Number of updated asset objects reloaded before import = 0
Number of asset objects unloaded after import = 0
========================================================================
Received Import Request.
  Time of request: 2026-09-15T03:17:29.567888Z
  Time since last request: 0.000379744 seconds.
  importAddress: GUID: 89da8fcade106e248a5d3190a19d35e3 - Path: Packages/com.unity.services.core/Runtime/Scheduler/TimeProvider - Importer: ScriptedImporter/UnityEditor.QuickSearchModule:UnityEditor.Search:ASIAI0B
Importing 'GUID: 89da8fcade106e248a5d3190a19d35e3 - Path: Packages/com.unity.services.core/Runtime/Scheduler/TimeProvider - Importer: ScriptedImporter/UnityEditor.QuickSearchModule:UnityEditor.Search:ASIAI0B' with importer (ScriptedImporter : UnityEditor.QuickSearchModule:UnityEditor.Search:ASIAI0B)
Imported 'GUID: 89da8fcade106e248a5d3190a19d35e3' -> (Import Result ID: '510a68a3bda3245c4ada5b7477b588ce') in 0.001 seconds [static and dynamic dependencies]. Details - ImportResultOutputID=6a52d1d796c00c56b0a4cf08c86661f6 DependenciesID=f7e0727097b13765f35f303d73e8ad64 StaticDependenciesID=2276da3ecd2ced412c9a0258fecb511b 
Number of updated asset objects reloaded before import = 0
Number of asset objects unloaded after import = 1
========================================================================
Received Import Request.
  Time of request: 2026-09-15T03:17:29.568842Z
  Time since last request: 0.000295164 seconds.
  importAddress: GUID: a4a252d22132442d4940009e16a99424 - Path: Packages/com.unity.services.core/Editor/Core/Environments/Client/Configuration/Configuration.cs - Importer: ScriptedImporter/UnityEditor.QuickSearchModule:UnityEditor.Search:ASIAI0B
Importing 'GUID: a4a252d22132442d4940009e16a99424 - Path: Packages/com.unity.services.core/Editor/Core/Environments/Client/Configuration/Configuration.cs - Importer: ScriptedImporter/UnityEditor.QuickSearchModule:UnityEditor.Search:ASIAI0B' with importer (ScriptedImporter : UnityEditor.QuickSearchModule:UnityEditor.Search:ASIAI0B)
Imported 'GUID: a4a252d22132442d4940009e16a99424' -> (Import Result ID: '775ded6e6c2169e7593601a3ed67b5d5') in 0.001 seconds [static and dynamic dependencies]. Details - ImportResultOutputID=28af86cdb237b05b0fc841fda83c5fa9 DependenciesID=08bdf1a73d8227672c3b871af6b824ee StaticDependenciesID=276e2f18e13fd536c7bc656362ba7ab6 
Number of updated asset objects reloaded before import = 0
Number of asset objects unloaded after import = 0
========================================================================
Received Import Request.
  Time of request: 2026-09-15T03:17:29.569771Z
  Time since last request: 0.000281549 seconds.
  importAddress: GUID: 1979fd426439544d792c9d2cb653aaa3 - Path: Packages/com.unity.services.core/Editor/Core/ProjectBindRedirect/UXML/ProjectBindRedirectProjectSettings.uxml - Importer: ScriptedImporter/UnityEditor.QuickSearchModule:UnityEditor.Search:ASIAI0B
Importing 'GUID: 1979fd426439544d792c9d2cb653aaa3 - Path: Packages/com.unity.services.core/Editor/Core/ProjectBindRedirect/UXML/ProjectBindRedirectProjectSettings.uxml - Importer: ScriptedImporter/UnityEditor.QuickSearchModule:UnityEditor.Search:ASIAI0B' with importer (ScriptedImporter : UnityEditor.QuickSearchModule:UnityEditor.Search:ASIAI0B)
Imported 'GUID: 1979fd426439544d792c9d2cb653aaa3' -> (Import Result ID: 'f73a803102c4d9f2791f27ecb6a2d076') in 0.003 seconds [static and dynamic dependencies]. Details - ImportResultOutputID=9ba0acd4475a1f49fa10a097d98de11c DependenciesID=4e0ecc878ce45e903b64d544c5590a26 StaticDependenciesID=d9a6794b4123421aecb6df759d55bff8 
Number of updated asset objects reloaded before import = 0
Number of asset objects unloaded after import = 2
========================================================================
Received Import Request.
  Time of request: 2026-09-15T03:17:29.573241Z
  Time since last request: 0.000279926 seconds.
  importAddress: GUID: f46ae31386794c47a083a210dc6c6bf9 - Path: Packages/com.unity.services.core/Editor/Core/Configuration/Utils/AssetUtils.cs - Importer: ScriptedImporter/UnityEditor.QuickSearchModule:UnityEditor.Search:ASIAI0B
Importing 'GUID: f46ae31386794c47a083a210dc6c6bf9 - Path: Packages/com.unity.services.core/Editor/Core/Configuration/Utils/AssetUtils.cs - Importer: ScriptedImporter/UnityEditor.QuickSearchModule:UnityEditor.Search:ASIAI0B' with importer (ScriptedImporter : UnityEditor.QuickSearchModule:UnityEditor.Search:ASIAI0B)
Imported 'GUID: f46ae31386794c47a083a210dc6c6bf9' -> (Import Result ID: '565d042ee27c39792ca39fa1062d266b') in 0.001 seconds [static and dynamic dependencies]. Details - ImportResultOutputID=a31c8785348b94701fc2a9f3422f2336 DependenciesID=982c628343cc61b2e6ab9c11f8dad93e StaticDependenciesID=58a203d154d447245d55426857ea6cec 
Number of updated asset objects reloaded before import = 0
Number of asset objects unloaded after import = 0
========================================================================
Received Import Request.
  Time of request: 2026-09-15T03:17:29.574375Z
  Time since last request: 0.000320051 seconds.
  importAddress: GUID: cefb4b36108e4c2d9c00c22bc8251d87 - Path: Packages/com.unity.services.core/Editor/Core/Linker/Models/XmlLinkedAccessors.cs - Importer: ScriptedImporter/UnityEditor.QuickSearchModule:UnityEditor.Search:ASIAI0B
Importing 'GUID: cefb4b36108e4c2d9c00c22bc8251d87 - Path: Packages/com.unity.services.core/Editor/Core/Linker/Models/XmlLinkedAccessors.cs - Importer: ScriptedImporter/UnityEditor.QuickSearchModule:UnityEditor.Search:ASIAI0B' with importer (ScriptedImporter : UnityEditor.QuickSearchModule:UnityEditor.Search:ASIAI0B)
Imported 'GUID: cefb4b36108e4c2d9c00c22bc8251d87' -> (Import Result ID: '8f91edc18a9ffae9674c46f50810304d') in 0.001 seconds [static and dynamic dependencies]. Details - ImportResultOutputID=bc088c7c2fb5af0ced48918f734c8974 DependenciesID=1db8ef0e4fb3d1bb1d9048cf90199738 StaticDependenciesID=9bdbb1f37b499c54a644272d76730c15 
Number of updated asset objects reloaded before import = 0
Number of asset objects unloaded after import = 0
========================================================================
Received Import Request.
  Time of request: 2026-09-15T03:17:29.575483Z
  Time since last request: 0.000338697 seconds.
  importAddress: GUID: cec35b4f221f4ae69973858262c86db2 - Path: Packages/com.unity.services.core/Runtime/Core.Internal/Components/Qos/IQosResults.cs - Importer: ScriptedImporter/UnityEditor.QuickSearchModule:UnityEditor.Search:ASIAI0B
Importing 'GUID: cec35b4f221f4ae69973858262c86db2 - Path: Packages/com.unity.services.core/Runtime/Core.Internal/Components/Qos/IQosResults.cs - Importer: ScriptedImporter/UnityEditor.QuickSearchModule:UnityEditor.Search:ASIAI0B' with importer (ScriptedImporter : UnityEditor.QuickSearchModule:UnityEditor.Search:ASIAI0B)
Imported 'GUID: cec35b4f221f4ae69973858262c86db2' -> (Import Result ID: 'e4399a938de06dc84dd95a99c2e6a634') in 0.001 seconds [static and dynamic dependencies]. Details - ImportResultOutputID=edacbb839908ad112cb8a1095862617f DependenciesID=fa5d8590e3d19f45f828f78d7da1aaa2 StaticDependenciesID=17bc9b40fc01704f50d4d21983cbf61b 
Number of updated asset objects reloaded before import = 0
Number of asset objects unloaded after import = 0
========================================================================
Received Import Request.
  Time of request: 2026-09-15T03:17:29.576633Z
  Time since last request: 0.000400402 seconds.
  importAddress: GUID: 110b91e3d66b8144aa4cd4e136d55d68 - Path: Packages/com.unity.services.core/Editor/Core/Configuration/Utils/IoUtils.cs - Importer: ScriptedImporter/UnityEditor.QuickSearchModule:UnityEditor.Search:ASIAI0B
Importing 'GUID: 110b91e3d66b8144aa4cd4e136d55d68 - Path: Packages/com.unity.services.core/Editor/Core/Configuration/Utils/IoUtils.cs - Importer: ScriptedImporter/UnityEditor.QuickSearchModule:UnityEditor.Search:ASIAI0B' with importer (ScriptedImporter : UnityEditor.QuickSearchModule:UnityEditor.Search:ASIAI0B)
Imported 'GUID: 110b91e3d66b8144aa4cd4e136d55d68' -> (Import Result ID: '9146a73df8bfbdb868415740eb799d7a') in 0.001 seconds [static and dynamic dependencies]. Details - ImportResultOutputID=c229a08de210c0217f473e665bf225ca DependenciesID=5084c753ed2c9a1ee1fe4339c14904e3 StaticDependenciesID=43fa49263be7da0a0c4292638c2da95d 
Number of updated asset objects reloaded before import = 0
Number of asset objects unloaded after import = 0
========================================================================
Received Import Request.
  Time of request: 2026-09-15T03:17:29.577942Z
  Time since last request: 0.000471316 seconds.
  importAddress: GUID: 8e39141d2b0d43b588706d73735a06c7 - Path: Packages/com.unity.services.core/Editor/Core/Environments/Analytics - Importer: ScriptedImporter/UnityEditor.QuickSearchModule:UnityEditor.Search:ASIAI0B
Importing 'GUID: 8e39141d2b0d43b588706d73735a06c7 - Path: Packages/com.unity.services.core/Editor/Core/Environments/Analytics - Importer: ScriptedImporter/UnityEditor.QuickSearchModule:UnityEditor.Search:ASIAI0B' with importer (ScriptedImporter : UnityEditor.QuickSearchModule:UnityEditor.Search:ASIAI0B)
Imported 'GUID: 8e39141d2b0d43b588706d73735a06c7' -> (Import Result ID: 'b5c123f69e7311023f54f5bae7d295c3') in 0.001 seconds [static and dynamic dependencies]. Details - ImportResultOutputID=9fd003d74fd7465f661354aa80795040 DependenciesID=978a8ea85eb7b0d723829f95fd858339 StaticDependenciesID=1c526945e5203ec76166fa2ce6d8e992 
Number of updated asset objects reloaded before import = 0
Number of asset objects unloaded after import = 1
========================================================================
Received Import Request.
  Time of request: 2026-09-15T03:17:29.579121Z
  Time since last request: 0.000421662 seconds.
  importAddress: GUID: 352d9219ebd00854cbcd797e588b93b2 - Path: Packages/com.unity.services.core/Editor/Core/Environments/Client/Models/UnityCreateOrganizationRequest.cs - Importer: ScriptedImporter/UnityEditor.QuickSearchModule:UnityEditor.Search:ASIAI0B
Importing 'GUID: 352d9219ebd00854cbcd797e588b93b2 - Path: Packages/com.unity.services.core/Editor/Core/Environments/Client/Models/UnityCreateOrganizationRequest.cs - Importer: ScriptedImporter/UnityEditor.QuickSearchModule:UnityEditor.Search:ASIAI0B' with importer (ScriptedImporter : UnityEditor.QuickSearchModule:UnityEditor.Search:ASIAI0B)
Imported 'GUID: 352d9219ebd00854cbcd797e588b93b2' -> (Import Result ID: '4b12d2ac6b4bbe0feee0e1f9dbb5de61') in 0.001 seconds [static and dynamic dependencies]. Details - ImportResultOutputID=f6cc36aaf87d41e5e2b5d48dc98e5172 DependenciesID=e0a1084fbbaa4c1073ed0cebfdd83926 StaticDependenciesID=c029ab0a854d02401085a41f8407d0fc 
Number of updated asset objects reloaded before import = 0
Number of asset objects unloaded after import = 0
========================================================================
Received Import Request.
  Time of request: 2026-09-15T03:17:29.580207Z
  Time since last request: 0.000375546 seconds.
  importAddress: GUID: 87afa49178de548ed83971e4819c36bd - Path: Packages/com.unity.services.core/Editor/Core/Shared/UI/CollectionBinding.Gen.cs - Importer: ScriptedImporter/UnityEditor.QuickSearchModule:UnityEditor.Search:ASIAI0B
Importing 'GUID: 87afa49178de548ed83971e4819c36bd - Path: Packages/com.unity.services.core/Editor/Core/Shared/UI/CollectionBinding.Gen.cs - Importer: ScriptedImporter/UnityEditor.QuickSearchModule:UnityEditor.Search:ASIAI0B' with importer (ScriptedImporter : UnityEditor.QuickSearchModule:UnityEditor.Search:ASIAI0B)
Imported 'GUID: 87afa49178de548ed83971e4819c36bd' -> (Import Result ID: '8d063fa8cf1851289d44d6a674450494') in 0.001 seconds [static and dynamic dependencies]. Details - ImportResultOutputID=8c1b7d57eebcb83b0720640d8692b0b2 DependenciesID=7831f1ff9f84f75d251c832be159bd4c StaticDependenciesID=2a5df661be79feb006c0e6c15289b1f0 
Number of updated asset objects reloaded before import = 0
Number of asset objects unloaded after import = 0
========================================================================
Received Import Request.
  Time of request: 2026-09-15T03:17:29.581149Z
  Time since last request: 0.000301636 seconds.
  importAddress: GUID: 99614a857646842a086184db34d8fb84 - Path: Packages/com.unity.services.core/Runtime/Core.Internal/Components - Importer: ScriptedImporter/UnityEditor.QuickSearchModule:UnityEditor.Search:ASIAI0B
Importing 'GUID: 99614a857646842a086184db34d8fb84 - Path: Packages/com.unity.services.core/Runtime/Core.Internal/Components - Importer: ScriptedImporter/UnityEditor.QuickSearchModule:UnityEditor.Search:ASIAI0B' with importer (ScriptedImporter : UnityEditor.QuickSearchModule:UnityEditor.Search:ASIAI0B)
Imported 'GUID: 99614a857646842a086184db34d8fb84' -> (Import Result ID: '8dac73dad4982a2b2101d66fdfe468ed') in 0.001 seconds [static and dynamic dependencies]. Details - ImportResultOutputID=5f6bfe140a11f790ffd92b98e8ad361c DependenciesID=c46aed0c4f0adefa8606b74c08a472c3 StaticDependenciesID=42e63346ae955f1fd3120dea07c08eca 
Number of updated asset objects reloaded before import = 0
Number of asset objects unloaded after import = 1
========================================================================
Received Import Request.
  Time of request: 2026-09-15T03:17:29.582253Z
  Time since last request: 0.000375306 seconds.
  importAddress: GUID: 9bbe9fb6e9537684cac89a4e82cf3d63 - Path: Packages/com.unity.services.core/Editor/Core/UiHelpers/UXML/AccessTokenError.uxml - Importer: ScriptedImporter/UnityEditor.QuickSearchModule:UnityEditor.Search:ASIAI0B
Importing 'GUID: 9bbe9fb6e9537684cac89a4e82cf3d63 - Path: Packages/com.unity.services.core/Editor/Core/UiHelpers/UXML/AccessTokenError.uxml - Importer: ScriptedImporter/UnityEditor.QuickSearchModule:UnityEditor.Search:ASIAI0B' with importer (ScriptedImporter : UnityEditor.QuickSearchModule:UnityEditor.Search:ASIAI0B)
Imported 'GUID: 9bbe9fb6e9537684cac89a4e82cf3d63' -> (Import Result ID: '74ecf0f6f3e68d9d244e314eca83471b') in 0.004 seconds [static and dynamic dependencies]. Details - ImportResultOutputID=12d4060dbc258293cbcff84acfda2cc3 DependenciesID=a75432c058d46799a7fca3065b9b27f6 StaticDependenciesID=ce469491c56e0fced6156f35494ee06b 
Number of updated asset objects reloaded before import = 0
Number of asset objects unloaded after import = 2
========================================================================
Received Import Request.
  Time of request: 2026-09-15T03:17:29.586347Z
  Time since last request: 0.000470784 seconds.
  importAddress: GUID: 973ed18fe43543b9aa8aa43e5e88961d - Path: Packages/com.unity.services.core/Editor/Core/ProjectStateManagement/IProjectStateRequest.cs - Importer: ScriptedImporter/UnityEditor.QuickSearchModule:UnityEditor.Search:ASIAI0B
Importing 'GUID: 973ed18fe43543b9aa8aa43e5e88961d - Path: Packages/com.unity.services.core/Editor/Core/ProjectStateManagement/IProjectStateRequest.cs - Importer: ScriptedImporter/UnityEditor.QuickSearchModule:UnityEditor.Search:ASIAI0B' with importer (ScriptedImporter : UnityEditor.QuickSearchModule:UnityEditor.Search:ASIAI0B)
Imported 'GUID: 973ed18fe43543b9aa8aa43e5e88961d' -> (Import Result ID: '79e8f56724571383cffae9382f6ae16a') in 0.001 seconds [static and dynamic dependencies]. Details - ImportResultOutputID=538c37d036cd040c66f6a463ebb08307 DependenciesID=96c3e86ee9a7cafd44d8940ceebd9e4f StaticDependenciesID=25a98a3f451bed878107b6613ca6f3da 
Number of updated asset objects reloaded before import = 0
Number of asset objects unloaded after import = 0
========================================================================
Received Import Request.
  Time of request: 2026-09-15T03:17:29.587355Z
  Time since last request: 0.000291327 seconds.
  importAddress: GUID: 3ec1058b5f6b14ce3ad4b976c291d834 - Path: Packages/com.unity.services.core/Editor/Core/UiHelpers/UXML/PlatformSupportVisual.uxml - Importer: ScriptedImporter/UnityEditor.QuickSearchModule:UnityEditor.Search:ASIAI0B
Importing 'GUID: 3ec1058b5f6b14ce3ad4b976c291d834 - Path: Packages/com.unity.services.core/Editor/Core/UiHelpers/UXML/PlatformSupportVisual.uxml - Importer: ScriptedImporter/UnityEditor.QuickSearchModule:UnityEditor.Search:ASIAI0B' with importer (ScriptedImporter : UnityEditor.QuickSearchModule:UnityEditor.Search:ASIAI0B)
Imported 'GUID: 3ec1058b5f6b14ce3ad4b976c291d834' -> (Import Result ID: '64c18ff3d496df237253dcdea4013dd9') in 0.002 seconds [static and dynamic dependencies]. Details - ImportResultOutputID=407849f6fa6340c4879060014169b2ea DependenciesID=68bd3b9be345df363e141cb38aa74f14 StaticDependenciesID=5d9a6fafcefbf5ad22533e63df304ac1 
Number of updated asset objects reloaded before import = 0
Number of asset objects unloaded after import = 2
========================================================================
Received Import Request.
  Time of request: 2026-09-15T03:17:29.589788Z
  Time since last request: 0.000299213 seconds.
  importAddress: GUID: 784151075867944a995c363a19d75790 - Path: Packages/com.unity.services.core/Runtime/Configuration/AssemblyInfo.cs - Importer: ScriptedImporter/UnityEditor.QuickSearchModule:UnityEditor.Search:ASIAI0B
Importing 'GUID: 784151075867944a995c363a19d75790 - Path: Packages/com.unity.services.core/Runtime/Configuration/AssemblyInfo.cs - Importer: ScriptedImporter/UnityEditor.QuickSearchModule:UnityEditor.Search:ASIAI0B' with importer (ScriptedImporter : UnityEditor.QuickSearchModule:UnityEditor.Search:ASIAI0B)
Imported 'GUID: 784151075867944a995c363a19d75790' -> (Import Result ID: 'e2a4b623393bd0bc18d43eda98dee4ea') in 0.001 seconds [static and dynamic dependencies]. Details - ImportResultOutputID=c7c59313c8c350c62308de55e821ce03 DependenciesID=9889a7ecee1f9cea74f81fdf22b2fc22 StaticDependenciesID=77ea0cb161bf6ebe8e62c987c34bde80 
Number of updated asset objects reloaded before import = 0
Number of asset objects unloaded after import = 0
========================================================================
Received Import Request.
  Time of request: 2026-09-15T03:17:29.590806Z
  Time since last request: 0.00026615 seconds.
  importAddress: GUID: 5d6b5b582538b37428e63b2b6c506ea7 - Path: Packages/com.unity.services.core/Runtime/Scheduler/TimeProvider/ITimeProvider.cs - Importer: ScriptedImporter/UnityEditor.QuickSearchModule:UnityEditor.Search:ASIAI0B
Importing 'GUID: 5d6b5b582538b37428e63b2b6c506ea7 - Path: Packages/com.unity.services.core/Runtime/Scheduler/TimeProvider/ITimeProvider.cs - Importer: ScriptedImporter/UnityEditor.QuickSearchModule:UnityEditor.Search:ASIAI0B' with importer (ScriptedImporter : UnityEditor.QuickSearchModule:UnityEditor.Search:ASIAI0B)
Imported 'GUID: 5d6b5b582538b37428e63b2b6c506ea7' -> (Import Result ID: '2b8562909a412b1408c70644f7365393') in 0.001 seconds [static and dynamic dependencies]. Details - ImportResultOutputID=6f35c136801e477dc7e193fbfdaec94f DependenciesID=64ada91b325e0cf68f2835da73a80c3a StaticDependenciesID=cd900dac1b57cd4ebde10e637a1b6114 
Number of updated asset objects reloaded before import = 0
Number of asset objects unloaded after import = 0
========================================================================
Received Import Request.
  Time of request: 2026-09-15T03:17:29.591747Z
  Time since last request: 0.000297889 seconds.
  importAddress: GUID: d0d897c4aa12b8140b650ec29e099ff7 - Path: Packages/com.unity.services.core/Editor/Core/Configuration/Unity.Services.Core.Configuration.Editor.asmdef - Importer: ScriptedImporter/UnityEditor.QuickSearchModule:UnityEditor.Search:ASIAI0B
Importing 'GUID: d0d897c4aa12b8140b650ec29e099ff7 - Path: Packages/com.unity.services.core/Editor/Core/Configuration/Unity.Services.Core.Configuration.Editor.asmdef - Importer: ScriptedImporter/UnityEditor.QuickSearchModule:UnityEditor.Search:ASIAI0B' with importer (ScriptedImporter : UnityEditor.QuickSearchModule:UnityEditor.Search:ASIAI0B)
Imported 'GUID: d0d897c4aa12b8140b650ec29e099ff7' -> (Import Result ID: '2b9c80cd56179cc1aea1d181953dd8d2') in 0.001 seconds [static and dynamic dependencies]. Details - ImportResultOutputID=9dbf8e5b4c891bb9dfd65fc51dd1872b DependenciesID=32d33b6812df5882cf5de14b36b05d72 StaticDependenciesID=de2c882b51f06bb5d1ea9ab00c8ab2ef 
Number of updated asset objects reloaded before import = 0
Number of asset objects unloaded after import = 1
========================================================================
Received Import Request.
  Time of request: 2026-09-15T03:17:29.613815Z
  Time since last request: 0.021345644 seconds.
  importAddress: GUID: 51bd45ca4f0f28342a12f4b0c80e9f4f - Path: Packages/com.unity.nuget.newtonsoft-json/README.md - Importer: ScriptedImporter/UnityEditor.QuickSearchModule:UnityEditor.Search:ASIAI0B
Importing 'GUID: 51bd45ca4f0f28342a12f4b0c80e9f4f - Path: Packages/com.unity.nuget.newtonsoft-json/README.md - Importer: ScriptedImporter/UnityEditor.QuickSearchModule:UnityEditor.Search:ASIAI0B' with importer (ScriptedImporter : UnityEditor.QuickSearchModule:UnityEditor.Search:ASIAI0B)
Imported 'GUID: 51bd45ca4f0f28342a12f4b0c80e9f4f' -> (Import Result ID: '94a803d0a3c3b980d30a6e85ea6a220c') in 0.002 seconds [static and dynamic dependencies]. Details - ImportResultOutputID=49d113276209e4b33cbc29332e3b0521 DependenciesID=c19a8e22df731cdf1e8854281407a73a StaticDependenciesID=8ed2b118b489d04ef02db575a0c6cb35 
Number of updated asset objects reloaded before import = 0
Number of asset objects unloaded after import = 1
========================================================================
Received Import Request.
  Time of request: 2026-09-15T03:17:29.616635Z
  Time since last request: 0.000784944 seconds.
  importAddress: GUID: 036c332b7e1444de6a8c2dbc19b99027 - Path: Packages/com.unity.services.core/Editor/Core/Shared/Infrastructure/Collections/MappedObservableCollection.Gen.cs - Importer: ScriptedImporter/UnityEditor.QuickSearchModule:UnityEditor.Search:ASIAI0B
Importing 'GUID: 036c332b7e1444de6a8c2dbc19b99027 - Path: Packages/com.unity.services.core/Editor/Core/Shared/Infrastructure/Collections/MappedObservableCollection.Gen.cs - Importer: ScriptedImporter/UnityEditor.QuickSearchModule:UnityEditor.Search:ASIAI0B' with importer (ScriptedImporter : UnityEditor.QuickSearchModule:UnityEditor.Search:ASIAI0B)
Imported 'GUID: 036c332b7e1444de6a8c2dbc19b99027' -> (Import Result ID: '02cdae6906c3b082e6eb8bf5c6d988d5') in 0.001 seconds [static and dynamic dependencies]. Details - ImportResultOutputID=1f856240d9fded899b3d75142cada0a2 DependenciesID=85cf321c3e0d4493bac333ef9b3409a7 StaticDependenciesID=f17d2c8409e2a7713a8216e45c3a391e 
Number of updated asset objects reloaded before import = 0
Number of asset objects unloaded after import = 0
========================================================================
Received Import Request.
  Time of request: 2026-09-15T03:17:29.618466Z
  Time since last request: 0.000448833 seconds.
  importAddress: GUID: dfc2b9b5d2fe14b188e5ac23c3580d9e - Path: Packages/com.unity.services.core/Runtime/Core.Internal/Components/Networking/HttpRequest.cs - Importer: ScriptedImporter/UnityEditor.QuickSearchModule:UnityEditor.Search:ASIAI0B
Importing 'GUID: dfc2b9b5d2fe14b188e5ac23c3580d9e - Path: Packages/com.unity.services.core/Runtime/Core.Internal/Components/Networking/HttpRequest.cs - Importer: ScriptedImporter/UnityEditor.QuickSearchModule:UnityEditor.Search:ASIAI0B' with importer (ScriptedImporter : UnityEditor.QuickSearchModule:UnityEditor.Search:ASIAI0B)
Imported 'GUID: dfc2b9b5d2fe14b188e5ac23c3580d9e' -> (Import Result ID: '3f6325ed386981d7dd8520e3c4c7abe9') in 0.001 seconds [static and dynamic dependencies]. Details - ImportResultOutputID=1ec8f40aa9cd23f44684f1bb8b88ce95 DependenciesID=fb7198ac70a10baf2b1b037bc57fdb6f StaticDependenciesID=aaed7a6943f9ac0243b5646516dd0ee9 
Number of updated asset objects reloaded before import = 0
Number of asset objects unloaded after import = 0
========================================================================
Received Import Request.
  Time of request: 2026-09-15T03:17:29.619999Z
  Time since last request: 0.000450837 seconds.
  importAddress: GUID: 0c5352acffb6c7f49b41ac820cb8a0b2 - Path: Packages/com.unity.services.core/Editor/Core/Attributes - Importer: ScriptedImporter/UnityEditor.QuickSearchModule:UnityEditor.Search:ASIAI0B
Importing 'GUID: 0c5352acffb6c7f49b41ac820cb8a0b2 - Path: Packages/com.unity.services.core/Editor/Core/Attributes - Importer: ScriptedImporter/UnityEditor.QuickSearchModule:UnityEditor.Search:ASIAI0B' with importer (ScriptedImporter : UnityEditor.QuickSearchModule:UnityEditor.Search:ASIAI0B)
Imported 'GUID: 0c5352acffb6c7f49b41ac820cb8a0b2' -> (Import Result ID: 'b2ce0191b0ffab5f568ba8a255f92978') in 0.001 seconds [static and dynamic dependencies]. Details - ImportResultOutputID=c154c5aaa6f923d82d92c92cf3965272 DependenciesID=879e49d9e7bed6bb2dcc7c1ba739daae StaticDependenciesID=3b5b079084de6cb12f31d8ff686ffa4a 
Number of updated asset objects reloaded before import = 0
Number of asset objects unloaded after import = 1
========================================================================
Received Import Request.
  Time of request: 2026-09-15T03:17:29.621517Z
  Time since last request: 0.000336072 seconds.
  importAddress: GUID: 332ad2f567fa467f945149fb7fabb67e - Path: Packages/com.unity.services.core/Runtime/Core.Internal/Components/Qos - Importer: ScriptedImporter/UnityEditor.QuickSearchModule:UnityEditor.Search:ASIAI0B
Importing 'GUID: 332ad2f567fa467f945149fb7fabb67e - Path: Packages/com.unity.services.core/Runtime/Core.Internal/Components/Qos - Importer: ScriptedImporter/UnityEditor.QuickSearchModule:UnityEditor.Search:ASIAI0B' with importer (ScriptedImporter : UnityEditor.QuickSearchModule:UnityEditor.Search:ASIAI0B)
Imported 'GUID: 332ad2f567fa467f945149fb7fabb67e' -> (Import Result ID: '3d0b9b1fd651c403a164b5261f6a8bfc') in 0.001 seconds [static and dynamic dependencies]. Details - ImportResultOutputID=45266d16c01141fcf40e36cb577314a9 DependenciesID=788b1edd1831de6b21e3495fa833e57c StaticDependenciesID=660846b3d22a1ad72646b4b47ac2df9c 
Number of updated asset objects reloaded before import = 0
Number of asset objects unloaded after import = 1
========================================================================
Received Import Request.
  Time of request: 2026-09-15T03:17:29.623105Z
  Time since last request: 0.000317046 seconds.
  importAddress: GUID: 9a76d279054d4310a6dae6caef9c5682 - Path: Packages/com.unity.services.core/Editor/Core/Environments/IEnvironmentsApi.cs - Importer: ScriptedImporter/UnityEditor.QuickSearchModule:UnityEditor.Search:ASIAI0B
Importing 'GUID: 9a76d279054d4310a6dae6caef9c5682 - Path: Packages/com.unity.services.core/Editor/Core/Environments/IEnvironmentsApi.cs - Importer: ScriptedImporter/UnityEditor.QuickSearchModule:UnityEditor.Search:ASIAI0B' with importer (ScriptedImporter : UnityEditor.QuickSearchModule:UnityEditor.Search:ASIAI0B)
Imported 'GUID: 9a76d279054d4310a6dae6caef9c5682' -> (Import Result ID: '2b9a9d836d04d9e654bd80daa26d7627') in 0.001 seconds [static and dynamic dependencies]. Details - ImportResultOutputID=f27875282754012da0bd352d176e6596 DependenciesID=3b67c143088d45b60d92c9386ef8196b StaticDependenciesID=5c05fd7b8df857e3f47fbc9ab1ae3f7b 
Number of updated asset objects reloaded before import = 0
Number of asset objects unloaded after import = 0
========================================================================
Received Import Request.
  Time of request: 2026-09-15T03:17:29.624365Z
  Time since last request: 0.000296968 seconds.
  importAddress: GUID: 983957cb280949f2b53b1f04bdd8a9fd - Path: Packages/com.unity.services.core/Editor/Core/EditorGameService/IEditorGameServiceIdentifier.cs - Importer: ScriptedImporter/UnityEditor.QuickSearchModule:UnityEditor.Search:ASIAI0B
Importing 'GUID: 983957cb280949f2b53b1f04bdd8a9fd - Path: Packages/com.unity.services.core/Editor/Core/EditorGameService/IEditorGameServiceIdentifier.cs - Importer: ScriptedImporter/UnityEditor.QuickSearchModule:UnityEditor.Search:ASIAI0B' with importer (ScriptedImporter : UnityEditor.QuickSearchModule:UnityEditor.Search:ASIAI0B)
Imported 'GUID: 983957cb280949f2b53b1f04bdd8a9fd' -> (Import Result ID: '05a2f53eca8a886c30a25ede920a1056') in 0.001 seconds [static and dynamic dependencies]. Details - ImportResultOutputID=133698dee006ee1585c1155ae94abfd8 DependenciesID=ccf1febe584004cc15f81bfc192dc72f StaticDependenciesID=8b47e79159200e202f4b22b4a9e74853 
Number of updated asset objects reloaded before import = 0
Number of asset objects unloaded after import = 0
========================================================================
Received Import Request.
  Time of request: 2026-09-15T03:17:29.625822Z
  Time since last request: 0.000424978 seconds.
  importAddress: GUID: 3acc39c28cb7b4e14aec130471988144 - Path: Packages/com.unity.services.core/Runtime/Analytics/Unity.Services.Core.Analytics.api - Importer: ScriptedImporter/UnityEditor.QuickSearchModule:UnityEditor.Search:ASIAI0B
Importing 'GUID: 3acc39c28cb7b4e14aec130471988144 - Path: Packages/com.unity.services.core/Runtime/Analytics/Unity.Services.Core.Analytics.api - Importer: ScriptedImporter/UnityEditor.QuickSearchModule:UnityEditor.Search:ASIAI0B' with importer (ScriptedImporter : UnityEditor.QuickSearchModule:UnityEditor.Search:ASIAI0B)
Imported 'GUID: 3acc39c28cb7b4e14aec130471988144' -> (Import Result ID: '42d840c1d23523ed9d382f5cff74a515') in 0.001 seconds [static and dynamic dependencies]. Details - ImportResultOutputID=afdc7f4966bc5a06129d7632ec1ba721 DependenciesID=4df71463ec2457d36727ce1b23c5ba62 StaticDependenciesID=f3eb02148f58d3cb713bef09d38d8f2d 
Number of updated asset objects reloaded before import = 0
Number of asset objects unloaded after import = 1
========================================================================
Received Import Request.
  Time of request: 2026-09-15T03:17:29.627326Z
  Time since last request: 0.000375606 seconds.
  importAddress: GUID: de9e8083c7ded62419890100100933a1 - Path: Packages/com.unity.services.core/Runtime/Configuration/ConfigurationEntry.cs - Importer: ScriptedImporter/UnityEditor.QuickSearchModule:UnityEditor.Search:ASIAI0B
Importing 'GUID: de9e8083c7ded62419890100100933a1 - Path: Packages/com.unity.services.core/Runtime/Configuration/ConfigurationEntry.cs - Importer: ScriptedImporter/UnityEditor.QuickSearchModule:UnityEditor.Search:ASIAI0B' with importer (ScriptedImporter : UnityEditor.QuickSearchModule:UnityEditor.Search:ASIAI0B)
Imported 'GUID: de9e8083c7ded62419890100100933a1' -> (Import Result ID: '6488a58e1342e35f000e90af54a14205') in 0.001 seconds [static and dynamic dependencies]. Details - ImportResultOutputID=a2876169541a4d043409a51fd89c649f DependenciesID=cbbdf6ce3ef5132f112e98638e5f3723 StaticDependenciesID=9b274d1d3a03b4e6734607673ba9b238 
Number of updated asset objects reloaded before import = 0
Number of asset objects unloaded after import = 0
========================================================================
Received Import Request.
  Time of request: 2026-09-15T03:17:29.628542Z
  Time since last request: 0.000449945 seconds.
  importAddress: GUID: 4c736f93ef06a426e92c0e72ceb077f9 - Path: Packages/com.unity.services.core/Editor/Core/Environments/Client/Http/ResponseHandler.cs - Importer: ScriptedImporter/UnityEditor.QuickSearchModule:UnityEditor.Search:ASIAI0B
Importing 'GUID: 4c736f93ef06a426e92c0e72ceb077f9 - Path: Packages/com.unity.services.core/Editor/Core/Environments/Client/Http/ResponseHandler.cs - Importer: ScriptedImporter/UnityEditor.QuickSearchModule:UnityEditor.Search:ASIAI0B' with importer (ScriptedImporter : UnityEditor.QuickSearchModule:UnityEditor.Search:ASIAI0B)
Imported 'GUID: 4c736f93ef06a426e92c0e72ceb077f9' -> (Import Result ID: 'b6f678415c8c7708ecb662cb7c729ff4') in 0.001 seconds [static and dynamic dependencies]. Details - ImportResultOutputID=e7e3238a7f7d41f816c3df9c6f6efa4e DependenciesID=0d8414041c79b3d5d280c2584fd5a5a9 StaticDependenciesID=ddd160c8f3f0382eea1a38a8cd9aee3f 
Number of updated asset objects reloaded before import = 0
Number of asset objects unloaded after import = 0
========================================================================
Received Import Request.
  Time of request: 2026-09-15T03:17:29.629939Z
  Time since last request: 0.000530797 seconds.
  importAddress: GUID: 5db9d1747e5834b66b20ddca88e326d2 - Path: Packages/com.unity.services.core/Editor/Core/Environments/UI/Assets - Importer: ScriptedImporter/UnityEditor.QuickSearchModule:UnityEditor.Search:ASIAI0B
Importing 'GUID: 5db9d1747e5834b66b20ddca88e326d2 - Path: Packages/com.unity.services.core/Editor/Core/Environments/UI/Assets - Importer: ScriptedImporter/UnityEditor.QuickSearchModule:UnityEditor.Search:ASIAI0B' with importer (ScriptedImporter : UnityEditor.QuickSearchModule:UnityEditor.Search:ASIAI0B)
Imported 'GUID: 5db9d1747e5834b66b20ddca88e326d2' -> (Import Result ID: '0d7e6d6e15d8eae3d4cde901e801a070') in 0.001 seconds [static and dynamic dependencies]. Details - ImportResultOutputID=1b3099d4617fd06800424df087b1f185 DependenciesID=e4792757b4381feab23062f19ae3abca StaticDependenciesID=ad4a1146662ae855f44579535a2c4362 
Number of updated asset objects reloaded before import = 0
Number of asset objects unloaded after import = 1
========================================================================
Received Import Request.
  Time of request: 2026-09-15T03:17:29.631343Z
  Time since last request: 0.000421762 seconds.
  importAddress: GUID: 7c83fba134eed5642bd60711033a2758 - Path: Packages/com.unity.services.core/Editor/Core/ProjectBindRedirect/USS/ProjectBindRedirectPopupLight.uss - Importer: ScriptedImporter/UnityEditor.QuickSearchModule:UnityEditor.Search:ASIAI0B
Importing 'GUID: 7c83fba134eed5642bd60711033a2758 - Path: Packages/com.unity.services.core/Editor/Core/ProjectBindRedirect/USS/ProjectBindRedirectPopupLight.uss - Importer: ScriptedImporter/UnityEditor.QuickSearchModule:UnityEditor.Search:ASIAI0B' with importer (ScriptedImporter : UnityEditor.QuickSearchModule:UnityEditor.Search:ASIAI0B)
Imported 'GUID: 7c83fba134eed5642bd60711033a2758' -> (Import Result ID: 'c71123a72959d14a9fcc6e1397ad19be') in 0.002 seconds [static and dynamic dependencies]. Details - ImportResultOutputID=ed0dee46dcf9cdba37bf55a5574fe2eb DependenciesID=3172d28e890e8807c2705402576c7d62 StaticDependenciesID=dddcea9223cc65c34bc50299b505698d 
Number of updated asset objects reloaded before import = 0
Number of asset objects unloaded after import = 1
========================================================================
Received Import Request.
  Time of request: 2026-09-15T03:17:29.634561Z
  Time since last request: 0.000702369 seconds.
  importAddress: GUID: a0a5dd7415f94942b8b406641198323f - Path: Packages/com.unity.services.core/Editor/Core/EditorGameService/IServiceUrlBuilder.cs - Importer: ScriptedImporter/UnityEditor.QuickSearchModule:UnityEditor.Search:ASIAI0B
Importing 'GUID: a0a5dd7415f94942b8b406641198323f - Path: Packages/com.unity.services.core/Editor/Core/EditorGameService/IServiceUrlBuilder.cs - Importer: ScriptedImporter/UnityEditor.QuickSearchModule:UnityEditor.Search:ASIAI0B' with importer (ScriptedImporter : UnityEditor.QuickSearchModule:UnityEditor.Search:ASIAI0B)
Imported 'GUID: a0a5dd7415f94942b8b406641198323f' -> (Import Result ID: 'c667a382d0825b3764e8392f10275d01') in 0.001 seconds [static and dynamic dependencies]. Details - ImportResultOutputID=973f490cbfacf4750348893c15497dbf DependenciesID=fe0bdbed39cf5c83fbf2d4c9faee3e1c StaticDependenciesID=c1b3c2241ae59279c51ad1233847c036 
Number of updated asset objects reloaded before import = 0
Number of asset objects unloaded after import = 0
========================================================================
Received Import Request.
  Time of request: 2026-09-15T03:17:29.636284Z
  Time since last request: 0.000459964 seconds.
  importAddress: GUID: bdacac376e304af3be80a07fec283518 - Path: Packages/com.unity.services.core/Editor/Core/ProjectBindRedirect - Importer: ScriptedImporter/UnityEditor.QuickSearchModule:UnityEditor.Search:ASIAI0B
Importing 'GUID: bdacac376e304af3be80a07fec283518 - Path: Packages/com.unity.services.core/Editor/Core/ProjectBindRedirect - Importer: ScriptedImporter/UnityEditor.QuickSearchModule:UnityEditor.Search:ASIAI0B' with importer (ScriptedImporter : UnityEditor.QuickSearchModule:UnityEditor.Search:ASIAI0B)
Imported 'GUID: bdacac376e304af3be80a07fec283518' -> (Import Result ID: 'eb5f8d787c1025deee91ca798a373e8a') in 0.001 seconds [static and dynamic dependencies]. Details - ImportResultOutputID=2df3781e719da45181d350a6123e4f1f DependenciesID=f69fe6174b26ea40ce086160820e8d82 StaticDependenciesID=a35dd2f08a261d0e27d0425b2e8f9434 
Number of updated asset objects reloaded before import = 0
Number of asset objects unloaded after import = 1
========================================================================
Received Import Request.
  Time of request: 2026-09-15T03:17:29.637918Z
  Time since last request: 0.000504388 seconds.
  importAddress: GUID: d82f57a40dd480c4992d1d23dd773765 - Path: Packages/com.unity.services.core/Runtime/Telemetry/Diagnotstics/Diagnostics.cs - Importer: ScriptedImporter/UnityEditor.QuickSearchModule:UnityEditor.Search:ASIAI0B
Importing 'GUID: d82f57a40dd480c4992d1d23dd773765 - Path: Packages/com.unity.services.core/Runtime/Telemetry/Diagnotstics/Diagnostics.cs - Importer: ScriptedImporter/UnityEditor.QuickSearchModule:UnityEditor.Search:ASIAI0B' with importer (ScriptedImporter : UnityEditor.QuickSearchModule:UnityEditor.Search:ASIAI0B)
Imported 'GUID: d82f57a40dd480c4992d1d23dd773765' -> (Import Result ID: 'dd3e3a77dfb68f377cad18311b27929b') in 0.001 seconds [static and dynamic dependencies]. Details - ImportResultOutputID=9c7e81bcb91e37e45392cb0b88f082c1 DependenciesID=8afb0700ed362ba88f1a362ab8bf9889 StaticDependenciesID=b753d72e9448e25150688e221a12e3ee 
Number of updated asset objects reloaded before import = 0
Number of asset objects unloaded after import = 0
========================================================================
Received Import Request.
  Time of request: 2026-09-15T03:17:29.639567Z
  Time since last request: 0.000518845 seconds.
  importAddress: GUID: 86260b9e5f4704f4c8d27269599cf8e0 - Path: Packages/com.unity.services.core/Runtime/Scheduler - Importer: ScriptedImporter/UnityEditor.QuickSearchModule:UnityEditor.Search:ASIAI0B
Importing 'GUID: 86260b9e5f4704f4c8d27269599cf8e0 - Path: Packages/com.unity.services.core/Runtime/Scheduler - Importer: ScriptedImporter/UnityEditor.QuickSearchModule:UnityEditor.Search:ASIAI0B' with importer (ScriptedImporter : UnityEditor.QuickSearchModule:UnityEditor.Search:ASIAI0B)
Imported 'GUID: 86260b9e5f4704f4c8d27269599cf8e0' -> (Import Result ID: '199e6b668f57bf3700ab96f4b3d5be23') in 0.001 seconds [static and dynamic dependencies]. Details - ImportResultOutputID=0fba77d9699e4b6e0cccb4a4cf90c17a DependenciesID=33bbcafee9e6786f80a237e7bd435170 StaticDependenciesID=5762316b6f4e68cbec4d549e5fafed5c 
Number of updated asset objects reloaded before import = 0
Number of asset objects unloaded after import = 1
========================================================================
Received Import Request.
  Time of request: 2026-09-15T03:17:29.641027Z
  Time since last request: 0.000542529 seconds.
  importAddress: GUID: ad038c07cd5d462c9534935085daaf02 - Path: Packages/com.unity.services.core/Editor/Core/UserRoleManagement - Importer: ScriptedImporter/UnityEditor.QuickSearchModule:UnityEditor.Search:ASIAI0B
Importing 'GUID: ad038c07cd5d462c9534935085daaf02 - Path: Packages/com.unity.services.core/Editor/Core/UserRoleManagement - Importer: ScriptedImporter/UnityEditor.QuickSearchModule:UnityEditor.Search:ASIAI0B' with importer (ScriptedImporter : UnityEditor.QuickSearchModule:UnityEditor.Search:ASIAI0B)
Imported 'GUID: ad038c07cd5d462c9534935085daaf02' -> (Import Result ID: '56f5e889edb267599965e8de8614d255') in 0.001 seconds [static and dynamic dependencies]. Details - ImportResultOutputID=1750ea36442a597033ae31e867881f4d DependenciesID=d261920bc95bf756db802ee85157b6c4 StaticDependenciesID=c7529e18d0ff1f2c5db90a28dc5a99c4 
Number of updated asset objects reloaded before import = 0
Number of asset objects unloaded after import = 1
========================================================================
Received Import Request.
  Time of request: 2026-09-15T03:17:29.642606Z
  Time since last request: 0.000710445 seconds.
  importAddress: GUID: 40f9aa331f3045d4973df46b8e2c124c - Path: Packages/com.unity.services.core/Editor/Core/BackendHelpers - Importer: ScriptedImporter/UnityEditor.QuickSearchModule:UnityEditor.Search:ASIAI0B
Importing 'GUID: 40f9aa331f3045d4973df46b8e2c124c - Path: Packages/com.unity.services.core/Editor/Core/BackendHelpers - Importer: ScriptedImporter/UnityEditor.QuickSearchModule:UnityEditor.Search:ASIAI0B' with importer (ScriptedImporter : UnityEditor.QuickSearchModule:UnityEditor.Search:ASIAI0B)
Imported 'GUID: 40f9aa331f3045d4973df46b8e2c124c' -> (Import Result ID: '5be3217626656da2695f16219f854cc6') in 0.001 seconds [static and dynamic dependencies]. Details - ImportResultOutputID=7170afa4ed92b06c5138513ee6d9a88e DependenciesID=9c91f966231decd92f4fc7ae41362233 StaticDependenciesID=dd396f4d72ded6673719e03ca1714f50 
Number of updated asset objects reloaded before import = 0
Number of asset objects unloaded after import = 1
========================================================================
Received Import Request.
  Time of request: 2026-09-15T03:17:29.644155Z
  Time since last request: 0.000478229 seconds.
  importAddress: GUID: d5d66638474e546b1b5402eca60d7066 - Path: Packages/com.unity.services.core/Editor/Core/EditorGameService/IEditorGameService.cs - Importer: ScriptedImporter/UnityEditor.QuickSearchModule:UnityEditor.Search:ASIAI0B
Importing 'GUID: d5d66638474e546b1b5402eca60d7066 - Path: Packages/com.unity.services.core/Editor/Core/EditorGameService/IEditorGameService.cs - Importer: ScriptedImporter/UnityEditor.QuickSearchModule:UnityEditor.Search:ASIAI0B' with importer (ScriptedImporter : UnityEditor.QuickSearchModule:UnityEditor.Search:ASIAI0B)
Imported 'GUID: d5d66638474e546b1b5402eca60d7066' -> (Import Result ID: '94e828cf90830dec6ebf103efaf20b29') in 0.001 seconds [static and dynamic dependencies]. Details - ImportResultOutputID=5a94aecd52389d1673fe1075e8989e6b DependenciesID=78eca3fc3a575f621e6792b57c76afb4 StaticDependenciesID=e925acb316138eb2805b7772429fb613 
Number of updated asset objects reloaded before import = 0
Number of asset objects unloaded after import = 0
========================================================================
Received Import Request.
  Time of request: 2026-09-15T03:17:29.645874Z
  Time since last request: 0.000781668 seconds.
  importAddress: GUID: fb6da325a94f62165b7349dcd8eeacc2 - Path: Packages/com.unity.services.core/Editor/Core/Environments/Client/Models/UnityUserOrganizationsV1OrganizationsInner.cs - Importer: ScriptedImporter/UnityEditor.QuickSearchModule:UnityEditor.Search:ASIAI0B
Importing 'GUID: fb6da325a94f62165b7349dcd8eeacc2 - Path: Packages/com.unity.services.core/Editor/Core/Environments/Client/Models/UnityUserOrganizationsV1OrganizationsInner.cs - Importer: ScriptedImporter/UnityEditor.QuickSearchModule:UnityEditor.Search:ASIAI0B' with importer (ScriptedImporter : UnityEditor.QuickSearchModule:UnityEditor.Search:ASIAI0B)
Imported 'GUID: fb6da325a94f62165b7349dcd8eeacc2' -> (Import Result ID: '334486f93f6cdd5ff3a7629e58f83975') in 0.001 seconds [static and dynamic dependencies]. Details - ImportResultOutputID=da9460805d1b6efdac41dbd7ebf4852e DependenciesID=4e9fc3c0b0897168a1aaf7ac23efc245 StaticDependenciesID=5b2356bba4b7c4c5329a38a3a47cece6 
Number of updated asset objects reloaded before import = 0
Number of asset objects unloaded after import = 0
========================================================================
Received Import Request.
  Time of request: 2026-09-15T03:17:29.647441Z
  Time since last request: 0.000502784 seconds.
  importAddress: GUID: dcfa8e537229b4e8db4c6bc39a906c89 - Path: Packages/com.unity.services.core/Editor/Core/UiHelpers/Images/ExternalLinkIcon.png - Importer: ScriptedImporter/UnityEditor.QuickSearchModule:UnityEditor.Search:ASIAI0B
Importing 'GUID: dcfa8e537229b4e8db4c6bc39a906c89 - Path: Packages/com.unity.services.core/Editor/Core/UiHelpers/Images/ExternalLinkIcon.png - Importer: ScriptedImporter/UnityEditor.QuickSearchModule:UnityEditor.Search:ASIAI0B' with importer (ScriptedImporter : UnityEditor.QuickSearchModule:UnityEditor.Search:ASIAI0B)
Imported 'GUID: dcfa8e537229b4e8db4c6bc39a906c89' -> (Import Result ID: 'd07d581d16a4b02fbcc233c5980df333') in 0.005 seconds [static and dynamic dependencies]. Details - ImportResultOutputID=d3dd65e9273d595f874f6a6659a071a5 DependenciesID=085fa28a812d552c51069c0f67635a0e StaticDependenciesID=0376b446120af911142d657147cad48a 
Number of updated asset objects reloaded before import = 0
Number of asset objects unloaded after import = 1
========================================================================
Received Import Request.
  Time of request: 2026-09-15T03:17:29.652594Z
  Time since last request: 0.000421573 seconds.
  importAddress: GUID: 6276696794194e81937074d2a164d5b7 - Path: Packages/com.unity.services.cloud-build/Editor/EditorService/BuildAutomationIdentifier.cs - Importer: ScriptedImporter/UnityEditor.QuickSearchModule:UnityEditor.Search:ASIAI0B
Importing 'GUID: 6276696794194e81937074d2a164d5b7 - Path: Packages/com.unity.services.cloud-build/Editor/EditorService/BuildAutomationIdentifier.cs - Importer: ScriptedImporter/UnityEditor.QuickSearchModule:UnityEditor.Search:ASIAI0B' with importer (ScriptedImporter : UnityEditor.QuickSearchModule:UnityEditor.Search:ASIAI0B)
Imported 'GUID: 6276696794194e81937074d2a164d5b7' -> (Import Result ID: '661b418f7cefbecde72d33e92f4c31f7') in 0.001 seconds [static and dynamic dependencies]. Details - ImportResultOutputID=fdc3d2d41d993cd6371234d18476390d DependenciesID=91446f7f665eabb9243873794a603a4a StaticDependenciesID=cf757e18414162e54087b2072d74ae5e 
Number of updated asset objects reloaded before import = 0
Number of asset objects unloaded after import = 0
========================================================================
Received Import Request.
  Time of request: 2026-09-15T03:17:29.65392Z
  Time since last request: 0.000325432 seconds.
  importAddress: GUID: c392fb07e4dd95f468fa7bef48577e18 - Path: Packages/com.unity.services.core/Editor/Core/Status/StatusView.cs - Importer: ScriptedImporter/UnityEditor.QuickSearchModule:UnityEditor.Search:ASIAI0B
Importing 'GUID: c392fb07e4dd95f468fa7bef48577e18 - Path: Packages/com.unity.services.core/Editor/Core/Status/StatusView.cs - Importer: ScriptedImporter/UnityEditor.QuickSearchModule:UnityEditor.Search:ASIAI0B' with importer (ScriptedImporter : UnityEditor.QuickSearchModule:UnityEditor.Search:ASIAI0B)
Imported 'GUID: c392fb07e4dd95f468fa7bef48577e18' -> (Import Result ID: '42380842c28005177e4b7534be1787b7') in 0.001 seconds [static and dynamic dependencies]. Details - ImportResultOutputID=84d7504ac2794bc59fa70efbcc679e61 DependenciesID=1af8083ab8d22c0f828edfc6a8b91c9a StaticDependenciesID=bdd2ae8fef29a3c8816c35b6ad8286c8 
Number of updated asset objects reloaded before import = 0
Number of asset objects unloaded after import = 0
========================================================================
Received Import Request.
  Time of request: 2026-09-15T03:17:29.655049Z
  Time since last request: 0.000459914 seconds.
  importAddress: GUID: 9c86c514ae5b03149a2732c3882cad70 - Path: Packages/com.unity.services.core/Runtime/Core.Internal/Registry/PackageRegistry/PackageRegistry.cs - Importer: ScriptedImporter/UnityEditor.QuickSearchModule:UnityEditor.Search:ASIAI0B
Importing 'GUID: 9c86c514ae5b03149a2732c3882cad70 - Path: Packages/com.unity.services.core/Runtime/Core.Internal/Registry/PackageRegistry/PackageRegistry.cs - Importer: ScriptedImporter/UnityEditor.QuickSearchModule:UnityEditor.Search:ASIAI0B' with importer (ScriptedImporter : UnityEditor.QuickSearchModule:UnityEditor.Search:ASIAI0B)
Imported 'GUID: 9c86c514ae5b03149a2732c3882cad70' -> (Import Result ID: '3c6460bd2d41d5c55b04aadc89df5642') in 0.001 seconds [static and dynamic dependencies]. Details - ImportResultOutputID=f99c003503e641b11a457e731b7c2fa2 DependenciesID=1e1b4690e5d54c99fde924e89a6cdb99 StaticDependenciesID=d9b857f67f97c1a59f417fdaa529c5be 
Number of updated asset objects reloaded before import = 0
Number of asset objects unloaded after import = 0
========================================================================
Received Import Request.
  Time of request: 2026-09-15T03:17:29.65612Z
  Time since last request: 0.00038836 seconds.
  importAddress: GUID: 1dc7579b84c6502409096a7cc9cab223 - Path: Packages/com.unity.services.core/Runtime/Core.Internal/Registry/ServiceRegistry/ServiceRegistry.cs - Importer: ScriptedImporter/UnityEditor.QuickSearchModule:UnityEditor.Search:ASIAI0B
Importing 'GUID: 1dc7579b84c6502409096a7cc9cab223 - Path: Packages/com.unity.services.core/Runtime/Core.Internal/Registry/ServiceRegistry/ServiceRegistry.cs - Importer: ScriptedImporter/UnityEditor.QuickSearchModule:UnityEditor.Search:ASIAI0B' with importer (ScriptedImporter : UnityEditor.QuickSearchModule:UnityEditor.Search:ASIAI0B)
Imported 'GUID: 1dc7579b84c6502409096a7cc9cab223' -> (Import Result ID: '42645f8da1980cb343c4f91e738cfaf6') in 0.001 seconds [static and dynamic dependencies]. Details - ImportResultOutputID=bcdc26e3e6a381a75404fbd3e3a16a3a DependenciesID=4c7ac66fd074796942f8bc4eef9a593a StaticDependenciesID=e52cc2005c839568da73d11ee5fe362a 
Number of updated asset objects reloaded before import = 0
Number of asset objects unloaded after import = 0
========================================================================
Received Import Request.
  Time of request: 2026-09-15T03:17:29.657313Z
  Time since last request: 0.000366929 seconds.
  importAddress: GUID: 3acf2a208165fee48a9a8604d2ab412a - Path: Packages/com.unity.services.core/Runtime/Telemetry/Metrics/DisabledMetrics.cs - Importer: ScriptedImporter/UnityEditor.QuickSearchModule:UnityEditor.Search:ASIAI0B
Importing 'GUID: 3acf2a208165fee48a9a8604d2ab412a - Path: Packages/com.unity.services.core/Runtime/Telemetry/Metrics/DisabledMetrics.cs - Importer: ScriptedImporter/UnityEditor.QuickSearchModule:UnityEditor.Search:ASIAI0B' with importer (ScriptedImporter : UnityEditor.QuickSearchModule:UnityEditor.Search:ASIAI0B)
Imported 'GUID: 3acf2a208165fee48a9a8604d2ab412a' -> (Import Result ID: 'ec6bdd10c9b10e7547d40ac623315a85') in 0.001 seconds [static and dynamic dependencies]. Details - ImportResultOutputID=117431847475a98615f6680411c4e427 DependenciesID=f739784e2d5c6b5eb29f653ad8126181 StaticDependenciesID=a768e0fa607d4857a9481a79548ee8ca 
Number of updated asset objects reloaded before import = 0
Number of asset objects unloaded after import = 0
========================================================================
Received Import Request.
  Time of request: 2026-09-15T03:17:29.658273Z
  Time since last request: 0.000340259 seconds.
  importAddress: GUID: 37a33c61bf764894a8475d39ea843da1 - Path: Packages/com.unity.services.core/Editor/Core/UiHelpers/LoggedOutUiHelper.cs - Importer: ScriptedImporter/UnityEditor.QuickSearchModule:UnityEditor.Search:ASIAI0B
Importing 'GUID: 37a33c61bf764894a8475d39ea843da1 - Path: Packages/com.unity.services.core/Editor/Core/UiHelpers/LoggedOutUiHelper.cs - Importer: ScriptedImporter/UnityEditor.QuickSearchModule:UnityEditor.Search:ASIAI0B' with importer (ScriptedImporter : UnityEditor.QuickSearchModule:UnityEditor.Search:ASIAI0B)
Imported 'GUID: 37a33c61bf764894a8475d39ea843da1' -> (Import Result ID: 'b19231039f0b2164a329ef6cd6a8c5e0') in 0.001 seconds [static and dynamic dependencies]. Details - ImportResultOutputID=a2285a895892392afd1dc9d5aefc2ec3 DependenciesID=b4bb564abd07302ab7349d9c7fab6eb4 StaticDependenciesID=a74804cdf258b6674e7887298e01bd2f 
Number of updated asset objects reloaded before import = 0
Number of asset objects unloaded after import = 0
========================================================================
Received Import Request.
  Time of request: 2026-09-15T03:17:29.659151Z
  Time since last request: 0.000296477 seconds.
  importAddress: GUID: 7d34f3cc1c0185b4990cf748e55a8688 - Path: Packages/com.unity.nuget.newtonsoft-json/Runtime/Newtonsoft.Json.pdb - Importer: ScriptedImporter/UnityEditor.QuickSearchModule:UnityEditor.Search:ASIAI0B
Importing 'GUID: 7d34f3cc1c0185b4990cf748e55a8688 - Path: Packages/com.unity.nuget.newtonsoft-json/Runtime/Newtonsoft.Json.pdb - Importer: ScriptedImporter/UnityEditor.QuickSearchModule:UnityEditor.Search:ASIAI0B' with importer (ScriptedImporter : UnityEditor.QuickSearchModule:UnityEditor.Search:ASIAI0B)
Imported 'GUID: 7d34f3cc1c0185b4990cf748e55a8688' -> (Import Result ID: '22e7d26bcefb8c27c50ae783f93345bf') in 0.001 seconds [static and dynamic dependencies]. Details - ImportResultOutputID=047421ec5084fcc490edee5d81056f30 DependenciesID=05c6b8eb4f31ab222f57b8827d6144f8 StaticDependenciesID=481c6791fd49b177c063c8ac7feb0532 
Number of updated asset objects reloaded before import = 0
Number of asset objects unloaded after import = 1
========================================================================
Received Import Request.
  Time of request: 2026-09-15T03:17:29.660034Z
  Time since last request: 0.000279715 seconds.
  importAddress: GUID: 7829c22a2e7f648629af71b9abb67494 - Path: Packages/com.unity.services.core/Runtime/Core.Internal/AsyncOperation/TaskAsyncOperation.cs - Importer: ScriptedImporter/UnityEditor.QuickSearchModule:UnityEditor.Search:ASIAI0B
Importing 'GUID: 7829c22a2e7f648629af71b9abb67494 - Path: Packages/com.unity.services.core/Runtime/Core.Internal/AsyncOperation/TaskAsyncOperation.cs - Importer: ScriptedImporter/UnityEditor.QuickSearchModule:UnityEditor.Search:ASIAI0B' with importer (ScriptedImporter : UnityEditor.QuickSearchModule:UnityEditor.Search:ASIAI0B)
Imported 'GUID: 7829c22a2e7f648629af71b9abb67494' -> (Import Result ID: '7befd289cf1465a8c979086f36a8f665') in 0.001 seconds [static and dynamic dependencies]. Details - ImportResultOutputID=8e1a0cabf0b4465f3f39e3bb9820128b DependenciesID=59ad953f1ad5ad71fd46cbb6be65dbed StaticDependenciesID=5edb0cb4dedcf154520aa5076c3d0d8e 
Number of updated asset objects reloaded before import = 0
Number of asset objects unloaded after import = 0
========================================================================
Received Import Request.
  Time of request: 2026-09-15T03:17:29.660915Z
  Time since last request: 0.000312617 seconds.
  importAddress: GUID: 4c5640e415edbe342bbe339175268dfc - Path: Packages/com.unity.nuget.newtonsoft-json/Runtime/AOT/Newtonsoft.Json.xml - Importer: ScriptedImporter/UnityEditor.QuickSearchModule:UnityEditor.Search:ASIAI0B
Importing 'GUID: 4c5640e415edbe342bbe339175268dfc - Path: Packages/com.unity.nuget.newtonsoft-json/Runtime/AOT/Newtonsoft.Json.xml - Importer: ScriptedImporter/UnityEditor.QuickSearchModule:UnityEditor.Search:ASIAI0B' with importer (ScriptedImporter : UnityEditor.QuickSearchModule:UnityEditor.Search:ASIAI0B)
Imported 'GUID: 4c5640e415edbe342bbe339175268dfc' -> (Import Result ID: '9acd8618521ceba20abfa53fdd795c5b') in 0.002 seconds [static and dynamic dependencies]. Details - ImportResultOutputID=da7f59a256cc35ddaf0f9bff50123761 DependenciesID=efd502c5d61841fc00cc4b8caca183a1 StaticDependenciesID=e9b65e8054a13b4aa8626e0afd00a860 
Number of updated asset objects reloaded before import = 0
Number of asset objects unloaded after import = 1
========================================================================
Received Import Request.
  Time of request: 2026-09-15T03:17:29.662785Z
  Time since last request: 0.00021814 seconds.
  importAddress: GUID: 1065b9b06c7f48d19ccb803b018c4f25 - Path: Packages/com.unity.services.core/Editor/Core/CloudEnvironment/ICloudEnvironmentConfigurationProvider.cs - Importer: ScriptedImporter/UnityEditor.QuickSearchModule:UnityEditor.Search:ASIAI0B
Importing 'GUID: 1065b9b06c7f48d19ccb803b018c4f25 - Path: Packages/com.unity.services.core/Editor/Core/CloudEnvironment/ICloudEnvironmentConfigurationProvider.cs - Importer: ScriptedImporter/UnityEditor.QuickSearchModule:UnityEditor.Search:ASIAI0B' with importer (ScriptedImporter : UnityEditor.QuickSearchModule:UnityEditor.Search:ASIAI0B)
Imported 'GUID: 1065b9b06c7f48d19ccb803b018c4f25' -> (Import Result ID: 'ffdbdd3e5e7c8ac3c32a6c90c8daf25f') in 0.001 seconds [static and dynamic dependencies]. Details - ImportResultOutputID=cb67cac62759ae4060051bfaed14859a DependenciesID=d79d937dffbd63c74478249081d6f74c StaticDependenciesID=f824555a9644606a19519fda92253af4 
Number of updated asset objects reloaded before import = 0
Number of asset objects unloaded after import = 0
========================================================================
Received Import Request.
  Time of request: 2026-09-15T03:17:29.663675Z
  Time since last request: 0.000268364 seconds.
  importAddress: GUID: 3dcad6c36987d40ddb60da0e9ca5fd71 - Path: Packages/com.unity.services.cloud-build/Editor/UXML/BuildAutomationCredentialsConfig.uxml - Importer: ScriptedImporter/UnityEditor.QuickSearchModule:UnityEditor.Search:ASIAI0B
Importing 'GUID: 3dcad6c36987d40ddb60da0e9ca5fd71 - Path: Packages/com.unity.services.cloud-build/Editor/UXML/BuildAutomationCredentialsConfig.uxml - Importer: ScriptedImporter/UnityEditor.QuickSearchModule:UnityEditor.Search:ASIAI0B' with importer (ScriptedImporter : UnityEditor.QuickSearchModule:UnityEditor.Search:ASIAI0B)
Imported 'GUID: 3dcad6c36987d40ddb60da0e9ca5fd71' -> (Import Result ID: '34e17182c2739f5057ee50eba12927f9') in 0.003 seconds [static and dynamic dependencies]. Details - ImportResultOutputID=d43daf481ea3e8540e6005dd17e01a2c DependenciesID=11f3627d3e365541ac879bdcd8d4287d StaticDependenciesID=2fee2a9a1c289ed3b6fda48c1a8b836b 
Number of updated asset objects reloaded before import = 0
Number of asset objects unloaded after import = 2
========================================================================
Received Import Request.
  Time of request: 2026-09-15T03:17:29.667221Z
  Time since last request: 0.000506622 seconds.
  importAddress: GUID: 7d41bc66ca544cfbbba5398c679b4684 - Path: Packages/com.unity.services.core/Runtime/Core.Internal/Telemetry - Importer: ScriptedImporter/UnityEditor.QuickSearchModule:UnityEditor.Search:ASIAI0B
Importing 'GUID: 7d41bc66ca544cfbbba5398c679b4684 - Path: Packages/com.unity.services.core/Runtime/Core.Internal/Telemetry - Importer: ScriptedImporter/UnityEditor.QuickSearchModule:UnityEditor.Search:ASIAI0B' with importer (ScriptedImporter : UnityEditor.QuickSearchModule:UnityEditor.Search:ASIAI0B)
Imported 'GUID: 7d41bc66ca544cfbbba5398c679b4684' -> (Import Result ID: 'c68edef194fd22084c949b963079875f') in 0.001 seconds [static and dynamic dependencies]. Details - ImportResultOutputID=77b7c48f5447e79e4139fa7a79ac09a2 DependenciesID=3bfe2ff87c5478fb87513e35e1b26f5c StaticDependenciesID=f8a98d4dd34d7965cb1826c533ac4f3d 
Number of updated asset objects reloaded before import = 0
Number of asset objects unloaded after import = 1
========================================================================
Received Import Request.
  Time of request: 2026-09-15T03:17:29.668182Z
  Time since last request: 0.000329369 seconds.
  importAddress: GUID: 85397440c8b947aabfac8225f2d98312 - Path: Packages/com.unity.services.core/Editor/Core/Utils/FileSystem/FileSystem.cs - Importer: ScriptedImporter/UnityEditor.QuickSearchModule:UnityEditor.Search:ASIAI0B
Importing 'GUID: 85397440c8b947aabfac8225f2d98312 - Path: Packages/com.unity.services.core/Editor/Core/Utils/FileSystem/FileSystem.cs - Importer: ScriptedImporter/UnityEditor.QuickSearchModule:UnityEditor.Search:ASIAI0B' with importer (ScriptedImporter : UnityEditor.QuickSearchModule:UnityEditor.Search:ASIAI0B)
Imported 'GUID: 85397440c8b947aabfac8225f2d98312' -> (Import Result ID: '8a0ed88a7663125519c24b2d2d12ba3e') in 0.001 seconds [static and dynamic dependencies]. Details - ImportResultOutputID=e5eebeaa554867996685910c8c90fc4c DependenciesID=664e0e06d154e5e0e783f10015fbc8bd StaticDependenciesID=881ef93d5c45bc189413afdb00e46ce1 
Number of updated asset objects reloaded before import = 0
Number of asset objects unloaded after import = 0
========================================================================
Received Import Request.
  Time of request: 2026-09-15T03:17:29.669056Z
  Time since last request: 0.000289023 seconds.
  importAddress: GUID: 166d2f7f22ef04096be86aadbd702c7c - Path: Packages/com.unity.services.core/Editor/Core/EditorGameService/Analytics/IEditorAnalyticsEventRegistrant.cs - Importer: ScriptedImporter/UnityEditor.QuickSearchModule:UnityEditor.Search:ASIAI0B
Importing 'GUID: 166d2f7f22ef04096be86aadbd702c7c - Path: Packages/com.unity.services.core/Editor/Core/EditorGameService/Analytics/IEditorAnalyticsEventRegistrant.cs - Importer: ScriptedImporter/UnityEditor.QuickSearchModule:UnityEditor.Search:ASIAI0B' with importer (ScriptedImporter : UnityEditor.QuickSearchModule:UnityEditor.Search:ASIAI0B)
Imported 'GUID: 166d2f7f22ef04096be86aadbd702c7c' -> (Import Result ID: '6dd954be7afad72e1792e91d4633c912') in 0.001 seconds [static and dynamic dependencies]. Details - ImportResultOutputID=ffb0a9135eed65716b84e5ef7fd64945 DependenciesID=2617aab117f404f2c3c386a586fe13f0 StaticDependenciesID=d6a67c0e52d5916776ae1e635fdf5932 
Number of updated asset objects reloaded before import = 0
Number of asset objects unloaded after import = 0
========================================================================
Received Import Request.
  Time of request: 2026-09-15T03:17:29.669911Z
  Time since last request: 0.000247535 seconds.
  importAddress: GUID: 15ce1c0ae24d491795cb39aa859e1e5b - Path: Packages/com.unity.services.core/Runtime/Scheduler/ScheduledInvocationComparer.cs - Importer: ScriptedImporter/UnityEditor.QuickSearchModule:UnityEditor.Search:ASIAI0B
Importing 'GUID: 15ce1c0ae24d491795cb39aa859e1e5b - Path: Packages/com.unity.services.core/Runtime/Scheduler/ScheduledInvocationComparer.cs - Importer: ScriptedImporter/UnityEditor.QuickSearchModule:UnityEditor.Search:ASIAI0B' with importer (ScriptedImporter : UnityEditor.QuickSearchModule:UnityEditor.Search:ASIAI0B)
Imported 'GUID: 15ce1c0ae24d491795cb39aa859e1e5b' -> (Import Result ID: '8369bbd0341efde9cc72df81216c5cfb') in 0.001 seconds [static and dynamic dependencies]. Details - ImportResultOutputID=a444ef4806df0ad2d4b75d76ea477054 DependenciesID=57db1061ad3a3987e71de65fdaee48fc StaticDependenciesID=ff0ff0a8d45070369d925136ea5304ff 
Number of updated asset objects reloaded before import = 0
Number of asset objects unloaded after import = 0
========================================================================
Received Import Request.
  Time of request: 2026-09-15T03:17:29.670812Z
  Time since last request: 0.000277932 seconds.
  importAddress: GUID: 329750b2a7303a4469bcbd1fa0b517a2 - Path: Packages/com.unity.services.core/Runtime/Configuration/IConfigurationLoader.cs - Importer: ScriptedImporter/UnityEditor.QuickSearchModule:UnityEditor.Search:ASIAI0B
Importing 'GUID: 329750b2a7303a4469bcbd1fa0b517a2 - Path: Packages/com.unity.services.core/Runtime/Configuration/IConfigurationLoader.cs - Importer: ScriptedImporter/UnityEditor.QuickSearchModule:UnityEditor.Search:ASIAI0B' with importer (ScriptedImporter : UnityEditor.QuickSearchModule:UnityEditor.Search:ASIAI0B)
Imported 'GUID: 329750b2a7303a4469bcbd1fa0b517a2' -> (Import Result ID: '3cb626d86724de998db4b0d7754697e5') in 0.001 seconds [static and dynamic dependencies]. Details - ImportResultOutputID=3b17d4fe108f0b5e25563d869a794dec DependenciesID=0cc2bdaee1485161f47093fb39a8c452 StaticDependenciesID=9428432bae037c0828ec660f3610c284 
Number of updated asset objects reloaded before import = 0
Number of asset objects unloaded after import = 0
========================================================================
Received Import Request.
  Time of request: 2026-09-15T03:17:29.671701Z
  Time since last request: 0.000286358 seconds.
  importAddress: GUID: 1e50c70614a544629700f4012c0477dd - Path: Packages/com.unity.services.cloud-build/Editor/BuildAutomationUVCSConnector.cs - Importer: ScriptedImporter/UnityEditor.QuickSearchModule:UnityEditor.Search:ASIAI0B
Importing 'GUID: 1e50c70614a544629700f4012c0477dd - Path: Packages/com.unity.services.cloud-build/Editor/BuildAutomationUVCSConnector.cs - Importer: ScriptedImporter/UnityEditor.QuickSearchModule:UnityEditor.Search:ASIAI0B' with importer (ScriptedImporter : UnityEditor.QuickSearchModule:UnityEditor.Search:ASIAI0B)
Imported 'GUID: 1e50c70614a544629700f4012c0477dd' -> (Import Result ID: '680c7032f5b4bcbd9a075f7af54a9827') in 0.001 seconds [static and dynamic dependencies]. Details - ImportResultOutputID=b7f259ef914004aa0d994367e2e59372 DependenciesID=7df8b87c974782313bde83accb94005f StaticDependenciesID=22544a14d8e07ab70bd814e6b79656e7 
Number of updated asset objects reloaded before import = 0
Number of asset objects unloaded after import = 0
========================================================================
Received Import Request.
  Time of request: 2026-09-15T03:17:29.710938Z
  Time since last request: 0.038621142 seconds.
  importAddress: GUID: 03a13814984de4f0b88ec94c7f6f1b58 - Path: Packages/com.unity.services.core/Runtime/Core.Internal/Components/Networking/IHttpClient.cs - Importer: ScriptedImporter/UnityEditor.QuickSearchModule:UnityEditor.Search:ASIAI0B
Importing 'GUID: 03a13814984de4f0b88ec94c7f6f1b58 - Path: Packages/com.unity.services.core/Runtime/Core.Internal/Components/Networking/IHttpClient.cs - Importer: ScriptedImporter/UnityEditor.QuickSearchModule:UnityEditor.Search:ASIAI0B' with importer (ScriptedImporter : UnityEditor.QuickSearchModule:UnityEditor.Search:ASIAI0B)
Imported 'GUID: 03a13814984de4f0b88ec94c7f6f1b58' -> (Import Result ID: '295988a819dda060d6e5ef766e03c5f7') in 0.001 seconds [static and dynamic dependencies]. Details - ImportResultOutputID=28f582524e018e24031787bc7b494c0a DependenciesID=b7a1dd0ff5798562d6f25c6f052d71d3 StaticDependenciesID=9cbc1f977a78afa171ab372ec3134370 
Number of updated asset objects reloaded before import = 0
Number of asset objects unloaded after import = 0
========================================================================
Received Import Request.
  Time of request: 2026-09-15T03:17:29.712899Z
  Time since last request: 0.000380545 seconds.
  importAddress: GUID: 1a303738ae14b4b0c8a513889c711eea - Path: Packages/com.unity.services.core/Editor/Core/UiHelpers/USS/SliderToggleCommon.uss - Importer: ScriptedImporter/UnityEditor.QuickSearchModule:UnityEditor.Search:ASIAI0B
Importing 'GUID: 1a303738ae14b4b0c8a513889c711eea - Path: Packages/com.unity.services.core/Editor/Core/UiHelpers/USS/SliderToggleCommon.uss - Importer: ScriptedImporter/UnityEditor.QuickSearchModule:UnityEditor.Search:ASIAI0B' with importer (ScriptedImporter : UnityEditor.QuickSearchModule:UnityEditor.Search:ASIAI0B)
Imported 'GUID: 1a303738ae14b4b0c8a513889c711eea' -> (Import Result ID: '1aa2d24dfc8aee04b56b59a777668c87') in 0.002 seconds [static and dynamic dependencies]. Details - ImportResultOutputID=c7a4765c76d1a470f1028bb1b66497ee DependenciesID=f21ee00996a13a82e6bdd35fd2615b68 StaticDependenciesID=6cdcc0ef6c616d6dfa3e100e09134a2b 
Number of updated asset objects reloaded before import = 0
Number of asset objects unloaded after import = 1
========================================================================
Received Import Request.
  Time of request: 2026-09-15T03:17:29.715893Z
  Time since last request: 0.000402997 seconds.
  importAddress: GUID: 1bbf334d5914b4e5fb71055db5347e94 - Path: Packages/com.unity.services.core/Editor/Core/Shared/DependencyInversion/Transient.Gen.cs - Importer: ScriptedImporter/UnityEditor.QuickSearchModule:UnityEditor.Search:ASIAI0B
Importing 'GUID: 1bbf334d5914b4e5fb71055db5347e94 - Path: Packages/com.unity.services.core/Editor/Core/Shared/DependencyInversion/Transient.Gen.cs - Importer: ScriptedImporter/UnityEditor.QuickSearchModule:UnityEditor.Search:ASIAI0B' with importer (ScriptedImporter : UnityEditor.QuickSearchModule:UnityEditor.Search:ASIAI0B)
Imported 'GUID: 1bbf334d5914b4e5fb71055db5347e94' -> (Import Result ID: 'feb0d5910d35b7a96a31bc4009320157') in 0.001 seconds [static and dynamic dependencies]. Details - ImportResultOutputID=6c72254638257d6e596115372a5ad64d DependenciesID=fbc031ad1b8c97b52f2e03324d90d099 StaticDependenciesID=112490c8a569e14573397d6aac6f696c 
Number of updated asset objects reloaded before import = 0
Number of asset objects unloaded after import = 0
========================================================================
Received Import Request.
  Time of request: 2026-09-15T03:17:29.717527Z
  Time since last request: 0.000570572 seconds.
  importAddress: GUID: 93a01b45768d4309ba8975cb3ce8dc56 - Path: Packages/com.unity.services.core/Editor/Core/Utils/IGatewayTokens.cs - Importer: ScriptedImporter/UnityEditor.QuickSearchModule:UnityEditor.Search:ASIAI0B
Importing 'GUID: 93a01b45768d4309ba8975cb3ce8dc56 - Path: Packages/com.unity.services.core/Editor/Core/Utils/IGatewayTokens.cs - Importer: ScriptedImporter/UnityEditor.QuickSearchModule:UnityEditor.Search:ASIAI0B' with importer (ScriptedImporter : UnityEditor.QuickSearchModule:UnityEditor.Search:ASIAI0B)
Imported 'GUID: 93a01b45768d4309ba8975cb3ce8dc56' -> (Import Result ID: '213cb6dae9e68105cbd8db8e4df6fb33') in 0.001 seconds [static and dynamic dependencies]. Details - ImportResultOutputID=7d0bf2a7ee93428723aa47f1cc72f0e1 DependenciesID=a4ac10379ba6efc084903f134995c796 StaticDependenciesID=48177917055f2143b5bb84c929266cd3 
Number of updated asset objects reloaded before import = 0
Number of asset objects unloaded after import = 0
========================================================================
Received Import Request.
  Time of request: 2026-09-15T03:17:29.719088Z
  Time since last request: 0.000381086 seconds.
  importAddress: GUID: 61b29d9ff53546128af8ab2c42bc3556 - Path: Packages/com.unity.services.core/Editor/Core/Linker - Importer: ScriptedImporter/UnityEditor.QuickSearchModule:UnityEditor.Search:ASIAI0B
Importing 'GUID: 61b29d9ff53546128af8ab2c42bc3556 - Path: Packages/com.unity.services.core/Editor/Core/Linker - Importer: ScriptedImporter/UnityEditor.QuickSearchModule:UnityEditor.Search:ASIAI0B' with importer (ScriptedImporter : UnityEditor.QuickSearchModule:UnityEditor.Search:ASIAI0B)
Imported 'GUID: 61b29d9ff53546128af8ab2c42bc3556' -> (Import Result ID: 'af9651051605854506c544617fac57f9') in 0.001 seconds [static and dynamic dependencies]. Details - ImportResultOutputID=2e508d8eecd8838ee63536ce41c0feb8 DependenciesID=66fb7e07ee3bd3698552bff4ee66edfa StaticDependenciesID=59388b7ed75c9d2dc16230f2a4bfd77b 
Number of updated asset objects reloaded before import = 0
Number of asset objects unloaded after import = 1
========================================================================
Received Import Request.
  Time of request: 2026-09-15T03:17:29.72069Z
  Time since last request: 0.000467528 seconds.
  importAddress: GUID: 729d559312e6e4c9a8fcf4ef80a668dd - Path: Packages/com.unity.services.core/Editor/Core/Environments/EnvironmentsApiInternal.cs - Importer: ScriptedImporter/UnityEditor.QuickSearchModule:UnityEditor.Search:ASIAI0B
Importing 'GUID: 729d559312e6e4c9a8fcf4ef80a668dd - Path: Packages/com.unity.services.core/Editor/Core/Environments/EnvironmentsApiInternal.cs - Importer: ScriptedImporter/UnityEditor.QuickSearchModule:UnityEditor.Search:ASIAI0B' with importer (ScriptedImporter : UnityEditor.QuickSearchModule:UnityEditor.Search:ASIAI0B)
Imported 'GUID: 729d559312e6e4c9a8fcf4ef80a668dd' -> (Import Result ID: '685a31588d7ff3a059c1a16eb49cc113') in 0.001 seconds [static and dynamic dependencies]. Details - ImportResultOutputID=1fb8b6612838e4168aea9205c9ef05a8 DependenciesID=3a9fbc75d8237276d393a7607bd6c5d3 StaticDependenciesID=79f39b7c7aa63d528e9db6f481622309 
Number of updated asset objects reloaded before import = 0
Number of asset objects unloaded after import = 0
========================================================================
Received Import Request.
  Time of request: 2026-09-15T03:17:29.722557Z
  Time since last request: 0.000429988 seconds.
  importAddress: GUID: ac89e17024bc24b4dbbc6c7d233b333f - Path: Packages/com.unity.services.core/Runtime/Configuration/CloudProjectId.cs - Importer: ScriptedImporter/UnityEditor.QuickSearchModule:UnityEditor.Search:ASIAI0B
Importing 'GUID: ac89e17024bc24b4dbbc6c7d233b333f - Path: Packages/com.unity.services.core/Runtime/Configuration/CloudProjectId.cs - Importer: ScriptedImporter/UnityEditor.QuickSearchModule:UnityEditor.Search:ASIAI0B' with importer (ScriptedImporter : UnityEditor.QuickSearchModule:UnityEditor.Search:ASIAI0B)
Imported 'GUID: ac89e17024bc24b4dbbc6c7d233b333f' -> (Import Result ID: '85a30c194774cbca54238581a2c7ae7c') in 0.001 seconds [static and dynamic dependencies]. Details - ImportResultOutputID=3826c865f006f97d9ffe787eb5d86044 DependenciesID=ad0c7c745c157b884ce27827dec22593 StaticDependenciesID=e604af5161499c0b46b8cd4e61bacd91 
Number of updated asset objects reloaded before import = 0
Number of asset objects unloaded after import = 0
========================================================================
Received Import Request.
  Time of request: 2026-09-15T03:17:29.723903Z
  Time since last request: 0.000364976 seconds.
  importAddress: GUID: 72cfb564f8b25174e87a90f7eb44ca04 - Path: Packages/com.unity.services.core/Runtime/Core.Internal/Components/Threading - Importer: ScriptedImporter/UnityEditor.QuickSearchModule:UnityEditor.Search:ASIAI0B
Importing 'GUID: 72cfb564f8b25174e87a90f7eb44ca04 - Path: Packages/com.unity.services.core/Runtime/Core.Internal/Components/Threading - Importer: ScriptedImporter/UnityEditor.QuickSearchModule:UnityEditor.Search:ASIAI0B' with importer (ScriptedImporter : UnityEditor.QuickSearchModule:UnityEditor.Search:ASIAI0B)
Imported 'GUID: 72cfb564f8b25174e87a90f7eb44ca04' -> (Import Result ID: '14f97ca6ee866d11046a2d7eeecfd70f') in 0.001 seconds [static and dynamic dependencies]. Details - ImportResultOutputID=2171a7a833513e4044db2265ab1e6520 DependenciesID=d3b8e06e230f1ef10e3c7cc20ac72a1c StaticDependenciesID=7d0f331aa137b2ddbf5b9722f1e516f5 
Number of updated asset objects reloaded before import = 0
Number of asset objects unloaded after import = 1
========================================================================
Received Import Request.
  Time of request: 2026-09-15T03:17:29.725265Z
  Time since last request: 0.000404791 seconds.
  importAddress: GUID: 5845494cae7434f98a56718a3f9eb802 - Path: Packages/com.unity.services.core/Runtime/Device/UserIdProviders/UnityAdsIdentifier.cs - Importer: ScriptedImporter/UnityEditor.QuickSearchModule:UnityEditor.Search:ASIAI0B
Importing 'GUID: 5845494cae7434f98a56718a3f9eb802 - Path: Packages/com.unity.services.core/Runtime/Device/UserIdProviders/UnityAdsIdentifier.cs - Importer: ScriptedImporter/UnityEditor.QuickSearchModule:UnityEditor.Search:ASIAI0B' with importer (ScriptedImporter : UnityEditor.QuickSearchModule:UnityEditor.Search:ASIAI0B)
Imported 'GUID: 5845494cae7434f98a56718a3f9eb802' -> (Import Result ID: '838581e08e1ede5600dd97902fda9ec9') in 0.001 seconds [static and dynamic dependencies]. Details - ImportResultOutputID=4a47057f48801b3a3b2968cdd3b3fc3e DependenciesID=fdf6f3f0657b53d9b227a1cf24ac0dd0 StaticDependenciesID=9f9963749915f85b738b544110d62db1 
Number of updated asset objects reloaded before import = 0
Number of asset objects unloaded after import = 0
========================================================================
Received Import Request.
  Time of request: 2026-09-15T03:17:29.72669Z
  Time since last request: 0.000456858 seconds.
  importAddress: GUID: 30e93d52fa3094ae7a2937dddf9a281c - Path: Packages/com.unity.services.cloud-build/package.json - Importer: ScriptedImporter/UnityEditor.QuickSearchModule:UnityEditor.Search:ASIAI0B
Importing 'GUID: 30e93d52fa3094ae7a2937dddf9a281c - Path: Packages/com.unity.services.cloud-build/package.json - Importer: ScriptedImporter/UnityEditor.QuickSearchModule:UnityEditor.Search:ASIAI0B' with importer (ScriptedImporter : UnityEditor.QuickSearchModule:UnityEditor.Search:ASIAI0B)
Imported 'GUID: 30e93d52fa3094ae7a2937dddf9a281c' -> (Import Result ID: 'b5bbd78d5913d7356deb6dd9f60917df') in 0.001 seconds [static and dynamic dependencies]. Details - ImportResultOutputID=89eaca7f1fa7145bdd7f28323b93eec4 DependenciesID=438f4cbd693138447901d8aa8bd5c5f3 StaticDependenciesID=9d4c76f4f9b1638e35e9c9b0032b75d3 
Number of updated asset objects reloaded before import = 0
Number of asset objects unloaded after import = 1
========================================================================
Received Import Request.
  Time of request: 2026-09-15T03:17:29.727813Z
  Time since last request: 0.000387318 seconds.
  importAddress: GUID: 8e126fed76644b3693002bc22b18c098 - Path: Packages/com.unity.services.cloud-build/Editor/BuildAutomationUtilities.cs - Importer: ScriptedImporter/UnityEditor.QuickSearchModule:UnityEditor.Search:ASIAI0B
Importing 'GUID: 8e126fed76644b3693002bc22b18c098 - Path: Packages/com.unity.services.cloud-build/Editor/BuildAutomationUtilities.cs - Importer: ScriptedImporter/UnityEditor.QuickSearchModule:UnityEditor.Search:ASIAI0B' with importer (ScriptedImporter : UnityEditor.QuickSearchModule:UnityEditor.Search:ASIAI0B)
Imported 'GUID: 8e126fed76644b3693002bc22b18c098' -> (Import Result ID: '84e0879fb282837c82fa0c8ed02175c2') in 0.002 seconds [static and dynamic dependencies]. Details - ImportResultOutputID=3e0bbe01d15193535e28b349ed331ca5 DependenciesID=2cd688cf571e8eaa95a447ab75cc9a43 StaticDependenciesID=56680bc7868a3502b52f9aea2abf74dd 
Number of updated asset objects reloaded before import = 0
Number of asset objects unloaded after import = 0
========================================================================
Received Import Request.
  Time of request: 2026-09-15T03:17:29.730625Z
  Time since last request: 0.000444926 seconds.
  importAddress: GUID: a2223fccbc4b76546b70cd6d62739cf1 - Path: Packages/com.unity.services.core/Runtime/Threading/Unity.Services.Core.Threading.api - Importer: ScriptedImporter/UnityEditor.QuickSearchModule:UnityEditor.Search:ASIAI0B
Importing 'GUID: a2223fccbc4b76546b70cd6d62739cf1 - Path: Packages/com.unity.services.core/Runtime/Threading/Unity.Services.Core.Threading.api - Importer: ScriptedImporter/UnityEditor.QuickSearchModule:UnityEditor.Search:ASIAI0B' with importer (ScriptedImporter : UnityEditor.QuickSearchModule:UnityEditor.Search:ASIAI0B)
Imported 'GUID: a2223fccbc4b76546b70cd6d62739cf1' -> (Import Result ID: '566a25b1be83812b3c040e576f04df01') in 0.001 seconds [static and dynamic dependencies]. Details - ImportResultOutputID=481dd4497d3b2c518f7903e0351ba85c DependenciesID=7bedf68d646caca4d611724970346d3d StaticDependenciesID=03e668a552d7941c049b470df735887e 
Number of updated asset objects reloaded before import = 0
Number of asset objects unloaded after import = 1
========================================================================
Received Import Request.
  Time of request: 2026-09-15T03:17:29.732264Z
  Time since last request: 0.000353043 seconds.
  importAddress: GUID: 0eb58e505d1d7a64dbb77f197ea72ebe - Path: Packages/com.unity.services.core/Editor/Core/Scheduler - Importer: ScriptedImporter/UnityEditor.QuickSearchModule:UnityEditor.Search:ASIAI0B
Importing 'GUID: 0eb58e505d1d7a64dbb77f197ea72ebe - Path: Packages/com.unity.services.core/Editor/Core/Scheduler - Importer: ScriptedImporter/UnityEditor.QuickSearchModule:UnityEditor.Search:ASIAI0B' with importer (ScriptedImporter : UnityEditor.QuickSearchModule:UnityEditor.Search:ASIAI0B)
Imported 'GUID: 0eb58e505d1d7a64dbb77f197ea72ebe' -> (Import Result ID: '732c08b119ec1d876dc44790f7b6060e') in 0.001 seconds [static and dynamic dependencies]. Details - ImportResultOutputID=0868859b16efd09ce8170a58597f5e91 DependenciesID=0ce55f8f5a62fc7187cc5ca85959dd1b StaticDependenciesID=4903caf20af46ab85e59481d94ba924a 
Number of updated asset objects reloaded before import = 0
Number of asset objects unloaded after import = 1
========================================================================
Received Import Request.
  Time of request: 2026-09-15T03:17:29.733286Z
  Time since last request: 0.000318819 seconds.
  importAddress: GUID: 06af021de11772b48ab2c729e6da3dc6 - Path: Packages/com.unity.services.core/CHANGELOG.md - Importer: ScriptedImporter/UnityEditor.QuickSearchModule:UnityEditor.Search:ASIAI0B
Importing 'GUID: 06af021de11772b48ab2c729e6da3dc6 - Path: Packages/com.unity.services.core/CHANGELOG.md - Importer: ScriptedImporter/UnityEditor.QuickSearchModule:UnityEditor.Search:ASIAI0B' with importer (ScriptedImporter : UnityEditor.QuickSearchModule:UnityEditor.Search:ASIAI0B)
Imported 'GUID: 06af021de11772b48ab2c729e6da3dc6' -> (Import Result ID: 'a64aca510b1b973494c73b999ae6d68a') in 0.001 seconds [static and dynamic dependencies]. Details - ImportResultOutputID=f997845dd5c769301e245deb64b809b9 DependenciesID=ecbf2be66aa5fb0ba82f751b9fc06b5f StaticDependenciesID=fd170be0caccab0f240baa5ea69d8706 
Number of updated asset objects reloaded before import = 0
Number of asset objects unloaded after import = 1
========================================================================
Received Import Request.
  Time of request: 2026-09-15T03:17:29.73427Z
  Time since last request: 0.000267723 seconds.
  importAddress: GUID: 91c12861442224273a355776aa7d52d8 - Path: Packages/com.unity.services.core/Editor/Core/Shared/EditorUtils - Importer: ScriptedImporter/UnityEditor.QuickSearchModule:UnityEditor.Search:ASIAI0B
Importing 'GUID: 91c12861442224273a355776aa7d52d8 - Path: Packages/com.unity.services.core/Editor/Core/Shared/EditorUtils - Importer: ScriptedImporter/UnityEditor.QuickSearchModule:UnityEditor.Search:ASIAI0B' with importer (ScriptedImporter : UnityEditor.QuickSearchModule:UnityEditor.Search:ASIAI0B)
Imported 'GUID: 91c12861442224273a355776aa7d52d8' -> (Import Result ID: '470bff580d7befbaf4aaf9e22610d27b') in 0.001 seconds [static and dynamic dependencies]. Details - ImportResultOutputID=ea14a9848b9d44becc923faf0f89ae4b DependenciesID=05b3509a965754f8ff5c1d2b91b89670 StaticDependenciesID=4b333e2597cef14b511460de32018b32 
Number of updated asset objects reloaded before import = 0
Number of asset objects unloaded after import = 1
========================================================================
Received Import Request.
  Time of request: 2026-09-15T03:17:29.735186Z
  Time since last request: 0.000312227 seconds.
  importAddress: GUID: 6fbd1667b99f47688bda692d15542502 - Path: Packages/com.unity.services.cloud-build/Editor/BuildAutomationApiClient.cs - Importer: ScriptedImporter/UnityEditor.QuickSearchModule:UnityEditor.Search:ASIAI0B
Importing 'GUID: 6fbd1667b99f47688bda692d15542502 - Path: Packages/com.unity.services.cloud-build/Editor/BuildAutomationApiClient.cs - Importer: ScriptedImporter/UnityEditor.QuickSearchModule:UnityEditor.Search:ASIAI0B' with importer (ScriptedImporter : UnityEditor.QuickSearchModule:UnityEditor.Search:ASIAI0B)
Imported 'GUID: 6fbd1667b99f47688bda692d15542502' -> (Import Result ID: '3f2408b753913c2a979461fee3027ed1') in 0.001 seconds [static and dynamic dependencies]. Details - ImportResultOutputID=23838a8e603184923571ff1c590393fe DependenciesID=ae15c3e3d94979eeed056dc00a3a0c24 StaticDependenciesID=06b443220ae215fe61c735350747b9ba 
Number of updated asset objects reloaded before import = 0
Number of asset objects unloaded after import = 0
========================================================================
Received Import Request.
  Time of request: 2026-09-15T03:17:29.736195Z
  Time since last request: 0.000332084 seconds.
  importAddress: GUID: a38057f3b0350493ca2bf521021d2c83 - Path: Packages/com.unity.services.core/Runtime/Core.Internal/Components/Scheduler - Importer: ScriptedImporter/UnityEditor.QuickSearchModule:UnityEditor.Search:ASIAI0B
Importing 'GUID: a38057f3b0350493ca2bf521021d2c83 - Path: Packages/com.unity.services.core/Runtime/Core.Internal/Components/Scheduler - Importer: ScriptedImporter/UnityEditor.QuickSearchModule:UnityEditor.Search:ASIAI0B' with importer (ScriptedImporter : UnityEditor.QuickSearchModule:UnityEditor.Search:ASIAI0B)
Imported 'GUID: a38057f3b0350493ca2bf521021d2c83' -> (Import Result ID: '6c7a1f59d5b8117555c1d3d636a08f3a') in 0.001 seconds [static and dynamic dependencies]. Details - ImportResultOutputID=37f461166957096961f9a94f2aa1f6da DependenciesID=5cebdc6755876944878ac539370cc50c StaticDependenciesID=df0bc8172f105380ebc49e41c15d9e8e 
Number of updated asset objects reloaded before import = 0
Number of asset objects unloaded after import = 1
========================================================================
Received Import Request.
  Time of request: 2026-09-15T03:17:29.737185Z
  Time since last request: 0.000353154 seconds.
  importAddress: GUID: f6fca075b93044fad84dfca5421e28e7 - Path: Packages/com.unity.services.core/Editor/Core/Shared/Infrastructure/Threading/Sync.Gen.cs - Importer: ScriptedImporter/UnityEditor.QuickSearchModule:UnityEditor.Search:ASIAI0B
Importing 'GUID: f6fca075b93044fad84dfca5421e28e7 - Path: Packages/com.unity.services.core/Editor/Core/Shared/Infrastructure/Threading/Sync.Gen.cs - Importer: ScriptedImporter/UnityEditor.QuickSearchModule:UnityEditor.Search:ASIAI0B' with importer (ScriptedImporter : UnityEditor.QuickSearchModule:UnityEditor.Search:ASIAI0B)
Imported 'GUID: f6fca075b93044fad84dfca5421e28e7' -> (Import Result ID: 'cdfae0998df3ea97202383b16eb27b91') in 0.001 seconds [static and dynamic dependencies]. Details - ImportResultOutputID=736e776c7fff8f38613dc0085693e0ad DependenciesID=6d7b7993f3ade09ebdd92c2f329bea36 StaticDependenciesID=addf72becf160523218325a017645f7e 
Number of updated asset objects reloaded before import = 0
Number of asset objects unloaded after import = 0
========================================================================
Received Import Request.
  Time of request: 2026-09-15T03:17:29.738302Z
  Time since last request: 0.00038829 seconds.
  importAddress: GUID: 6348586e6343e6e4a824e3cd597f091e - Path: Packages/com.unity.services.core/Runtime/Core.Internal/Components/Threading/IUnityThreadUtils.cs - Importer: ScriptedImporter/UnityEditor.QuickSearchModule:UnityEditor.Search:ASIAI0B
Importing 'GUID: 6348586e6343e6e4a824e3cd597f091e - Path: Packages/com.unity.services.core/Runtime/Core.Internal/Components/Threading/IUnityThreadUtils.cs - Importer: ScriptedImporter/UnityEditor.QuickSearchModule:UnityEditor.Search:ASIAI0B' with importer (ScriptedImporter : UnityEditor.QuickSearchModule:UnityEditor.Search:ASIAI0B)
Imported 'GUID: 6348586e6343e6e4a824e3cd597f091e' -> (Import Result ID: 'd3f7c1f2454a2c4bbdc81e19f4254f30') in 0.001 seconds [static and dynamic dependencies]. Details - ImportResultOutputID=2e0478a3cd649d03fcaca310a163090f DependenciesID=626e5d47116a9314e5d43f8aff7f041c StaticDependenciesID=dfe4cece3756013ed314fd7c8c244f16 
Number of updated asset objects reloaded before import = 0
Number of asset objects unloaded after import = 0
========================================================================
Received Import Request.
  Time of request: 2026-09-15T03:17:29.739499Z
  Time since last request: 0.000433675 seconds.
  importAddress: GUID: e458f0c9e41704ab0b65539d4ea32d81 - Path: Packages/com.unity.services.core/Editor/Core/Shared/UI/Notifications.Gen.cs - Importer: ScriptedImporter/UnityEditor.QuickSearchModule:UnityEditor.Search:ASIAI0B
Importing 'GUID: e458f0c9e41704ab0b65539d4ea32d81 - Path: Packages/com.unity.services.core/Editor/Core/Shared/UI/Notifications.Gen.cs - Importer: ScriptedImporter/UnityEditor.QuickSearchModule:UnityEditor.Search:ASIAI0B' with importer (ScriptedImporter : UnityEditor.QuickSearchModule:UnityEditor.Search:ASIAI0B)
Imported 'GUID: e458f0c9e41704ab0b65539d4ea32d81' -> (Import Result ID: '4395602a571896b39d441b6ba7ce3786') in 0.001 seconds [static and dynamic dependencies]. Details - ImportResultOutputID=8d695d56380678ce284a012939fb8f79 DependenciesID=69d05789af63885b43c58315910de2b6 StaticDependenciesID=a84ece9a1312acf09e12e05a4706bb7c 
Number of updated asset objects reloaded before import = 0
Number of asset objects unloaded after import = 0
========================================================================
Received Import Request.
  Time of request: 2026-09-15T03:17:29.740632Z
  Time since last request: 0.000352964 seconds.
  importAddress: GUID: eaeca0dfe75f0f846903800285a5d0f4 - Path: Packages/com.unity.services.core/Editor/Core/Configuration - Importer: ScriptedImporter/UnityEditor.QuickSearchModule:UnityEditor.Search:ASIAI0B
Importing 'GUID: eaeca0dfe75f0f846903800285a5d0f4 - Path: Packages/com.unity.services.core/Editor/Core/Configuration - Importer: ScriptedImporter/UnityEditor.QuickSearchModule:UnityEditor.Search:ASIAI0B' with importer (ScriptedImporter : UnityEditor.QuickSearchModule:UnityEditor.Search:ASIAI0B)
Imported 'GUID: eaeca0dfe75f0f846903800285a5d0f4' -> (Import Result ID: '5e56abea4f153e323aed95d4a64caee3') in 0.001 seconds [static and dynamic dependencies]. Details - ImportResultOutputID=5be3f50499a3395e93c74d05d089efae DependenciesID=1d2cc1db37921029b88f24c6d6546c90 StaticDependenciesID=5a49ebb5964ee00ac5ccfadd8ad966f4 
Number of updated asset objects reloaded before import = 0
Number of asset objects unloaded after import = 1
========================================================================
Received Import Request.
  Time of request: 2026-09-15T03:17:29.742125Z
  Time since last request: 0.000534284 seconds.
  importAddress: GUID: 18698da62101ed443ad4a1b4a09d561d - Path: Packages/com.unity.services.core/Editor/Core/Configuration/ProjectConfigurationBuildInjectorWithPlayerProcessor.cs - Importer: ScriptedImporter/UnityEditor.QuickSearchModule:UnityEditor.Search:ASIAI0B
Importing 'GUID: 18698da62101ed443ad4a1b4a09d561d - Path: Packages/com.unity.services.core/Editor/Core/Configuration/ProjectConfigurationBuildInjectorWithPlayerProcessor.cs - Importer: ScriptedImporter/UnityEditor.QuickSearchModule:UnityEditor.Search:ASIAI0B' with importer (ScriptedImporter : UnityEditor.QuickSearchModule:UnityEditor.Search:ASIAI0B)
Imported 'GUID: 18698da62101ed443ad4a1b4a09d561d' -> (Import Result ID: '9a09c96ef66f0f76739790f492cdb2da') in 0.001 seconds [static and dynamic dependencies]. Details - ImportResultOutputID=f3c876b1ea5a7c335b6bf42839cee38a DependenciesID=49a6ad9e3ee29dce8a7bc9387eb6394b StaticDependenciesID=e1c7162b7323fe0f4f70470179461a55 
Number of updated asset objects reloaded before import = 0
Number of asset objects unloaded after import = 0
========================================================================
Received Import Request.
  Time of request: 2026-09-15T03:17:29.743567Z
  Time since last request: 0.000466226 seconds.
  importAddress: GUID: 8c4bfcb5b17948478ccb955bccff9652 - Path: Packages/com.unity.nuget.newtonsoft-json/Runtime/Newtonsoft.Json.dll - Importer: ScriptedImporter/UnityEditor.QuickSearchModule:UnityEditor.Search:ASIAI0B
Importing 'GUID: 8c4bfcb5b17948478ccb955bccff9652 - Path: Packages/com.unity.nuget.newtonsoft-json/Runtime/Newtonsoft.Json.dll - Importer: ScriptedImporter/UnityEditor.QuickSearchModule:UnityEditor.Search:ASIAI0B' with importer (ScriptedImporter : UnityEditor.QuickSearchModule:UnityEditor.Search:ASIAI0B)
Imported 'GUID: 8c4bfcb5b17948478ccb955bccff9652' -> (Import Result ID: '5a4fdd23a8b7bdc607ac96006e272617') in 0.001 seconds [static and dynamic dependencies]. Details - ImportResultOutputID=ea2c5b32e3047238b9b2762cb447a09e DependenciesID=4abcd91e81d451a869cefeb0b43884a8 StaticDependenciesID=a25e577d9693f0617f1818b483b0742a 
Number of updated asset objects reloaded before import = 0
Number of asset objects unloaded after import = 0
========================================================================
Received Import Request.
  Time of request: 2026-09-15T03:17:29.745377Z
  Time since last request: 0.000435108 seconds.
  importAddress: GUID: 34b65b599cdb080488ba2c557ab7af08 - Path: Packages/com.unity.services.core/Editor/Core/Configuration/ProjectConfigurationBuildInjectorWithReport.cs - Importer: ScriptedImporter/UnityEditor.QuickSearchModule:UnityEditor.Search:ASIAI0B
Importing 'GUID: 34b65b599cdb080488ba2c557ab7af08 - Path: Packages/com.unity.services.core/Editor/Core/Configuration/ProjectConfigurationBuildInjectorWithReport.cs - Importer: ScriptedImporter/UnityEditor.QuickSearchModule:UnityEditor.Search:ASIAI0B' with importer (ScriptedImporter : UnityEditor.QuickSearchModule:UnityEditor.Search:ASIAI0B)
Imported 'GUID: 34b65b599cdb080488ba2c557ab7af08' -> (Import Result ID: '6b31e30de8a6f4200e3439c2d06c82a6') in 0.001 seconds [static and dynamic dependencies]. Details - ImportResultOutputID=16cf103050522a9895418a41d9766699 DependenciesID=05ff991e75fb1832e2f7d18a14a0c579 StaticDependenciesID=ff51740faf5eb5be1c748f6536d2de63 
Number of updated asset objects reloaded before import = 0
Number of asset objects unloaded after import = 0
========================================================================
Received Import Request.
  Time of request: 2026-09-15T03:17:29.746724Z
  Time since last request: 0.000322796 seconds.
  importAddress: GUID: eca1326d875b644328c91fb36f5aa9d4 - Path: Packages/com.unity.services.core/Editor/Core/Shared/DependencyInversion/ConstructorNotFoundException.Gen.cs - Importer: ScriptedImporter/UnityEditor.QuickSearchModule:UnityEditor.Search:ASIAI0B
Importing 'GUID: eca1326d875b644328c91fb36f5aa9d4 - Path: Packages/com.unity.services.core/Editor/Core/Shared/DependencyInversion/ConstructorNotFoundException.Gen.cs - Importer: ScriptedImporter/UnityEditor.QuickSearchModule:UnityEditor.Search:ASIAI0B' with importer (ScriptedImporter : UnityEditor.QuickSearchModule:UnityEditor.Search:ASIAI0B)
Imported 'GUID: eca1326d875b644328c91fb36f5aa9d4' -> (Import Result ID: 'd19977574342ee4c7d984e2028e6175d') in 0.001 seconds [static and dynamic dependencies]. Details - ImportResultOutputID=6a393fc2c85c9fd31ec24b77d8b44537 DependenciesID=d5d044a5efe2a274599967fc4c1174fa StaticDependenciesID=4443294568240e399c04a1d4a1e1eea2 
Number of updated asset objects reloaded before import = 0
Number of asset objects unloaded after import = 0
========================================================================
Received Import Request.
  Time of request: 2026-09-15T03:17:29.747847Z
  Time since last request: 0.000340149 seconds.
  importAddress: GUID: 0c051f0d85f334afc91d6cdc75722398 - Path: Packages/com.unity.services.core/Editor/Core/EditorGameService/Analytics/EditorGameServiceAnalyticsRegistrant.cs - Importer: ScriptedImporter/UnityEditor.QuickSearchModule:UnityEditor.Search:ASIAI0B
Importing 'GUID: 0c051f0d85f334afc91d6cdc75722398 - Path: Packages/com.unity.services.core/Editor/Core/EditorGameService/Analytics/EditorGameServiceAnalyticsRegistrant.cs - Importer: ScriptedImporter/UnityEditor.QuickSearchModule:UnityEditor.Search:ASIAI0B' with importer (ScriptedImporter : UnityEditor.QuickSearchModule:UnityEditor.Search:ASIAI0B)
Imported 'GUID: 0c051f0d85f334afc91d6cdc75722398' -> (Import Result ID: '87bc6ed78ff168deebfa1f104576b0d0') in 0.001 seconds [static and dynamic dependencies]. Details - ImportResultOutputID=4e73c45696bd6353b085319060801611 DependenciesID=6d677d451d8f54d0f753a2c1ab289a13 StaticDependenciesID=503e4f993edcc41224ba6528ceec0d95 
Number of updated asset objects reloaded before import = 0
Number of asset objects unloaded after import = 0
========================================================================
Received Import Request.
  Time of request: 2026-09-15T03:17:29.759557Z
  Time since last request: 0.010953359 seconds.
  importAddress: GUID: 1104de264d522446f8274872ebf70b3d - Path: Packages/com.unity.services.core/Runtime/Analytics/Unity.Services.Core.Analytics.asmdef - Importer: ScriptedImporter/UnityEditor.QuickSearchModule:UnityEditor.Search:ASIAI0B
Importing 'GUID: 1104de264d522446f8274872ebf70b3d - Path: Packages/com.unity.services.core/Runtime/Analytics/Unity.Services.Core.Analytics.asmdef - Importer: ScriptedImporter/UnityEditor.QuickSearchModule:UnityEditor.Search:ASIAI0B' with importer (ScriptedImporter : UnityEditor.QuickSearchModule:UnityEditor.Search:ASIAI0B)
Imported 'GUID: 1104de264d522446f8274872ebf70b3d' -> (Import Result ID: '7b2ffe387bcfcca18a8d1b9fc0276989') in 0.002 seconds [static and dynamic dependencies]. Details - ImportResultOutputID=7209cab6af6b10fc21f5c9ceb7f781c3 DependenciesID=4e7e6ee4bba66f72360250efcb654d2e StaticDependenciesID=8979f910fa8f1da7c45cfb6308081936 
Number of updated asset objects reloaded before import = 0
Number of asset objects unloaded after import = 1
========================================================================
Received Import Request.
  Time of request: 2026-09-15T03:17:29.761679Z
  Time since last request: 0.00050534 seconds.
  importAddress: GUID: 71648f2c67f4c40cda4f186ea8e4e62c - Path: Packages/com.unity.services.core/Editor/Core/UserRoleManagement/UserRoleHandler.cs - Importer: ScriptedImporter/UnityEditor.QuickSearchModule:UnityEditor.Search:ASIAI0B
Importing 'GUID: 71648f2c67f4c40cda4f186ea8e4e62c - Path: Packages/com.unity.services.core/Editor/Core/UserRoleManagement/UserRoleHandler.cs - Importer: ScriptedImporter/UnityEditor.QuickSearchModule:UnityEditor.Search:ASIAI0B' with importer (ScriptedImporter : UnityEditor.QuickSearchModule:UnityEditor.Search:ASIAI0B)
Imported 'GUID: 71648f2c67f4c40cda4f186ea8e4e62c' -> (Import Result ID: '236549e113968bb7a3cec78ca7cd462d') in 0.001 seconds [static and dynamic dependencies]. Details - ImportResultOutputID=78afce433c090dbde7b4c7ef207419d6 DependenciesID=f0d0969bf7d15059c5cde5c707fa4776 StaticDependenciesID=42cf2c8cbd3d2768fc795226435c58fb 
Number of updated asset objects reloaded before import = 0
Number of asset objects unloaded after import = 0
========================================================================
Received Import Request.
  Time of request: 2026-09-15T03:17:29.762947Z
  Time since last request: 0.000364816 seconds.
  importAddress: GUID: 604f0c1828ca42c18067cf6b154b6331 - Path: Packages/com.unity.services.core/Editor/Core/Networking/InvalidJwtException.cs - Importer: ScriptedImporter/UnityEditor.QuickSearchModule:UnityEditor.Search:ASIAI0B
Importing 'GUID: 604f0c1828ca42c18067cf6b154b6331 - Path: Packages/com.unity.services.core/Editor/Core/Networking/InvalidJwtException.cs - Importer: ScriptedImporter/UnityEditor.QuickSearchModule:UnityEditor.Search:ASIAI0B' with importer (ScriptedImporter : UnityEditor.QuickSearchModule:UnityEditor.Search:ASIAI0B)
Imported 'GUID: 604f0c1828ca42c18067cf6b154b6331' -> (Import Result ID: 'a2c23f1dca122c6de938ce2615368e98') in 0.001 seconds [static and dynamic dependencies]. Details - ImportResultOutputID=d3fb3b655e1bfa812d3c6ba07c6b10b8 DependenciesID=98f39a6f2e7472b6551b7612157b0e6c StaticDependenciesID=41cfa3a4c2a6ca4389a897cb84a1fbe1 
Number of updated asset objects reloaded before import = 0
Number of asset objects unloaded after import = 0
========================================================================
Received Import Request.
  Time of request: 2026-09-15T03:17:29.764108Z
  Time since last request: 0.000312718 seconds.
  importAddress: GUID: 45192af4b21e64233bf08a0caa2fa7ce - Path: Packages/com.unity.services.core/Runtime/Analytics - Importer: ScriptedImporter/UnityEditor.QuickSearchModule:UnityEditor.Search:ASIAI0B
Importing 'GUID: 45192af4b21e64233bf08a0caa2fa7ce - Path: Packages/com.unity.services.core/Runtime/Analytics - Importer: ScriptedImporter/UnityEditor.QuickSearchModule:UnityEditor.Search:ASIAI0B' with importer (ScriptedImporter : UnityEditor.QuickSearchModule:UnityEditor.Search:ASIAI0B)
Imported 'GUID: 45192af4b21e64233bf08a0caa2fa7ce' -> (Import Result ID: '6471ca214564d3cfcf43ddf14e27d539') in 0.001 seconds [static and dynamic dependencies]. Details - ImportResultOutputID=0319b715f1b499c3ca92d311a0d6b271 DependenciesID=74fbed06e90afcb58319890c2006ee79 StaticDependenciesID=9e579c832db0e4efdc916a8838cf7a0c 
Number of updated asset objects reloaded before import = 0
Number of asset objects unloaded after import = 1
========================================================================
Received Import Request.
  Time of request: 2026-09-15T03:17:29.765281Z
  Time since last request: 0.000375946 seconds.
  importAddress: GUID: 0c7658113ec248e68790b4b912cbfe1b - Path: Packages/com.unity.services.cloud-build/Editor/BuildAutomationTargetRequestDto.cs - Importer: ScriptedImporter/UnityEditor.QuickSearchModule:UnityEditor.Search:ASIAI0B
Importing 'GUID: 0c7658113ec248e68790b4b912cbfe1b - Path: Packages/com.unity.services.cloud-build/Editor/BuildAutomationTargetRequestDto.cs - Importer: ScriptedImporter/UnityEditor.QuickSearchModule:UnityEditor.Search:ASIAI0B' with importer (ScriptedImporter : UnityEditor.QuickSearchModule:UnityEditor.Search:ASIAI0B)
Imported 'GUID: 0c7658113ec248e68790b4b912cbfe1b' -> (Import Result ID: 'c69e44f2dc4e8d8bb02ea5b7207eb417') in 0.001 seconds [static and dynamic dependencies]. Details - ImportResultOutputID=a24d7adb00fdb4e45f806759112ea3eb DependenciesID=12699087827902a46f69260a16b45883 StaticDependenciesID=018c394f46389f849521bc58e4662bad 
Number of updated asset objects reloaded before import = 0
Number of asset objects unloaded after import = 0
========================================================================
Received Import Request.
  Time of request: 2026-09-15T03:17:29.766359Z
  Time since last request: 0.000288602 seconds.
  importAddress: GUID: d7e60a737f3cb463e9a120fbe29854e8 - Path: Packages/com.unity.services.core/Runtime/Core.Internal/Components/Device - Importer: ScriptedImporter/UnityEditor.QuickSearchModule:UnityEditor.Search:ASIAI0B
Importing 'GUID: d7e60a737f3cb463e9a120fbe29854e8 - Path: Packages/com.unity.services.core/Runtime/Core.Internal/Components/Device - Importer: ScriptedImporter/UnityEditor.QuickSearchModule:UnityEditor.Search:ASIAI0B' with importer (ScriptedImporter : UnityEditor.QuickSearchModule:UnityEditor.Search:ASIAI0B)
Imported 'GUID: d7e60a737f3cb463e9a120fbe29854e8' -> (Import Result ID: 'fbff4e45349107b67b8c65e8357b1316') in 0.001 seconds [static and dynamic dependencies]. Details - ImportResultOutputID=fce53ad299f68781d8979f4db76f95af DependenciesID=4397b2c6386f5a850995eeb2bad00755 StaticDependenciesID=4b06a11934a454b7b33c1f4c9c011112 
Number of updated asset objects reloaded before import = 0
Number of asset objects unloaded after import = 1
========================================================================
Received Import Request.
  Time of request: 2026-09-15T03:17:29.767465Z
  Time since last request: 0.00038843 seconds.
  importAddress: GUID: 754a4177129a047e78b5c9007c36832c - Path: Packages/com.unity.services.core/Editor/Core/AssemblyInfo.cs - Importer: ScriptedImporter/UnityEditor.QuickSearchModule:UnityEditor.Search:ASIAI0B
Importing 'GUID: 754a4177129a047e78b5c9007c36832c - Path: Packages/com.unity.services.core/Editor/Core/AssemblyInfo.cs - Importer: ScriptedImporter/UnityEditor.QuickSearchModule:UnityEditor.Search:ASIAI0B' with importer (ScriptedImporter : UnityEditor.QuickSearchModule:UnityEditor.Search:ASIAI0B)
Imported 'GUID: 754a4177129a047e78b5c9007c36832c' -> (Import Result ID: '9fc33d2b4366909bc0787a5e42866028') in 0.001 seconds [static and dynamic dependencies]. Details - ImportResultOutputID=bf1c7aab07b9231a5b745d3235b7c5bf DependenciesID=2f1c7c5fe204fb828252a7659194c184 StaticDependenciesID=e488cf8015fb87fc32584686591c234a 
Number of updated asset objects reloaded before import = 0
Number of asset objects unloaded after import = 0
========================================================================
Received Import Request.
  Time of request: 2026-09-15T03:17:29.768532Z
  Time since last request: 0.000389071 seconds.
  importAddress: GUID: ad77858d50cb4354a2d68512f4ecea5d - Path: Packages/com.unity.services.core/Runtime/Core.Internal/Components/Authentication/ITargetingActivation.cs - Importer: ScriptedImporter/UnityEditor.QuickSearchModule:UnityEditor.Search:ASIAI0B
Importing 'GUID: ad77858d50cb4354a2d68512f4ecea5d - Path: Packages/com.unity.services.core/Runtime/Core.Internal/Components/Authentication/ITargetingActivation.cs - Importer: ScriptedImporter/UnityEditor.QuickSearchModule:UnityEditor.Search:ASIAI0B' with importer (ScriptedImporter : UnityEditor.QuickSearchModule:UnityEditor.Search:ASIAI0B)
Imported 'GUID: ad77858d50cb4354a2d68512f4ecea5d' -> (Import Result ID: 'dfea9661020a14b9c76f946c25d09a53') in 0.001 seconds [static and dynamic dependencies]. Details - ImportResultOutputID=c63f2631c0d81f80bbd6e6e9cba11a12 DependenciesID=4dc6eaa4a601e8f5f3005983f67b2abc StaticDependenciesID=78600856e0ff530bfa2611591a3ada85 
Number of updated asset objects reloaded before import = 0
Number of asset objects unloaded after import = 0
========================================================================
Received Import Request.
  Time of request: 2026-09-15T03:17:29.769634Z
  Time since last request: 0.00037824 seconds.
  importAddress: GUID: ffcd50741e9c46845a5cbb0fc7b31137 - Path: Packages/com.unity.services.core/Runtime/Core.Internal/Registry/ComponentRegistry/LockedComponentRegistry.cs - Importer: ScriptedImporter/UnityEditor.QuickSearchModule:UnityEditor.Search:ASIAI0B
Importing 'GUID: ffcd50741e9c46845a5cbb0fc7b31137 - Path: Packages/com.unity.services.core/Runtime/Core.Internal/Registry/ComponentRegistry/LockedComponentRegistry.cs - Importer: ScriptedImporter/UnityEditor.QuickSearchModule:UnityEditor.Search:ASIAI0B' with importer (ScriptedImporter : UnityEditor.QuickSearchModule:UnityEditor.Search:ASIAI0B)
Imported 'GUID: ffcd50741e9c46845a5cbb0fc7b31137' -> (Import Result ID: 'c443d6add4f3e23cdb1689685d937a9d') in 0.001 seconds [static and dynamic dependencies]. Details - ImportResultOutputID=50b1017151e8770c35302785a34747e3 DependenciesID=5f668894ddc1b6e6cfc1d139e9a1de22 StaticDependenciesID=ccbb9cc54a3c65821f231698000021b3 
Number of updated asset objects reloaded before import = 0
Number of asset objects unloaded after import = 0
========================================================================
Received Import Request.
  Time of request: 2026-09-15T03:17:29.770634Z
  Time since last request: 0.000297199 seconds.
  importAddress: GUID: 9077f672dce4c48b6ba1b81bc1037196 - Path: Packages/com.unity.services.core/Runtime/Core.Internal/Registry/DependencyTree.cs - Importer: ScriptedImporter/UnityEditor.QuickSearchModule:UnityEditor.Search:ASIAI0B
Importing 'GUID: 9077f672dce4c48b6ba1b81bc1037196 - Path: Packages/com.unity.services.core/Runtime/Core.Internal/Registry/DependencyTree.cs - Importer: ScriptedImporter/UnityEditor.QuickSearchModule:UnityEditor.Search:ASIAI0B' with importer (ScriptedImporter : UnityEditor.QuickSearchModule:UnityEditor.Search:ASIAI0B)
Imported 'GUID: 9077f672dce4c48b6ba1b81bc1037196' -> (Import Result ID: '457b0c961b2a41d50e0700e65b318b5e') in 0.001 seconds [static and dynamic dependencies]. Details - ImportResultOutputID=211ebbcc21d70ee451bd0ecbbcb386bd DependenciesID=de25d65efd58f3edcce600e4c80eb224 StaticDependenciesID=35ab96e751e079c2350fd19bb0d340f8 
Number of updated asset objects reloaded before import = 0
Number of asset objects unloaded after import = 0
========================================================================
Received Import Request.
  Time of request: 2026-09-15T03:17:29.771653Z
  Time since last request: 0.000369244 seconds.
  importAddress: GUID: 1cbc5682dea14c8b808c634ae1bb0f1c - Path: Packages/com.unity.services.core/Editor/Core/ProjectBindRedirect/ProjectBindRedirectPopupWindow.cs - Importer: ScriptedImporter/UnityEditor.QuickSearchModule:UnityEditor.Search:ASIAI0B
Importing 'GUID: 1cbc5682dea14c8b808c634ae1bb0f1c - Path: Packages/com.unity.services.core/Editor/Core/ProjectBindRedirect/ProjectBindRedirectPopupWindow.cs - Importer: ScriptedImporter/UnityEditor.QuickSearchModule:UnityEditor.Search:ASIAI0B' with importer (ScriptedImporter : UnityEditor.QuickSearchModule:UnityEditor.Search:ASIAI0B)
Imported 'GUID: 1cbc5682dea14c8b808c634ae1bb0f1c' -> (Import Result ID: 'c80acf1a25e3d337addd6bc8b774819f') in 0.001 seconds [static and dynamic dependencies]. Details - ImportResultOutputID=cc446a4a44a35b99db72f5544b95f123 DependenciesID=6035ecca7288adc1a51b21699a8b94f8 StaticDependenciesID=8c70e395de5f95bcea617af6a8546b6f 
Number of updated asset objects reloaded before import = 0
Number of asset objects unloaded after import = 0
========================================================================
Received Import Request.
  Time of request: 2026-09-15T03:17:29.772956Z
  Time since last request: 0.000424668 seconds.
  importAddress: GUID: f1e9a1a5e34f647de97d96d9b2641207 - Path: Packages/com.unity.services.core/Editor/Core/Shared/EditorUtils/AssemblyInfo.Gen.cs - Importer: ScriptedImporter/UnityEditor.QuickSearchModule:UnityEditor.Search:ASIAI0B
Importing 'GUID: f1e9a1a5e34f647de97d96d9b2641207 - Path: Packages/com.unity.services.core/Editor/Core/Shared/EditorUtils/AssemblyInfo.Gen.cs - Importer: ScriptedImporter/UnityEditor.QuickSearchModule:UnityEditor.Search:ASIAI0B' with importer (ScriptedImporter : UnityEditor.QuickSearchModule:UnityEditor.Search:ASIAI0B)
Imported 'GUID: f1e9a1a5e34f647de97d96d9b2641207' -> (Import Result ID: '48fb4a105dee2efc0bbd6ba9decf38d5') in 0.001 seconds [static and dynamic dependencies]. Details - ImportResultOutputID=61160ab446568f5e53bd9fde01bc4828 DependenciesID=f2ee616aadd25ace67404f03342c4f63 StaticDependenciesID=34048bc089236ba294315622e8c66f88 
Number of updated asset objects reloaded before import = 0
Number of asset objects unloaded after import = 0
========================================================================
Received Import Request.
  Time of request: 2026-09-15T03:17:29.774178Z
  Time since last request: 0.000499648 seconds.
  importAddress: GUID: 57789d1bf989e4a6da9126326213f6ad - Path: Packages/com.unity.services.core/Runtime/Core.Internal/Components/Networking/ReadOnlyHttpResponse.cs - Importer: ScriptedImporter/UnityEditor.QuickSearchModule:UnityEditor.Search:ASIAI0B
Importing 'GUID: 57789d1bf989e4a6da9126326213f6ad - Path: Packages/com.unity.services.core/Runtime/Core.Internal/Components/Networking/ReadOnlyHttpResponse.cs - Importer: ScriptedImporter/UnityEditor.QuickSearchModule:UnityEditor.Search:ASIAI0B' with importer (ScriptedImporter : UnityEditor.QuickSearchModule:UnityEditor.Search:ASIAI0B)
Imported 'GUID: 57789d1bf989e4a6da9126326213f6ad' -> (Import Result ID: '88fcb051ff84097fb50810b831cea6f2') in 0.001 seconds [static and dynamic dependencies]. Details - ImportResultOutputID=04bb24a32d07dc87aec2f9e1156b969c DependenciesID=d53405dcfe200f1cdfd801fa0f313386 StaticDependenciesID=895121bed688c0ae8967c098dd388aa4 
Number of updated asset objects reloaded before import = 0
Number of asset objects unloaded after import = 0
========================================================================
Received Import Request.
  Time of request: 2026-09-15T03:17:29.775224Z
  Time since last request: 0.000344487 seconds.
  importAddress: GUID: 990ecbe74fdfe264c984fd5827e08cfe - Path: Packages/com.unity.services.core/Editor/Core/ProjectBindRedirect/USS/ProjectBindRedirectPopupCommon.uss - Importer: ScriptedImporter/UnityEditor.QuickSearchModule:UnityEditor.Search:ASIAI0B
Importing 'GUID: 990ecbe74fdfe264c984fd5827e08cfe - Path: Packages/com.unity.services.core/Editor/Core/ProjectBindRedirect/USS/ProjectBindRedirectPopupCommon.uss - Importer: ScriptedImporter/UnityEditor.QuickSearchModule:UnityEditor.Search:ASIAI0B' with importer (ScriptedImporter : UnityEditor.QuickSearchModule:UnityEditor.Search:ASIAI0B)
Imported 'GUID: 990ecbe74fdfe264c984fd5827e08cfe' -> (Import Result ID: '4a4dea2866779bce12f521e6e60a3857') in 0.002 seconds [static and dynamic dependencies]. Details - ImportResultOutputID=b8a6667b07c9e8b148b77a91b46b2316 DependenciesID=dd7a2c4385641528797f3ba62c0eb74b StaticDependenciesID=f08791f38ee0ad4aebfc843c3c3d9b2c 
Number of updated asset objects reloaded before import = 0
Number of asset objects unloaded after import = 1
========================================================================
Received Import Request.
  Time of request: 2026-09-15T03:17:29.777736Z
  Time since last request: 0.00027146 seconds.
  importAddress: GUID: 78e9ceb1335b3475ead7e23814552490 - Path: Packages/com.unity.services.core/Editor/Core/Environments/EnvironmentsClient.cs - Importer: ScriptedImporter/UnityEditor.QuickSearchModule:UnityEditor.Search:ASIAI0B
Importing 'GUID: 78e9ceb1335b3475ead7e23814552490 - Path: Packages/com.unity.services.core/Editor/Core/Environments/EnvironmentsClient.cs - Importer: ScriptedImporter/UnityEditor.QuickSearchModule:UnityEditor.Search:ASIAI0B' with importer (ScriptedImporter : UnityEditor.QuickSearchModule:UnityEditor.Search:ASIAI0B)
Imported 'GUID: 78e9ceb1335b3475ead7e23814552490' -> (Import Result ID: '88b656d4ed82c2fc36c2eab003f99473') in 0.001 seconds [static and dynamic dependencies]. Details - ImportResultOutputID=955550fce91b6e90054a52b3cfffe2c5 DependenciesID=4f8e4b4317c8fc609f3cd6074b875799 StaticDependenciesID=776f37947e1bf04ddd69171ae0cb25aa 
Number of updated asset objects reloaded before import = 0
Number of asset objects unloaded after import = 0
========================================================================
Received Import Request.
  Time of request: 2026-09-15T03:17:29.778774Z
  Time since last request: 0.000287901 seconds.
  importAddress: GUID: b8e559f165188eb45956491215ec4108 - Path: Packages/com.unity.services.core/Runtime/Threading/AssemblyInfo.cs - Importer: ScriptedImporter/UnityEditor.QuickSearchModule:UnityEditor.Search:ASIAI0B
Importing 'GUID: b8e559f165188eb45956491215ec4108 - Path: Packages/com.unity.services.core/Runtime/Threading/AssemblyInfo.cs - Importer: ScriptedImporter/UnityEditor.QuickSearchModule:UnityEditor.Search:ASIAI0B' with importer (ScriptedImporter : UnityEditor.QuickSearchModule:UnityEditor.Search:ASIAI0B)
Imported 'GUID: b8e559f165188eb45956491215ec4108' -> (Import Result ID: 'a7367deb870cfa383729c699634482ed') in 0.001 seconds [static and dynamic dependencies]. Details - ImportResultOutputID=48d752103a6776d9e80be136d6f3418c DependenciesID=5701021f2ed4bd38991499f4e046cfaa StaticDependenciesID=cf4045ccfd1bcfc6d6233aa0785863d1 
Number of updated asset objects reloaded before import = 0
Number of asset objects unloaded after import = 0
========================================================================
Received Import Request.
  Time of request: 2026-09-15T03:17:29.779992Z
  Time since last request: 0.000317116 seconds.
  importAddress: GUID: a8a90c35b04530c4f971aaef6fdf3612 - Path: Packages/com.unity.nuget.newtonsoft-json/link.xml - Importer: ScriptedImporter/UnityEditor.QuickSearchModule:UnityEditor.Search:ASIAI0B
Importing 'GUID: a8a90c35b04530c4f971aaef6fdf3612 - Path: Packages/com.unity.nuget.newtonsoft-json/link.xml - Importer: ScriptedImporter/UnityEditor.QuickSearchModule:UnityEditor.Search:ASIAI0B' with importer (ScriptedImporter : UnityEditor.QuickSearchModule:UnityEditor.Search:ASIAI0B)
Imported 'GUID: a8a90c35b04530c4f971aaef6fdf3612' -> (Import Result ID: '4de545d675cbfcf0015742abbf7f30ad') in 0.001 seconds [static and dynamic dependencies]. Details - ImportResultOutputID=177be359f0b096997b21eba1cb712240 DependenciesID=efb9b4ac63934c2c9ce32dc0cf37999b StaticDependenciesID=67cf47a1c871ddd9f0453336fa0a711c 
Number of updated asset objects reloaded before import = 0
Number of asset objects unloaded after import = 1
========================================================================
Received Import Request.
  Time of request: 2026-09-15T03:17:29.780983Z
  Time since last request: 0.000310794 seconds.
  importAddress: GUID: 2dbae1a4e85854c5a9bbf5fbb99aa8c7 - Path: Packages/com.unity.services.core/Runtime/Device/UserIdProviders/UnityAnalyticsIdentifier.cs - Importer: ScriptedImporter/UnityEditor.QuickSearchModule:UnityEditor.Search:ASIAI0B
Importing 'GUID: 2dbae1a4e85854c5a9bbf5fbb99aa8c7 - Path: Packages/com.unity.services.core/Runtime/Device/UserIdProviders/UnityAnalyticsIdentifier.cs - Importer: ScriptedImporter/UnityEditor.QuickSearchModule:UnityEditor.Search:ASIAI0B' with importer (ScriptedImporter : UnityEditor.QuickSearchModule:UnityEditor.Search:ASIAI0B)
Imported 'GUID: 2dbae1a4e85854c5a9bbf5fbb99aa8c7' -> (Import Result ID: '8dbdaeec62da145b1da7c2b32ca4560b') in 0.001 seconds [static and dynamic dependencies]. Details - ImportResultOutputID=53f409f205fc729b61c4f89c5e64209f DependenciesID=1444232925ecb88b8dea068a58f6cc75 StaticDependenciesID=76c9b4542916ccf69032af689b17ce1b 
Number of updated asset objects reloaded before import = 0
Number of asset objects unloaded after import = 0
========================================================================
Received Import Request.
  Time of request: 2026-09-15T03:17:29.781882Z
  Time since last request: 0.000275368 seconds.
  importAddress: GUID: 7b2d71598ace32a4a91c01c72a1bbede - Path: Packages/com.unity.services.core/Runtime/Core.Internal/Utils/UnityWebRequestUtils.cs - Importer: ScriptedImporter/UnityEditor.QuickSearchModule:UnityEditor.Search:ASIAI0B
Importing 'GUID: 7b2d71598ace32a4a91c01c72a1bbede - Path: Packages/com.unity.services.core/Runtime/Core.Internal/Utils/UnityWebRequestUtils.cs - Importer: ScriptedImporter/UnityEditor.QuickSearchModule:UnityEditor.Search:ASIAI0B' with importer (ScriptedImporter : UnityEditor.QuickSearchModule:UnityEditor.Search:ASIAI0B)
Imported 'GUID: 7b2d71598ace32a4a91c01c72a1bbede' -> (Import Result ID: 'c70f146204a611b3b89e5364e085db9a') in 0.001 seconds [static and dynamic dependencies]. Details - ImportResultOutputID=06b45071ab8a41bc45e6a7fb9fc2ef3e DependenciesID=9daf4604da0e27071bdaa9cbb11b175c StaticDependenciesID=2e0852b63ff9bd5cbcde15cc150835f8 
Number of updated asset objects reloaded before import = 0
Number of asset objects unloaded after import = 0
========================================================================
Received Import Request.
  Time of request: 2026-09-15T03:17:29.782861Z
  Time since last request: 0.000303821 seconds.
  importAddress: GUID: 0a46529f8586545c6ac95c9adc50ab5a - Path: Packages/com.unity.services.core/Editor/Core/Environments/IEnvironmentProvider.cs - Importer: ScriptedImporter/UnityEditor.QuickSearchModule:UnityEditor.Search:ASIAI0B
Importing 'GUID: 0a46529f8586545c6ac95c9adc50ab5a - Path: Packages/com.unity.services.core/Editor/Core/Environments/IEnvironmentProvider.cs - Importer: ScriptedImporter/UnityEditor.QuickSearchModule:UnityEditor.Search:ASIAI0B' with importer (ScriptedImporter : UnityEditor.QuickSearchModule:UnityEditor.Search:ASIAI0B)
Imported 'GUID: 0a46529f8586545c6ac95c9adc50ab5a' -> (Import Result ID: 'a864f1e389752a39165466fd417e5f88') in 0.001 seconds [static and dynamic dependencies]. Details - ImportResultOutputID=b68cbf4929141c2ae8f0081b9a77d1ec DependenciesID=3f0acbe48afddfac114225fe7ecb88b3 StaticDependenciesID=a47500bc7fac7b50364de7b2c2c0bfd8 
Number of updated asset objects reloaded before import = 0
Number of asset objects unloaded after import = 0
========================================================================
Received Import Request.
  Time of request: 2026-09-15T03:17:29.783908Z
  Time since last request: 0.000311195 seconds.
  importAddress: GUID: 57e3220438bdf43bebec66c4476f6677 - Path: Packages/com.unity.services.core/Runtime/Scheduler/ActionScheduler.cs - Importer: ScriptedImporter/UnityEditor.QuickSearchModule:UnityEditor.Search:ASIAI0B
Importing 'GUID: 57e3220438bdf43bebec66c4476f6677 - Path: Packages/com.unity.services.core/Runtime/Scheduler/ActionScheduler.cs - Importer: ScriptedImporter/UnityEditor.QuickSearchModule:UnityEditor.Search:ASIAI0B' with importer (ScriptedImporter : UnityEditor.QuickSearchModule:UnityEditor.Search:ASIAI0B)
Imported 'GUID: 57e3220438bdf43bebec66c4476f6677' -> (Import Result ID: 'b2c1861fbee3b015ed9443645f10ec36') in 0.001 seconds [static and dynamic dependencies]. Details - ImportResultOutputID=a3b0831616bd609e606d76d570fefe91 DependenciesID=8da04bf195749abb18f4f1f8c2d63269 StaticDependenciesID=24f5af38e2b595fca7040416a77f7a4c 
Number of updated asset objects reloaded before import = 0
Number of asset objects unloaded after import = 0
========================================================================
Received Import Request.
  Time of request: 2026-09-15T03:17:29.785048Z
  Time since last request: 0.000308259 seconds.
  importAddress: GUID: 530fa14dff7e947f088ddea9e12ec4d1 - Path: Packages/com.unity.services.core/Runtime/Core.Internal/Registry/DependencyTreeInitializeOrderSorter.cs - Importer: ScriptedImporter/UnityEditor.QuickSearchModule:UnityEditor.Search:ASIAI0B
Importing 'GUID: 530fa14dff7e947f088ddea9e12ec4d1 - Path: Packages/com.unity.services.core/Runtime/Core.Internal/Registry/DependencyTreeInitializeOrderSorter.cs - Importer: ScriptedImporter/UnityEditor.QuickSearchModule:UnityEditor.Search:ASIAI0B' with importer (ScriptedImporter : UnityEditor.QuickSearchModule:UnityEditor.Search:ASIAI0B)
Imported 'GUID: 530fa14dff7e947f088ddea9e12ec4d1' -> (Import Result ID: 'f4e5df65784189151837993d9110bd70') in 0.005 seconds [static and dynamic dependencies]. Details - ImportResultOutputID=9561cd89be7b09e06732213d7523eafe DependenciesID=1b52f3cc064d4941ce34d58a2ed41eed StaticDependenciesID=0cf11375d011ea1238bc176152306d93 
Number of updated asset objects reloaded before import = 0
Number of asset objects unloaded after import = 0
========================================================================
Received Import Request.
  Time of request: 2026-09-15T03:17:29.79082Z
  Time since last request: 0.000474381 seconds.
  importAddress: GUID: d30387cc0bff00b45b7e52fc7d794046 - Path: Packages/com.unity.services.core/Runtime/Core.Internal/Components/Vivox/IVivox.cs - Importer: ScriptedImporter/UnityEditor.QuickSearchModule:UnityEditor.Search:ASIAI0B
Importing 'GUID: d30387cc0bff00b45b7e52fc7d794046 - Path: Packages/com.unity.services.core/Runtime/Core.Internal/Components/Vivox/IVivox.cs - Importer: ScriptedImporter/UnityEditor.QuickSearchModule:UnityEditor.Search:ASIAI0B' with importer (ScriptedImporter : UnityEditor.QuickSearchModule:UnityEditor.Search:ASIAI0B)
Imported 'GUID: d30387cc0bff00b45b7e52fc7d794046' -> (Import Result ID: '966565b24d8a1325e6da191954c3eef2') in 0.001 seconds [static and dynamic dependencies]. Details - ImportResultOutputID=0b2189fa06dd8e9888084446927131eb DependenciesID=030dd299e00a9e5af120994c671231d3 StaticDependenciesID=2c0c35709f49dec587575a0ecd2fe085 
Number of updated asset objects reloaded before import = 0
Number of asset objects unloaded after import = 0
========================================================================
Received Import Request.
  Time of request: 2026-09-15T03:17:29.79238Z
  Time since last request: 0.000347613 seconds.
  importAddress: GUID: 122a678a37a4cbc43bc2e4b2b0a69c49 - Path: Packages/com.unity.services.core/Editor/Core/CloudEnvironment - Importer: ScriptedImporter/UnityEditor.QuickSearchModule:UnityEditor.Search:ASIAI0B
Importing 'GUID: 122a678a37a4cbc43bc2e4b2b0a69c49 - Path: Packages/com.unity.services.core/Editor/Core/CloudEnvironment - Importer: ScriptedImporter/UnityEditor.QuickSearchModule:UnityEditor.Search:ASIAI0B' with importer (ScriptedImporter : UnityEditor.QuickSearchModule:UnityEditor.Search:ASIAI0B)
Imported 'GUID: 122a678a37a4cbc43bc2e4b2b0a69c49' -> (Import Result ID: '45c4c193984147e036ff618ff6120e10') in 0.001 seconds [static and dynamic dependencies]. Details - ImportResultOutputID=29c4f75dc74593f8ed39fa05baf51156 DependenciesID=8b0f2b5dc5f1d4e5e9ebb7ae28bddd0d StaticDependenciesID=ec052c35f43e6c4dd09400206059886e 
Number of updated asset objects reloaded before import = 0
Number of asset objects unloaded after import = 1
========================================================================
Received Import Request.
  Time of request: 2026-09-15T03:17:29.793429Z
  Time since last request: 0.000302458 seconds.
  importAddress: GUID: 25817525973c443a8af59ddd3933b035 - Path: Packages/com.unity.services.core/Editor/Core/Environments/UI/Assets/EnvironmentDropdown.uxml - Importer: ScriptedImporter/UnityEditor.QuickSearchModule:UnityEditor.Search:ASIAI0B
Importing 'GUID: 25817525973c443a8af59ddd3933b035 - Path: Packages/com.unity.services.core/Editor/Core/Environments/UI/Assets/EnvironmentDropdown.uxml - Importer: ScriptedImporter/UnityEditor.QuickSearchModule:UnityEditor.Search:ASIAI0B' with importer (ScriptedImporter : UnityEditor.QuickSearchModule:UnityEditor.Search:ASIAI0B)
Imported 'GUID: 25817525973c443a8af59ddd3933b035' -> (Import Result ID: 'bfbcaddaf718021167b0b7a60d7b4b32') in 0.003 seconds [static and dynamic dependencies]. Details - ImportResultOutputID=ca8ab03a94902e8c8c0acea802398378 DependenciesID=ba2cee3b11c3e3c9cab523aa30614b6d StaticDependenciesID=e3f3100e9ea80c58800e660a437847b1 
Number of updated asset objects reloaded before import = 0
Number of asset objects unloaded after import = 3
========================================================================
Received Import Request.
  Time of request: 2026-09-15T03:17:29.796866Z
  Time since last request: 0.000272282 seconds.
  importAddress: GUID: 84b711f26486f4eb1a670f170ad94638 - Path: Packages/com.unity.services.core/Editor/Core/Environments/EnvironmentInfo.cs - Importer: ScriptedImporter/UnityEditor.QuickSearchModule:UnityEditor.Search:ASIAI0B
Importing 'GUID: 84b711f26486f4eb1a670f170ad94638 - Path: Packages/com.unity.services.core/Editor/Core/Environments/EnvironmentInfo.cs - Importer: ScriptedImporter/UnityEditor.QuickSearchModule:UnityEditor.Search:ASIAI0B' with importer (ScriptedImporter : UnityEditor.QuickSearchModule:UnityEditor.Search:ASIAI0B)
Imported 'GUID: 84b711f26486f4eb1a670f170ad94638' -> (Import Result ID: '0b855713a919a2c1a5f1cd74ad499ac8') in 0.001 seconds [static and dynamic dependencies]. Details - ImportResultOutputID=52a3633609a6bd58534525b1e29d3b39 DependenciesID=e38f179a461ddc2b40714135cd8c244f StaticDependenciesID=c5ae00adfbcba58b61fddbccd066014f 
Number of updated asset objects reloaded before import = 0
Number of asset objects unloaded after import = 0
========================================================================
Received Import Request.
  Time of request: 2026-09-15T03:17:29.797876Z
  Time since last request: 0.000240382 seconds.
  importAddress: GUID: 4c90f7b81ab65457180d827ab6150fbd - Path: Packages/com.unity.services.core/Editor/Core/Environments/Client/Models/UnityOrganizationMemberV1.cs - Importer: ScriptedImporter/UnityEditor.QuickSearchModule:UnityEditor.Search:ASIAI0B
Importing 'GUID: 4c90f7b81ab65457180d827ab6150fbd - Path: Packages/com.unity.services.core/Editor/Core/Environments/Client/Models/UnityOrganizationMemberV1.cs - Importer: ScriptedImporter/UnityEditor.QuickSearchModule:UnityEditor.Search:ASIAI0B' with importer (ScriptedImporter : UnityEditor.QuickSearchModule:UnityEditor.Search:ASIAI0B)
Imported 'GUID: 4c90f7b81ab65457180d827ab6150fbd' -> (Import Result ID: '0d8f0a9fbf44c2f208502a27227c4e42') in 0.001 seconds [static and dynamic dependencies]. Details - ImportResultOutputID=8a2950bf939371dd65c471ffad6a222c DependenciesID=4b6acebb057e9db7246ceef123705417 StaticDependenciesID=d23aa1327a223f3625d85657a588f5b9 
Number of updated asset objects reloaded before import = 0
Number of asset objects unloaded after import = 0
========================================================================
Received Import Request.
  Time of request: 2026-09-15T03:17:29.798894Z
  Time since last request: 0.000312467 seconds.
  importAddress: GUID: 1073c0628ca3461eb672657cff8b1955 - Path: Packages/com.unity.services.core/Editor/Core/ProjectStateManagement/IProjectStateHelper.cs - Importer: ScriptedImporter/UnityEditor.QuickSearchModule:UnityEditor.Search:ASIAI0B
Importing 'GUID: 1073c0628ca3461eb672657cff8b1955 - Path: Packages/com.unity.services.core/Editor/Core/ProjectStateManagement/IProjectStateHelper.cs - Importer: ScriptedImporter/UnityEditor.QuickSearchModule:UnityEditor.Search:ASIAI0B' with importer (ScriptedImporter : UnityEditor.QuickSearchModule:UnityEditor.Search:ASIAI0B)
Imported 'GUID: 1073c0628ca3461eb672657cff8b1955' -> (Import Result ID: '4fcd8620cf69ff93e5e6bc130ff3d8f1') in 0.001 seconds [static and dynamic dependencies]. Details - ImportResultOutputID=96b96624786d4dc0690aa2bac684b131 DependenciesID=9660e62a013b7f46b9faa0967ef4d2da StaticDependenciesID=15b8456e74894ea52224d5f8bff5fa2b 
Number of updated asset objects reloaded before import = 0
Number of asset objects unloaded after import = 0
========================================================================
Received Import Request.
  Time of request: 2026-09-15T03:17:29.799897Z
  Time since last request: 0.000252544 seconds.
  importAddress: GUID: d8a1f44ed7a1d478eb37c44f0ab4a186 - Path: Packages/com.unity.services.core/Editor/Core/Environments/Client/Http/Responses.cs - Importer: ScriptedImporter/UnityEditor.QuickSearchModule:UnityEditor.Search:ASIAI0B
Importing 'GUID: d8a1f44ed7a1d478eb37c44f0ab4a186 - Path: Packages/com.unity.services.core/Editor/Core/Environments/Client/Http/Responses.cs - Importer: ScriptedImporter/UnityEditor.QuickSearchModule:UnityEditor.Search:ASIAI0B' with importer (ScriptedImporter : UnityEditor.QuickSearchModule:UnityEditor.Search:ASIAI0B)
Imported 'GUID: d8a1f44ed7a1d478eb37c44f0ab4a186' -> (Import Result ID: 'dc6137c74769b691058cb6a1ac4fb465') in 0.001 seconds [static and dynamic dependencies]. Details - ImportResultOutputID=a86a11ef269f423482b975143c5ebd18 DependenciesID=f988cb1c1f33869da236566f9ea87624 StaticDependenciesID=b88ddca54a9aa3aecbd4a4cd55f37125 
Number of updated asset objects reloaded before import = 0
Number of asset objects unloaded after import = 0
========================================================================
Received Import Request.
  Time of request: 2026-09-15T03:17:29.80089Z
  Time since last request: 0.000318138 seconds.
  importAddress: GUID: 0d3c36eeb6c9d46459ddede8d8248f3d - Path: Packages/com.unity.services.core/Runtime/Scheduler/MinimumBinaryHeap.cs - Importer: ScriptedImporter/UnityEditor.QuickSearchModule:UnityEditor.Search:ASIAI0B
Importing 'GUID: 0d3c36eeb6c9d46459ddede8d8248f3d - Path: Packages/com.unity.services.core/Runtime/Scheduler/MinimumBinaryHeap.cs - Importer: ScriptedImporter/UnityEditor.QuickSearchModule:UnityEditor.Search:ASIAI0B' with importer (ScriptedImporter : UnityEditor.QuickSearchModule:UnityEditor.Search:ASIAI0B)
Imported 'GUID: 0d3c36eeb6c9d46459ddede8d8248f3d' -> (Import Result ID: 'ff796c0e34965b1589850e09c8aa667f') in 0.001 seconds [static and dynamic dependencies]. Details - ImportResultOutputID=2ce8fd768a70db1d3fc93027640fcc78 DependenciesID=b4786fdade3df9d2921e645cbdc3bb50 StaticDependenciesID=37d3d89bfad53f11a6582fac03d686c3 
Number of updated asset objects reloaded before import = 0
Number of asset objects unloaded after import = 0
========================================================================
Received Import Request.
  Time of request: 2026-09-15T03:17:29.801797Z
  Time since last request: 0.000273995 seconds.
  importAddress: GUID: 70ea675efa2644cef98c7ece24158333 - Path: Packages/com.unity.services.core/Runtime/Environments/Unity.Services.Core.Environments.asmdef - Importer: ScriptedImporter/UnityEditor.QuickSearchModule:UnityEditor.Search:ASIAI0B
Importing 'GUID: 70ea675efa2644cef98c7ece24158333 - Path: Packages/com.unity.services.core/Runtime/Environments/Unity.Services.Core.Environments.asmdef - Importer: ScriptedImporter/UnityEditor.QuickSearchModule:UnityEditor.Search:ASIAI0B' with importer (ScriptedImporter : UnityEditor.QuickSearchModule:UnityEditor.Search:ASIAI0B)
Imported 'GUID: 70ea675efa2644cef98c7ece24158333' -> (Import Result ID: '33384ee48ad8eec20b9c705c60266275') in 0.001 seconds [static and dynamic dependencies]. Details - ImportResultOutputID=2f334c661f6e33345c69eb29a5383309 DependenciesID=a34044bbdb41d505bbd2833af5b4d50c StaticDependenciesID=f979f3c7637c38009c044b3274f61698 
Number of updated asset objects reloaded before import = 0
Number of asset objects unloaded after import = 1
========================================================================
Received Import Request.
  Time of request: 2026-09-15T03:17:29.802754Z
  Time since last request: 0.000276049 seconds.
  importAddress: GUID: f8592c5cb0e11974cb7545a8a68a55ef - Path: Packages/com.unity.services.core/Runtime/Core.Internal/Components/Telemetry/IDiagnostics.cs - Importer: ScriptedImporter/UnityEditor.QuickSearchModule:UnityEditor.Search:ASIAI0B
Importing 'GUID: f8592c5cb0e11974cb7545a8a68a55ef - Path: Packages/com.unity.services.core/Runtime/Core.Internal/Components/Telemetry/IDiagnostics.cs - Importer: ScriptedImporter/UnityEditor.QuickSearchModule:UnityEditor.Search:ASIAI0B' with importer (ScriptedImporter : UnityEditor.QuickSearchModule:UnityEditor.Search:ASIAI0B)
Imported 'GUID: f8592c5cb0e11974cb7545a8a68a55ef' -> (Import Result ID: '52bbf64b04e569b129a7f4c8eac4f1db') in 0.001 seconds [static and dynamic dependencies]. Details - ImportResultOutputID=50be1504fe3ffdb4e13c245ef561a20c DependenciesID=0c25917933427d696e7beda0c462b0fe StaticDependenciesID=4d7a5e0a66856f7ce48dc85dd5a1a4d8 
Number of updated asset objects reloaded before import = 0
Number of asset objects unloaded after import = 0
========================================================================
Received Import Request.
  Time of request: 2026-09-15T03:17:29.803867Z
  Time since last request: 0.000274315 seconds.
  importAddress: GUID: d8e56012c572e204692b3fe5183b7da1 - Path: Packages/com.unity.services.core/Runtime/Telemetry/Unity.Services.Core.Telemetry.asmdef - Importer: ScriptedImporter/UnityEditor.QuickSearchModule:UnityEditor.Search:ASIAI0B
Importing 'GUID: d8e56012c572e204692b3fe5183b7da1 - Path: Packages/com.unity.services.core/Runtime/Telemetry/Unity.Services.Core.Telemetry.asmdef - Importer: ScriptedImporter/UnityEditor.QuickSearchModule:UnityEditor.Search:ASIAI0B' with importer (ScriptedImporter : UnityEditor.QuickSearchModule:UnityEditor.Search:ASIAI0B)
Imported 'GUID: d8e56012c572e204692b3fe5183b7da1' -> (Import Result ID: 'c56ab86a3269707f8b62588aa8ed7513') in 0.001 seconds [static and dynamic dependencies]. Details - ImportResultOutputID=4ef06bc704bbce66017f27ae2e98f4aa DependenciesID=e8f4fcac69009e812478e0407625fab1 StaticDependenciesID=e3bf8ecb1765c5378e921403e290678f 
Number of updated asset objects reloaded before import = 0
Number of asset objects unloaded after import = 1
========================================================================
Received Import Request.
  Time of request: 2026-09-15T03:17:29.804919Z
  Time since last request: 0.000314791 seconds.
  importAddress: GUID: 7347c24641591494d9d7de1c4bf052c9 - Path: Packages/com.unity.services.core/Runtime/Registration/CorePackageInitializer.cs - Importer: ScriptedImporter/UnityEditor.QuickSearchModule:UnityEditor.Search:ASIAI0B
Importing 'GUID: 7347c24641591494d9d7de1c4bf052c9 - Path: Packages/com.unity.services.core/Runtime/Registration/CorePackageInitializer.cs - Importer: ScriptedImporter/UnityEditor.QuickSearchModule:UnityEditor.Search:ASIAI0B' with importer (ScriptedImporter : UnityEditor.QuickSearchModule:UnityEditor.Search:ASIAI0B)
Imported 'GUID: 7347c24641591494d9d7de1c4bf052c9' -> (Import Result ID: '65dfe863ee6ffae89f3b92d6c335b754') in 0.001 seconds [static and dynamic dependencies]. Details - ImportResultOutputID=fc9e77cabef49f63a951e43565556cdb DependenciesID=79f514a9c9ff6c651efc61eff706a41c StaticDependenciesID=cd106c41d746230180cfc1714c30fdcb 
Number of updated asset objects reloaded before import = 0
Number of asset objects unloaded after import = 0
========================================================================
Received Import Request.
  Time of request: 2026-09-15T03:17:29.805934Z
  Time since last request: 0.000354116 seconds.
  importAddress: GUID: 64d1febe16e70491e9b6b08c14aad487 - Path: Packages/com.unity.services.core/Runtime/Core.Internal/Logging/CoreLogger.cs - Importer: ScriptedImporter/UnityEditor.QuickSearchModule:UnityEditor.Search:ASIAI0B
Importing 'GUID: 64d1febe16e70491e9b6b08c14aad487 - Path: Packages/com.unity.services.core/Runtime/Core.Internal/Logging/CoreLogger.cs - Importer: ScriptedImporter/UnityEditor.QuickSearchModule:UnityEditor.Search:ASIAI0B' with importer (ScriptedImporter : UnityEditor.QuickSearchModule:UnityEditor.Search:ASIAI0B)
Imported 'GUID: 64d1febe16e70491e9b6b08c14aad487' -> (Import Result ID: 'd5572bdf732d843dcd60fb96553a2497') in 0.001 seconds [static and dynamic dependencies]. Details - ImportResultOutputID=49380064afc2fdcf107853973c44b689 DependenciesID=8d14e2bafbb8b36d85d60681a3281452 StaticDependenciesID=5ee44a400825104525bbee1de56d19d3 
Number of updated asset objects reloaded before import = 0
Number of asset objects unloaded after import = 0
========================================================================
Received Import Request.
  Time of request: 2026-09-15T03:17:29.80727Z
  Time since last request: 0.000534244 seconds.
  importAddress: GUID: c56cb2f61c79e4427b47e2dedd499d46 - Path: Packages/com.unity.services.core/Editor/Core/UiHelpers/USS/PlatformSupportVisualLight.uss - Importer: ScriptedImporter/UnityEditor.QuickSearchModule:UnityEditor.Search:ASIAI0B
Importing 'GUID: c56cb2f61c79e4427b47e2dedd499d46 - Path: Packages/com.unity.services.core/Editor/Core/UiHelpers/USS/PlatformSupportVisualLight.uss - Importer: ScriptedImporter/UnityEditor.QuickSearchModule:UnityEditor.Search:ASIAI0B' with importer (ScriptedImporter : UnityEditor.QuickSearchModule:UnityEditor.Search:ASIAI0B)
Imported 'GUID: c56cb2f61c79e4427b47e2dedd499d46' -> (Import Result ID: '1cc681ccf37dc56963e7e662e6b2fdfb') in 0.002 seconds [static and dynamic dependencies]. Details - ImportResultOutputID=be1c1b6e86235f49af7bd64b8b24e0e9 DependenciesID=b9351a8be086a436a4fbcab5229ac984 StaticDependenciesID=7b8b0b007aec3b8f2ab92af16335bce3 
Number of updated asset objects reloaded before import = 0
Number of asset objects unloaded after import = 1
========================================================================
Received Import Request.
  Time of request: 2026-09-15T03:17:29.809357Z
  Time since last request: 0.000331092 seconds.
  importAddress: GUID: 49757d9e69f214a659a1e5221912d21c - Path: Packages/com.unity.services.core/Runtime/Device/UserIdProviders/IUserIdentifierProvider.cs - Importer: ScriptedImporter/UnityEditor.QuickSearchModule:UnityEditor.Search:ASIAI0B
Importing 'GUID: 49757d9e69f214a659a1e5221912d21c - Path: Packages/com.unity.services.core/Runtime/Device/UserIdProviders/IUserIdentifierProvider.cs - Importer: ScriptedImporter/UnityEditor.QuickSearchModule:UnityEditor.Search:ASIAI0B' with importer (ScriptedImporter : UnityEditor.QuickSearchModule:UnityEditor.Search:ASIAI0B)
Imported 'GUID: 49757d9e69f214a659a1e5221912d21c' -> (Import Result ID: '83c95a402b0496418a6031c717cd40c1') in 0.001 seconds [static and dynamic dependencies]. Details - ImportResultOutputID=29c556b016192867e049c8ea006296e5 DependenciesID=c2d3a49a6e3e6d14a9f4e992939f26f0 StaticDependenciesID=97d4a83fae2706e25116126a741e59ee 
Number of updated asset objects reloaded before import = 0
Number of asset objects unloaded after import = 0
========================================================================
Received Import Request.
  Time of request: 2026-09-15T03:17:29.810744Z
  Time since last request: 0.00046809 seconds.
  importAddress: GUID: cbf54e97e86c43d0865a94aed0debeac - Path: Packages/com.unity.services.core/Editor/Core/Environments/IEnvironmentDashboardUrlResolver.cs - Importer: ScriptedImporter/UnityEditor.QuickSearchModule:UnityEditor.Search:ASIAI0B
Importing 'GUID: cbf54e97e86c43d0865a94aed0debeac - Path: Packages/com.unity.services.core/Editor/Core/Environments/IEnvironmentDashboardUrlResolver.cs - Importer: ScriptedImporter/UnityEditor.QuickSearchModule:UnityEditor.Search:ASIAI0B' with importer (ScriptedImporter : UnityEditor.QuickSearchModule:UnityEditor.Search:ASIAI0B)
Imported 'GUID: cbf54e97e86c43d0865a94aed0debeac' -> (Import Result ID: '338b8a9fb4b7a9b53f1f0ced41ba23cc') in 0.001 seconds [static and dynamic dependencies]. Details - ImportResultOutputID=99c9c60bf983f4f48a254ed79f5b064f DependenciesID=4d4794adf4e1ad3521cabd0609f37a58 StaticDependenciesID=3641badb7a9f10c27a24351cd315ea6d 
Number of updated asset objects reloaded before import = 0
Number of asset objects unloaded after import = 0
========================================================================
Received Import Request.
  Time of request: 2026-09-15T03:17:29.811858Z
  Time since last request: 0.000353384 seconds.
  importAddress: GUID: 4b167fb836933974a9ab0b380bec5b98 - Path: Packages/com.unity.services.core/Editor/Core/ProjectBindRedirect/USS/ProjectBindRedirectPopupDark.uss - Importer: ScriptedImporter/UnityEditor.QuickSearchModule:UnityEditor.Search:ASIAI0B
Importing 'GUID: 4b167fb836933974a9ab0b380bec5b98 - Path: Packages/com.unity.services.core/Editor/Core/ProjectBindRedirect/USS/ProjectBindRedirectPopupDark.uss - Importer: ScriptedImporter/UnityEditor.QuickSearchModule:UnityEditor.Search:ASIAI0B' with importer (ScriptedImporter : UnityEditor.QuickSearchModule:UnityEditor.Search:ASIAI0B)
Imported 'GUID: 4b167fb836933974a9ab0b380bec5b98' -> (Import Result ID: 'fc4d6722927bbbd25bfa22ddcecc1009') in 0.001 seconds [static and dynamic dependencies]. Details - ImportResultOutputID=8344126affd43b7488c14d53f9f15328 DependenciesID=ef4289d076fafddf70ec87e5313be546 StaticDependenciesID=018afb73f30fdc682cfb0dc8414c882c 
Number of updated asset objects reloaded before import = 0
Number of asset objects unloaded after import = 1
========================================================================
Received Import Request.
  Time of request: 2026-09-15T03:17:29.813717Z
  Time since last request: 0.000345699 seconds.
  importAddress: GUID: 6007df151b27f45afa92d6caa4865da7 - Path: Packages/com.unity.services.core/Editor/Core/Shared/UI/ProgressBar.Gen.cs - Importer: ScriptedImporter/UnityEditor.QuickSearchModule:UnityEditor.Search:ASIAI0B
Importing 'GUID: 6007df151b27f45afa92d6caa4865da7 - Path: Packages/com.unity.services.core/Editor/Core/Shared/UI/ProgressBar.Gen.cs - Importer: ScriptedImporter/UnityEditor.QuickSearchModule:UnityEditor.Search:ASIAI0B' with importer (ScriptedImporter : UnityEditor.QuickSearchModule:UnityEditor.Search:ASIAI0B)
Imported 'GUID: 6007df151b27f45afa92d6caa4865da7' -> (Import Result ID: '31b1278de36a6ecc200829054b9e685a') in 0.001 seconds [static and dynamic dependencies]. Details - ImportResultOutputID=1db1b3dc9369d139f1ba46c0133cd7b3 DependenciesID=d77073dd9567ee946a2f58b24c387556 StaticDependenciesID=5524b64c76c0259207132f4d1d84103b 
Number of updated asset objects reloaded before import = 0
Number of asset objects unloaded after import = 0
========================================================================
Received Import Request.
  Time of request: 2026-09-15T03:17:29.814829Z
  Time since last request: 0.000300986 seconds.
  importAddress: GUID: 295070c46762a4c5ab1eab345297cfce - Path: Packages/com.unity.services.core/Editor/Core/Environments/AssemblyInfo.cs - Importer: ScriptedImporter/UnityEditor.QuickSearchModule:UnityEditor.Search:ASIAI0B
Importing 'GUID: 295070c46762a4c5ab1eab345297cfce - Path: Packages/com.unity.services.core/Editor/Core/Environments/AssemblyInfo.cs - Importer: ScriptedImporter/UnityEditor.QuickSearchModule:UnityEditor.Search:ASIAI0B' with importer (ScriptedImporter : UnityEditor.QuickSearchModule:UnityEditor.Search:ASIAI0B)
Imported 'GUID: 295070c46762a4c5ab1eab345297cfce' -> (Import Result ID: 'f4b9ab0bd02d22077bffd5a55cc4f571') in 0.001 seconds [static and dynamic dependencies]. Details - ImportResultOutputID=d99361be8815293cd66b9e1e3450a453 DependenciesID=94f5531daec0304085d117822ab40a9e StaticDependenciesID=a6747ffbb0c2f95a2d0b4525c78c743a 
Number of updated asset objects reloaded before import = 0
Number of asset objects unloaded after import = 0
========================================================================
Received Import Request.
  Time of request: 2026-09-15T03:17:29.815881Z
  Time since last request: 0.000292119 seconds.
  importAddress: GUID: b8f7d0d8648483146b39b46719854c62 - Path: Packages/com.unity.services.core/Runtime/Core.Internal/Registry/HashExceptions.cs - Importer: ScriptedImporter/UnityEditor.QuickSearchModule:UnityEditor.Search:ASIAI0B
Importing 'GUID: b8f7d0d8648483146b39b46719854c62 - Path: Packages/com.unity.services.core/Runtime/Core.Internal/Registry/HashExceptions.cs - Importer: ScriptedImporter/UnityEditor.QuickSearchModule:UnityEditor.Search:ASIAI0B' with importer (ScriptedImporter : UnityEditor.QuickSearchModule:UnityEditor.Search:ASIAI0B)
Imported 'GUID: b8f7d0d8648483146b39b46719854c62' -> (Import Result ID: '92a4dd05b01beaa8f45be6024faef242') in 0.001 seconds [static and dynamic dependencies]. Details - ImportResultOutputID=efec617be1b8bd7c498a593eb03a47f7 DependenciesID=4eda1e7d1454eb09be7024d9a4b44102 StaticDependenciesID=4e6374b91ebd0a79cdb68afd8ddd48c7 
Number of updated asset objects reloaded before import = 0
Number of asset objects unloaded after import = 0
========================================================================
Received Import Request.
  Time of request: 2026-09-15T03:17:29.816979Z
  Time since last request: 0.000375756 seconds.
  importAddress: GUID: 16f24f695cc06684991baf4b1bc6ad22 - Path: Packages/com.unity.nuget.newtonsoft-json/CHANGELOG.md - Importer: ScriptedImporter/UnityEditor.QuickSearchModule:UnityEditor.Search:ASIAI0B
Importing 'GUID: 16f24f695cc06684991baf4b1bc6ad22 - Path: Packages/com.unity.nuget.newtonsoft-json/CHANGELOG.md - Importer: ScriptedImporter/UnityEditor.QuickSearchModule:UnityEditor.Search:ASIAI0B' with importer (ScriptedImporter : UnityEditor.QuickSearchModule:UnityEditor.Search:ASIAI0B)
Imported 'GUID: 16f24f695cc06684991baf4b1bc6ad22' -> (Import Result ID: 'aaea06bab2d863b61aca985e9aac12e0') in 0.001 seconds [static and dynamic dependencies]. Details - ImportResultOutputID=2e6b8bfa92607de50027b1d5cb9aae76 DependenciesID=859bcf84cab7575f095da21f61f9edd4 StaticDependenciesID=e34fb69c9dae8753c7869196b481c727 
Number of updated asset objects reloaded before import = 0
Number of asset objects unloaded after import = 1
========================================================================
Received Import Request.
  Time of request: 2026-09-15T03:17:29.818246Z
  Time since last request: 0.000320463 seconds.
  importAddress: GUID: 2023e4a317a2f4de9a18cd9ae2cb183e - Path: Packages/com.unity.services.core/Editor/Core/EditorGameService/EditorGameServiceRegistry.cs - Importer: ScriptedImporter/UnityEditor.QuickSearchModule:UnityEditor.Search:ASIAI0B
Importing 'GUID: 2023e4a317a2f4de9a18cd9ae2cb183e - Path: Packages/com.unity.services.core/Editor/Core/EditorGameService/EditorGameServiceRegistry.cs - Importer: ScriptedImporter/UnityEditor.QuickSearchModule:UnityEditor.Search:ASIAI0B' with importer (ScriptedImporter : UnityEditor.QuickSearchModule:UnityEditor.Search:ASIAI0B)
Imported 'GUID: 2023e4a317a2f4de9a18cd9ae2cb183e' -> (Import Result ID: '49d8a2d577ac29f56485f2251a4e190f') in 0.001 seconds [static and dynamic dependencies]. Details - ImportResultOutputID=c2143a5db6117040bca518598ec7c9b8 DependenciesID=8cb30b142b0930d6c95a58fc9c1e80dc StaticDependenciesID=47bdc5ec91a1e6a6bf5dc4e753233e4a 
Number of updated asset objects reloaded before import = 0
Number of asset objects unloaded after import = 0
========================================================================
Received Import Request.
  Time of request: 2026-09-15T03:17:29.819408Z
  Time since last request: 0.000323678 seconds.
  importAddress: GUID: a79f1b58272546b686d66bf708ad7adb - Path: Packages/com.unity.services.cloud-build/Editor/BuildAutomation.cs - Importer: ScriptedImporter/UnityEditor.QuickSearchModule:UnityEditor.Search:ASIAI0B
Importing 'GUID: a79f1b58272546b686d66bf708ad7adb - Path: Packages/com.unity.services.cloud-build/Editor/BuildAutomation.cs - Importer: ScriptedImporter/UnityEditor.QuickSearchModule:UnityEditor.Search:ASIAI0B' with importer (ScriptedImporter : UnityEditor.QuickSearchModule:UnityEditor.Search:ASIAI0B)
Imported 'GUID: a79f1b58272546b686d66bf708ad7adb' -> (Import Result ID: '8c2840b44946fb00b59fe507c56efce7') in 0.001 seconds [static and dynamic dependencies]. Details - ImportResultOutputID=bc4a6de2a8dd249e953f5d10e395d05d DependenciesID=50b2974c6572da5e23de2403df02efac StaticDependenciesID=c8b9df765d9267b5ee71e2a32092bb6f 
Number of updated asset objects reloaded before import = 0
Number of asset objects unloaded after import = 0
========================================================================
Received Import Request.
  Time of request: 2026-09-15T03:17:29.820562Z
  Time since last request: 0.000295615 seconds.
  importAddress: GUID: b3f9c17505224c31ae233306bb2fefee - Path: Packages/com.unity.services.core/Runtime/Core.Internal/Serialization - Importer: ScriptedImporter/UnityEditor.QuickSearchModule:UnityEditor.Search:ASIAI0B
Importing 'GUID: b3f9c17505224c31ae233306bb2fefee - Path: Packages/com.unity.services.core/Runtime/Core.Internal/Serialization - Importer: ScriptedImporter/UnityEditor.QuickSearchModule:UnityEditor.Search:ASIAI0B' with importer (ScriptedImporter : UnityEditor.QuickSearchModule:UnityEditor.Search:ASIAI0B)
Imported 'GUID: b3f9c17505224c31ae233306bb2fefee' -> (Import Result ID: 'c747681f2d07a9de1c4e659645a3a42b') in 0.001 seconds [static and dynamic dependencies]. Details - ImportResultOutputID=fc326b577cfe2512ceb9f4eaef26d323 DependenciesID=c54d55cc7f01e5e56b498bc6fadd7c08 StaticDependenciesID=d683f1024347b94d1ba915edb56913bf 
Number of updated asset objects reloaded before import = 0
Number of asset objects unloaded after import = 1
========================================================================
Received Import Request.
  Time of request: 2026-09-15T03:17:29.8216Z
  Time since last request: 0.000287109 seconds.
  importAddress: GUID: c8f15537a1ce54d2cb26811d0da5627a - Path: Packages/com.unity.services.core/Runtime/Core.Internal/Components/Authentication - Importer: ScriptedImporter/UnityEditor.QuickSearchModule:UnityEditor.Search:ASIAI0B
Importing 'GUID: c8f15537a1ce54d2cb26811d0da5627a - Path: Packages/com.unity.services.core/Runtime/Core.Internal/Components/Authentication - Importer: ScriptedImporter/UnityEditor.QuickSearchModule:UnityEditor.Search:ASIAI0B' with importer (ScriptedImporter : UnityEditor.QuickSearchModule:UnityEditor.Search:ASIAI0B)
Imported 'GUID: c8f15537a1ce54d2cb26811d0da5627a' -> (Import Result ID: 'a761bd8553ffcf47205238c2e1789e45') in 0.001 seconds [static and dynamic dependencies]. Details - ImportResultOutputID=05414608942ffffa839934284d81980d DependenciesID=b94e2629cd8f94065becaf43794feb00 StaticDependenciesID=81df1bc0e4a4d7c6bf58153541086078 
Number of updated asset objects reloaded before import = 0
Number of asset objects unloaded after import = 1
========================================================================
Received Import Request.
  Time of request: 2026-09-15T03:17:29.822607Z
  Time since last request: 0.00032989 seconds.
  importAddress: GUID: a48c00d9520247ac828ef6eca0670d2a - Path: Packages/com.unity.services.core/Editor/Core/Environments/EnvironmentDashboardUrlResolver.cs - Importer: ScriptedImporter/UnityEditor.QuickSearchModule:UnityEditor.Search:ASIAI0B
Importing 'GUID: a48c00d9520247ac828ef6eca0670d2a - Path: Packages/com.unity.services.core/Editor/Core/Environments/EnvironmentDashboardUrlResolver.cs - Importer: ScriptedImporter/UnityEditor.QuickSearchModule:UnityEditor.Search:ASIAI0B' with importer (ScriptedImporter : UnityEditor.QuickSearchModule:UnityEditor.Search:ASIAI0B)
Imported 'GUID: a48c00d9520247ac828ef6eca0670d2a' -> (Import Result ID: '7056791f7ce7a925295759f9ef0972ee') in 0.002 seconds [static and dynamic dependencies]. Details - ImportResultOutputID=774b1807f26c193b3002886506e148ff DependenciesID=c321fac225ef5788c847602cae956ea1 StaticDependenciesID=fc6e9c2c1efe7b797df2ae632cb07eac 
Number of updated asset objects reloaded before import = 0
Number of asset objects unloaded after import = 0
========================================================================
Received Import Request.
  Time of request: 2026-09-15T03:17:29.824953Z
  Time since last request: 0.000322736 seconds.
  importAddress: GUID: 2e40aad1c6102d44381ef4fceccc9388 - Path: Packages/com.unity.services.core/Runtime/Components - Importer: ScriptedImporter/UnityEditor.QuickSearchModule:UnityEditor.Search:ASIAI0B
Importing 'GUID: 2e40aad1c6102d44381ef4fceccc9388 - Path: Packages/com.unity.services.core/Runtime/Components - Importer: ScriptedImporter/UnityEditor.QuickSearchModule:UnityEditor.Search:ASIAI0B' with importer (ScriptedImporter : UnityEditor.QuickSearchModule:UnityEditor.Search:ASIAI0B)
Imported 'GUID: 2e40aad1c6102d44381ef4fceccc9388' -> (Import Result ID: '9ddf6843683b01f96b2fde4e0a252dfd') in 0.001 seconds [static and dynamic dependencies]. Details - ImportResultOutputID=90e885ec40b9272f97ec07b34214a63b DependenciesID=f55536d0d53a1f7ae99b7b8a4150baf1 StaticDependenciesID=d609bab37997cd79a3225eb34d013a81 
Number of updated asset objects reloaded before import = 0
Number of asset objects unloaded after import = 1
========================================================================
Received Import Request.
  Time of request: 2026-09-15T03:17:29.825961Z
  Time since last request: 0.000314641 seconds.
  importAddress: GUID: 30e535d05ac7fad4db50b8dfe6751c14 - Path: Packages/com.unity.services.core/Runtime/Telemetry/Diagnotstics/DisabledDiagnosticsFactory.cs - Importer: ScriptedImporter/UnityEditor.QuickSearchModule:UnityEditor.Search:ASIAI0B
Importing 'GUID: 30e535d05ac7fad4db50b8dfe6751c14 - Path: Packages/com.unity.services.core/Runtime/Telemetry/Diagnotstics/DisabledDiagnosticsFactory.cs - Importer: ScriptedImporter/UnityEditor.QuickSearchModule:UnityEditor.Search:ASIAI0B' with importer (ScriptedImporter : UnityEditor.QuickSearchModule:UnityEditor.Search:ASIAI0B)
Imported 'GUID: 30e535d05ac7fad4db50b8dfe6751c14' -> (Import Result ID: 'fa4291ec40f8cc5cb0a73d107f070bfc') in 0.001 seconds [static and dynamic dependencies]. Details - ImportResultOutputID=d08cc13aa6a4128f2e251362691e1f42 DependenciesID=bd77f47bc184f33d9bb042439b9757fb StaticDependenciesID=567d754f9c49c9fcf65771e4a9cc77c9 
Number of updated asset objects reloaded before import = 0
Number of asset objects unloaded after import = 0
========================================================================
Received Import Request.
  Time of request: 2026-09-15T03:17:29.827073Z
  Time since last request: 0.000370145 seconds.
  importAddress: GUID: ebe4630c4fee24fa99c02c62897bfcb9 - Path: Packages/com.unity.services.core/Editor/Core/EditorGameService/USS/ServicesProjectSettingsLight.uss - Importer: ScriptedImporter/UnityEditor.QuickSearchModule:UnityEditor.Search:ASIAI0B
Importing 'GUID: ebe4630c4fee24fa99c02c62897bfcb9 - Path: Packages/com.unity.services.core/Editor/Core/EditorGameService/USS/ServicesProjectSettingsLight.uss - Importer: ScriptedImporter/UnityEditor.QuickSearchModule:UnityEditor.Search:ASIAI0B' with importer (ScriptedImporter : UnityEditor.QuickSearchModule:UnityEditor.Search:ASIAI0B)
Imported 'GUID: ebe4630c4fee24fa99c02c62897bfcb9' -> (Import Result ID: 'c224030bd03bd608070e90411bef5c09') in 0.002 seconds [static and dynamic dependencies]. Details - ImportResultOutputID=db8d4e6d20cec6a4f7eeec5f3ae4d2d8 DependenciesID=be075fabd0860bace1b242c1ac49d5aa StaticDependenciesID=ca343600642ad7612de3721910a91710 
Number of updated asset objects reloaded before import = 0
Number of asset objects unloaded after import = 1
========================================================================
Received Import Request.
  Time of request: 2026-09-15T03:17:29.829339Z
  Time since last request: 0.000440678 seconds.
  importAddress: GUID: 53cd002ce2a5d4c14b53ee9ebd9a5f24 - Path: Packages/com.unity.services.core/Editor/Core/Environments/EnvironmentServiceExtensions.cs - Importer: ScriptedImporter/UnityEditor.QuickSearchModule:UnityEditor.Search:ASIAI0B
Importing 'GUID: 53cd002ce2a5d4c14b53ee9ebd9a5f24 - Path: Packages/com.unity.services.core/Editor/Core/Environments/EnvironmentServiceExtensions.cs - Importer: ScriptedImporter/UnityEditor.QuickSearchModule:UnityEditor.Search:ASIAI0B' with importer (ScriptedImporter : UnityEditor.QuickSearchModule:UnityEditor.Search:ASIAI0B)
Imported 'GUID: 53cd002ce2a5d4c14b53ee9ebd9a5f24' -> (Import Result ID: '1d0d11c4a2d74cf353864966f2505809') in 0.001 seconds [static and dynamic dependencies]. Details - ImportResultOutputID=2783a8dfe8b426b44ea212d9e91ca698 DependenciesID=64bdfc6a20d9f44d17789ad2c4f9d6b8 StaticDependenciesID=d6b7e4968d0576ebba5537e932f4cb3b 
Number of updated asset objects reloaded before import = 0
Number of asset objects unloaded after import = 0
========================================================================
Received Import Request.
  Time of request: 2026-09-15T03:17:29.830404Z
  Time since last request: 0.000269877 seconds.
  importAddress: GUID: 2ec846fa958cc4b38b0eb633a872e4f9 - Path: Packages/com.unity.services.core/Editor/Core/Environments/Client/Http/HttpException.cs - Importer: ScriptedImporter/UnityEditor.QuickSearchModule:UnityEditor.Search:ASIAI0B
Importing 'GUID: 2ec846fa958cc4b38b0eb633a872e4f9 - Path: Packages/com.unity.services.core/Editor/Core/Environments/Client/Http/HttpException.cs - Importer: ScriptedImporter/UnityEditor.QuickSearchModule:UnityEditor.Search:ASIAI0B' with importer (ScriptedImporter : UnityEditor.QuickSearchModule:UnityEditor.Search:ASIAI0B)
Imported 'GUID: 2ec846fa958cc4b38b0eb633a872e4f9' -> (Import Result ID: 'd13f20b420aaf1b8e6f130a00d1b8b0c') in 0.001 seconds [static and dynamic dependencies]. Details - ImportResultOutputID=d2cf3b2967234e3ecb114e0f675d95b9 DependenciesID=099eb74c10b79773b6aa3595615d41e8 StaticDependenciesID=e9494a5523e63b5f0a76a9974c8b5345 
Number of updated asset objects reloaded before import = 0
Number of asset objects unloaded after import = 0
========================================================================
Received Import Request.
  Time of request: 2026-09-15T03:17:29.831386Z
  Time since last request: 0.000326653 seconds.
  importAddress: GUID: 82f8d759ea41b46549f0c3a2d4165ec6 - Path: Packages/com.unity.services.core/Runtime/Core.Internal - Importer: ScriptedImporter/UnityEditor.QuickSearchModule:UnityEditor.Search:ASIAI0B
Importing 'GUID: 82f8d759ea41b46549f0c3a2d4165ec6 - Path: Packages/com.unity.services.core/Runtime/Core.Internal - Importer: ScriptedImporter/UnityEditor.QuickSearchModule:UnityEditor.Search:ASIAI0B' with importer (ScriptedImporter : UnityEditor.QuickSearchModule:UnityEditor.Search:ASIAI0B)
Imported 'GUID: 82f8d759ea41b46549f0c3a2d4165ec6' -> (Import Result ID: 'ac8b0dfb885562d463e93064fab795de') in 0.001 seconds [static and dynamic dependencies]. Details - ImportResultOutputID=0c83717db70d0be799afb8cb083debd0 DependenciesID=9f8fea053f3655fd2063783985e256ad StaticDependenciesID=003fc1800110839dcef158e5edb918f5 
Number of updated asset objects reloaded before import = 0
Number of asset objects unloaded after import = 1
========================================================================
Received Import Request.
  Time of request: 2026-09-15T03:17:29.832423Z
  Time since last request: 0.000328668 seconds.
  importAddress: GUID: f72e29316ec52467d886cfc46a18a7dd - Path: Packages/com.unity.services.core/Editor/Core/Environments/Settings/EnvironmentSettingsProvider.cs - Importer: ScriptedImporter/UnityEditor.QuickSearchModule:UnityEditor.Search:ASIAI0B
Importing 'GUID: f72e29316ec52467d886cfc46a18a7dd - Path: Packages/com.unity.services.core/Editor/Core/Environments/Settings/EnvironmentSettingsProvider.cs - Importer: ScriptedImporter/UnityEditor.QuickSearchModule:UnityEditor.Search:ASIAI0B' with importer (ScriptedImporter : UnityEditor.QuickSearchModule:UnityEditor.Search:ASIAI0B)
Imported 'GUID: f72e29316ec52467d886cfc46a18a7dd' -> (Import Result ID: 'a8505513e0073bd2cce049ad605122f7') in 0.001 seconds [static and dynamic dependencies]. Details - ImportResultOutputID=19d46e163c4cd0c02510030d20dfbb24 DependenciesID=c474b5a4369aa3547040244226b1e727 StaticDependenciesID=ed095ee36a67c94d7a6992f6eba9ed7a 
Number of updated asset objects reloaded before import = 0
Number of asset objects unloaded after import = 0
========================================================================
Received Import Request.
  Time of request: 2026-09-15T03:17:29.833552Z
  Time since last request: 0.00036196 seconds.
  importAddress: GUID: 5deae79dc61e94367a9254f488f5b89a - Path: Packages/com.unity.services.core/Runtime/Core.Internal/Registry/MissingComponent.cs - Importer: ScriptedImporter/UnityEditor.QuickSearchModule:UnityEditor.Search:ASIAI0B
Importing 'GUID: 5deae79dc61e94367a9254f488f5b89a - Path: Packages/com.unity.services.core/Runtime/Core.Internal/Registry/MissingComponent.cs - Importer: ScriptedImporter/UnityEditor.QuickSearchModule:UnityEditor.Search:ASIAI0B' with importer (ScriptedImporter : UnityEditor.QuickSearchModule:UnityEditor.Search:ASIAI0B)
Imported 'GUID: 5deae79dc61e94367a9254f488f5b89a' -> (Import Result ID: 'a0dd4647f64d7ab506728cae10604c30') in 0.001 seconds [static and dynamic dependencies]. Details - ImportResultOutputID=eecac5578827ac79114eac2af21aac82 DependenciesID=c111fb4b96cdd750d17d8feb103d1bff StaticDependenciesID=6170e733510735927b868094b6962b08 
Number of updated asset objects reloaded before import = 0
Number of asset objects unloaded after import = 0
========================================================================
Received Import Request.
  Time of request: 2026-09-15T03:17:29.834561Z
  Time since last request: 0.000305234 seconds.
  importAddress: GUID: abf176c60f5545c4e84eeca86e38a31a - Path: Packages/com.unity.services.core/Runtime/Configuration/Utils - Importer: ScriptedImporter/UnityEditor.QuickSearchModule:UnityEditor.Search:ASIAI0B
Importing 'GUID: abf176c60f5545c4e84eeca86e38a31a - Path: Packages/com.unity.services.core/Runtime/Configuration/Utils - Importer: ScriptedImporter/UnityEditor.QuickSearchModule:UnityEditor.Search:ASIAI0B' with importer (ScriptedImporter : UnityEditor.QuickSearchModule:UnityEditor.Search:ASIAI0B)
Imported 'GUID: abf176c60f5545c4e84eeca86e38a31a' -> (Import Result ID: 'c8b995d0eb61d31c5a3dc5134e1082dc') in 0.001 seconds [static and dynamic dependencies]. Details - ImportResultOutputID=a2be62ef62060a040eb677974e79ee47 DependenciesID=b43a1b8b01b709cab59ed868d8ac5db2 StaticDependenciesID=7c14eb88db33d5fbaf842b98c75b3efd 
Number of updated asset objects reloaded before import = 0
Number of asset objects unloaded after import = 1
========================================================================
Received Import Request.
  Time of request: 2026-09-15T03:17:29.835586Z
  Time since last request: 0.000306706 seconds.
  importAddress: GUID: a1ee07fd37bf943e898438344b687120 - Path: Packages/com.unity.services.core/Runtime/Core.Internal/Components/Telemetry/IMetrics.cs - Importer: ScriptedImporter/UnityEditor.QuickSearchModule:UnityEditor.Search:ASIAI0B
Importing 'GUID: a1ee07fd37bf943e898438344b687120 - Path: Packages/com.unity.services.core/Runtime/Core.Internal/Components/Telemetry/IMetrics.cs - Importer: ScriptedImporter/UnityEditor.QuickSearchModule:UnityEditor.Search:ASIAI0B' with importer (ScriptedImporter : UnityEditor.QuickSearchModule:UnityEditor.Search:ASIAI0B)
Imported 'GUID: a1ee07fd37bf943e898438344b687120' -> (Import Result ID: '96f6f1a57d21e49785a95a74a26f9767') in 0.001 seconds [static and dynamic dependencies]. Details - ImportResultOutputID=3bec598e3648a9e696aa93d3951735e8 DependenciesID=d4600432be4c5f921a2fb1a2234f6bd2 StaticDependenciesID=7676df7cbd0f919183437fe5798bb097 
Number of updated asset objects reloaded before import = 0
Number of asset objects unloaded after import = 0
========================================================================
Received Import Request.
  Time of request: 2026-09-15T03:17:29.836892Z
  Time since last request: 0.000435479 seconds.
  importAddress: GUID: d13e2a11322224f628ff4c3821929eab - Path: Packages/com.unity.services.core/Runtime/Core/Initialization/ServicesInitializationState.cs - Importer: ScriptedImporter/UnityEditor.QuickSearchModule:UnityEditor.Search:ASIAI0B
Importing 'GUID: d13e2a11322224f628ff4c3821929eab - Path: Packages/com.unity.services.core/Runtime/Core/Initialization/ServicesInitializationState.cs - Importer: ScriptedImporter/UnityEditor.QuickSearchModule:UnityEditor.Search:ASIAI0B' with importer (ScriptedImporter : UnityEditor.QuickSearchModule:UnityEditor.Search:ASIAI0B)
Imported 'GUID: d13e2a11322224f628ff4c3821929eab' -> (Import Result ID: 'cd3d191ac749903d6f42e5166a92c87e') in 0.001 seconds [static and dynamic dependencies]. Details - ImportResultOutputID=cc1afe2e4676c9a4a1dbae408e5bddb3 DependenciesID=903e2f5d1ad5520428e265fdcdba8bce StaticDependenciesID=82d2fbaadd8210711d92e56115ede043 
Number of updated asset objects reloaded before import = 0
Number of asset objects unloaded after import = 0
========================================================================
Received Import Request.
  Time of request: 2026-09-15T03:17:29.838242Z
  Time since last request: 0.000420951 seconds.
  importAddress: GUID: 55664f0782a0cb94b92e75995c309760 - Path: Packages/com.unity.services.core/Editor/Core/Status/UIService.cs - Importer: ScriptedImporter/UnityEditor.QuickSearchModule:UnityEditor.Search:ASIAI0B
Importing 'GUID: 55664f0782a0cb94b92e75995c309760 - Path: Packages/com.unity.services.core/Editor/Core/Status/UIService.cs - Importer: ScriptedImporter/UnityEditor.QuickSearchModule:UnityEditor.Search:ASIAI0B' with importer (ScriptedImporter : UnityEditor.QuickSearchModule:UnityEditor.Search:ASIAI0B)
Imported 'GUID: 55664f0782a0cb94b92e75995c309760' -> (Import Result ID: '4e021d8f410c200525f169208dd3ac89') in 0.001 seconds [static and dynamic dependencies]. Details - ImportResultOutputID=892125a213d503cd95c62466a4cf05f3 DependenciesID=f7825c2ba961923271df5e3e26de63ff StaticDependenciesID=2a323ddcc00dcc06004b2fd3c5de64f9 
Number of updated asset objects reloaded before import = 0
Number of asset objects unloaded after import = 0
========================================================================
Received Import Request.
  Time of request: 2026-09-15T03:17:29.839665Z
  Time since last request: 0.000321304 seconds.
  importAddress: GUID: 6748c66af9df6c549ad80053d28e2c86 - Path: Packages/com.unity.services.core/Editor/Core/Environments/Analytics/EnvironmentChangedParameters.cs - Importer: ScriptedImporter/UnityEditor.QuickSearchModule:UnityEditor.Search:ASIAI0B
Importing 'GUID: 6748c66af9df6c549ad80053d28e2c86 - Path: Packages/com.unity.services.core/Editor/Core/Environments/Analytics/EnvironmentChangedParameters.cs - Importer: ScriptedImporter/UnityEditor.QuickSearchModule:UnityEditor.Search:ASIAI0B' with importer (ScriptedImporter : UnityEditor.QuickSearchModule:UnityEditor.Search:ASIAI0B)
Imported 'GUID: 6748c66af9df6c549ad80053d28e2c86' -> (Import Result ID: '030de41dd9c208b5b677982819d6464e') in 0.001 seconds [static and dynamic dependencies]. Details - ImportResultOutputID=1e0ee7eb10673bc5437dc32aaf66484f DependenciesID=8542514f068de8af98e331e6190ef119 StaticDependenciesID=cc555c4a31520f426940e0539b615a79 
Number of updated asset objects reloaded before import = 0
Number of asset objects unloaded after import = 0
========================================================================
Received Import Request.
  Time of request: 2026-09-15T03:17:29.841031Z
  Time since last request: 0.000398108 seconds.
  importAddress: GUID: 16b8ddc876eddc643a2febc0a4c44823 - Path: Packages/com.unity.services.core/Editor/Core/Status/StatusService.cs - Importer: ScriptedImporter/UnityEditor.QuickSearchModule:UnityEditor.Search:ASIAI0B
Importing 'GUID: 16b8ddc876eddc643a2febc0a4c44823 - Path: Packages/com.unity.services.core/Editor/Core/Status/StatusService.cs - Importer: ScriptedImporter/UnityEditor.QuickSearchModule:UnityEditor.Search:ASIAI0B' with importer (ScriptedImporter : UnityEditor.QuickSearchModule:UnityEditor.Search:ASIAI0B)
Imported 'GUID: 16b8ddc876eddc643a2febc0a4c44823' -> (Import Result ID: '0e5557f05ea977e8011f1439c3c1c1bc') in 0.001 seconds [static and dynamic dependencies]. Details - ImportResultOutputID=1f67c9b20b82f672ab96ecfc4cff01d6 DependenciesID=783689522aa6d8923dd753c496b9232e StaticDependenciesID=8c96deda3bdfffb4254a4f95037f023e 
Number of updated asset objects reloaded before import = 0
Number of asset objects unloaded after import = 0
========================================================================
Received Import Request.
  Time of request: 2026-09-15T03:17:29.84214Z
  Time since last request: 0.000320933 seconds.
  importAddress: GUID: 33abb6adc06fe4b9cb19d7b94597ab7d - Path: Packages/com.unity.services.core/Editor/Core/Environments/Client/Apis/DefaultApiRequests.cs - Importer: ScriptedImporter/UnityEditor.QuickSearchModule:UnityEditor.Search:ASIAI0B
Importing 'GUID: 33abb6adc06fe4b9cb19d7b94597ab7d - Path: Packages/com.unity.services.core/Editor/Core/Environments/Client/Apis/DefaultApiRequests.cs - Importer: ScriptedImporter/UnityEditor.QuickSearchModule:UnityEditor.Search:ASIAI0B' with importer (ScriptedImporter : UnityEditor.QuickSearchModule:UnityEditor.Search:ASIAI0B)
Imported 'GUID: 33abb6adc06fe4b9cb19d7b94597ab7d' -> (Import Result ID: '0a071aa1d19363243b7c632255985c23') in 0.001 seconds [static and dynamic dependencies]. Details - ImportResultOutputID=79e476393430f355b9be609ae6a7a0d3 DependenciesID=550418a74b5793cf759062073f8dfe89 StaticDependenciesID=3f41bbf67adc28236173373642d21bd1 
Number of updated asset objects reloaded before import = 0
Number of asset objects unloaded after import = 0
========================================================================
Received Import Request.
  Time of request: 2026-09-15T03:17:29.843226Z
  Time since last request: 0.000379203 seconds.
  importAddress: GUID: 0958b116e385d7549a65117ca9ed24d5 - Path: Packages/com.unity.services.core/Runtime/Networking/HttpServiceConfig.cs - Importer: ScriptedImporter/UnityEditor.QuickSearchModule:UnityEditor.Search:ASIAI0B
Importing 'GUID: 0958b116e385d7549a65117ca9ed24d5 - Path: Packages/com.unity.services.core/Runtime/Networking/HttpServiceConfig.cs - Importer: ScriptedImporter/UnityEditor.QuickSearchModule:UnityEditor.Search:ASIAI0B' with importer (ScriptedImporter : UnityEditor.QuickSearchModule:UnityEditor.Search:ASIAI0B)
Imported 'GUID: 0958b116e385d7549a65117ca9ed24d5' -> (Import Result ID: '5c5092e187ad528ff388a1f34260a901') in 0.001 seconds [static and dynamic dependencies]. Details - ImportResultOutputID=e34c8dea020e2a167d6e54f69fa640c1 DependenciesID=36ab97a0084672fa3b6b0e42feb77209 StaticDependenciesID=438bcdb4c69816c0bd8ef6063bee269d 
Number of updated asset objects reloaded before import = 0
Number of asset objects unloaded after import = 0
========================================================================
Received Import Request.
  Time of request: 2026-09-15T03:17:29.853941Z
  Time since last request: 0.009853032 seconds.
  importAddress: GUID: 42a0b66a9be7b4cf589ea1f73e59d3a3 - Path: Packages/com.unity.services.core/Editor/Core/Environments/UI/Assets/EnvironmentDropdown.uss - Importer: ScriptedImporter/UnityEditor.QuickSearchModule:UnityEditor.Search:ASIAI0B
Importing 'GUID: 42a0b66a9be7b4cf589ea1f73e59d3a3 - Path: Packages/com.unity.services.core/Editor/Core/Environments/UI/Assets/EnvironmentDropdown.uss - Importer: ScriptedImporter/UnityEditor.QuickSearchModule:UnityEditor.Search:ASIAI0B' with importer (ScriptedImporter : UnityEditor.QuickSearchModule:UnityEditor.Search:ASIAI0B)
Imported 'GUID: 42a0b66a9be7b4cf589ea1f73e59d3a3' -> (Import Result ID: '2e64eb44ce91ff748f483e14f0775864') in 0.002 seconds [static and dynamic dependencies]. Details - ImportResultOutputID=f9cd3528633cbbb4b08107b6eeac7a6c DependenciesID=664c8d0ff9f17215d2cb3f633dd2ddd1 StaticDependenciesID=613704b4f9c0c59ad7b9ab646cc045c8 
Number of updated asset objects reloaded before import = 0
Number of asset objects unloaded after import = 1
========================================================================
Received Import Request.
  Time of request: 2026-09-15T03:17:29.856656Z
  Time since last request: 0.000423476 seconds.
  importAddress: GUID: fc2ccbdfc9a3458198173d731b5271ec - Path: Packages/com.unity.services.core/Runtime/Core.Internal/Registry/PackageInitializationInfo.cs - Importer: ScriptedImporter/UnityEditor.QuickSearchModule:UnityEditor.Search:ASIAI0B
Importing 'GUID: fc2ccbdfc9a3458198173d731b5271ec - Path: Packages/com.unity.services.core/Runtime/Core.Internal/Registry/PackageInitializationInfo.cs - Importer: ScriptedImporter/UnityEditor.QuickSearchModule:UnityEditor.Search:ASIAI0B' with importer (ScriptedImporter : UnityEditor.QuickSearchModule:UnityEditor.Search:ASIAI0B)
Imported 'GUID: fc2ccbdfc9a3458198173d731b5271ec' -> (Import Result ID: '4d54e77b24c85b47fee61f4e447ebbab') in 0.001 seconds [static and dynamic dependencies]. Details - ImportResultOutputID=e8428756c9f515a597f91447a5475f9e DependenciesID=92e8e78caa99eb7408f180816791e9bc StaticDependenciesID=06fc200bec0d1daabc9a31311054777c 
Number of updated asset objects reloaded before import = 0
Number of asset objects unloaded after import = 0
========================================================================
Received Import Request.
  Time of request: 2026-09-15T03:17:29.858176Z
  Time since last request: 0.000366238 seconds.
  importAddress: GUID: 777d170b02433aa45bcd8b76fed20249 - Path: Packages/com.unity.services.core/Runtime/Networking - Importer: ScriptedImporter/UnityEditor.QuickSearchModule:UnityEditor.Search:ASIAI0B
Importing 'GUID: 777d170b02433aa45bcd8b76fed20249 - Path: Packages/com.unity.services.core/Runtime/Networking - Importer: ScriptedImporter/UnityEditor.QuickSearchModule:UnityEditor.Search:ASIAI0B' with importer (ScriptedImporter : UnityEditor.QuickSearchModule:UnityEditor.Search:ASIAI0B)
Imported 'GUID: 777d170b02433aa45bcd8b76fed20249' -> (Import Result ID: 'deed74f7157dcc5a0e3d53a6036df593') in 0.001 seconds [static and dynamic dependencies]. Details - ImportResultOutputID=c7758c92ed7e4b1d0b0de210ed167b94 DependenciesID=50d10a207569f53ada977920692c24ed StaticDependenciesID=22e420fcfd7aa8b688ed48bc6e74d3b4 
Number of updated asset objects reloaded before import = 0
Number of asset objects unloaded after import = 1
========================================================================
Received Import Request.
  Time of request: 2026-09-15T03:17:29.85966Z
  Time since last request: 0.000469913 seconds.
  importAddress: GUID: 99ef0537e3a64f2a9d41d9de53451790 - Path: Packages/com.unity.services.core/Editor/Core/UiHelpers/Images - Importer: ScriptedImporter/UnityEditor.QuickSearchModule:UnityEditor.Search:ASIAI0B
Importing 'GUID: 99ef0537e3a64f2a9d41d9de53451790 - Path: Packages/com.unity.services.core/Editor/Core/UiHelpers/Images - Importer: ScriptedImporter/UnityEditor.QuickSearchModule:UnityEditor.Search:ASIAI0B' with importer (ScriptedImporter : UnityEditor.QuickSearchModule:UnityEditor.Search:ASIAI0B)
Imported 'GUID: 99ef0537e3a64f2a9d41d9de53451790' -> (Import Result ID: '0c06220fcc3da655c3032a186af824a0') in 0.001 seconds [static and dynamic dependencies]. Details - ImportResultOutputID=8d3555da2cf572b5ee3f6f7ccd5de248 DependenciesID=32f379ba857bd82cdd2256c4b30819d1 StaticDependenciesID=a2dbdf2aad427c7d3a3ab5e221ef81f5 
Number of updated asset objects reloaded before import = 0
Number of asset objects unloaded after import = 1
========================================================================
Received Import Request.
  Time of request: 2026-09-15T03:17:29.860743Z
  Time since last request: 0.000291298 seconds.
  importAddress: GUID: 7d6201bd8c7c44149b361b3df0426ba2 - Path: Packages/com.unity.services.core/Editor/Core/Telemetry/PackageConfig.cs - Importer: ScriptedImporter/UnityEditor.QuickSearchModule:UnityEditor.Search:ASIAI0B
Importing 'GUID: 7d6201bd8c7c44149b361b3df0426ba2 - Path: Packages/com.unity.services.core/Editor/Core/Telemetry/PackageConfig.cs - Importer: ScriptedImporter/UnityEditor.QuickSearchModule:UnityEditor.Search:ASIAI0B' with importer (ScriptedImporter : UnityEditor.QuickSearchModule:UnityEditor.Search:ASIAI0B)
Imported 'GUID: 7d6201bd8c7c44149b361b3df0426ba2' -> (Import Result ID: 'e333abcf6a732e24c96b7d8d8ac09210') in 0.001 seconds [static and dynamic dependencies]. Details - ImportResultOutputID=37baaa47edf85f744dcfae2296480dc9 DependenciesID=3cb2a3bfdb16415f0fcd494113e8b3e7 StaticDependenciesID=9e4112ac39efb43d4ccb17677c882d41 
Number of updated asset objects reloaded before import = 0
Number of asset objects unloaded after import = 0
========================================================================
Received Import Request.
  Time of request: 2026-09-15T03:17:29.861773Z
  Time since last request: 0.000348965 seconds.
  importAddress: GUID: faf4a0a80610544208a483c5b11fad2b - Path: Packages/com.unity.services.core/Editor/Core/Networking/ITokenExchangeUrls.cs - Importer: ScriptedImporter/UnityEditor.QuickSearchModule:UnityEditor.Search:ASIAI0B
Importing 'GUID: faf4a0a80610544208a483c5b11fad2b - Path: Packages/com.unity.services.core/Editor/Core/Networking/ITokenExchangeUrls.cs - Importer: ScriptedImporter/UnityEditor.QuickSearchModule:UnityEditor.Search:ASIAI0B' with importer (ScriptedImporter : UnityEditor.QuickSearchModule:UnityEditor.Search:ASIAI0B)
Imported 'GUID: faf4a0a80610544208a483c5b11fad2b' -> (Import Result ID: '99eb5750022e0d152128a81505c02bb0') in 0.001 seconds [static and dynamic dependencies]. Details - ImportResultOutputID=56591ddbb3705eae300a74ea02745831 DependenciesID=60cdde764222c5aa47d74b3275141321 StaticDependenciesID=13e7d726ed8d388381f467688c8e445a 
Number of updated asset objects reloaded before import = 0
Number of asset objects unloaded after import = 0
========================================================================
Received Import Request.
  Time of request: 2026-09-15T03:17:29.862783Z
  Time since last request: 0.000339037 seconds.
  importAddress: GUID: 4077802dea91b4b6d878b48b4160bd81 - Path: Packages/com.unity.services.core/Runtime/Configuration/Unity.Services.Core.Configuration.asmdef - Importer: ScriptedImporter/UnityEditor.QuickSearchModule:UnityEditor.Search:ASIAI0B
Importing 'GUID: 4077802dea91b4b6d878b48b4160bd81 - Path: Packages/com.unity.services.core/Runtime/Configuration/Unity.Services.Core.Configuration.asmdef - Importer: ScriptedImporter/UnityEditor.QuickSearchModule:UnityEditor.Search:ASIAI0B' with importer (ScriptedImporter : UnityEditor.QuickSearchModule:UnityEditor.Search:ASIAI0B)
Imported 'GUID: 4077802dea91b4b6d878b48b4160bd81' -> (Import Result ID: '31fa27b6e0fb318dd26372cd155869c0') in 0.001 seconds [static and dynamic dependencies]. Details - ImportResultOutputID=d053023426455290f92e5a94315aa18b DependenciesID=ea94611e965bfaa7d5e4897399c290f9 StaticDependenciesID=706cc822fc6cb5a6a7cc2d70cd0394bd 
Number of updated asset objects reloaded before import = 0
Number of asset objects unloaded after import = 1
========================================================================
Received Import Request.
  Time of request: 2026-09-15T03:17:29.863833Z
  Time since last request: 0.000301877 seconds.
  importAddress: GUID: 4002c4a9fbda3480eb95944a3d3a62de - Path: Packages/com.unity.services.core/Editor/Core - Importer: ScriptedImporter/UnityEditor.QuickSearchModule:UnityEditor.Search:ASIAI0B
Importing 'GUID: 4002c4a9fbda3480eb95944a3d3a62de - Path: Packages/com.unity.services.core/Editor/Core - Importer: ScriptedImporter/UnityEditor.QuickSearchModule:UnityEditor.Search:ASIAI0B' with importer (ScriptedImporter : UnityEditor.QuickSearchModule:UnityEditor.Search:ASIAI0B)
Imported 'GUID: 4002c4a9fbda3480eb95944a3d3a62de' -> (Import Result ID: '21c94dd977f73913a556b06d420d23f3') in 0.001 seconds [static and dynamic dependencies]. Details - ImportResultOutputID=476dc480d17ca8a69359b10946ddbbba DependenciesID=b8ecd561ae64968edf4b1c7e675d9cbc StaticDependenciesID=c2dd9e5990f330008a806d469613918b 
Number of updated asset objects reloaded before import = 0
Number of asset objects unloaded after import = 1
========================================================================
Received Import Request.
  Time of request: 2026-09-15T03:17:29.864861Z
  Time since last request: 0.000323188 seconds.
  importAddress: GUID: d91c06138f45d4ced92a6b23acc172b1 - Path: Packages/com.unity.services.core/Editor/Core/Environments/Client/Http - Importer: ScriptedImporter/UnityEditor.QuickSearchModule:UnityEditor.Search:ASIAI0B
Importing 'GUID: d91c06138f45d4ced92a6b23acc172b1 - Path: Packages/com.unity.services.core/Editor/Core/Environments/Client/Http - Importer: ScriptedImporter/UnityEditor.QuickSearchModule:UnityEditor.Search:ASIAI0B' with importer (ScriptedImporter : UnityEditor.QuickSearchModule:UnityEditor.Search:ASIAI0B)
Imported 'GUID: d91c06138f45d4ced92a6b23acc172b1' -> (Import Result ID: 'b939a443827438a428648827a13a0624') in 0.001 seconds [static and dynamic dependencies]. Details - ImportResultOutputID=48a11391e14eaa2b184bfc633a022a47 DependenciesID=237e140ac62809ce4e9b47a5e95eac30 StaticDependenciesID=6b04a1d6e55f8034e02e80c65f11b1ea 
Number of updated asset objects reloaded before import = 0
Number of asset objects unloaded after import = 1
========================================================================
Received Import Request.
  Time of request: 2026-09-15T03:17:29.865857Z
  Time since last request: 0.000296197 seconds.
  importAddress: GUID: 89f04f02479a446dc83d434585c13759 - Path: Packages/com.unity.services.core/Runtime/Core.Internal/Components/Authentication/IReleaseContext.cs - Importer: ScriptedImporter/UnityEditor.QuickSearchModule:UnityEditor.Search:ASIAI0B
Importing 'GUID: 89f04f02479a446dc83d434585c13759 - Path: Packages/com.unity.services.core/Runtime/Core.Internal/Components/Authentication/IReleaseContext.cs - Importer: ScriptedImporter/UnityEditor.QuickSearchModule:UnityEditor.Search:ASIAI0B' with importer (ScriptedImporter : UnityEditor.QuickSearchModule:UnityEditor.Search:ASIAI0B)
Imported 'GUID: 89f04f02479a446dc83d434585c13759' -> (Import Result ID: 'a30214f1c8681c93e64e4aaf9b5b0a02') in 0.001 seconds [static and dynamic dependencies]. Details - ImportResultOutputID=2c5c95c792621cf4d8dc8d05baf5a401 DependenciesID=b5cd56a78db9c1b790b057d976275808 StaticDependenciesID=f2d00769bb6f52c47169f5372f9b8362 
Number of updated asset objects reloaded before import = 0
Number of asset objects unloaded after import = 0
========================================================================
Received Import Request.
  Time of request: 2026-09-15T03:17:29.866873Z
  Time since last request: 0.000315964 seconds.
  importAddress: GUID: ae7633dffe64d4dbd8d058a0e330bdad - Path: Packages/com.unity.services.core/Runtime/Core.Internal/Registry/CircularDependencyException.cs - Importer: ScriptedImporter/UnityEditor.QuickSearchModule:UnityEditor.Search:ASIAI0B
Importing 'GUID: ae7633dffe64d4dbd8d058a0e330bdad - Path: Packages/com.unity.services.core/Runtime/Core.Internal/Registry/CircularDependencyException.cs - Importer: ScriptedImporter/UnityEditor.QuickSearchModule:UnityEditor.Search:ASIAI0B' with importer (ScriptedImporter : UnityEditor.QuickSearchModule:UnityEditor.Search:ASIAI0B)
Imported 'GUID: ae7633dffe64d4dbd8d058a0e330bdad' -> (Import Result ID: '858f0628b0480dbb18d2be6106065c90') in 0.001 seconds [static and dynamic dependencies]. Details - ImportResultOutputID=8e7b1d5333060598dd1239096ab39365 DependenciesID=6225f3566d8b110e0852ba661bc67c3b StaticDependenciesID=bce5a11791a7851106feabf11512e453 
Number of updated asset objects reloaded before import = 0
Number of asset objects unloaded after import = 0
========================================================================
Received Import Request.
  Time of request: 2026-09-15T03:17:29.867822Z
  Time since last request: 0.000293912 seconds.
  importAddress: GUID: a4c91e5513554fb01a0751299343057d - Path: Packages/com.unity.services.core/Editor/Core/Environments/Client/Models/UnityCreateAddressRequest.cs - Importer: ScriptedImporter/UnityEditor.QuickSearchModule:UnityEditor.Search:ASIAI0B
Importing 'GUID: a4c91e5513554fb01a0751299343057d - Path: Packages/com.unity.services.core/Editor/Core/Environments/Client/Models/UnityCreateAddressRequest.cs - Importer: ScriptedImporter/UnityEditor.QuickSearchModule:UnityEditor.Search:ASIAI0B' with importer (ScriptedImporter : UnityEditor.QuickSearchModule:UnityEditor.Search:ASIAI0B)
Imported 'GUID: a4c91e5513554fb01a0751299343057d' -> (Import Result ID: '0f1894dbebf36e7df7b7fd90e6d8bd17') in 0.001 seconds [static and dynamic dependencies]. Details - ImportResultOutputID=57f67efaab82c1e0a9cabb5303128a27 DependenciesID=65c74b1a54a7e82be8852832c961f5cf StaticDependenciesID=a19a0bf4698edc3cf4c1b3dd2d13c624 
Number of updated asset objects reloaded before import = 0
Number of asset objects unloaded after import = 0
========================================================================
Received Import Request.
  Time of request: 2026-09-15T03:17:29.868816Z
  Time since last request: 0.000274866 seconds.
  importAddress: GUID: 7c35d1c1d5e24fde8799f049b1e07535 - Path: Packages/com.unity.services.core/Runtime/Core.Internal/UnityServicesInternal.cs - Importer: ScriptedImporter/UnityEditor.QuickSearchModule:UnityEditor.Search:ASIAI0B
Importing 'GUID: 7c35d1c1d5e24fde8799f049b1e07535 - Path: Packages/com.unity.services.core/Runtime/Core.Internal/UnityServicesInternal.cs - Importer: ScriptedImporter/UnityEditor.QuickSearchModule:UnityEditor.Search:ASIAI0B' with importer (ScriptedImporter : UnityEditor.QuickSearchModule:UnityEditor.Search:ASIAI0B)
Imported 'GUID: 7c35d1c1d5e24fde8799f049b1e07535' -> (Import Result ID: 'd7891a5381ac83828366caac6cfa61a0') in 0.001 seconds [static and dynamic dependencies]. Details - ImportResultOutputID=50b94f147c2cd962b44f11df34313e02 DependenciesID=504701cc6e998603412b9a43fa588c10 StaticDependenciesID=18baec19e7ce0eeb2283958dd06145fa 
Number of updated asset objects reloaded before import = 0
Number of asset objects unloaded after import = 0
========================================================================
Received Import Request.
  Time of request: 2026-09-15T03:17:29.870068Z
  Time since last request: 0.000449505 seconds.
  importAddress: GUID: 33e7a901e7ac1483fa2833663d2357a8 - Path: Packages/com.unity.services.cloud-build/Icons/build_success.png - Importer: ScriptedImporter/UnityEditor.QuickSearchModule:UnityEditor.Search:ASIAI0B
Importing 'GUID: 33e7a901e7ac1483fa2833663d2357a8 - Path: Packages/com.unity.services.cloud-build/Icons/build_success.png - Importer: ScriptedImporter/UnityEditor.QuickSearchModule:UnityEditor.Search:ASIAI0B' with importer (ScriptedImporter : UnityEditor.QuickSearchModule:UnityEditor.Search:ASIAI0B)
Imported 'GUID: 33e7a901e7ac1483fa2833663d2357a8' -> (Import Result ID: 'd681ef6812f151a8fe87b92cf6384149') in 0.004 seconds [static and dynamic dependencies]. Details - ImportResultOutputID=88a8d620424bb3b134b9faaf7753dd7b DependenciesID=be8fb3b9e15d8db7d52a31f309a56cc5 StaticDependenciesID=510945952030126891dfd1afe330be8e 
Number of updated asset objects reloaded before import = 0
Number of asset objects unloaded after import = 1
========================================================================
Received Import Request.
  Time of request: 2026-09-15T03:17:29.874422Z
  Time since last request: 0.000397547 seconds.
  importAddress: GUID: b5b9acc8ae3746be8853dcf13eead8b3 - Path: Packages/com.unity.services.core/Editor/Core/Environments/EnvironmentsConstants.cs - Importer: ScriptedImporter/UnityEditor.QuickSearchModule:UnityEditor.Search:ASIAI0B
Importing 'GUID: b5b9acc8ae3746be8853dcf13eead8b3 - Path: Packages/com.unity.services.core/Editor/Core/Environments/EnvironmentsConstants.cs - Importer: ScriptedImporter/UnityEditor.QuickSearchModule:UnityEditor.Search:ASIAI0B' with importer (ScriptedImporter : UnityEditor.QuickSearchModule:UnityEditor.Search:ASIAI0B)
Imported 'GUID: b5b9acc8ae3746be8853dcf13eead8b3' -> (Import Result ID: '5de89010661c0bae2c3169e77a532565') in 0.001 seconds [static and dynamic dependencies]. Details - ImportResultOutputID=ba04421355f4e002766ee5adf7aa2b62 DependenciesID=fa9afcfd917153763428d52dcb2c4caf StaticDependenciesID=132f8c8852f674f8ac2a490967578a26 
Number of updated asset objects reloaded before import = 0
Number of asset objects unloaded after import = 0
========================================================================
Received Import Request.
  Time of request: 2026-09-15T03:17:29.875899Z
  Time since last request: 0.000365957 seconds.
  importAddress: GUID: 8408aeb5b11d54a55914b8fb72aa9ee1 - Path: Packages/com.unity.services.core/Editor/Core/Shared/Infrastructure/Threading - Importer: ScriptedImporter/UnityEditor.QuickSearchModule:UnityEditor.Search:ASIAI0B
Importing 'GUID: 8408aeb5b11d54a55914b8fb72aa9ee1 - Path: Packages/com.unity.services.core/Editor/Core/Shared/Infrastructure/Threading - Importer: ScriptedImporter/UnityEditor.QuickSearchModule:UnityEditor.Search:ASIAI0B' with importer (ScriptedImporter : UnityEditor.QuickSearchModule:UnityEditor.Search:ASIAI0B)
Imported 'GUID: 8408aeb5b11d54a55914b8fb72aa9ee1' -> (Import Result ID: '64d47fec16420bc5ef249d85e66f54c7') in 0.001 seconds [static and dynamic dependencies]. Details - ImportResultOutputID=d1659326a836e98a52ee4b0fb50c79c3 DependenciesID=e2504978de2ad4d068f79545d67a2788 StaticDependenciesID=66503816ed9084a885ae79793fc9444e 
Number of updated asset objects reloaded before import = 0
Number of asset objects unloaded after import = 1
========================================================================
Received Import Request.
  Time of request: 2026-09-15T03:17:29.87707Z
  Time since last request: 0.000298982 seconds.
  importAddress: GUID: 97c8f9e2402f145e0931e7786fc55e8a - Path: Packages/com.unity.services.cloud-build/Editor/Unity.Services.CloudBuild.Editor.asmdef - Importer: ScriptedImporter/UnityEditor.QuickSearchModule:UnityEditor.Search:ASIAI0B
Importing 'GUID: 97c8f9e2402f145e0931e7786fc55e8a - Path: Packages/com.unity.services.cloud-build/Editor/Unity.Services.CloudBuild.Editor.asmdef - Importer: ScriptedImporter/UnityEditor.QuickSearchModule:UnityEditor.Search:ASIAI0B' with importer (ScriptedImporter : UnityEditor.QuickSearchModule:UnityEditor.Search:ASIAI0B)
Imported 'GUID: 97c8f9e2402f145e0931e7786fc55e8a' -> (Import Result ID: '5eec116cc631205cce5fb0e1a8573500') in 0.001 seconds [static and dynamic dependencies]. Details - ImportResultOutputID=8b4003a039dfdd032169844ab19722e5 DependenciesID=30b11aa88173bd5e9fdc2b1447bb9af4 StaticDependenciesID=734916ff9bd1cf305e5d5edac4799d3d 
Number of updated asset objects reloaded before import = 0
Number of asset objects unloaded after import = 1
========================================================================
Received Import Request.
  Time of request: 2026-09-15T03:17:29.878213Z
  Time since last request: 0.00034071 seconds.
  importAddress: GUID: 0bc8e9caca4bdda47b00919ec0a338cd - Path: Packages/com.unity.services.core/Editor/Core/Utils/PackageInfoNameComparer.cs - Importer: ScriptedImporter/UnityEditor.QuickSearchModule:UnityEditor.Search:ASIAI0B
Importing 'GUID: 0bc8e9caca4bdda47b00919ec0a338cd - Path: Packages/com.unity.services.core/Editor/Core/Utils/PackageInfoNameComparer.cs - Importer: ScriptedImporter/UnityEditor.QuickSearchModule:UnityEditor.Search:ASIAI0B' with importer (ScriptedImporter : UnityEditor.QuickSearchModule:UnityEditor.Search:ASIAI0B)
Imported 'GUID: 0bc8e9caca4bdda47b00919ec0a338cd' -> (Import Result ID: '5f3b5479c3d6edf2e382c64ca96e42a0') in 0.001 seconds [static and dynamic dependencies]. Details - ImportResultOutputID=cc0447e1b5856b691d1b855e91596cf4 DependenciesID=c6be3f6256c1168fd2e43177233b1da3 StaticDependenciesID=7924669e7c633392f59370aaf801d723 
Number of updated asset objects reloaded before import = 0
Number of asset objects unloaded after import = 0
========================================================================
Received Import Request.
  Time of request: 2026-09-15T03:17:29.879567Z
  Time since last request: 0.000411763 seconds.
  importAddress: GUID: b4fc3055cf6dc4fafbc6b9127838f447 - Path: Packages/com.unity.services.core/Editor/Core/Shared/UI - Importer: ScriptedImporter/UnityEditor.QuickSearchModule:UnityEditor.Search:ASIAI0B
Importing 'GUID: b4fc3055cf6dc4fafbc6b9127838f447 - Path: Packages/com.unity.services.core/Editor/Core/Shared/UI - Importer: ScriptedImporter/UnityEditor.QuickSearchModule:UnityEditor.Search:ASIAI0B' with importer (ScriptedImporter : UnityEditor.QuickSearchModule:UnityEditor.Search:ASIAI0B)
Imported 'GUID: b4fc3055cf6dc4fafbc6b9127838f447' -> (Import Result ID: 'a8f80326568ff1b08675ec71cabf39cb') in 0.001 seconds [static and dynamic dependencies]. Details - ImportResultOutputID=87c506ac478ee8571964381b0e066ccb DependenciesID=ade5ac086e7f0b87cf88c406b40a3217 StaticDependenciesID=157b9e030aa586e7bd5487b70a27c36b 
Number of updated asset objects reloaded before import = 0
Number of asset objects unloaded after import = 1
========================================================================
Received Import Request.
  Time of request: 2026-09-15T03:17:29.880743Z
  Time since last request: 0.000489129 seconds.
  importAddress: GUID: d52fc50de5fd24b4e84566bc8a9c1b3b - Path: Packages/com.unity.services.core/Runtime/Core.Internal/Registry/PackageRegistry/LockedPackageRegistry.cs - Importer: ScriptedImporter/UnityEditor.QuickSearchModule:UnityEditor.Search:ASIAI0B
Importing 'GUID: d52fc50de5fd24b4e84566bc8a9c1b3b - Path: Packages/com.unity.services.core/Runtime/Core.Internal/Registry/PackageRegistry/LockedPackageRegistry.cs - Importer: ScriptedImporter/UnityEditor.QuickSearchModule:UnityEditor.Search:ASIAI0B' with importer (ScriptedImporter : UnityEditor.QuickSearchModule:UnityEditor.Search:ASIAI0B)
Imported 'GUID: d52fc50de5fd24b4e84566bc8a9c1b3b' -> (Import Result ID: 'f45469f386a43ad322443ea79cfdbfe7') in 0.001 seconds [static and dynamic dependencies]. Details - ImportResultOutputID=acde4ed75beeb9f01d467e212fecff20 DependenciesID=c86049e650f803cf2e26109ef72724ad StaticDependenciesID=048241be83671195f42119b5b7e77fb4 
Number of updated asset objects reloaded before import = 0
Number of asset objects unloaded after import = 0
========================================================================
Received Import Request.
  Time of request: 2026-09-15T03:17:29.881959Z
  Time since last request: 0.000446028 seconds.
  importAddress: GUID: bf8f2b8e3bc44b35aab99205aabf641b - Path: Packages/com.unity.services.core/Editor/Core/EditorGameService/EditorGameServiceRemoteConfiguration.cs - Importer: ScriptedImporter/UnityEditor.QuickSearchModule:UnityEditor.Search:ASIAI0B
Importing 'GUID: bf8f2b8e3bc44b35aab99205aabf641b - Path: Packages/com.unity.services.core/Editor/Core/EditorGameService/EditorGameServiceRemoteConfiguration.cs - Importer: ScriptedImporter/UnityEditor.QuickSearchModule:UnityEditor.Search:ASIAI0B' with importer (ScriptedImporter : UnityEditor.QuickSearchModule:UnityEditor.Search:ASIAI0B)
Imported 'GUID: bf8f2b8e3bc44b35aab99205aabf641b' -> (Import Result ID: '41294a9fbb1b2932a13c369d3e079be9') in 0.001 seconds [static and dynamic dependencies]. Details - ImportResultOutputID=2fb4e4b9b2c75c201c7aad51bb5c8c34 DependenciesID=5abf6d574e4a1ba75f9d2de54a2825d2 StaticDependenciesID=fc46422f08de3ba67888c4e918c7b807 
Number of updated asset objects reloaded before import = 0
Number of asset objects unloaded after import = 0
========================================================================
Received Import Request.
  Time of request: 2026-09-15T03:17:29.883067Z
  Time since last request: 0.000365096 seconds.
  importAddress: GUID: 2708ee7c890e4d799083ce8771a5619a - Path: Packages/com.unity.services.core/Runtime/Core.Internal/Telemetry/CoreMetrics.cs - Importer: ScriptedImporter/UnityEditor.QuickSearchModule:UnityEditor.Search:ASIAI0B
Importing 'GUID: 2708ee7c890e4d799083ce8771a5619a - Path: Packages/com.unity.services.core/Runtime/Core.Internal/Telemetry/CoreMetrics.cs - Importer: ScriptedImporter/UnityEditor.QuickSearchModule:UnityEditor.Search:ASIAI0B' with importer (ScriptedImporter : UnityEditor.QuickSearchModule:UnityEditor.Search:ASIAI0B)
Imported 'GUID: 2708ee7c890e4d799083ce8771a5619a' -> (Import Result ID: 'fc2cc026cf05713a77d0d4d3b1e749cf') in 0.001 seconds [static and dynamic dependencies]. Details - ImportResultOutputID=fdc822299e22e5c54ac65a75328b6777 DependenciesID=39be25b4f97df2387ee0cde1c2a6174e StaticDependenciesID=caddc2da146fcbe79b792dfd9cfb19c6 
Number of updated asset objects reloaded before import = 0
Number of asset objects unloaded after import = 0
========================================================================
Received Import Request.
  Time of request: 2026-09-15T03:17:29.88428Z
  Time since last request: 0.000518795 seconds.
  importAddress: GUID: 24efe08f95549ab4699df4c1b55703e5 - Path: Packages/com.unity.nuget.newtonsoft-json/LICENSE.md - Importer: ScriptedImporter/UnityEditor.QuickSearchModule:UnityEditor.Search:ASIAI0B
Importing 'GUID: 24efe08f95549ab4699df4c1b55703e5 - Path: Packages/com.unity.nuget.newtonsoft-json/LICENSE.md - Importer: ScriptedImporter/UnityEditor.QuickSearchModule:UnityEditor.Search:ASIAI0B' with importer (ScriptedImporter : UnityEditor.QuickSearchModule:UnityEditor.Search:ASIAI0B)
Imported 'GUID: 24efe08f95549ab4699df4c1b55703e5' -> (Import Result ID: '8ab14ecca8b04ec463f897cebe11d81b') in 0.001 seconds [static and dynamic dependencies]. Details - ImportResultOutputID=a9c78ddd6b4c61f663c8f85989bb3d6d DependenciesID=b97972db2d7714077f5d0f893e3d3017 StaticDependenciesID=49b42d0c4d7cbca85f5313674e0a976b 
Number of updated asset objects reloaded before import = 0
Number of asset objects unloaded after import = 1
========================================================================
Received Import Request.
  Time of request: 2026-09-15T03:17:29.885404Z
  Time since last request: 0.000356891 seconds.
  importAddress: GUID: f7fdd725538d4f34a1c741ad04892607 - Path: Packages/com.unity.services.core/Editor/Core/Environments/EnvironmentProvider.cs - Importer: ScriptedImporter/UnityEditor.QuickSearchModule:UnityEditor.Search:ASIAI0B
Importing 'GUID: f7fdd725538d4f34a1c741ad04892607 - Path: Packages/com.unity.services.core/Editor/Core/Environments/EnvironmentProvider.cs - Importer: ScriptedImporter/UnityEditor.QuickSearchModule:UnityEditor.Search:ASIAI0B' with importer (ScriptedImporter : UnityEditor.QuickSearchModule:UnityEditor.Search:ASIAI0B)
Imported 'GUID: f7fdd725538d4f34a1c741ad04892607' -> (Import Result ID: '342267581b8203a942bc75b59d391b68') in 0.001 seconds [static and dynamic dependencies]. Details - ImportResultOutputID=91f35b7be568313d207e2fd5adb46378 DependenciesID=f56d1535f32e6fc996711a98c731a67b StaticDependenciesID=fe1e2f0a04b41e363906cc6aa6eec928 
Number of updated asset objects reloaded before import = 0
Number of asset objects unloaded after import = 0
========================================================================
Received Import Request.
  Time of request: 2026-09-15T03:17:29.886501Z
  Time since last request: 0.000272592 seconds.
  importAddress: GUID: 5f53bfe242dd84ea1975e05f5a30c390 - Path: Packages/com.unity.services.core/Editor/Core/UiHelpers/UXML/Offline.uxml - Importer: ScriptedImporter/UnityEditor.QuickSearchModule:UnityEditor.Search:ASIAI0B
Importing 'GUID: 5f53bfe242dd84ea1975e05f5a30c390 - Path: Packages/com.unity.services.core/Editor/Core/UiHelpers/UXML/Offline.uxml - Importer: ScriptedImporter/UnityEditor.QuickSearchModule:UnityEditor.Search:ASIAI0B' with importer (ScriptedImporter : UnityEditor.QuickSearchModule:UnityEditor.Search:ASIAI0B)
Imported 'GUID: 5f53bfe242dd84ea1975e05f5a30c390' -> (Import Result ID: '5b8bba2610ad611b03493ccd1575db4d') in 0.003 seconds [static and dynamic dependencies]. Details - ImportResultOutputID=b700d4c54eabf3bd752edb7938038ff3 DependenciesID=943aadbb899b9522a5199287eafea8ae StaticDependenciesID=13cf2f123798dd0ac9ffe143b42561fc 
Number of updated asset objects reloaded before import = 0
Number of asset objects unloaded after import = 2
========================================================================
Received Import Request.
  Time of request: 2026-09-15T03:17:29.889763Z
  Time since last request: 0.000298591 seconds.
  importAddress: GUID: f240a8865faf4b84bb04a91809f52b73 - Path: Packages/com.unity.services.core/Editor/Core/Status/StatusInitializer.cs - Importer: ScriptedImporter/UnityEditor.QuickSearchModule:UnityEditor.Search:ASIAI0B
Importing 'GUID: f240a8865faf4b84bb04a91809f52b73 - Path: Packages/com.unity.services.core/Editor/Core/Status/StatusInitializer.cs - Importer: ScriptedImporter/UnityEditor.QuickSearchModule:UnityEditor.Search:ASIAI0B' with importer (ScriptedImporter : UnityEditor.QuickSearchModule:UnityEditor.Search:ASIAI0B)
Imported 'GUID: f240a8865faf4b84bb04a91809f52b73' -> (Import Result ID: '9aed00d2a92907e1ebe714ed1f275309') in 0.001 seconds [static and dynamic dependencies]. Details - ImportResultOutputID=4a0df58b0e5539fdc61036f2057cef47 DependenciesID=0d63e9e892c5a797c94a117304952a1e StaticDependenciesID=f45a8b68fa370c64a5c13de5b7347ca6 
Number of updated asset objects reloaded before import = 0
Number of asset objects unloaded after import = 0
========================================================================
Received Import Request.
  Time of request: 2026-09-15T03:17:29.891064Z
  Time since last request: 0.000329368 seconds.
  importAddress: GUID: bd40d4e7b0caa413181d77211ac8ba73 - Path: Packages/com.unity.services.core/Editor/Core/Environments/Client/Models/UnityUserOrganizationsV1.cs - Importer: ScriptedImporter/UnityEditor.QuickSearchModule:UnityEditor.Search:ASIAI0B
Importing 'GUID: bd40d4e7b0caa413181d77211ac8ba73 - Path: Packages/com.unity.services.core/Editor/Core/Environments/Client/Models/UnityUserOrganizationsV1.cs - Importer: ScriptedImporter/UnityEditor.QuickSearchModule:UnityEditor.Search:ASIAI0B' with importer (ScriptedImporter : UnityEditor.QuickSearchModule:UnityEditor.Search:ASIAI0B)
Imported 'GUID: bd40d4e7b0caa413181d77211ac8ba73' -> (Import Result ID: '1e7f84acf471600a5463f7bbcf992379') in 0.001 seconds [static and dynamic dependencies]. Details - ImportResultOutputID=315172c9dc4979e71c02f729e6191b78 DependenciesID=f0c471206ee19062370c207fb430ece3 StaticDependenciesID=99c1079c0e170b17f1d4a2c262612f4f 
Number of updated asset objects reloaded before import = 0
Number of asset objects unloaded after import = 0
========================================================================
Received Import Request.
  Time of request: 2026-09-15T03:17:29.8923Z
  Time since last request: 0.000406915 seconds.
  importAddress: GUID: 3eaf2948647a0473b97292a1213cb455 - Path: Packages/com.unity.services.core/Editor/Core/Environments/UI/EnvironmentView.cs - Importer: ScriptedImporter/UnityEditor.QuickSearchModule:UnityEditor.Search:ASIAI0B
Importing 'GUID: 3eaf2948647a0473b97292a1213cb455 - Path: Packages/com.unity.services.core/Editor/Core/Environments/UI/EnvironmentView.cs - Importer: ScriptedImporter/UnityEditor.QuickSearchModule:UnityEditor.Search:ASIAI0B' with importer (ScriptedImporter : UnityEditor.QuickSearchModule:UnityEditor.Search:ASIAI0B)
Imported 'GUID: 3eaf2948647a0473b97292a1213cb455' -> (Import Result ID: 'c336ffd3c72781747edab096bf8f43fd') in 0.001 seconds [static and dynamic dependencies]. Details - ImportResultOutputID=2b660cf584b0d73338b04076f8810478 DependenciesID=9948f41ff7b25980b02d324c1e326d3f StaticDependenciesID=6642d0985f057b228ee630bb76e95511 
Number of updated asset objects reloaded before import = 0
Number of asset objects unloaded after import = 0
========================================================================
Received Import Request.
  Time of request: 2026-09-15T03:17:29.893676Z
  Time since last request: 0.000334959 seconds.
  importAddress: GUID: bd7e6274acbab4651a963ac09daf6dd8 - Path: Packages/com.unity.services.cloud-build/CHANGELOG.md - Importer: ScriptedImporter/UnityEditor.QuickSearchModule:UnityEditor.Search:ASIAI0B
Importing 'GUID: bd7e6274acbab4651a963ac09daf6dd8 - Path: Packages/com.unity.services.cloud-build/CHANGELOG.md - Importer: ScriptedImporter/UnityEditor.QuickSearchModule:UnityEditor.Search:ASIAI0B' with importer (ScriptedImporter : UnityEditor.QuickSearchModule:UnityEditor.Search:ASIAI0B)
Imported 'GUID: bd7e6274acbab4651a963ac09daf6dd8' -> (Import Result ID: '30f2b084d822c28bcddf729272589b3b') in 0.001 seconds [static and dynamic dependencies]. Details - ImportResultOutputID=4dba4d887f7b6cdc03670a7b4235f9d7 DependenciesID=a5018296dd63a7ab0e0b72d4d8de9e86 StaticDependenciesID=55e4a8ac4b396e9639b0036b02fe51a6 
Number of updated asset objects reloaded before import = 0
Number of asset objects unloaded after import = 1
========================================================================
Received Import Request.
  Time of request: 2026-09-15T03:17:29.895303Z
  Time since last request: 0.000734119 seconds.
  importAddress: GUID: a54f157b6c0e94cd898f9480461ce2a4 - Path: Packages/com.unity.services.cloud-build/Icons/build_failed.png - Importer: ScriptedImporter/UnityEditor.QuickSearchModule:UnityEditor.Search:ASIAI0B
Importing 'GUID: a54f157b6c0e94cd898f9480461ce2a4 - Path: Packages/com.unity.services.cloud-build/Icons/build_failed.png - Importer: ScriptedImporter/UnityEditor.QuickSearchModule:UnityEditor.Search:ASIAI0B' with importer (ScriptedImporter : UnityEditor.QuickSearchModule:UnityEditor.Search:ASIAI0B)
Imported 'GUID: a54f157b6c0e94cd898f9480461ce2a4' -> (Import Result ID: 'ce846a9540b6f3ceda39af909daf8f61') in 0.002 seconds [static and dynamic dependencies]. Details - ImportResultOutputID=dfa3c0ad8e28d5e3b06cbb54ac320100 DependenciesID=338b5fde9f60fd9dd6383de4872f4287 StaticDependenciesID=201972ed98cdd0d481ee5a03f32600fd 
Number of updated asset objects reloaded before import = 0
Number of asset objects unloaded after import = 1
========================================================================
Received Import Request.
  Time of request: 2026-09-15T03:17:29.898223Z
  Time since last request: 0.000346972 seconds.
  importAddress: GUID: 2bc7ece372a03404394756573e450dd0 - Path: Packages/com.unity.services.core/Runtime/Telemetry/Metrics/DisabledMetricsFactory.cs - Importer: ScriptedImporter/UnityEditor.QuickSearchModule:UnityEditor.Search:ASIAI0B
Importing 'GUID: 2bc7ece372a03404394756573e450dd0 - Path: Packages/com.unity.services.core/Runtime/Telemetry/Metrics/DisabledMetricsFactory.cs - Importer: ScriptedImporter/UnityEditor.QuickSearchModule:UnityEditor.Search:ASIAI0B' with importer (ScriptedImporter : UnityEditor.QuickSearchModule:UnityEditor.Search:ASIAI0B)
Imported 'GUID: 2bc7ece372a03404394756573e450dd0' -> (Import Result ID: '25305ab3b5aa85e023b8f01dad87ca5a') in 0.001 seconds [static and dynamic dependencies]. Details - ImportResultOutputID=66249e4c70eb85b49b0e63bdeb2ff517 DependenciesID=dfb4b59b9b2b285c720fe202b7a8f981 StaticDependenciesID=4bcf71e12574818855bc9ec351535f79 
Number of updated asset objects reloaded before import = 0
Number of asset objects unloaded after import = 0
========================================================================
Received Import Request.
  Time of request: 2026-09-15T03:17:29.899841Z
  Time since last request: 0.000348905 seconds.
  importAddress: GUID: 214ea477768244a55b47fcbb0d16f0ea - Path: Packages/com.unity.services.core/Editor/Core/Networking/ProductionTokenExchangeUrls.cs - Importer: ScriptedImporter/UnityEditor.QuickSearchModule:UnityEditor.Search:ASIAI0B
Importing 'GUID: 214ea477768244a55b47fcbb0d16f0ea - Path: Packages/com.unity.services.core/Editor/Core/Networking/ProductionTokenExchangeUrls.cs - Importer: ScriptedImporter/UnityEditor.QuickSearchModule:UnityEditor.Search:ASIAI0B' with importer (ScriptedImporter : UnityEditor.QuickSearchModule:UnityEditor.Search:ASIAI0B)
Imported 'GUID: 214ea477768244a55b47fcbb0d16f0ea' -> (Import Result ID: '2507bc1b74e32ba7fce317564baaff60') in 0.001 seconds [static and dynamic dependencies]. Details - ImportResultOutputID=6205730c14fa84183a4bff83fc3ddd6c DependenciesID=dd70e5e2a9a675ea8877230dd07e80e3 StaticDependenciesID=7d6f5b368fbd9472bf490bc951701b89 
Number of updated asset objects reloaded before import = 0
Number of asset objects unloaded after import = 0
========================================================================
Received Import Request.
  Time of request: 2026-09-15T03:17:29.901321Z
  Time since last request: 0.000301026 seconds.
  importAddress: GUID: c1df5f08648744a8a1247b4f31570169 - Path: Packages/com.unity.services.core/Editor/Core/Environments/Save/IEnvironmentSaveSystem.cs - Importer: ScriptedImporter/UnityEditor.QuickSearchModule:UnityEditor.Search:ASIAI0B
Importing 'GUID: c1df5f08648744a8a1247b4f31570169 - Path: Packages/com.unity.services.core/Editor/Core/Environments/Save/IEnvironmentSaveSystem.cs - Importer: ScriptedImporter/UnityEditor.QuickSearchModule:UnityEditor.Search:ASIAI0B' with importer (ScriptedImporter : UnityEditor.QuickSearchModule:UnityEditor.Search:ASIAI0B)
Imported 'GUID: c1df5f08648744a8a1247b4f31570169' -> (Import Result ID: '78579ccebc0038e09281d157343c1357') in 0.001 seconds [static and dynamic dependencies]. Details - ImportResultOutputID=a9d0bfcfaaf058ee564217b7abe64548 DependenciesID=c2aa7daf1e4ee1f05bf0e01945c168eb StaticDependenciesID=f446ca16e93e39dbb17b53ed0b56b799 
Number of updated asset objects reloaded before import = 0
Number of asset objects unloaded after import = 0
========================================================================
Received Import Request.
  Time of request: 2026-09-15T03:17:29.902749Z
  Time since last request: 0.000305263 seconds.
  importAddress: GUID: 30648dc766559254d8ef3209219478ab - Path: Packages/com.unity.services.core/Runtime/Telemetry/Diagnotstics/DisabledDiagnostics.cs - Importer: ScriptedImporter/UnityEditor.QuickSearchModule:UnityEditor.Search:ASIAI0B
Importing 'GUID: 30648dc766559254d8ef3209219478ab - Path: Packages/com.unity.services.core/Runtime/Telemetry/Diagnotstics/DisabledDiagnostics.cs - Importer: ScriptedImporter/UnityEditor.QuickSearchModule:UnityEditor.Search:ASIAI0B' with importer (ScriptedImporter : UnityEditor.QuickSearchModule:UnityEditor.Search:ASIAI0B)
Imported 'GUID: 30648dc766559254d8ef3209219478ab' -> (Import Result ID: 'd0a74512f14718a20f98b49f59ffa2ea') in 0.001 seconds [static and dynamic dependencies]. Details - ImportResultOutputID=a890b6d96ceeaa4c5c8d3b72b8cf7179 DependenciesID=0b94d999a8bbdb4c2feedfaa57f73d54 StaticDependenciesID=37480bd27922ae85599b0516c10cfa50 
Number of updated asset objects reloaded before import = 0
Number of asset objects unloaded after import = 0
========================================================================
Received Import Request.
  Time of request: 2026-09-15T03:17:29.903895Z
  Time since last request: 0.000364725 seconds.
  importAddress: GUID: 973daa486f51c45fab6cbd0a82a6dec7 - Path: Packages/com.unity.services.core/Runtime/Environments/Unity.Services.Core.Environments.api - Importer: ScriptedImporter/UnityEditor.QuickSearchModule:UnityEditor.Search:ASIAI0B
Importing 'GUID: 973daa486f51c45fab6cbd0a82a6dec7 - Path: Packages/com.unity.services.core/Runtime/Environments/Unity.Services.Core.Environments.api - Importer: ScriptedImporter/UnityEditor.QuickSearchModule:UnityEditor.Search:ASIAI0B' with importer (ScriptedImporter : UnityEditor.QuickSearchModule:UnityEditor.Search:ASIAI0B)
Imported 'GUID: 973daa486f51c45fab6cbd0a82a6dec7' -> (Import Result ID: 'bc64d5421b25326b4b8e0897a2eb5092') in 0.001 seconds [static and dynamic dependencies]. Details - ImportResultOutputID=1f6a8c5ddf408ec3316fafc68521a70f DependenciesID=bb32c4a56ad3b6a8584153aa80375053 StaticDependenciesID=3890b8ed6fa30fb300c549239d5abaaa 
Number of updated asset objects reloaded before import = 0
Number of asset objects unloaded after import = 1
========================================================================
Received Import Request.
  Time of request: 2026-09-15T03:17:29.905144Z
  Time since last request: 0.000344017 seconds.
  importAddress: GUID: 424c109c039b23a469d7e72a2a76e122 - Path: Packages/com.unity.services.core/Runtime/Threading/Unity.Services.Core.Threading.asmdef - Importer: ScriptedImporter/UnityEditor.QuickSearchModule:UnityEditor.Search:ASIAI0B
Importing 'GUID: 424c109c039b23a469d7e72a2a76e122 - Path: Packages/com.unity.services.core/Runtime/Threading/Unity.Services.Core.Threading.asmdef - Importer: ScriptedImporter/UnityEditor.QuickSearchModule:UnityEditor.Search:ASIAI0B' with importer (ScriptedImporter : UnityEditor.QuickSearchModule:UnityEditor.Search:ASIAI0B)
Imported 'GUID: 424c109c039b23a469d7e72a2a76e122' -> (Import Result ID: 'b04aec681a5af0a6a1fbe551dbf7d01e') in 0.002 seconds [static and dynamic dependencies]. Details - ImportResultOutputID=66013ab6fc42a537bd8dc3cf24dc9bfd DependenciesID=ce2c45f6a5759a0de65a6a24083f6995 StaticDependenciesID=7c690c00b69a9eabfe450e38c3237ae8 
Number of updated asset objects reloaded before import = 0
Number of asset objects unloaded after import = 1
========================================================================
Received Import Request.
  Time of request: 2026-09-15T03:17:29.908246Z
  Time since last request: 0.000550815 seconds.
  importAddress: GUID: c3ea97ea17d794d399434834be23ac62 - Path: Packages/com.unity.services.core/Editor/Core/ProjectBindRedirect/UXML/ProjectBindRedirectContent.uxml - Importer: ScriptedImporter/UnityEditor.QuickSearchModule:UnityEditor.Search:ASIAI0B
Importing 'GUID: c3ea97ea17d794d399434834be23ac62 - Path: Packages/com.unity.services.core/Editor/Core/ProjectBindRedirect/UXML/ProjectBindRedirectContent.uxml - Importer: ScriptedImporter/UnityEditor.QuickSearchModule:UnityEditor.Search:ASIAI0B' with importer (ScriptedImporter : UnityEditor.QuickSearchModule:UnityEditor.Search:ASIAI0B)
Imported 'GUID: c3ea97ea17d794d399434834be23ac62' -> (Import Result ID: '810853434641a1d83a13bae4defbc8ea') in 0.004 seconds [static and dynamic dependencies]. Details - ImportResultOutputID=80843aba77547a46098dd47c92e3f417 DependenciesID=2e4cdd4f52c91c1a20897ff141a3453d StaticDependenciesID=0a159a8a22acd1e7a4487c78b2c41cd7 
Number of updated asset objects reloaded before import = 0
Number of asset objects unloaded after import = 2
========================================================================
Received Import Request.
  Time of request: 2026-09-15T03:17:29.912379Z
  Time since last request: 0.000423575 seconds.
  importAddress: GUID: 45a8391028b654c9da024530f58b9c2d - Path: Packages/com.unity.services.core/Runtime/Device/EngineInstallationId.cs - Importer: ScriptedImporter/UnityEditor.QuickSearchModule:UnityEditor.Search:ASIAI0B
Importing 'GUID: 45a8391028b654c9da024530f58b9c2d - Path: Packages/com.unity.services.core/Runtime/Device/EngineInstallationId.cs - Importer: ScriptedImporter/UnityEditor.QuickSearchModule:UnityEditor.Search:ASIAI0B' with importer (ScriptedImporter : UnityEditor.QuickSearchModule:UnityEditor.Search:ASIAI0B)
Imported 'GUID: 45a8391028b654c9da024530f58b9c2d' -> (Import Result ID: 'b6997983dd657e27009077a5eb41dcb6') in 0.001 seconds [static and dynamic dependencies]. Details - ImportResultOutputID=152fc2b483c2fdc4631245b0c304345c DependenciesID=084b87063730db2c505098480e6e55ef StaticDependenciesID=1e9bc3ee502248e4fe23342c4e1a7aba 
Number of updated asset objects reloaded before import = 0
Number of asset objects unloaded after import = 0
========================================================================
Received Import Request.
  Time of request: 2026-09-15T03:17:29.914038Z
  Time since last request: 0.000446218 seconds.
  importAddress: GUID: 368c9397c0c824135971fff9f031ce88 - Path: Packages/com.unity.services.core/Editor/Core/Shared/Infrastructure/IO - Importer: ScriptedImporter/UnityEditor.QuickSearchModule:UnityEditor.Search:ASIAI0B
Importing 'GUID: 368c9397c0c824135971fff9f031ce88 - Path: Packages/com.unity.services.core/Editor/Core/Shared/Infrastructure/IO - Importer: ScriptedImporter/UnityEditor.QuickSearchModule:UnityEditor.Search:ASIAI0B' with importer (ScriptedImporter : UnityEditor.QuickSearchModule:UnityEditor.Search:ASIAI0B)
Imported 'GUID: 368c9397c0c824135971fff9f031ce88' -> (Import Result ID: 'f0392eefcde8ea01e82b9074c112e250') in 0.001 seconds [static and dynamic dependencies]. Details - ImportResultOutputID=791b7ec2ad25209bdb196d0e6cce11e9 DependenciesID=7a952bfdfd185085eec5fc3ae91f95db StaticDependenciesID=70869fa14636aa4077ce1ae6abf4b292 
Number of updated asset objects reloaded before import = 0
Number of asset objects unloaded after import = 1
========================================================================
Received Import Request.
  Time of request: 2026-09-15T03:17:29.916331Z
  Time since last request: 0.000987615 seconds.
  importAddress: GUID: 3330907631d21584281522898e9028cd - Path: Packages/com.unity.services.core/Runtime/Telemetry/Diagnotstics - Importer: ScriptedImporter/UnityEditor.QuickSearchModule:UnityEditor.Search:ASIAI0B
Importing 'GUID: 3330907631d21584281522898e9028cd - Path: Packages/com.unity.services.core/Runtime/Telemetry/Diagnotstics - Importer: ScriptedImporter/UnityEditor.QuickSearchModule:UnityEditor.Search:ASIAI0B' with importer (ScriptedImporter : UnityEditor.QuickSearchModule:UnityEditor.Search:ASIAI0B)
Imported 'GUID: 3330907631d21584281522898e9028cd' -> (Import Result ID: 'e6a221cf283d8def60ce2c0ab5464469') in 0.001 seconds [static and dynamic dependencies]. Details - ImportResultOutputID=daa2a7d114e44efcb6a5d57c8b074798 DependenciesID=7d66613744c0a3d6c0e7a5c197e5cf81 StaticDependenciesID=431fc4837aa3f9c24c77aea72eacdcc8 
Number of updated asset objects reloaded before import = 0
Number of asset objects unloaded after import = 1
========================================================================
Received Import Request.
  Time of request: 2026-09-15T03:17:29.91818Z
  Time since last request: 0.000366839 seconds.
  importAddress: GUID: d1aaa2c8d018a423bbcabba266db7cc4 - Path: Packages/com.unity.services.core/Editor/Core/Shared/DependencyInversion/IServiceFactory.Gen.cs - Importer: ScriptedImporter/UnityEditor.QuickSearchModule:UnityEditor.Search:ASIAI0B
Importing 'GUID: d1aaa2c8d018a423bbcabba266db7cc4 - Path: Packages/com.unity.services.core/Editor/Core/Shared/DependencyInversion/IServiceFactory.Gen.cs - Importer: ScriptedImporter/UnityEditor.QuickSearchModule:UnityEditor.Search:ASIAI0B' with importer (ScriptedImporter : UnityEditor.QuickSearchModule:UnityEditor.Search:ASIAI0B)
Imported 'GUID: d1aaa2c8d018a423bbcabba266db7cc4' -> (Import Result ID: '0757e983d6756b7d4be32e43eca127e3') in 0.001 seconds [static and dynamic dependencies]. Details - ImportResultOutputID=5a00b818980ac9cad700d4a7da0c6c5c DependenciesID=6ab0ff97685bd69312693fcce48abe93 StaticDependenciesID=fe53719de12ad9e97e199b10ce1b9ff3 
Number of updated asset objects reloaded before import = 0
Number of asset objects unloaded after import = 0
========================================================================
Received Import Request.
  Time of request: 2026-09-15T03:17:29.919876Z
  Time since last request: 0.000293662 seconds.
  importAddress: GUID: a127ad594a2674977afd86869361d480 - Path: Packages/com.unity.services.cloud-build/Icons/build_restarted.png - Importer: ScriptedImporter/UnityEditor.QuickSearchModule:UnityEditor.Search:ASIAI0B
Importing 'GUID: a127ad594a2674977afd86869361d480 - Path: Packages/com.unity.services.cloud-build/Icons/build_restarted.png - Importer: ScriptedImporter/UnityEditor.QuickSearchModule:UnityEditor.Search:ASIAI0B' with importer (ScriptedImporter : UnityEditor.QuickSearchModule:UnityEditor.Search:ASIAI0B)
Imported 'GUID: a127ad594a2674977afd86869361d480' -> (Import Result ID: 'cad2860eee797a4029abcc00d74936b7') in 0.003 seconds [static and dynamic dependencies]. Details - ImportResultOutputID=c9778b245f2c551deef80d2d79dff66a DependenciesID=3d3d1cf24d9298a496d7d07bc48be78b StaticDependenciesID=75f133e66f3727dd08687a9a85566518 
Number of updated asset objects reloaded before import = 0
Number of asset objects unloaded after import = 1
========================================================================
Received Import Request.
  Time of request: 2026-09-15T03:17:29.923733Z
  Time since last request: 0.000613853 seconds.
  importAddress: GUID: f58d0b9d8ad9649e595db69bc485e70d - Path: Packages/com.unity.services.core/Editor/Core/Environments/Settings/EnvironmentIdentifier.cs - Importer: ScriptedImporter/UnityEditor.QuickSearchModule:UnityEditor.Search:ASIAI0B
Importing 'GUID: f58d0b9d8ad9649e595db69bc485e70d - Path: Packages/com.unity.services.core/Editor/Core/Environments/Settings/EnvironmentIdentifier.cs - Importer: ScriptedImporter/UnityEditor.QuickSearchModule:UnityEditor.Search:ASIAI0B' with importer (ScriptedImporter : UnityEditor.QuickSearchModule:UnityEditor.Search:ASIAI0B)
Imported 'GUID: f58d0b9d8ad9649e595db69bc485e70d' -> (Import Result ID: '3d18b843bbee84d8418d302095a43217') in 0.002 seconds [static and dynamic dependencies]. Details - ImportResultOutputID=e1d94cabe6b343bd8ec61d5f88cadf5f DependenciesID=04e6f4ed927d3f1e341ce75f14443406 StaticDependenciesID=42e1b2336d72e7cc6b723710813b0b9f 
Number of updated asset objects reloaded before import = 0
Number of asset objects unloaded after import = 0
========================================================================
Received Import Request.
  Time of request: 2026-09-15T03:17:29.925696Z
  Time since last request: 0.000347392 seconds.
  importAddress: GUID: 9ba8832336df045fca38ac55a6b587f0 - Path: Packages/com.unity.services.core/Runtime/Core.Internal/Components/Environments/IEnvironments.cs - Importer: ScriptedImporter/UnityEditor.QuickSearchModule:UnityEditor.Search:ASIAI0B
Importing 'GUID: 9ba8832336df045fca38ac55a6b587f0 - Path: Packages/com.unity.services.core/Runtime/Core.Internal/Components/Environments/IEnvironments.cs - Importer: ScriptedImporter/UnityEditor.QuickSearchModule:UnityEditor.Search:ASIAI0B' with importer (ScriptedImporter : UnityEditor.QuickSearchModule:UnityEditor.Search:ASIAI0B)
Imported 'GUID: 9ba8832336df045fca38ac55a6b587f0' -> (Import Result ID: 'c66fed2f25644ba7f8d13b0716a8d784') in 0.001 seconds [static and dynamic dependencies]. Details - ImportResultOutputID=18b548b188ca58ac7a7751b11c9cdcaa DependenciesID=b6d07cb7b31945eef4a501c5687fda5c StaticDependenciesID=4173d2e5d1112f108170384f2b07a829 
Number of updated asset objects reloaded before import = 0
Number of asset objects unloaded after import = 0
========================================================================
Received Import Request.
  Time of request: 2026-09-15T03:17:29.927224Z
  Time since last request: 0.000352362 seconds.
  importAddress: GUID: 4b1c5e0114dfa1b0990a8033d416cb63 - Path: Packages/com.unity.services.core/Editor/Core/Environments/Client/Models/UnityGetEnvironments200Response.cs - Importer: ScriptedImporter/UnityEditor.QuickSearchModule:UnityEditor.Search:ASIAI0B
Importing 'GUID: 4b1c5e0114dfa1b0990a8033d416cb63 - Path: Packages/com.unity.services.core/Editor/Core/Environments/Client/Models/UnityGetEnvironments200Response.cs - Importer: ScriptedImporter/UnityEditor.QuickSearchModule:UnityEditor.Search:ASIAI0B' with importer (ScriptedImporter : UnityEditor.QuickSearchModule:UnityEditor.Search:ASIAI0B)
Imported 'GUID: 4b1c5e0114dfa1b0990a8033d416cb63' -> (Import Result ID: '73c442e56ba134622959090676d5066c') in 0.001 seconds [static and dynamic dependencies]. Details - ImportResultOutputID=12e74baaf0f1b5d4a5c4bce1abb62ef3 DependenciesID=550a75c80570184f32abd4ee79886da4 StaticDependenciesID=816c16034dd9874ca56a7dbed276db07 
Number of updated asset objects reloaded before import = 0
Number of asset objects unloaded after import = 0
========================================================================
Received Import Request.
  Time of request: 2026-09-15T03:17:29.928961Z
  Time since last request: 0.000325381 seconds.
  importAddress: GUID: b7909be5df0d42b5858fe576acdb19e4 - Path: Packages/com.unity.services.core/Editor/Core/Environments/Save/EnvironmentSaveSystem.cs - Importer: ScriptedImporter/UnityEditor.QuickSearchModule:UnityEditor.Search:ASIAI0B
Importing 'GUID: b7909be5df0d42b5858fe576acdb19e4 - Path: Packages/com.unity.services.core/Editor/Core/Environments/Save/EnvironmentSaveSystem.cs - Importer: ScriptedImporter/UnityEditor.QuickSearchModule:UnityEditor.Search:ASIAI0B' with importer (ScriptedImporter : UnityEditor.QuickSearchModule:UnityEditor.Search:ASIAI0B)
Imported 'GUID: b7909be5df0d42b5858fe576acdb19e4' -> (Import Result ID: 'f8e08910867881cb8a8a9364ad824433') in 0.001 seconds [static and dynamic dependencies]. Details - ImportResultOutputID=30888ebc4515a841e84067e02cb8e153 DependenciesID=30bde1e3e94b9abb6de68a811acdb90a StaticDependenciesID=03f327dd20dca97cf290dfb40e0b90cc 
Number of updated asset objects reloaded before import = 0
Number of asset objects unloaded after import = 0
========================================================================
Received Import Request.
  Time of request: 2026-09-15T03:17:29.930424Z
  Time since last request: 0.000337634 seconds.
  importAddress: GUID: 560dda45fb9293949aa636b3e2a92807 - Path: Packages/com.unity.services.core/Runtime/Telemetry/AssemblyInfo.cs - Importer: ScriptedImporter/UnityEditor.QuickSearchModule:UnityEditor.Search:ASIAI0B
Importing 'GUID: 560dda45fb9293949aa636b3e2a92807 - Path: Packages/com.unity.services.core/Runtime/Telemetry/AssemblyInfo.cs - Importer: ScriptedImporter/UnityEditor.QuickSearchModule:UnityEditor.Search:ASIAI0B' with importer (ScriptedImporter : UnityEditor.QuickSearchModule:UnityEditor.Search:ASIAI0B)
Imported 'GUID: 560dda45fb9293949aa636b3e2a92807' -> (Import Result ID: '264cf592d555b9544427296bd1de5068') in 0.001 seconds [static and dynamic dependencies]. Details - ImportResultOutputID=ccb7fc63ec25e3476d79dec1578bb441 DependenciesID=6da1a2b995d6336e002b30b3c0a2aae7 StaticDependenciesID=aed22f8eec8feea941511b18aa8d34c5 
Number of updated asset objects reloaded before import = 0
Number of asset objects unloaded after import = 0
========================================================================
Received Import Request.
  Time of request: 2026-09-15T03:17:29.931821Z
  Time since last request: 0.000347022 seconds.
  importAddress: GUID: cdc4ee70299e74aba975054ebe4d3432 - Path: Packages/com.unity.services.core/Runtime/Core.Internal/Components/Telemetry - Importer: ScriptedImporter/UnityEditor.QuickSearchModule:UnityEditor.Search:ASIAI0B
Importing 'GUID: cdc4ee70299e74aba975054ebe4d3432 - Path: Packages/com.unity.services.core/Runtime/Core.Internal/Components/Telemetry - Importer: ScriptedImporter/UnityEditor.QuickSearchModule:UnityEditor.Search:ASIAI0B' with importer (ScriptedImporter : UnityEditor.QuickSearchModule:UnityEditor.Search:ASIAI0B)
Imported 'GUID: cdc4ee70299e74aba975054ebe4d3432' -> (Import Result ID: '28622891f224bb66cd4a5e6e7a99d132') in 0.001 seconds [static and dynamic dependencies]. Details - ImportResultOutputID=aa8fb90aaddd4112c800f3f8aad4546a DependenciesID=0abc8bae4d027d695bd4fdc793ccbcdc StaticDependenciesID=de54698528b665ed4de22308638f2706 
Number of updated asset objects reloaded before import = 0
Number of asset objects unloaded after import = 1
========================================================================
Received Import Request.
  Time of request: 2026-09-15T03:17:29.933079Z
  Time since last request: 0.000370056 seconds.
  importAddress: GUID: ac3cb94abee9e4709a57fbf9c4ff10a9 - Path: Packages/com.unity.services.core/Editor/Core/Environments/Client/Models/UnityOrganizationWithAddressV1.cs - Importer: ScriptedImporter/UnityEditor.QuickSearchModule:UnityEditor.Search:ASIAI0B
Importing 'GUID: ac3cb94abee9e4709a57fbf9c4ff10a9 - Path: Packages/com.unity.services.core/Editor/Core/Environments/Client/Models/UnityOrganizationWithAddressV1.cs - Importer: ScriptedImporter/UnityEditor.QuickSearchModule:UnityEditor.Search:ASIAI0B' with importer (ScriptedImporter : UnityEditor.QuickSearchModule:UnityEditor.Search:ASIAI0B)
Imported 'GUID: ac3cb94abee9e4709a57fbf9c4ff10a9' -> (Import Result ID: '4570e6edcd017db9a6d5579d41673391') in 0.001 seconds [static and dynamic dependencies]. Details - ImportResultOutputID=e362b90ea697d947b0ea034a5f9cb903 DependenciesID=59bffab6a3537fbd79335846ef860b39 StaticDependenciesID=39da476a8c036dde0e72f09f0395d1f7 
Number of updated asset objects reloaded before import = 0
Number of asset objects unloaded after import = 0
========================================================================
Received Import Request.
  Time of request: 2026-09-15T03:17:29.934327Z
  Time since last request: 0.000328567 seconds.
  importAddress: GUID: f72d309edb0319e498233c3c2bb07a14 - Path: Packages/com.unity.services.core/ValidationExceptions.json - Importer: ScriptedImporter/UnityEditor.QuickSearchModule:UnityEditor.Search:ASIAI0B
Importing 'GUID: f72d309edb0319e498233c3c2bb07a14 - Path: Packages/com.unity.services.core/ValidationExceptions.json - Importer: ScriptedImporter/UnityEditor.QuickSearchModule:UnityEditor.Search:ASIAI0B' with importer (ScriptedImporter : UnityEditor.QuickSearchModule:UnityEditor.Search:ASIAI0B)
Imported 'GUID: f72d309edb0319e498233c3c2bb07a14' -> (Import Result ID: '7fcc822c155db6a44ff647b0e51eeaee') in 0.001 seconds [static and dynamic dependencies]. Details - ImportResultOutputID=c6cb875001abb37bb560a79e70a1cd19 DependenciesID=366457db319d0d41a426d1f61c91a8cf StaticDependenciesID=c1398fe64aca7b96b132b0a2abb6e1e2 
Number of updated asset objects reloaded before import = 0
Number of asset objects unloaded after import = 1
========================================================================
Received Import Request.
  Time of request: 2026-09-15T03:17:29.935877Z
  Time since last request: 0.000302038 seconds.
  importAddress: GUID: 38493ded9634a674cb91f57109427d3c - Path: Packages/com.unity.services.core/Runtime/Core.Internal/Attributes - Importer: ScriptedImporter/UnityEditor.QuickSearchModule:UnityEditor.Search:ASIAI0B
Importing 'GUID: 38493ded9634a674cb91f57109427d3c - Path: Packages/com.unity.services.core/Runtime/Core.Internal/Attributes - Importer: ScriptedImporter/UnityEditor.QuickSearchModule:UnityEditor.Search:ASIAI0B' with importer (ScriptedImporter : UnityEditor.QuickSearchModule:UnityEditor.Search:ASIAI0B)
Imported 'GUID: 38493ded9634a674cb91f57109427d3c' -> (Import Result ID: 'caac51cbfc8aed3c28a015ca34640fdc') in 0.001 seconds [static and dynamic dependencies]. Details - ImportResultOutputID=2d3bb8465befc488d41120d701239344 DependenciesID=0fc0056fb2bc6b48581713740e818a38 StaticDependenciesID=f282da47bd0e47d72e4b796af9d539b7 
Number of updated asset objects reloaded before import = 0
Number of asset objects unloaded after import = 1
========================================================================
Received Import Request.
  Time of request: 2026-09-15T03:17:29.937128Z
  Time since last request: 0.000261011 seconds.
  importAddress: GUID: f637fc8d11c022942833496d32ff8f9b - Path: Packages/com.unity.services.core/Runtime/Core.Internal/Components/Telemetry/IMetricsFactory.cs - Importer: ScriptedImporter/UnityEditor.QuickSearchModule:UnityEditor.Search:ASIAI0B
Importing 'GUID: f637fc8d11c022942833496d32ff8f9b - Path: Packages/com.unity.services.core/Runtime/Core.Internal/Components/Telemetry/IMetricsFactory.cs - Importer: ScriptedImporter/UnityEditor.QuickSearchModule:UnityEditor.Search:ASIAI0B' with importer (ScriptedImporter : UnityEditor.QuickSearchModule:UnityEditor.Search:ASIAI0B)
Imported 'GUID: f637fc8d11c022942833496d32ff8f9b' -> (Import Result ID: 'fd649729f16d63b5766acff2881c5312') in 0.001 seconds [static and dynamic dependencies]. Details - ImportResultOutputID=eb2b0f03924868ddb9bfa1dfb7c501a2 DependenciesID=c498d51213fe0610abcb248d2733fe6b StaticDependenciesID=4c9e1afd75e8658f5ea0249761822ade 
Number of updated asset objects reloaded before import = 0
Number of asset objects unloaded after import = 0
========================================================================
Received Import Request.
  Time of request: 2026-09-15T03:17:29.938464Z
  Time since last request: 0.000251412 seconds.
  importAddress: GUID: af50c025240a3184ca1e1bf183b8a167 - Path: Packages/com.unity.services.core/Runtime/Scheduler/TimeProvider/UtcTimeProvider.cs - Importer: ScriptedImporter/UnityEditor.QuickSearchModule:UnityEditor.Search:ASIAI0B
Importing 'GUID: af50c025240a3184ca1e1bf183b8a167 - Path: Packages/com.unity.services.core/Runtime/Scheduler/TimeProvider/UtcTimeProvider.cs - Importer: ScriptedImporter/UnityEditor.QuickSearchModule:UnityEditor.Search:ASIAI0B' with importer (ScriptedImporter : UnityEditor.QuickSearchModule:UnityEditor.Search:ASIAI0B)
Imported 'GUID: af50c025240a3184ca1e1bf183b8a167' -> (Import Result ID: 'c8420ff6627076aab3fc3a71854808d2') in 0.001 seconds [static and dynamic dependencies]. Details - ImportResultOutputID=cd37f5699a304d8b587bf07e36a53206 DependenciesID=8da0a2a9d18dc5bc806a5f0b289816ee StaticDependenciesID=06a1e05495ca66b1ba6b0a246a04d4da 
Number of updated asset objects reloaded before import = 0
Number of asset objects unloaded after import = 0
========================================================================
Received Import Request.
  Time of request: 2026-09-15T03:17:29.939825Z
  Time since last request: 0.000353745 seconds.
  importAddress: GUID: 9f6735934f1934f448e5884d3ca69780 - Path: Packages/com.unity.services.core/Runtime/Core.Internal/Components/Networking/HttpRequestExtensions.cs - Importer: ScriptedImporter/UnityEditor.QuickSearchModule:UnityEditor.Search:ASIAI0B
Importing 'GUID: 9f6735934f1934f448e5884d3ca69780 - Path: Packages/com.unity.services.core/Runtime/Core.Internal/Components/Networking/HttpRequestExtensions.cs - Importer: ScriptedImporter/UnityEditor.QuickSearchModule:UnityEditor.Search:ASIAI0B' with importer (ScriptedImporter : UnityEditor.QuickSearchModule:UnityEditor.Search:ASIAI0B)
Imported 'GUID: 9f6735934f1934f448e5884d3ca69780' -> (Import Result ID: '279fd5912ba3fb6016a77384fd2c15ef') in 0.001 seconds [static and dynamic dependencies]. Details - ImportResultOutputID=952bc0a0accd749bc724f187aa275729 DependenciesID=4efeda55e192da4be5e9cbf93c0188dc StaticDependenciesID=3d80b30f732eaff46d8fe3724b2e1bef 
Number of updated asset objects reloaded before import = 0
Number of asset objects unloaded after import = 0
========================================================================
Received Import Request.
  Time of request: 2026-09-15T03:17:29.941158Z
  Time since last request: 0.000283402 seconds.
  importAddress: GUID: 31fcff17378634912895e85b91678ac3 - Path: Packages/com.unity.services.core/Editor/Core/Environments/Client/ErrorMitigation/IRetryPolicy.cs - Importer: ScriptedImporter/UnityEditor.QuickSearchModule:UnityEditor.Search:ASIAI0B
Importing 'GUID: 31fcff17378634912895e85b91678ac3 - Path: Packages/com.unity.services.core/Editor/Core/Environments/Client/ErrorMitigation/IRetryPolicy.cs - Importer: ScriptedImporter/UnityEditor.QuickSearchModule:UnityEditor.Search:ASIAI0B' with importer (ScriptedImporter : UnityEditor.QuickSearchModule:UnityEditor.Search:ASIAI0B)
Imported 'GUID: 31fcff17378634912895e85b91678ac3' -> (Import Result ID: 'e11ad426b7dda8b7480557b1e5b57427') in 0.001 seconds [static and dynamic dependencies]. Details - ImportResultOutputID=cbf7d8ee291bb7a39f5db8a1c3599121 DependenciesID=f3aedd41de9fd43d7e9a7e71f2ab3763 StaticDependenciesID=69664d61fac9ad8f20ac3130dca7c5d3 
Number of updated asset objects reloaded before import = 0
Number of asset objects unloaded after import = 0
========================================================================
Received Import Request.
  Time of request: 2026-09-15T03:17:29.942281Z
  Time since last request: 0.000369024 seconds.
  importAddress: GUID: 22367c11f37f494081a621ce21c6964b - Path: Packages/com.unity.services.cloud-build/Editor/CloudBuildApiClient.cs - Importer: ScriptedImporter/UnityEditor.QuickSearchModule:UnityEditor.Search:ASIAI0B
Importing 'GUID: 22367c11f37f494081a621ce21c6964b - Path: Packages/com.unity.services.cloud-build/Editor/CloudBuildApiClient.cs - Importer: ScriptedImporter/UnityEditor.QuickSearchModule:UnityEditor.Search:ASIAI0B' with importer (ScriptedImporter : UnityEditor.QuickSearchModule:UnityEditor.Search:ASIAI0B)
Imported 'GUID: 22367c11f37f494081a621ce21c6964b' -> (Import Result ID: 'e95f771f748e9472e69329fef248a274') in 0.001 seconds [static and dynamic dependencies]. Details - ImportResultOutputID=e32006870dffc565cee2694a9a00a44e DependenciesID=0198de6c71f069733ea7e5e99b7798fc StaticDependenciesID=538e1d5f550f6b22f5d132655a693643 
Number of updated asset objects reloaded before import = 0
Number of asset objects unloaded after import = 0
========================================================================
Received Import Request.
  Time of request: 2026-09-15T03:17:29.944296Z
  Time since last request: 0.00094723 seconds.
  importAddress: GUID: d602f3312a2f948d19abaffd36ab9e17 - Path: Packages/com.unity.services.core/Runtime/Core/DynamicDependency - Importer: ScriptedImporter/UnityEditor.QuickSearchModule:UnityEditor.Search:ASIAI0B
Importing 'GUID: d602f3312a2f948d19abaffd36ab9e17 - Path: Packages/com.unity.services.core/Runtime/Core/DynamicDependency - Importer: ScriptedImporter/UnityEditor.QuickSearchModule:UnityEditor.Search:ASIAI0B' with importer (ScriptedImporter : UnityEditor.QuickSearchModule:UnityEditor.Search:ASIAI0B)
Imported 'GUID: d602f3312a2f948d19abaffd36ab9e17' -> (Import Result ID: '7bc46dad1924d98e5aad584e3562d2a6') in 0.002 seconds [static and dynamic dependencies]. Details - ImportResultOutputID=b6c216cf295d8860344efff991634fa3 DependenciesID=840917f836531ec0fa9d3f4b4403b52c StaticDependenciesID=e5f81159db8fe38d3cf6edd3204d7d60 
Number of updated asset objects reloaded before import = 0
Number of asset objects unloaded after import = 1
========================================================================
Received Import Request.
  Time of request: 2026-09-15T03:17:29.946414Z
  Time since last request: 0.000432252 seconds.
  importAddress: GUID: 0b717c01fb2904de1bd971d517f26c29 - Path: Packages/com.unity.services.core/Runtime/Registration/Unity.Services.Core.Registration.api - Importer: ScriptedImporter/UnityEditor.QuickSearchModule:UnityEditor.Search:ASIAI0B
Importing 'GUID: 0b717c01fb2904de1bd971d517f26c29 - Path: Packages/com.unity.services.core/Runtime/Registration/Unity.Services.Core.Registration.api - Importer: ScriptedImporter/UnityEditor.QuickSearchModule:UnityEditor.Search:ASIAI0B' with importer (ScriptedImporter : UnityEditor.QuickSearchModule:UnityEditor.Search:ASIAI0B)
Imported 'GUID: 0b717c01fb2904de1bd971d517f26c29' -> (Import Result ID: '03970f7f9d8c84f8c9be6751fc30cde4') in 0.001 seconds [static and dynamic dependencies]. Details - ImportResultOutputID=dbd1d9ff93206265fbb3ae74a1367993 DependenciesID=9dd7126ded954cc14a0d30ef09aa9fe1 StaticDependenciesID=c73fece7031d7f6335c048c21d2035d8 
Number of updated asset objects reloaded before import = 0
Number of asset objects unloaded after import = 1
========================================================================
Received Import Request.
  Time of request: 2026-09-15T03:17:29.947691Z
  Time since last request: 0.000352302 seconds.
  importAddress: GUID: 06a13106669b4df283a9a95511170817 - Path: Packages/com.unity.services.core/Editor/Core/ProjectBindRedirect/ProjectBindRedirectUiConstants.cs - Importer: ScriptedImporter/UnityEditor.QuickSearchModule:UnityEditor.Search:ASIAI0B
Importing 'GUID: 06a13106669b4df283a9a95511170817 - Path: Packages/com.unity.services.core/Editor/Core/ProjectBindRedirect/ProjectBindRedirectUiConstants.cs - Importer: ScriptedImporter/UnityEditor.QuickSearchModule:UnityEditor.Search:ASIAI0B' with importer (ScriptedImporter : UnityEditor.QuickSearchModule:UnityEditor.Search:ASIAI0B)
Imported 'GUID: 06a13106669b4df283a9a95511170817' -> (Import Result ID: '1e3320889927b1ba44108c789ff020ab') in 0.001 seconds [static and dynamic dependencies]. Details - ImportResultOutputID=7f6b14c91c60d2909bfa7d877c865c09 DependenciesID=819ae731345b0abbfdc105b40fbd6562 StaticDependenciesID=e584c22ffa290fbf64b22efa0a6fccb7 
Number of updated asset objects reloaded before import = 0
Number of asset objects unloaded after import = 0
========================================================================
Received Import Request.
  Time of request: 2026-09-15T03:17:29.948882Z
  Time since last request: 0.000373902 seconds.
  importAddress: GUID: 345b801751f744c9ab4a80993d382ca8 - Path: Packages/com.unity.services.cloud-build/Editor/UXML/HistoryCells - Importer: ScriptedImporter/UnityEditor.QuickSearchModule:UnityEditor.Search:ASIAI0B
Importing 'GUID: 345b801751f744c9ab4a80993d382ca8 - Path: Packages/com.unity.services.cloud-build/Editor/UXML/HistoryCells - Importer: ScriptedImporter/UnityEditor.QuickSearchModule:UnityEditor.Search:ASIAI0B' with importer (ScriptedImporter : UnityEditor.QuickSearchModule:UnityEditor.Search:ASIAI0B)
Imported 'GUID: 345b801751f744c9ab4a80993d382ca8' -> (Import Result ID: '911bbde7f9306072215504a5b825c018') in 0.001 seconds [static and dynamic dependencies]. Details - ImportResultOutputID=accd32b1a067c182ce7c636a5846122f DependenciesID=ee70fa5dc38a033415dfdf590f07b1a3 StaticDependenciesID=7eb0ddaaab420ba09a65f72a5e555f45 
Number of updated asset objects reloaded before import = 0
Number of asset objects unloaded after import = 1
========================================================================
Received Import Request.
  Time of request: 2026-09-15T03:17:29.950014Z
  Time since last request: 0.000362982 seconds.
  importAddress: GUID: c51e1c9a36156594f81b75a7dc713654 - Path: Packages/com.unity.services.core/Runtime/Core.Internal/ServicesType.cs - Importer: ScriptedImporter/UnityEditor.QuickSearchModule:UnityEditor.Search:ASIAI0B
Importing 'GUID: c51e1c9a36156594f81b75a7dc713654 - Path: Packages/com.unity.services.core/Runtime/Core.Internal/ServicesType.cs - Importer: ScriptedImporter/UnityEditor.QuickSearchModule:UnityEditor.Search:ASIAI0B' with importer (ScriptedImporter : UnityEditor.QuickSearchModule:UnityEditor.Search:ASIAI0B)
Imported 'GUID: c51e1c9a36156594f81b75a7dc713654' -> (Import Result ID: 'de6892babf12d4b1596eb688d0d83187') in 0.001 seconds [static and dynamic dependencies]. Details - ImportResultOutputID=4e95c3580969b998b0a45160bdc75f19 DependenciesID=4fbc56041b37af38fd1fda81f2480297 StaticDependenciesID=22b3e0b29dc1acac02229cbda7641c2c 
Number of updated asset objects reloaded before import = 0
Number of asset objects unloaded after import = 0
========================================================================
Received Import Request.
  Time of request: 2026-09-15T03:17:29.951249Z
  Time since last request: 0.000378842 seconds.
  importAddress: GUID: acefbd2d65035064682dc863487feb95 - Path: Packages/com.unity.services.core/Editor/Core/Utils/OrganizationHandler/OrganizationProvider.cs - Importer: ScriptedImporter/UnityEditor.QuickSearchModule:UnityEditor.Search:ASIAI0B
Importing 'GUID: acefbd2d65035064682dc863487feb95 - Path: Packages/com.unity.services.core/Editor/Core/Utils/OrganizationHandler/OrganizationProvider.cs - Importer: ScriptedImporter/UnityEditor.QuickSearchModule:UnityEditor.Search:ASIAI0B' with importer (ScriptedImporter : UnityEditor.QuickSearchModule:UnityEditor.Search:ASIAI0B)
Imported 'GUID: acefbd2d65035064682dc863487feb95' -> (Import Result ID: 'c4489ca7ba878c40e1b7e8217d914b0e') in 0.002 seconds [static and dynamic dependencies]. Details - ImportResultOutputID=757a36c6d48a50c2d17f7cf75e296610 DependenciesID=d6b286191b988c1448752730bb904d44 StaticDependenciesID=4b4839a3d358a3827246173e173ebd4b 
Number of updated asset objects reloaded before import = 0
Number of asset objects unloaded after import = 0
========================================================================
Received Import Request.
  Time of request: 2026-09-15T03:17:29.953909Z
  Time since last request: 0.000471647 seconds.
  importAddress: GUID: 7bd08cd6925a429f92642c0e73a7daf2 - Path: Packages/com.unity.services.core/Editor/Core/ProjectBindRedirect/ProjectBindRedirectPopupUI.cs - Importer: ScriptedImporter/UnityEditor.QuickSearchModule:UnityEditor.Search:ASIAI0B
Importing 'GUID: 7bd08cd6925a429f92642c0e73a7daf2 - Path: Packages/com.unity.services.core/Editor/Core/ProjectBindRedirect/ProjectBindRedirectPopupUI.cs - Importer: ScriptedImporter/UnityEditor.QuickSearchModule:UnityEditor.Search:ASIAI0B' with importer (ScriptedImporter : UnityEditor.QuickSearchModule:UnityEditor.Search:ASIAI0B)
Imported 'GUID: 7bd08cd6925a429f92642c0e73a7daf2' -> (Import Result ID: '905fa1fb977430ad6b62e51d7ca7ac65') in 0.001 seconds [static and dynamic dependencies]. Details - ImportResultOutputID=d77df1c7b96b31e129a42aeee1379be5 DependenciesID=f1c8d7b3f19bf383163cb450b657f452 StaticDependenciesID=aa592ee3663eeb4d80638a0b6f1f1517 
Number of updated asset objects reloaded before import = 0
Number of asset objects unloaded after import = 0
========================================================================
Received Import Request.
  Time of request: 2026-09-15T03:17:29.955317Z
  Time since last request: 0.000423946 seconds.
  importAddress: GUID: 9dd254c4b94de4dc1b93d5f8feb61815 - Path: Packages/com.unity.services.core/Editor/Core/Environments/ProjectInfo.cs - Importer: ScriptedImporter/UnityEditor.QuickSearchModule:UnityEditor.Search:ASIAI0B
Importing 'GUID: 9dd254c4b94de4dc1b93d5f8feb61815 - Path: Packages/com.unity.services.core/Editor/Core/Environments/ProjectInfo.cs - Importer: ScriptedImporter/UnityEditor.QuickSearchModule:UnityEditor.Search:ASIAI0B' with importer (ScriptedImporter : UnityEditor.QuickSearchModule:UnityEditor.Search:ASIAI0B)
Imported 'GUID: 9dd254c4b94de4dc1b93d5f8feb61815' -> (Import Result ID: 'ad131a3f30a4a108e424fceb1a551b1f') in 0.001 seconds [static and dynamic dependencies]. Details - ImportResultOutputID=0324bbb7c5cc7225888bf9ae012b488d DependenciesID=f3c29da5b9b55a056a469cf3d6058548 StaticDependenciesID=c89dedc5105ecedfcc0cb5f37983bebf 
Number of updated asset objects reloaded before import = 0
Number of asset objects unloaded after import = 0
========================================================================
Received Import Request.
  Time of request: 2026-09-15T03:17:29.963219Z
  Time since last request: 0.006943917 seconds.
  importAddress: GUID: 9a1aa442a69874c10a9b727262ca8181 - Path: Packages/com.unity.services.core/Editor/Core/Environments/Analytics/IEnvironmentAnalytics.cs - Importer: ScriptedImporter/UnityEditor.QuickSearchModule:UnityEditor.Search:ASIAI0B
Importing 'GUID: 9a1aa442a69874c10a9b727262ca8181 - Path: Packages/com.unity.services.core/Editor/Core/Environments/Analytics/IEnvironmentAnalytics.cs - Importer: ScriptedImporter/UnityEditor.QuickSearchModule:UnityEditor.Search:ASIAI0B' with importer (ScriptedImporter : UnityEditor.QuickSearchModule:UnityEditor.Search:ASIAI0B)
Imported 'GUID: 9a1aa442a69874c10a9b727262ca8181' -> (Import Result ID: '726ad98175a5beb0ecd8327e64bfba81') in 0.002 seconds [static and dynamic dependencies]. Details - ImportResultOutputID=1bcc8484bdae8653dc2d71a4e23a4b1d DependenciesID=26ca4c4077ee5b3d31f0ee436320721e StaticDependenciesID=ea6a3005deeeea06196e2ec389222d65 
Number of updated asset objects reloaded before import = 0
Number of asset objects unloaded after import = 0
========================================================================
Received Import Request.
  Time of request: 2026-09-15T03:17:29.965802Z
  Time since last request: 0.000625004 seconds.
  importAddress: GUID: 1978478d5dedf4c0bbc8a8ac97566699 - Path: Packages/com.unity.services.core/Runtime/Core.Internal/AsyncOperation/AsyncOperation.cs - Importer: ScriptedImporter/UnityEditor.QuickSearchModule:UnityEditor.Search:ASIAI0B
Importing 'GUID: 1978478d5dedf4c0bbc8a8ac97566699 - Path: Packages/com.unity.services.core/Runtime/Core.Internal/AsyncOperation/AsyncOperation.cs - Importer: ScriptedImporter/UnityEditor.QuickSearchModule:UnityEditor.Search:ASIAI0B' with importer (ScriptedImporter : UnityEditor.QuickSearchModule:UnityEditor.Search:ASIAI0B)
Imported 'GUID: 1978478d5dedf4c0bbc8a8ac97566699' -> (Import Result ID: 'b3daa1a21863a16d2cf18523371b350b') in 0.001 seconds [static and dynamic dependencies]. Details - ImportResultOutputID=87e62813007478ec25eeb9a3b115c040 DependenciesID=34b88edc63e433afb34cead319423627 StaticDependenciesID=d2582527d204e29868dc03cab561339a 
Number of updated asset objects reloaded before import = 0
Number of asset objects unloaded after import = 0
========================================================================
Received Import Request.
  Time of request: 2026-09-15T03:17:29.96755Z
  Time since last request: 0.00038331 seconds.
  importAddress: GUID: 6dd1d833aa21340a0b572f70c1d0ea22 - Path: Packages/com.unity.services.core/Runtime/Configuration - Importer: ScriptedImporter/UnityEditor.QuickSearchModule:UnityEditor.Search:ASIAI0B
Importing 'GUID: 6dd1d833aa21340a0b572f70c1d0ea22 - Path: Packages/com.unity.services.core/Runtime/Configuration - Importer: ScriptedImporter/UnityEditor.QuickSearchModule:UnityEditor.Search:ASIAI0B' with importer (ScriptedImporter : UnityEditor.QuickSearchModule:UnityEditor.Search:ASIAI0B)
Imported 'GUID: 6dd1d833aa21340a0b572f70c1d0ea22' -> (Import Result ID: '2170ada07ce5d9aec1bc3ea88adaca87') in 0.001 seconds [static and dynamic dependencies]. Details - ImportResultOutputID=47546448bf266d939261cc2d5fead668 DependenciesID=d7c60359212912a47d226fcf6c88b667 StaticDependenciesID=4763646340ad69f2339c87de6c297695 
Number of updated asset objects reloaded before import = 0
Number of asset objects unloaded after import = 1
========================================================================
Received Import Request.
  Time of request: 2026-09-15T03:17:29.969202Z
  Time since last request: 0.000592233 seconds.
  importAddress: GUID: 9fc0d4010bbf28b4594072e72b8655ab - Path: Assets/Scenes/_Scene_0.unity - Importer: ScriptedImporter/UnityEditor.QuickSearchModule:UnityEditor.Search:ASIAI0B
Importing 'GUID: 9fc0d4010bbf28b4594072e72b8655ab - Path: Assets/Scenes/_Scene_0.unity - Importer: ScriptedImporter/UnityEditor.QuickSearchModule:UnityEditor.Search:ASIAI0B' with importer (ScriptedImporter : UnityEditor.QuickSearchModule:UnityEditor.Search:ASIAI0B)
Imported 'GUID: 9fc0d4010bbf28b4594072e72b8655ab' -> (Import Result ID: '7cde658065c167c2021a1e25869e1e0b') in 0.001 seconds [static and dynamic dependencies]. Details - ImportResultOutputID=ab99b351e71f465a59b4d96cd77cb153 DependenciesID=757f75e4858049532f10aafc527ba0e2 StaticDependenciesID=f9c68df593333fb9b8d4eb2e6fcb5902 
Number of updated asset objects reloaded before import = 0
Number of asset objects unloaded after import = 1
========================================================================
Received Import Request.
  Time of request: 2026-09-15T03:17:29.970841Z
  Time since last request: 0.000362911 seconds.
  importAddress: GUID: 24b38a646859243c4a35b882459da8a9 - Path: Packages/com.unity.services.core/Editor/Core/Unity.Services.Core.Editor.api - Importer: ScriptedImporter/UnityEditor.QuickSearchModule:UnityEditor.Search:ASIAI0B
Importing 'GUID: 24b38a646859243c4a35b882459da8a9 - Path: Packages/com.unity.services.core/Editor/Core/Unity.Services.Core.Editor.api - Importer: ScriptedImporter/UnityEditor.QuickSearchModule:UnityEditor.Search:ASIAI0B' with importer (ScriptedImporter : UnityEditor.QuickSearchModule:UnityEditor.Search:ASIAI0B)
Imported 'GUID: 24b38a646859243c4a35b882459da8a9' -> (Import Result ID: 'bda1bed4cf860acd7d77bacb9d153ff1') in 0.001 seconds [static and dynamic dependencies]. Details - ImportResultOutputID=c2ccdebd7aedcc7a6dc9e77ea4547698 DependenciesID=63776f1fcd5937b931600b61433acdbe StaticDependenciesID=98653059bee36ebaffb4bcc87a5f0830 
Number of updated asset objects reloaded before import = 0
Number of asset objects unloaded after import = 1
========================================================================
Received Import Request.
  Time of request: 2026-09-15T03:17:29.97191Z
  Time since last request: 0.000310313 seconds.
  importAddress: GUID: fa076e64208b8334a8a147efeebf66fc - Path: Packages/com.unity.services.core/Runtime/Telemetry/Diagnotstics/DiagnosticsFactory.cs - Importer: ScriptedImporter/UnityEditor.QuickSearchModule:UnityEditor.Search:ASIAI0B
Importing 'GUID: fa076e64208b8334a8a147efeebf66fc - Path: Packages/com.unity.services.core/Runtime/Telemetry/Diagnotstics/DiagnosticsFactory.cs - Importer: ScriptedImporter/UnityEditor.QuickSearchModule:UnityEditor.Search:ASIAI0B' with importer (ScriptedImporter : UnityEditor.QuickSearchModule:UnityEditor.Search:ASIAI0B)
Imported 'GUID: fa076e64208b8334a8a147efeebf66fc' -> (Import Result ID: 'ef4a41f0cc20a82be7a8efe7141ef415') in 0.001 seconds [static and dynamic dependencies]. Details - ImportResultOutputID=c83b1ba163358a72d98abf0b835ac381 DependenciesID=6c470b39d81abee9bcb557fc776a6b33 StaticDependenciesID=012b4e3b41f2562c9137ae69962ff63e 
Number of updated asset objects reloaded before import = 0
Number of asset objects unloaded after import = 0
========================================================================
Received Import Request.
  Time of request: 2026-09-15T03:17:29.972911Z
  Time since last request: 0.000309882 seconds.
  importAddress: GUID: 4f2e6d0ab1a754839a258e070611eedd - Path: Packages/com.unity.services.core/Editor/Core/Environments/Client/ErrorMitigation - Importer: ScriptedImporter/UnityEditor.QuickSearchModule:UnityEditor.Search:ASIAI0B
Importing 'GUID: 4f2e6d0ab1a754839a258e070611eedd - Path: Packages/com.unity.services.core/Editor/Core/Environments/Client/ErrorMitigation - Importer: ScriptedImporter/UnityEditor.QuickSearchModule:UnityEditor.Search:ASIAI0B' with importer (ScriptedImporter : UnityEditor.QuickSearchModule:UnityEditor.Search:ASIAI0B)
Imported 'GUID: 4f2e6d0ab1a754839a258e070611eedd' -> (Import Result ID: '771a7faf573445cf1dee84703bfdc884') in 0.001 seconds [static and dynamic dependencies]. Details - ImportResultOutputID=4a4f0816380191193b522e48748bc3fb DependenciesID=7c3174bbc75a89b49125efa41e2a8723 StaticDependenciesID=2954f2cb5e8b9a64d064526ad4f45060 
Number of updated asset objects reloaded before import = 0
Number of asset objects unloaded after import = 1
========================================================================
Received Import Request.
  Time of request: 2026-09-15T03:17:29.97389Z
  Time since last request: 0.000326403 seconds.
  importAddress: GUID: c241d201fc37df94f88d16af9c8a1a05 - Path: Packages/com.unity.services.core/Runtime/Core/ServiceObserver.cs - Importer: ScriptedImporter/UnityEditor.QuickSearchModule:UnityEditor.Search:ASIAI0B
Importing 'GUID: c241d201fc37df94f88d16af9c8a1a05 - Path: Packages/com.unity.services.core/Runtime/Core/ServiceObserver.cs - Importer: ScriptedImporter/UnityEditor.QuickSearchModule:UnityEditor.Search:ASIAI0B' with importer (ScriptedImporter : UnityEditor.QuickSearchModule:UnityEditor.Search:ASIAI0B)
Imported 'GUID: c241d201fc37df94f88d16af9c8a1a05' -> (Import Result ID: 'b94642238e7ca0a127f9f244126a41c8') in 0.001 seconds [static and dynamic dependencies]. Details - ImportResultOutputID=e74d511996f17a02c2954b24e5ee8489 DependenciesID=02620550c668716f7a944f8cfa21ce4b StaticDependenciesID=e866df6bd2128a54720455e258ffe671 
Number of updated asset objects reloaded before import = 0
Number of asset objects unloaded after import = 0
========================================================================
Received Import Request.
  Time of request: 2026-09-15T03:17:29.974861Z
  Time since last request: 0.000280637 seconds.
  importAddress: GUID: ac86a2bfd37d6486e831ba1e932a6f66 - Path: Packages/com.unity.services.core/Runtime/Core.Internal/Components/Authentication/IEnvironmentId.cs - Importer: ScriptedImporter/UnityEditor.QuickSearchModule:UnityEditor.Search:ASIAI0B
Importing 'GUID: ac86a2bfd37d6486e831ba1e932a6f66 - Path: Packages/com.unity.services.core/Runtime/Core.Internal/Components/Authentication/IEnvironmentId.cs - Importer: ScriptedImporter/UnityEditor.QuickSearchModule:UnityEditor.Search:ASIAI0B' with importer (ScriptedImporter : UnityEditor.QuickSearchModule:UnityEditor.Search:ASIAI0B)
Imported 'GUID: ac86a2bfd37d6486e831ba1e932a6f66' -> (Import Result ID: '72fe27ad12c4d908e52b2fbdd215a885') in 0.001 seconds [static and dynamic dependencies]. Details - ImportResultOutputID=3b0fea13719e1690c488b3b9797983ce DependenciesID=a1a4862ddd79a5a557f4131fe30855f9 StaticDependenciesID=5a73b3d775443e84874b8a231f3eedeb 
Number of updated asset objects reloaded before import = 0
Number of asset objects unloaded after import = 0
========================================================================
Received Import Request.
  Time of request: 2026-09-15T03:17:29.976138Z
  Time since last request: 0.00063316 seconds.
  importAddress: GUID: 1c66728ad60364b82bf095d383b87458 - Path: Packages/com.unity.services.core/Editor/Core/Unity.Services.Core.Editor.asmdef - Importer: ScriptedImporter/UnityEditor.QuickSearchModule:UnityEditor.Search:ASIAI0B
Importing 'GUID: 1c66728ad60364b82bf095d383b87458 - Path: Packages/com.unity.services.core/Editor/Core/Unity.Services.Core.Editor.asmdef - Importer: ScriptedImporter/UnityEditor.QuickSearchModule:UnityEditor.Search:ASIAI0B' with importer (ScriptedImporter : UnityEditor.QuickSearchModule:UnityEditor.Search:ASIAI0B)
Imported 'GUID: 1c66728ad60364b82bf095d383b87458' -> (Import Result ID: 'de35bc633dcee516815682d9a606b9f0') in 0.001 seconds [static and dynamic dependencies]. Details - ImportResultOutputID=c920fdc38d700708ea3f1eaca9f7b2c2 DependenciesID=4ad7c12335d053db1fcbbe6a369f7833 StaticDependenciesID=0c755518698250739384679ac9753513 
Number of updated asset objects reloaded before import = 0
Number of asset objects unloaded after import = 1
========================================================================
Received Import Request.
  Time of request: 2026-09-15T03:17:29.977312Z
  Time since last request: 0.000427874 seconds.
  importAddress: GUID: c9f4abaf08a6b44939f7cfe10db6fda6 - Path: Packages/com.unity.services.core/Editor/Core/Shared/UI/ModelBinding.Gen.cs - Importer: ScriptedImporter/UnityEditor.QuickSearchModule:UnityEditor.Search:ASIAI0B
Importing 'GUID: c9f4abaf08a6b44939f7cfe10db6fda6 - Path: Packages/com.unity.services.core/Editor/Core/Shared/UI/ModelBinding.Gen.cs - Importer: ScriptedImporter/UnityEditor.QuickSearchModule:UnityEditor.Search:ASIAI0B' with importer (ScriptedImporter : UnityEditor.QuickSearchModule:UnityEditor.Search:ASIAI0B)
Imported 'GUID: c9f4abaf08a6b44939f7cfe10db6fda6' -> (Import Result ID: 'c049fd8d4b6853635b15a24d6e1f1869') in 0.001 seconds [static and dynamic dependencies]. Details - ImportResultOutputID=e4276d9d32f6460166db0c2f5e6bc6ca DependenciesID=3c820af54fc386c53d0991e19c4af04d StaticDependenciesID=077565bd610fc3e812b191e973ba4dee 
Number of updated asset objects reloaded before import = 0
Number of asset objects unloaded after import = 0
========================================================================
Received Import Request.
  Time of request: 2026-09-15T03:17:29.978314Z
  Time since last request: 0.000351811 seconds.
  importAddress: GUID: 4c80f8b0153d149c29db7dd83c7ecd9a - Path: Packages/com.unity.services.core/Editor/Core/Shared/DependencyInversion/TypeAlreadyRegisteredException.Gen.cs - Importer: ScriptedImporter/UnityEditor.QuickSearchModule:UnityEditor.Search:ASIAI0B
Importing 'GUID: 4c80f8b0153d149c29db7dd83c7ecd9a - Path: Packages/com.unity.services.core/Editor/Core/Shared/DependencyInversion/TypeAlreadyRegisteredException.Gen.cs - Importer: ScriptedImporter/UnityEditor.QuickSearchModule:UnityEditor.Search:ASIAI0B' with importer (ScriptedImporter : UnityEditor.QuickSearchModule:UnityEditor.Search:ASIAI0B)
Imported 'GUID: 4c80f8b0153d149c29db7dd83c7ecd9a' -> (Import Result ID: '627a8dc26dea0fdabe01945962be3307') in 0.001 seconds [static and dynamic dependencies]. Details - ImportResultOutputID=d1cc106f55a92b165d4e2aa629ae08c3 DependenciesID=d3277c489b781b1c424ee349907224b4 StaticDependenciesID=baa889294386c283e92a393920f66ecb 
Number of updated asset objects reloaded before import = 0
Number of asset objects unloaded after import = 0
========================================================================
Received Import Request.
  Time of request: 2026-09-15T03:17:29.979312Z
  Time since last request: 0.000338445 seconds.
  importAddress: GUID: 42f9a77f3e0e459fb7fc63c636dba57e - Path: Packages/com.unity.services.core/Editor/Core/UiHelpers/OfflineUiHelper.cs - Importer: ScriptedImporter/UnityEditor.QuickSearchModule:UnityEditor.Search:ASIAI0B
Importing 'GUID: 42f9a77f3e0e459fb7fc63c636dba57e - Path: Packages/com.unity.services.core/Editor/Core/UiHelpers/OfflineUiHelper.cs - Importer: ScriptedImporter/UnityEditor.QuickSearchModule:UnityEditor.Search:ASIAI0B' with importer (ScriptedImporter : UnityEditor.QuickSearchModule:UnityEditor.Search:ASIAI0B)
Imported 'GUID: 42f9a77f3e0e459fb7fc63c636dba57e' -> (Import Result ID: 'c49afb396e1f9d2d2adf069d4eec2ea2') in 0.001 seconds [static and dynamic dependencies]. Details - ImportResultOutputID=efc01c313bd89ec13ed82ca25fae4494 DependenciesID=9239371ff4fd23f988de19d1e8411ea5 StaticDependenciesID=1fd863d72cb48f36d18f14ab292a9b15 
Number of updated asset objects reloaded before import = 0
Number of asset objects unloaded after import = 0
========================================================================
Received Import Request.
  Time of request: 2026-09-15T03:17:29.980275Z
  Time since last request: 0.000332735 seconds.
  importAddress: GUID: 26586e3f36dd4e44b49c68eb9d95ee0a - Path: Packages/com.unity.services.core/Editor/Core/UiHelpers/UserRoleRequestUiHelper.cs - Importer: ScriptedImporter/UnityEditor.QuickSearchModule:UnityEditor.Search:ASIAI0B
Importing 'GUID: 26586e3f36dd4e44b49c68eb9d95ee0a - Path: Packages/com.unity.services.core/Editor/Core/UiHelpers/UserRoleRequestUiHelper.cs - Importer: ScriptedImporter/UnityEditor.QuickSearchModule:UnityEditor.Search:ASIAI0B' with importer (ScriptedImporter : UnityEditor.QuickSearchModule:UnityEditor.Search:ASIAI0B)
Imported 'GUID: 26586e3f36dd4e44b49c68eb9d95ee0a' -> (Import Result ID: '3a4c08ae16fa998fa7018368671e721f') in 0.001 seconds [static and dynamic dependencies]. Details - ImportResultOutputID=69e1ed50bce9073ce1841709d7e9abdf DependenciesID=a8b290ebe2f3f2b354f2bdbb76736049 StaticDependenciesID=8eb554213b01d7f6047e5232d29b7f50 
Number of updated asset objects reloaded before import = 0
Number of asset objects unloaded after import = 0
========================================================================
Received Import Request.
  Time of request: 2026-09-15T03:17:29.981318Z
  Time since last request: 0.000272091 seconds.
  importAddress: GUID: 20244f31f40f9c112bccd177c8634b4e - Path: Packages/com.unity.services.core/Editor/Core/Environments/Client/Http/IsolatedJsonConvert.cs - Importer: ScriptedImporter/UnityEditor.QuickSearchModule:UnityEditor.Search:ASIAI0B
Importing 'GUID: 20244f31f40f9c112bccd177c8634b4e - Path: Packages/com.unity.services.core/Editor/Core/Environments/Client/Http/IsolatedJsonConvert.cs - Importer: ScriptedImporter/UnityEditor.QuickSearchModule:UnityEditor.Search:ASIAI0B' with importer (ScriptedImporter : UnityEditor.QuickSearchModule:UnityEditor.Search:ASIAI0B)
Imported 'GUID: 20244f31f40f9c112bccd177c8634b4e' -> (Import Result ID: 'd3345c5937d09b7dd35981c786bd83ec') in 0.001 seconds [static and dynamic dependencies]. Details - ImportResultOutputID=0f46d1120779aee184031c1144d8e3ef DependenciesID=f773cb6292a1f04cb2c85ed99b9b96af StaticDependenciesID=06925a31a1b27092b228a7ac68e3465f 
Number of updated asset objects reloaded before import = 0
Number of asset objects unloaded after import = 0
========================================================================
Received Import Request.
  Time of request: 2026-09-15T03:17:29.982483Z
  Time since last request: 0.00038867 seconds.
  importAddress: GUID: be89aa20cd2d048e7bd163954171b54d - Path: Packages/com.unity.services.core/Editor/Core/Environments/IEnvironmentService.cs - Importer: ScriptedImporter/UnityEditor.QuickSearchModule:UnityEditor.Search:ASIAI0B
Importing 'GUID: be89aa20cd2d048e7bd163954171b54d - Path: Packages/com.unity.services.core/Editor/Core/Environments/IEnvironmentService.cs - Importer: ScriptedImporter/UnityEditor.QuickSearchModule:UnityEditor.Search:ASIAI0B' with importer (ScriptedImporter : UnityEditor.QuickSearchModule:UnityEditor.Search:ASIAI0B)
Imported 'GUID: be89aa20cd2d048e7bd163954171b54d' -> (Import Result ID: 'e74b57fd58135127e7103a7a539e3f22') in 0.001 seconds [static and dynamic dependencies]. Details - ImportResultOutputID=65cc4b9722619a37f1b81eb79347abdc DependenciesID=d13d41639c46a5c969c7e2bb918c3ac2 StaticDependenciesID=842268aa67ead01581635495773f18fc 
Number of updated asset objects reloaded before import = 0
Number of asset objects unloaded after import = 0
========================================================================
Received Import Request.
  Time of request: 2026-09-15T03:17:29.983598Z
  Time since last request: 0.000338366 seconds.
  importAddress: GUID: 3b15071fc9be4c9db9b310d366c34136 - Path: Packages/com.unity.services.core/Editor/Core/Configuration/ProjectConfigurationBuilderHelper.cs - Importer: ScriptedImporter/UnityEditor.QuickSearchModule:UnityEditor.Search:ASIAI0B
Importing 'GUID: 3b15071fc9be4c9db9b310d366c34136 - Path: Packages/com.unity.services.core/Editor/Core/Configuration/ProjectConfigurationBuilderHelper.cs - Importer: ScriptedImporter/UnityEditor.QuickSearchModule:UnityEditor.Search:ASIAI0B' with importer (ScriptedImporter : UnityEditor.QuickSearchModule:UnityEditor.Search:ASIAI0B)
Imported 'GUID: 3b15071fc9be4c9db9b310d366c34136' -> (Import Result ID: 'aa6f8c7458042abe6fa4b6836f38a8c7') in 0.001 seconds [static and dynamic dependencies]. Details - ImportResultOutputID=6c96f668bb2d192f135bab27a25766cf DependenciesID=bc4e3cfac8adbf002481e88954ab6c8b StaticDependenciesID=c02c4b6db631e26cdd8d08934deeb039 
Number of updated asset objects reloaded before import = 0
Number of asset objects unloaded after import = 0
========================================================================
Received Import Request.
  Time of request: 2026-09-15T03:17:29.984708Z
  Time since last request: 0.000359165 seconds.
  importAddress: GUID: ef7fcc1a349fcfd4eb60ca422145e7d2 - Path: Packages/com.unity.services.core/Runtime/Core.Internal/Components/Telemetry/IDiagnosticsFactory.cs - Importer: ScriptedImporter/UnityEditor.QuickSearchModule:UnityEditor.Search:ASIAI0B
Importing 'GUID: ef7fcc1a349fcfd4eb60ca422145e7d2 - Path: Packages/com.unity.services.core/Runtime/Core.Internal/Components/Telemetry/IDiagnosticsFactory.cs - Importer: ScriptedImporter/UnityEditor.QuickSearchModule:UnityEditor.Search:ASIAI0B' with importer (ScriptedImporter : UnityEditor.QuickSearchModule:UnityEditor.Search:ASIAI0B)
Imported 'GUID: ef7fcc1a349fcfd4eb60ca422145e7d2' -> (Import Result ID: '5099c001ea6c50324523fb54e9481efb') in 0.001 seconds [static and dynamic dependencies]. Details - ImportResultOutputID=f1643cb8665b77f57600d2c2a4ace71e DependenciesID=b5827dc41129a01e7d7b70c2d6445e63 StaticDependenciesID=57a00cf97d644f85f52df5b8188e3cee 
Number of updated asset objects reloaded before import = 0
Number of asset objects unloaded after import = 0
========================================================================
Received Import Request.
  Time of request: 2026-09-15T03:17:29.985706Z
  Time since last request: 0.000294383 seconds.
  importAddress: GUID: 3534ba07128f1a4419cd08aebd2c6ec2 - Path: Packages/com.unity.services.core/Runtime/Core.Internal/Registry/ServiceRegistry/LockedServiceRegistry.cs - Importer: ScriptedImporter/UnityEditor.QuickSearchModule:UnityEditor.Search:ASIAI0B
Importing 'GUID: 3534ba07128f1a4419cd08aebd2c6ec2 - Path: Packages/com.unity.services.core/Runtime/Core.Internal/Registry/ServiceRegistry/LockedServiceRegistry.cs - Importer: ScriptedImporter/UnityEditor.QuickSearchModule:UnityEditor.Search:ASIAI0B' with importer (ScriptedImporter : UnityEditor.QuickSearchModule:UnityEditor.Search:ASIAI0B)
Imported 'GUID: 3534ba07128f1a4419cd08aebd2c6ec2' -> (Import Result ID: '8a5413ac440390c869556b28179ae471') in 0.001 seconds [static and dynamic dependencies]. Details - ImportResultOutputID=044ce41c125a89f6dc86f2960c726878 DependenciesID=dfd137ab0e3b52ec1c6e36c8279df9af StaticDependenciesID=8f72a44fcc9563bafc81824432418b91 
Number of updated asset objects reloaded before import = 0
Number of asset objects unloaded after import = 0
========================================================================
Received Import Request.
  Time of request: 2026-09-15T03:17:29.986692Z
  Time since last request: 0.000313559 seconds.
  importAddress: GUID: 39aaed770c8974f1094c0cfba7b3d277 - Path: Packages/com.unity.services.core/Runtime/Core.Internal/Components/Scheduler/IActionScheduler.cs - Importer: ScriptedImporter/UnityEditor.QuickSearchModule:UnityEditor.Search:ASIAI0B
Importing 'GUID: 39aaed770c8974f1094c0cfba7b3d277 - Path: Packages/com.unity.services.core/Runtime/Core.Internal/Components/Scheduler/IActionScheduler.cs - Importer: ScriptedImporter/UnityEditor.QuickSearchModule:UnityEditor.Search:ASIAI0B' with importer (ScriptedImporter : UnityEditor.QuickSearchModule:UnityEditor.Search:ASIAI0B)
Imported 'GUID: 39aaed770c8974f1094c0cfba7b3d277' -> (Import Result ID: 'f933f6a05505c64002e79b83441dcc2e') in 0.001 seconds [static and dynamic dependencies]. Details - ImportResultOutputID=52c3c661e984e5f11cea9bf34b2c56d5 DependenciesID=44af67af8c0769fc456b0a2b59448fa4 StaticDependenciesID=8145c10798e7073854f617a47f30b40f 
Number of updated asset objects reloaded before import = 0
Number of asset objects unloaded after import = 0
========================================================================
Received Import Request.
  Time of request: 2026-09-15T03:17:29.987754Z
  Time since last request: 0.000311485 seconds.
  importAddress: GUID: 9db1c1b008f772e4394fa51db93b1546 - Path: Packages/com.unity.services.core/Runtime/Core.Internal/Registry/ComponentRegistry/IComponentRegistry.cs - Importer: ScriptedImporter/UnityEditor.QuickSearchModule:UnityEditor.Search:ASIAI0B
Importing 'GUID: 9db1c1b008f772e4394fa51db93b1546 - Path: Packages/com.unity.services.core/Runtime/Core.Internal/Registry/ComponentRegistry/IComponentRegistry.cs - Importer: ScriptedImporter/UnityEditor.QuickSearchModule:UnityEditor.Search:ASIAI0B' with importer (ScriptedImporter : UnityEditor.QuickSearchModule:UnityEditor.Search:ASIAI0B)
Imported 'GUID: 9db1c1b008f772e4394fa51db93b1546' -> (Import Result ID: 'fa87b811f38891414896ed9aff3ded3c') in 0.001 seconds [static and dynamic dependencies]. Details - ImportResultOutputID=0c30d4200d0d3013a4f1a9f2b2755f31 DependenciesID=da96882ebcab849b2146db1b3c2fd2ce StaticDependenciesID=4a56105646f49a6cb5a095f161c37cef 
Number of updated asset objects reloaded before import = 0
Number of asset objects unloaded after import = 0
========================================================================
Received Import Request.
  Time of request: 2026-09-15T03:17:29.988756Z
  Time since last request: 0.000326543 seconds.
  importAddress: GUID: b5c134d37a9e044bbb936a230cba13ce - Path: Packages/com.unity.services.cloud-build/Icons/build_started.png - Importer: ScriptedImporter/UnityEditor.QuickSearchModule:UnityEditor.Search:ASIAI0B
Importing 'GUID: b5c134d37a9e044bbb936a230cba13ce - Path: Packages/com.unity.services.cloud-build/Icons/build_started.png - Importer: ScriptedImporter/UnityEditor.QuickSearchModule:UnityEditor.Search:ASIAI0B' with importer (ScriptedImporter : UnityEditor.QuickSearchModule:UnityEditor.Search:ASIAI0B)
Imported 'GUID: b5c134d37a9e044bbb936a230cba13ce' -> (Import Result ID: '088faf38f5a8b79c6dca7b2a479ab40b') in 0.002 seconds [static and dynamic dependencies]. Details - ImportResultOutputID=abe7700e3f86dcf1ddfa06926cab30e5 DependenciesID=9d4497e466557f911c42624da1dd75a6 StaticDependenciesID=6e0b048020998c912002e6050102bfee 
Number of updated asset objects reloaded before import = 0
Number of asset objects unloaded after import = 1
========================================================================
Received Import Request.
  Time of request: 2026-09-15T03:17:29.991248Z
  Time since last request: 0.000328026 seconds.
  importAddress: GUID: f5d7186a4ae434942afddf441cccaa67 - Path: Packages/com.unity.services.core/Runtime/Configuration/StreamingAssetsConfigurationLoader.cs - Importer: ScriptedImporter/UnityEditor.QuickSearchModule:UnityEditor.Search:ASIAI0B
Importing 'GUID: f5d7186a4ae434942afddf441cccaa67 - Path: Packages/com.unity.services.core/Runtime/Configuration/StreamingAssetsConfigurationLoader.cs - Importer: ScriptedImporter/UnityEditor.QuickSearchModule:UnityEditor.Search:ASIAI0B' with importer (ScriptedImporter : UnityEditor.QuickSearchModule:UnityEditor.Search:ASIAI0B)
Imported 'GUID: f5d7186a4ae434942afddf441cccaa67' -> (Import Result ID: '1d24756cf6da966534c2fd32891a745c') in 0.001 seconds [static and dynamic dependencies]. Details - ImportResultOutputID=3f8c9509ec20fc4cfdd1820d824bd5bc DependenciesID=d52bfda12dbeba053b1fb5df3dcf800a StaticDependenciesID=e2b55286479edb97624e07f823f25828 
Number of updated asset objects reloaded before import = 0
Number of asset objects unloaded after import = 0
========================================================================
Received Import Request.
  Time of request: 2026-09-15T03:17:29.992266Z
  Time since last request: 0.000300575 seconds.
  importAddress: GUID: bfd743ae33394444da25ad34d8e5a595 - Path: Packages/com.unity.services.core/Editor/Core/Shared/DependencyInversion - Importer: ScriptedImporter/UnityEditor.QuickSearchModule:UnityEditor.Search:ASIAI0B
Importing 'GUID: bfd743ae33394444da25ad34d8e5a595 - Path: Packages/com.unity.services.core/Editor/Core/Shared/DependencyInversion - Importer: ScriptedImporter/UnityEditor.QuickSearchModule:UnityEditor.Search:ASIAI0B' with importer (ScriptedImporter : UnityEditor.QuickSearchModule:UnityEditor.Search:ASIAI0B)
Imported 'GUID: bfd743ae33394444da25ad34d8e5a595' -> (Import Result ID: '9fad88c2382402ef42579ebc2ca6045a') in 0.001 seconds [static and dynamic dependencies]. Details - ImportResultOutputID=4d68e13e65423d19b8b44bd6ef9347ea DependenciesID=8e07f4082a54151974f58965b51f86ef StaticDependenciesID=240e9f35cb3a9b3c6d7fe1016a5fa62f 
Number of updated asset objects reloaded before import = 0
Number of asset objects unloaded after import = 1
========================================================================
Received Import Request.
  Time of request: 2026-09-15T03:17:29.993255Z
  Time since last request: 0.000278874 seconds.
  importAddress: GUID: 6a81e6633d789fa42b32b038d0b9048d - Path: Packages/com.unity.services.core/Runtime/Core.Internal/Registry/ServiceRegistry - Importer: ScriptedImporter/UnityEditor.QuickSearchModule:UnityEditor.Search:ASIAI0B
Importing 'GUID: 6a81e6633d789fa42b32b038d0b9048d - Path: Packages/com.unity.services.core/Runtime/Core.Internal/Registry/ServiceRegistry - Importer: ScriptedImporter/UnityEditor.QuickSearchModule:UnityEditor.Search:ASIAI0B' with importer (ScriptedImporter : UnityEditor.QuickSearchModule:UnityEditor.Search:ASIAI0B)
Imported 'GUID: 6a81e6633d789fa42b32b038d0b9048d' -> (Import Result ID: 'b8fda9c0194c22fc86fffd75aed5c1bb') in 0.001 seconds [static and dynamic dependencies]. Details - ImportResultOutputID=4d8f7f1146d9b87d7b4f9abbcabac0c8 DependenciesID=ddddbbdea0fb05db2351019b04334f3a StaticDependenciesID=93b2810e8e1f5b3639949161e22ed8b7 
Number of updated asset objects reloaded before import = 0
Number of asset objects unloaded after import = 1
========================================================================
Received Import Request.
  Time of request: 2026-09-15T03:17:29.994354Z
  Time since last request: 0.000364735 seconds.
  importAddress: GUID: 7a745815f38771b448b3a96973b7270d - Path: Packages/com.unity.services.core/Editor/Core/Environments/UI/Toolbar/EnvironmentToolbar.cs - Importer: ScriptedImporter/UnityEditor.QuickSearchModule:UnityEditor.Search:ASIAI0B
Importing 'GUID: 7a745815f38771b448b3a96973b7270d - Path: Packages/com.unity.services.core/Editor/Core/Environments/UI/Toolbar/EnvironmentToolbar.cs - Importer: ScriptedImporter/UnityEditor.QuickSearchModule:UnityEditor.Search:ASIAI0B' with importer (ScriptedImporter : UnityEditor.QuickSearchModule:UnityEditor.Search:ASIAI0B)
Imported 'GUID: 7a745815f38771b448b3a96973b7270d' -> (Import Result ID: 'e8606d0c531453fac3005a801912e668') in 0.009 seconds [static and dynamic dependencies]. Details - ImportResultOutputID=d6d2134b953d53d2165b08e2b52826be DependenciesID=f78145afdbff0ac37458da755e934d56 StaticDependenciesID=5dd461de99d118a5dc3847f265cba346 
Number of updated asset objects reloaded before import = 0
Number of asset objects unloaded after import = 0
========================================================================
Received Import Request.
  Time of request: 2026-09-15T03:17:30.003711Z
  Time since last request: 0.000494729 seconds.
  importAddress: GUID: a4ebf98f04dc14143987a9c9bfbcac75 - Path: Packages/com.unity.services.core/Editor/Core/Environments/Unity.Services.Core.Environments.Editor.api - Importer: ScriptedImporter/UnityEditor.QuickSearchModule:UnityEditor.Search:ASIAI0B
Importing 'GUID: a4ebf98f04dc14143987a9c9bfbcac75 - Path: Packages/com.unity.services.core/Editor/Core/Environments/Unity.Services.Core.Environments.Editor.api - Importer: ScriptedImporter/UnityEditor.QuickSearchModule:UnityEditor.Search:ASIAI0B' with importer (ScriptedImporter : UnityEditor.QuickSearchModule:UnityEditor.Search:ASIAI0B)
Imported 'GUID: a4ebf98f04dc14143987a9c9bfbcac75' -> (Import Result ID: '174c0dabad75f5df1a0974a31a8f7996') in 0.001 seconds [static and dynamic dependencies]. Details - ImportResultOutputID=f50f4155e87873e6fa9a873d3ae929c9 DependenciesID=a2284af8b7a98977ddcf71757b125b41 StaticDependenciesID=b5a6beb262f04023b39efb46671ef590 
Number of updated asset objects reloaded before import = 0
Number of asset objects unloaded after import = 1
========================================================================
Received Import Request.
  Time of request: 2026-09-15T03:17:30.005614Z
  Time since last request: 0.000441891 seconds.
  importAddress: GUID: 5ce7acb68acc3422cabbabad94e11a62 - Path: Packages/com.unity.services.core/Runtime/Core.Internal/Utils - Importer: ScriptedImporter/UnityEditor.QuickSearchModule:UnityEditor.Search:ASIAI0B
Importing 'GUID: 5ce7acb68acc3422cabbabad94e11a62 - Path: Packages/com.unity.services.core/Runtime/Core.Internal/Utils - Importer: ScriptedImporter/UnityEditor.QuickSearchModule:UnityEditor.Search:ASIAI0B' with importer (ScriptedImporter : UnityEditor.QuickSearchModule:UnityEditor.Search:ASIAI0B)
Imported 'GUID: 5ce7acb68acc3422cabbabad94e11a62' -> (Import Result ID: 'e88f0fa416ba526a5c9ce16f90f0b5da') in 0.001 seconds [static and dynamic dependencies]. Details - ImportResultOutputID=63f1e088f2b52c76def0504c5e56337d DependenciesID=a9adef3c98f68db667ecda4e8be41ed0 StaticDependenciesID=e450353d078055abb4d772f5dbdefe0e 
Number of updated asset objects reloaded before import = 0
Number of asset objects unloaded after import = 1
========================================================================
Received Import Request.
  Time of request: 2026-09-15T03:17:30.007064Z
  Time since last request: 0.000321314 seconds.
  importAddress: GUID: 8d604a38d81640f987c84116ef96cb21 - Path: Packages/com.unity.services.core/Runtime/Core.Internal/Components/Authentication/ITargetingContext.cs - Importer: ScriptedImporter/UnityEditor.QuickSearchModule:UnityEditor.Search:ASIAI0B
Importing 'GUID: 8d604a38d81640f987c84116ef96cb21 - Path: Packages/com.unity.services.core/Runtime/Core.Internal/Components/Authentication/ITargetingContext.cs - Importer: ScriptedImporter/UnityEditor.QuickSearchModule:UnityEditor.Search:ASIAI0B' with importer (ScriptedImporter : UnityEditor.QuickSearchModule:UnityEditor.Search:ASIAI0B)
Imported 'GUID: 8d604a38d81640f987c84116ef96cb21' -> (Import Result ID: '50c3931159a1178eaba6de6681f6e47f') in 0.001 seconds [static and dynamic dependencies]. Details - ImportResultOutputID=2377ec2b8243c5538ef968d6723595ff DependenciesID=081fc03ff2def97cccc01d6174d62880 StaticDependenciesID=f0beb8c4aa392c00423bfbd72adac67c 
Number of updated asset objects reloaded before import = 0
Number of asset objects unloaded after import = 0
========================================================================
Received Import Request.
  Time of request: 2026-09-15T03:17:30.00825Z
  Time since last request: 0.000370887 seconds.
  importAddress: GUID: b77daad429a8d427084daf2d73df3a9b - Path: Packages/com.unity.services.cloud-build/LICENSE.md - Importer: ScriptedImporter/UnityEditor.QuickSearchModule:UnityEditor.Search:ASIAI0B
Importing 'GUID: b77daad429a8d427084daf2d73df3a9b - Path: Packages/com.unity.services.cloud-build/LICENSE.md - Importer: ScriptedImporter/UnityEditor.QuickSearchModule:UnityEditor.Search:ASIAI0B' with importer (ScriptedImporter : UnityEditor.QuickSearchModule:UnityEditor.Search:ASIAI0B)
Imported 'GUID: b77daad429a8d427084daf2d73df3a9b' -> (Import Result ID: '8ed5b61fee5bec21b8eecd926df049b5') in 0.001 seconds [static and dynamic dependencies]. Details - ImportResultOutputID=fac1669112eff53fbd02b4106efe5e50 DependenciesID=2cf001cd3edef3a0d810b909ac1bc304 StaticDependenciesID=235ef9eb28f6428cdc571df77f986122 
Number of updated asset objects reloaded before import = 0
Number of asset objects unloaded after import = 1
========================================================================
Received Import Request.
  Time of request: 2026-09-15T03:17:30.009714Z
  Time since last request: 0.000446219 seconds.
  importAddress: GUID: 0d41728ad423e904cb4aa8ee699c4e42 - Path: Packages/com.unity.services.core/LICENSE.md - Importer: ScriptedImporter/UnityEditor.QuickSearchModule:UnityEditor.Search:ASIAI0B
Importing 'GUID: 0d41728ad423e904cb4aa8ee699c4e42 - Path: Packages/com.unity.services.core/LICENSE.md - Importer: ScriptedImporter/UnityEditor.QuickSearchModule:UnityEditor.Search:ASIAI0B' with importer (ScriptedImporter : UnityEditor.QuickSearchModule:UnityEditor.Search:ASIAI0B)
Imported 'GUID: 0d41728ad423e904cb4aa8ee699c4e42' -> (Import Result ID: '15f717f65e6f47f0236c2d4a8c524952') in 0.001 seconds [static and dynamic dependencies]. Details - ImportResultOutputID=0b8f0931480f33b00c49f2e687fd87c0 DependenciesID=1d6d3f875e988be2636a4fec12f8c1a5 StaticDependenciesID=2828f49b92a8f92ddb7a092775f55dcf 
Number of updated asset objects reloaded before import = 0
Number of asset objects unloaded after import = 1
========================================================================
Received Import Request.
  Time of request: 2026-09-15T03:17:30.010845Z
  Time since last request: 0.000414589 seconds.
  importAddress: GUID: d3165b886c24cdf4aae413fa29476483 - Path: Packages/com.unity.services.core/Editor/Core/Configuration/IConfigurationProvider.cs - Importer: ScriptedImporter/UnityEditor.QuickSearchModule:UnityEditor.Search:ASIAI0B
Importing 'GUID: d3165b886c24cdf4aae413fa29476483 - Path: Packages/com.unity.services.core/Editor/Core/Configuration/IConfigurationProvider.cs - Importer: ScriptedImporter/UnityEditor.QuickSearchModule:UnityEditor.Search:ASIAI0B' with importer (ScriptedImporter : UnityEditor.QuickSearchModule:UnityEditor.Search:ASIAI0B)
Imported 'GUID: d3165b886c24cdf4aae413fa29476483' -> (Import Result ID: '661426c47eba317ebcfd7098c19271e6') in 0.001 seconds [static and dynamic dependencies]. Details - ImportResultOutputID=55c1ae70fccffc3a4b1af513b8274285 DependenciesID=b014186ddaada795a2f48cd79103af80 StaticDependenciesID=6187f3fdaefdd8b9c400af398cf86a29 
Number of updated asset objects reloaded before import = 0
Number of asset objects unloaded after import = 0
========================================================================
Received Import Request.
  Time of request: 2026-09-15T03:17:30.012021Z
  Time since last request: 0.000369604 seconds.
  importAddress: GUID: c3788e7e3e2e94c38a2deace1fee410e - Path: Packages/com.unity.services.core/Runtime/Device/InstallationId.cs - Importer: ScriptedImporter/UnityEditor.QuickSearchModule:UnityEditor.Search:ASIAI0B
Importing 'GUID: c3788e7e3e2e94c38a2deace1fee410e - Path: Packages/com.unity.services.core/Runtime/Device/InstallationId.cs - Importer: ScriptedImporter/UnityEditor.QuickSearchModule:UnityEditor.Search:ASIAI0B' with importer (ScriptedImporter : UnityEditor.QuickSearchModule:UnityEditor.Search:ASIAI0B)
Imported 'GUID: c3788e7e3e2e94c38a2deace1fee410e' -> (Import Result ID: 'a44d7e082ced0a09cf65542e0673e9a3') in 0.001 seconds [static and dynamic dependencies]. Details - ImportResultOutputID=f171e9e0362eac36bceff655dc5bbd0b DependenciesID=da992bf796ad60bac06543b886385717 StaticDependenciesID=9a6a77ffc0c18f47e4b2b3f76aa2d2a1 
Number of updated asset objects reloaded before import = 0
Number of asset objects unloaded after import = 0
========================================================================
Received Import Request.
  Time of request: 2026-09-15T03:17:30.013211Z
  Time since last request: 0.000448552 seconds.
  importAddress: GUID: 0fdf980a065edb64d9acee85c4004c3b - Path: Packages/com.unity.services.core/Editor/Core/Status/StatusWindow.cs - Importer: ScriptedImporter/UnityEditor.QuickSearchModule:UnityEditor.Search:ASIAI0B
Importing 'GUID: 0fdf980a065edb64d9acee85c4004c3b - Path: Packages/com.unity.services.core/Editor/Core/Status/StatusWindow.cs - Importer: ScriptedImporter/UnityEditor.QuickSearchModule:UnityEditor.Search:ASIAI0B' with importer (ScriptedImporter : UnityEditor.QuickSearchModule:UnityEditor.Search:ASIAI0B)
Imported 'GUID: 0fdf980a065edb64d9acee85c4004c3b' -> (Import Result ID: '9ad59d2f6bb7ed10a57a85dd7dc6dea9') in 0.001 seconds [static and dynamic dependencies]. Details - ImportResultOutputID=1afd5b373e797eb82f809883558aeaa3 DependenciesID=871a3980e495092eb0539ee36458f5bb StaticDependenciesID=99ac77b9046dd1bfc471b9d0f89285b7 
Number of updated asset objects reloaded before import = 0
Number of asset objects unloaded after import = 0
========================================================================
Received Import Request.
  Time of request: 2026-09-15T03:17:30.014424Z
  Time since last request: 0.000339448 seconds.
  importAddress: GUID: f35a5b2933eb87b44869fb793b853ab5 - Path: Packages/com.unity.services.core/Runtime/Telemetry/Metrics - Importer: ScriptedImporter/UnityEditor.QuickSearchModule:UnityEditor.Search:ASIAI0B
Importing 'GUID: f35a5b2933eb87b44869fb793b853ab5 - Path: Packages/com.unity.services.core/Runtime/Telemetry/Metrics - Importer: ScriptedImporter/UnityEditor.QuickSearchModule:UnityEditor.Search:ASIAI0B' with importer (ScriptedImporter : UnityEditor.QuickSearchModule:UnityEditor.Search:ASIAI0B)
Imported 'GUID: f35a5b2933eb87b44869fb793b853ab5' -> (Import Result ID: '070cbf54fd0f94bce6c356335ffcf483') in 0.001 seconds [static and dynamic dependencies]. Details - ImportResultOutputID=a7b747aca2212ba410e0dc1f8a4c1623 DependenciesID=ae3326736208f8e02b2a0091915a3b12 StaticDependenciesID=7da7a01b99570781bbc69de146c5d6d8 
Number of updated asset objects reloaded before import = 0
Number of asset objects unloaded after import = 1
========================================================================
Received Import Request.
  Time of request: 2026-09-15T03:17:30.015721Z
  Time since last request: 0.000331523 seconds.
  importAddress: GUID: 2cbeea08e009b4f1d8f8b2786d63ca25 - Path: Packages/com.unity.services.core/Runtime/Core.Internal/Components/Networking - Importer: ScriptedImporter/UnityEditor.QuickSearchModule:UnityEditor.Search:ASIAI0B
Importing 'GUID: 2cbeea08e009b4f1d8f8b2786d63ca25 - Path: Packages/com.unity.services.core/Runtime/Core.Internal/Components/Networking - Importer: ScriptedImporter/UnityEditor.QuickSearchModule:UnityEditor.Search:ASIAI0B' with importer (ScriptedImporter : UnityEditor.QuickSearchModule:UnityEditor.Search:ASIAI0B)
Imported 'GUID: 2cbeea08e009b4f1d8f8b2786d63ca25' -> (Import Result ID: 'cf5b707aa3bda4723423c22bb38f0ba7') in 0.001 seconds [static and dynamic dependencies]. Details - ImportResultOutputID=1eba706b9dd663007a072e6775575110 DependenciesID=ce62d6fbf613d760eeac1f6a2016439b StaticDependenciesID=bfc8f2c189bc0bdd2636b0245b2bdf72 
Number of updated asset objects reloaded before import = 0
Number of asset objects unloaded after import = 1
========================================================================
Received Import Request.
  Time of request: 2026-09-15T03:17:30.017051Z
  Time since last request: 0.000374364 seconds.
  importAddress: GUID: c322cfeea9a20cf4ba4aa4fe620d3745 - Path: Packages/com.unity.services.core/Editor/Core/Utils/OrganizationHandler - Importer: ScriptedImporter/UnityEditor.QuickSearchModule:UnityEditor.Search:ASIAI0B
Importing 'GUID: c322cfeea9a20cf4ba4aa4fe620d3745 - Path: Packages/com.unity.services.core/Editor/Core/Utils/OrganizationHandler - Importer: ScriptedImporter/UnityEditor.QuickSearchModule:UnityEditor.Search:ASIAI0B' with importer (ScriptedImporter : UnityEditor.QuickSearchModule:UnityEditor.Search:ASIAI0B)
Imported 'GUID: c322cfeea9a20cf4ba4aa4fe620d3745' -> (Import Result ID: '48d4e28ade04a4339fcfd90f682d7c80') in 0.001 seconds [static and dynamic dependencies]. Details - ImportResultOutputID=43b67855bc77f6960931900b31d3af7b DependenciesID=2822d08c2cf28c1eb3e5efce8bbc8dc1 StaticDependenciesID=2d4f697d329f01b3d9d62fa50f4ea68f 
Number of updated asset objects reloaded before import = 0
Number of asset objects unloaded after import = 1
========================================================================
Received Import Request.
  Time of request: 2026-09-15T03:17:30.018359Z
  Time since last request: 0.000539032 seconds.
  importAddress: GUID: 75e8d0760cfbb423989cc47bb74a9b16 - Path: Packages/com.unity.services.core/Editor/Core/Environments/Client/Configuration - Importer: ScriptedImporter/UnityEditor.QuickSearchModule:UnityEditor.Search:ASIAI0B
Importing 'GUID: 75e8d0760cfbb423989cc47bb74a9b16 - Path: Packages/com.unity.services.core/Editor/Core/Environments/Client/Configuration - Importer: ScriptedImporter/UnityEditor.QuickSearchModule:UnityEditor.Search:ASIAI0B' with importer (ScriptedImporter : UnityEditor.QuickSearchModule:UnityEditor.Search:ASIAI0B)
Imported 'GUID: 75e8d0760cfbb423989cc47bb74a9b16' -> (Import Result ID: '6c6e869a095334e62bc9663b43bfaffc') in 0.001 seconds [static and dynamic dependencies]. Details - ImportResultOutputID=194914e2ece2cfd5105c6eb9cd722ed6 DependenciesID=d5882c6c53fa83a2a23793231b023792 StaticDependenciesID=09716a216b0e1406e1192226617f9cb1 
Number of updated asset objects reloaded before import = 0
Number of asset objects unloaded after import = 1
========================================================================
Received Import Request.
  Time of request: 2026-09-15T03:17:30.019523Z
  Time since last request: 0.000291648 seconds.
  importAddress: GUID: f999feb557b5489d983b6fc6989e3bf2 - Path: Packages/com.unity.services.core/Editor/Core/UiHelpers/ExceptionHelper.cs - Importer: ScriptedImporter/UnityEditor.QuickSearchModule:UnityEditor.Search:ASIAI0B
Importing 'GUID: f999feb557b5489d983b6fc6989e3bf2 - Path: Packages/com.unity.services.core/Editor/Core/UiHelpers/ExceptionHelper.cs - Importer: ScriptedImporter/UnityEditor.QuickSearchModule:UnityEditor.Search:ASIAI0B' with importer (ScriptedImporter : UnityEditor.QuickSearchModule:UnityEditor.Search:ASIAI0B)
Imported 'GUID: f999feb557b5489d983b6fc6989e3bf2' -> (Import Result ID: 'a9bc2ba1201f940cc74c1730643ee8ae') in 0.001 seconds [static and dynamic dependencies]. Details - ImportResultOutputID=988c055b0eb1688107fe4f9be7f7391e DependenciesID=67e694f9b06b3721d30b9028f35807da StaticDependenciesID=374636dcc49ab083b82ddd3087ce95d8 
Number of updated asset objects reloaded before import = 0
Number of asset objects unloaded after import = 0
========================================================================
Received Import Request.
  Time of request: 2026-09-15T03:17:30.02049Z
  Time since last request: 0.000272973 seconds.
  importAddress: GUID: 8bc3494ea9e548e099a2bb941ad9ddee - Path: Packages/com.unity.services.core/Editor/Core/ProjectStateManagement - Importer: ScriptedImporter/UnityEditor.QuickSearchModule:UnityEditor.Search:ASIAI0B
Importing 'GUID: 8bc3494ea9e548e099a2bb941ad9ddee - Path: Packages/com.unity.services.core/Editor/Core/ProjectStateManagement - Importer: ScriptedImporter/UnityEditor.QuickSearchModule:UnityEditor.Search:ASIAI0B' with importer (ScriptedImporter : UnityEditor.QuickSearchModule:UnityEditor.Search:ASIAI0B)
Imported 'GUID: 8bc3494ea9e548e099a2bb941ad9ddee' -> (Import Result ID: '4025fef4ba224bb91c5296342afe5699') in 0.001 seconds [static and dynamic dependencies]. Details - ImportResultOutputID=f9f2279cfc73fa2ab1b6299d720869cf DependenciesID=3509a4a4659b1da12c3ccbec01db142c StaticDependenciesID=813b89814aaf4e568529c674b9bd2716 
Number of updated asset objects reloaded before import = 0
Number of asset objects unloaded after import = 1
========================================================================
Received Import Request.
  Time of request: 2026-09-15T03:17:30.021424Z
  Time since last request: 0.00026598 seconds.
  importAddress: GUID: 8aebbb7ccff5845b18681b4819457d83 - Path: Packages/com.unity.services.core/Runtime/Core/Initialization/ServicesInitializationException.cs - Importer: ScriptedImporter/UnityEditor.QuickSearchModule:UnityEditor.Search:ASIAI0B
Importing 'GUID: 8aebbb7ccff5845b18681b4819457d83 - Path: Packages/com.unity.services.core/Runtime/Core/Initialization/ServicesInitializationException.cs - Importer: ScriptedImporter/UnityEditor.QuickSearchModule:UnityEditor.Search:ASIAI0B' with importer (ScriptedImporter : UnityEditor.QuickSearchModule:UnityEditor.Search:ASIAI0B)
Imported 'GUID: 8aebbb7ccff5845b18681b4819457d83' -> (Import Result ID: '3923e2355b644a3684c28879b6949735') in 0.001 seconds [static and dynamic dependencies]. Details - ImportResultOutputID=ecdaabe399a61547a6411f74e367a870 DependenciesID=c2874537dcb31fb2ad07fdcd1d5fa987 StaticDependenciesID=00f4e5f9369ef54f2dfd06923e302652 
Number of updated asset objects reloaded before import = 0
Number of asset objects unloaded after import = 0
========================================================================
Received Import Request.
  Time of request: 2026-09-15T03:17:30.022384Z
  Time since last request: 0.000276709 seconds.
  importAddress: GUID: 03476828a39df494a93e9eb8c807484e - Path: Packages/com.unity.services.core/Runtime/Core.Internal/UnityServicesEditorInitializer.cs - Importer: ScriptedImporter/UnityEditor.QuickSearchModule:UnityEditor.Search:ASIAI0B
Importing 'GUID: 03476828a39df494a93e9eb8c807484e - Path: Packages/com.unity.services.core/Runtime/Core.Internal/UnityServicesEditorInitializer.cs - Importer: ScriptedImporter/UnityEditor.QuickSearchModule:UnityEditor.Search:ASIAI0B' with importer (ScriptedImporter : UnityEditor.QuickSearchModule:UnityEditor.Search:ASIAI0B)
Imported 'GUID: 03476828a39df494a93e9eb8c807484e' -> (Import Result ID: 'f9e8f2526b7469edb2de640769fae055') in 0.001 seconds [static and dynamic dependencies]. Details - ImportResultOutputID=0144c1dce12baf6e3462e756ee4d791f DependenciesID=fb4041cb70bd10add7b7ed5bb5a36c24 StaticDependenciesID=b8aa25c4a9b71bdf914208abcc39dbd8 
Number of updated asset objects reloaded before import = 0
Number of asset objects unloaded after import = 0
========================================================================
Received Import Request.
  Time of request: 2026-09-15T03:17:30.023472Z
  Time since last request: 0.000245521 seconds.
  importAddress: GUID: c3755af4fd119427481c46ab5946719c - Path: Packages/com.unity.services.core/Runtime/Core.Internal/AsyncOperation/AsyncOperationAwaiter.cs - Importer: ScriptedImporter/UnityEditor.QuickSearchModule:UnityEditor.Search:ASIAI0B
Importing 'GUID: c3755af4fd119427481c46ab5946719c - Path: Packages/com.unity.services.core/Runtime/Core.Internal/AsyncOperation/AsyncOperationAwaiter.cs - Importer: ScriptedImporter/UnityEditor.QuickSearchModule:UnityEditor.Search:ASIAI0B' with importer (ScriptedImporter : UnityEditor.QuickSearchModule:UnityEditor.Search:ASIAI0B)
Imported 'GUID: c3755af4fd119427481c46ab5946719c' -> (Import Result ID: '8786f53578fe55e992d4ae9fd7ae935e') in 0.001 seconds [static and dynamic dependencies]. Details - ImportResultOutputID=8beed0b8d8f4d93d5f89b32b133bf67c DependenciesID=3b90ad64a6c40152f8431a4494a61d15 StaticDependenciesID=e882a4e5665c1ebb3bd0fd4535481957 
Number of updated asset objects reloaded before import = 0
Number of asset objects unloaded after import = 0
========================================================================
Received Import Request.
  Time of request: 2026-09-15T03:17:30.024508Z
  Time since last request: 0.000251974 seconds.
  importAddress: GUID: f062e98fc9ade4f4faa8759ddbf79a98 - Path: Packages/com.unity.services.core/Runtime/Core.Internal/Components/Networking/HttpResponse.cs - Importer: ScriptedImporter/UnityEditor.QuickSearchModule:UnityEditor.Search:ASIAI0B
Importing 'GUID: f062e98fc9ade4f4faa8759ddbf79a98 - Path: Packages/com.unity.services.core/Runtime/Core.Internal/Components/Networking/HttpResponse.cs - Importer: ScriptedImporter/UnityEditor.QuickSearchModule:UnityEditor.Search:ASIAI0B' with importer (ScriptedImporter : UnityEditor.QuickSearchModule:UnityEditor.Search:ASIAI0B)
Imported 'GUID: f062e98fc9ade4f4faa8759ddbf79a98' -> (Import Result ID: '3e30cfcb2ebc835015f69b6901f806d2') in 0.001 seconds [static and dynamic dependencies]. Details - ImportResultOutputID=a2f696ffc37ee28adecbf81ba9890915 DependenciesID=018af189e75d7f47ba7e54ed194017d7 StaticDependenciesID=0dfaf7b8b2a220a2af9eec3463889fea 
Number of updated asset objects reloaded before import = 0
Number of asset objects unloaded after import = 0
========================================================================
Received Import Request.
  Time of request: 2026-09-15T03:17:30.02568Z
  Time since last request: 0.000309231 seconds.
  importAddress: GUID: 1431c9d01279f4808a07dda4a14eabb3 - Path: Packages/com.unity.services.core/Editor/Core/Shared/Infrastructure/Collections/ReadOnlyObservableCollection.Gen.cs - Importer: ScriptedImporter/UnityEditor.QuickSearchModule:UnityEditor.Search:ASIAI0B
Importing 'GUID: 1431c9d01279f4808a07dda4a14eabb3 - Path: Packages/com.unity.services.core/Editor/Core/Shared/Infrastructure/Collections/ReadOnlyObservableCollection.Gen.cs - Importer: ScriptedImporter/UnityEditor.QuickSearchModule:UnityEditor.Search:ASIAI0B' with importer (ScriptedImporter : UnityEditor.QuickSearchModule:UnityEditor.Search:ASIAI0B)
Imported 'GUID: 1431c9d01279f4808a07dda4a14eabb3' -> (Import Result ID: 'f70c4756ee9ad9a943a64675c0f57a9d') in 0.001 seconds [static and dynamic dependencies]. Details - ImportResultOutputID=c3ce6bbb8ba1b381406da9cebb32df7c DependenciesID=db8000fcaec11b230366898a1dff3326 StaticDependenciesID=17a2de3e547f635a19ad89379cb1dac1 
Number of updated asset objects reloaded before import = 0
Number of asset objects unloaded after import = 0
========================================================================
Received Import Request.
  Time of request: 2026-09-15T03:17:30.026818Z
  Time since last request: 0.000309982 seconds.
  importAddress: GUID: 15ee81abac09c42d9bef6148030cc0b1 - Path: Packages/com.unity.services.core/Editor/Core/Shared/DependencyInversion/DependencyNotFoundException.Gen.cs - Importer: ScriptedImporter/UnityEditor.QuickSearchModule:UnityEditor.Search:ASIAI0B
Importing 'GUID: 15ee81abac09c42d9bef6148030cc0b1 - Path: Packages/com.unity.services.core/Editor/Core/Shared/DependencyInversion/DependencyNotFoundException.Gen.cs - Importer: ScriptedImporter/UnityEditor.QuickSearchModule:UnityEditor.Search:ASIAI0B' with importer (ScriptedImporter : UnityEditor.QuickSearchModule:UnityEditor.Search:ASIAI0B)
Imported 'GUID: 15ee81abac09c42d9bef6148030cc0b1' -> (Import Result ID: '6598275c0204afee2592965e5d883753') in 0.001 seconds [static and dynamic dependencies]. Details - ImportResultOutputID=159905f4274a96118617330708ac5d05 DependenciesID=42258aad3d22b397987d5d575ca23ca7 StaticDependenciesID=828996da1883574a95aa3381adcb43da 
Number of updated asset objects reloaded before import = 0
Number of asset objects unloaded after import = 0
========================================================================
Received Import Request.
  Time of request: 2026-09-15T03:17:30.027963Z
  Time since last request: 0.000335631 seconds.
  importAddress: GUID: 13e422d7b3aa04e7994f974a3d50c391 - Path: Packages/com.unity.services.core/Runtime/Scheduler/Unity.Services.Core.Scheduler.asmdef - Importer: ScriptedImporter/UnityEditor.QuickSearchModule:UnityEditor.Search:ASIAI0B
Importing 'GUID: 13e422d7b3aa04e7994f974a3d50c391 - Path: Packages/com.unity.services.core/Runtime/Scheduler/Unity.Services.Core.Scheduler.asmdef - Importer: ScriptedImporter/UnityEditor.QuickSearchModule:UnityEditor.Search:ASIAI0B' with importer (ScriptedImporter : UnityEditor.QuickSearchModule:UnityEditor.Search:ASIAI0B)
Imported 'GUID: 13e422d7b3aa04e7994f974a3d50c391' -> (Import Result ID: 'a9a8d33605b3dacd0f4d1b89af774373') in 0.001 seconds [static and dynamic dependencies]. Details - ImportResultOutputID=ebeee0a4bcf92c6979fbccf690dc3e38 DependenciesID=1533a5fa4f75efa4b49ed846c04188eb StaticDependenciesID=6bf580608bbf73b7f27a7beb0cafd635 
Number of updated asset objects reloaded before import = 0
Number of asset objects unloaded after import = 1
========================================================================
Received Import Request.
  Time of request: 2026-09-15T03:17:30.02903Z
  Time since last request: 0.000270338 seconds.
  importAddress: GUID: a54a67ed0cd9c4a00913d325490a466b - Path: Packages/com.unity.services.core/Runtime/Core.Internal/Registry/CoreRegistry.cs - Importer: ScriptedImporter/UnityEditor.QuickSearchModule:UnityEditor.Search:ASIAI0B
Importing 'GUID: a54a67ed0cd9c4a00913d325490a466b - Path: Packages/com.unity.services.core/Runtime/Core.Internal/Registry/CoreRegistry.cs - Importer: ScriptedImporter/UnityEditor.QuickSearchModule:UnityEditor.Search:ASIAI0B' with importer (ScriptedImporter : UnityEditor.QuickSearchModule:UnityEditor.Search:ASIAI0B)
Imported 'GUID: a54a67ed0cd9c4a00913d325490a466b' -> (Import Result ID: '58f396fe98cb092b3277df2ad6257370') in 0.001 seconds [static and dynamic dependencies]. Details - ImportResultOutputID=4bf1c1506cf4606d60e7776f19aa4cd5 DependenciesID=fd595d54beaad7b04a9ab4051fdb65a8 StaticDependenciesID=d289a17043ef240c6bedd9f9817a3032 
Number of updated asset objects reloaded before import = 0
Number of asset objects unloaded after import = 0
========================================================================
Received Import Request.
  Time of request: 2026-09-15T03:17:30.030126Z
  Time since last request: 0.000335971 seconds.
  importAddress: GUID: 4a4f12b5466c418ab0e66bd23e0a0af2 - Path: Packages/com.unity.services.core/Editor/Core/UserRoleManagement/IUserRoleRequest.cs - Importer: ScriptedImporter/UnityEditor.QuickSearchModule:UnityEditor.Search:ASIAI0B
Importing 'GUID: 4a4f12b5466c418ab0e66bd23e0a0af2 - Path: Packages/com.unity.services.core/Editor/Core/UserRoleManagement/IUserRoleRequest.cs - Importer: ScriptedImporter/UnityEditor.QuickSearchModule:UnityEditor.Search:ASIAI0B' with importer (ScriptedImporter : UnityEditor.QuickSearchModule:UnityEditor.Search:ASIAI0B)
Imported 'GUID: 4a4f12b5466c418ab0e66bd23e0a0af2' -> (Import Result ID: 'dc5163d68267ddccfaf6110003291cf9') in 0.001 seconds [static and dynamic dependencies]. Details - ImportResultOutputID=e2d0f02f8137a4e74072bfb1b78d3893 DependenciesID=7140167b07b9387b701dbd8854240265 StaticDependenciesID=a64a4866929cb801e886c904c38cb34d 
Number of updated asset objects reloaded before import = 0
Number of asset objects unloaded after import = 0
========================================================================
Received Import Request.
  Time of request: 2026-09-15T03:17:30.031352Z
  Time since last request: 0.000290415 seconds.
  importAddress: GUID: a1952452a6d6d0e4dbbf9ccf58e31d37 - Path: Packages/com.unity.services.core/Runtime/Components/ServicesInitializationEvents.cs - Importer: ScriptedImporter/UnityEditor.QuickSearchModule:UnityEditor.Search:ASIAI0B
Importing 'GUID: a1952452a6d6d0e4dbbf9ccf58e31d37 - Path: Packages/com.unity.services.core/Runtime/Components/ServicesInitializationEvents.cs - Importer: ScriptedImporter/UnityEditor.QuickSearchModule:UnityEditor.Search:ASIAI0B' with importer (ScriptedImporter : UnityEditor.QuickSearchModule:UnityEditor.Search:ASIAI0B)
Imported 'GUID: a1952452a6d6d0e4dbbf9ccf58e31d37' -> (Import Result ID: '09852aa3d1afd891e61af01a753edb2b') in 0.001 seconds [static and dynamic dependencies]. Details - ImportResultOutputID=e065b5d55714dff1d847f3102dbed346 DependenciesID=edeb86c80b909d9b30dd2856ce422a27 StaticDependenciesID=9511c7d7bba0e16573da7ecae33e4ece 
Number of updated asset objects reloaded before import = 0
Number of asset objects unloaded after import = 0
========================================================================
Received Import Request.
  Time of request: 2026-09-15T03:17:30.032325Z
  Time since last request: 0.000301236 seconds.
  importAddress: GUID: 17c935ca4d9d95048931d5aec5d99d97 - Path: Packages/com.unity.services.core/Runtime/Configuration/SerializableProjectConfiguration.cs - Importer: ScriptedImporter/UnityEditor.QuickSearchModule:UnityEditor.Search:ASIAI0B
Importing 'GUID: 17c935ca4d9d95048931d5aec5d99d97 - Path: Packages/com.unity.services.core/Runtime/Configuration/SerializableProjectConfiguration.cs - Importer: ScriptedImporter/UnityEditor.QuickSearchModule:UnityEditor.Search:ASIAI0B' with importer (ScriptedImporter : UnityEditor.QuickSearchModule:UnityEditor.Search:ASIAI0B)
Imported 'GUID: 17c935ca4d9d95048931d5aec5d99d97' -> (Import Result ID: '894eea05284278b0ce9af865bac1f2e4') in 0.001 seconds [static and dynamic dependencies]. Details - ImportResultOutputID=ba99606538767bd7c6344739fc48eefb DependenciesID=03b4102fd6a9d9aa272e5bf5a985eb5d StaticDependenciesID=bed2904f2e864c568632c08f1f18da36 
Number of updated asset objects reloaded before import = 0
Number of asset objects unloaded after import = 0
========================================================================
Received Import Request.
  Time of request: 2026-09-15T03:17:30.033276Z
  Time since last request: 0.000308499 seconds.
  importAddress: GUID: d98f48c190c0e448ca61c4f095f55ec3 - Path: Packages/com.unity.services.core/Runtime/Configuration/ConfigurationResetter.cs - Importer: ScriptedImporter/UnityEditor.QuickSearchModule:UnityEditor.Search:ASIAI0B
Importing 'GUID: d98f48c190c0e448ca61c4f095f55ec3 - Path: Packages/com.unity.services.core/Runtime/Configuration/ConfigurationResetter.cs - Importer: ScriptedImporter/UnityEditor.QuickSearchModule:UnityEditor.Search:ASIAI0B' with importer (ScriptedImporter : UnityEditor.QuickSearchModule:UnityEditor.Search:ASIAI0B)
Imported 'GUID: d98f48c190c0e448ca61c4f095f55ec3' -> (Import Result ID: '61f5bf81726855e886e12d9daf6c6523') in 0.001 seconds [static and dynamic dependencies]. Details - ImportResultOutputID=b1a7a25843438efb73c8c2248beafae0 DependenciesID=ca8a93dce63a77787ab851f8548f44d4 StaticDependenciesID=73789a0c9046ccef79f2d9d8d8fa7d6c 
Number of updated asset objects reloaded before import = 0
Number of asset objects unloaded after import = 0
========================================================================
Received Import Request.
  Time of request: 2026-09-15T03:17:30.034186Z
  Time since last request: 0.00028219 seconds.
  importAddress: GUID: 294f83b40dade45de80752da3ccfb793 - Path: Packages/com.unity.services.core/Runtime/Device/UserIdProviders/AndroidUtils.cs - Importer: ScriptedImporter/UnityEditor.QuickSearchModule:UnityEditor.Search:ASIAI0B
Importing 'GUID: 294f83b40dade45de80752da3ccfb793 - Path: Packages/com.unity.services.core/Runtime/Device/UserIdProviders/AndroidUtils.cs - Importer: ScriptedImporter/UnityEditor.QuickSearchModule:UnityEditor.Search:ASIAI0B' with importer (ScriptedImporter : UnityEditor.QuickSearchModule:UnityEditor.Search:ASIAI0B)
Imported 'GUID: 294f83b40dade45de80752da3ccfb793' -> (Import Result ID: '1ef2c916234eb503e7d9ba2f925db04b') in 0.001 seconds [static and dynamic dependencies]. Details - ImportResultOutputID=6e9fac822c53ed48f125611b6035df73 DependenciesID=7b2ec1f1f316eedd582bcd91617eb73e StaticDependenciesID=693b4021355be0fc96c6681f952fbf00 
Number of updated asset objects reloaded before import = 0
Number of asset objects unloaded after import = 0
========================================================================
Received Import Request.
  Time of request: 2026-09-15T03:17:30.035157Z
  Time since last request: 0.000349196 seconds.
  importAddress: GUID: c7fcd0b25211b4456841ec71fd8a103c - Path: Packages/com.unity.services.core/Runtime/Core.Internal/Components/Configuration - Importer: ScriptedImporter/UnityEditor.QuickSearchModule:UnityEditor.Search:ASIAI0B
Importing 'GUID: c7fcd0b25211b4456841ec71fd8a103c - Path: Packages/com.unity.services.core/Runtime/Core.Internal/Components/Configuration - Importer: ScriptedImporter/UnityEditor.QuickSearchModule:UnityEditor.Search:ASIAI0B' with importer (ScriptedImporter : UnityEditor.QuickSearchModule:UnityEditor.Search:ASIAI0B)
Imported 'GUID: c7fcd0b25211b4456841ec71fd8a103c' -> (Import Result ID: '4d1bcd7149b52eab35f8dce18930515f') in 0.001 seconds [static and dynamic dependencies]. Details - ImportResultOutputID=69d894784e96d6fb0a92eeb843dbe2fe DependenciesID=23803b17d5379c2e9eea4e0dc3b94a7e StaticDependenciesID=131321b9d81ead9242ea0b3b8033dcd6 
Number of updated asset objects reloaded before import = 0
Number of asset objects unloaded after import = 1
Editor requested this worker to shutdown with reason: Scaling down because of idle timeout
AcceleratorClientConnectionCallback - disconnected - :0
AssetImportWorker is now disconnected from the server
Process exiting
[ExitDontLaunchBugReporter] Exiting without the bug reporter. Application will exit with return code 0

SDL leaked 2 allocations
Turn on UNITY_SDL_ALLOCATION_TRACKING for detailed information.
Vulkan PSO: data extracted [new size=118698, old size=118698, incomplete=0]
Vulkan PSO: Pipeline cache has not changed skipping save handle[644a1ea0]
