Unity Editor version:    6000.6.0f1 (f7f8ed4d1e24)
Branch:                  6000.6/respin/6000.6.0f1-fa21a270ab12
Build type:              Release
Batch mode:              NO
System name:             Linux
Distro version:          #1 SMP PREEMPT_DYNAMIC Sun Aug 23 04:02:57 UTC 2026
Kernel version:          7.2.0-202.nobara.fc44.x86_64
Architecture:            x86_64
Window Protocol:         Wayland (XWayland)
Available memory:        63495 MB
Date:                    2026-09-15T03:06:51Z
VBCSCompilerPreWarmer: ERROR: Couldn't pre-warm as failed to write stub code temporary file (/tmpUnityVBCSPreWarm_318122.cs)
VBCSCompiler prewarm took 0.14 ms
[Licensing::Module] Trying to connect to existing licensing client channel...
[Licensing::IpcConnector] Successfully connected to: "LicenseClient-jack" at "2026-09-15T03:06:51.846716Z"
[SignatureVerifier] Application signature verification not supported on this platform.
[Licensing::Client] Error: HandshakeResponse reported an error:
	ResponseCode: 505
	ResponseStatus: Unsupported protocol version '1.18.3'.
[Licensing::Module] Error: Failed to handshake to channel: "LicenseClient-jack"
[Licensing::IpcConnector] LicenseClient-jack channel disconnected successfully.
[Licensing::IpcConnector] Channel LicenseClient-jack-6000.6.0 doesn't exist
[Licensing::Module] Successfully launched the LicensingClient (PId: 318159)
[Licensing::IpcConnector] Successfully connected to: "LicenseClient-jack-6000.6.0" at "2026-09-15T03:06:52.010517Z"
[SignatureVerifier] Application signature verification not supported on this platform.
Selected window backend: (null) 
[Licensing::Client] Handshaking with LicensingClient:
  Version:                 1.18.3+d7ffd15
  Session Id:              a49f3513025549b5b45668cafbc69bb2
  Correlation Id:          e321a48517eef030a5b57a6c18bd9aac
  External correlation Id: 7995193033596141946
  Machine Id:              Ydtj+AVGEBTtLOQ9je37x6jUnm0=
[Licensing::Module] Successfully connected to LicensingClient on channel: "LicenseClient-jack-6000.6.0" (connect: 0.16s, validation: 0.04s, handshake: 0.00s)
[Licensing::IpcConnector] Successfully connected to: "LicenseClient-jack-6000.6.0-notifications" at "2026-09-15T03:06:52.050945Z"
[Licensing::Module] Connected to LicensingClient (PId: 318159, launch time: 0.00, total connection time: 0.20s)
[Licensing::Module] Error: Access token is unavailable; failed to update
[Licensing::Client] Successfully resolved entitlement details
[Licensing::Module] License group:
  Id: 2473961162010-UnityPersXXXX
  Product: Unity Personal
  Type: Assigned
  Expiration: Unlimited
[Licensing::Client] Successfully updated license, isAsync: True, time: 0.01
[Licensing::Client] Successfully resolved entitlement details
[Licensing::Module] Licensing Background thread has ended after 0.23s
Desktop is 4920 x 1920 @ 60 Hz
Initialize udev device monitor.

COMMAND LINE ARGUMENTS:
/home/jack/Unity/Hub/Editor/6000.6.0f1/Editor/unityhub-unity-editor-6000.6.0f1
-projectPath
/home/jack/Documents/Unity/Apple-Picker
Successfully changed project path to: /home/jack/Documents/Unity/Apple-Picker
/home/jack/Documents/Unity/Apple-Picker
[UnityMemory] Configuration Parameters - Can be set up in boot.config
    "memorysetup-temp-allocator-size-gi-baking-worker=262144"
    "memorysetup-temp-allocator-size-gi-baking-worker=262144"
    "memorysetup-temp-allocator-size-gi-baking-worker=262144"
    "memorysetup-temp-allocator-size-gi-baking-worker=262144"
    "memorysetup-temp-allocator-size-gi-baking-worker=262144"
    "memorysetup-temp-allocator-size-nav-mesh-worker=65536"
    "memorysetup-temp-allocator-size-audio-worker=65536"
    "memorysetup-temp-allocator-size-cloud-worker=32768"
    "memorysetup-temp-allocator-size-preload-manager=33554432"
    "memorysetup-remapper-allocator-initial-capacity=32768"
    "memorysetup-temp-allocator-size-gfx=262144"
    "memorysetup-allocator-temp-initial-block-size-main=262144"
    "memorysetup-allocator-temp-initial-block-size-worker=262144"
    "memorysetup-temp-allocator-size-background-worker=32768"
    "memorysetup-temp-allocator-size-job-worker=262144"
    "memorysetup-bucket-allocator-granularity=16"
    "memorysetup-bucket-allocator-bucket-count=8"
    "memorysetup-bucket-allocator-block-size=33554432"
    "memorysetup-bucket-allocator-block-count=8"
    "memorysetup-main-allocator-block-size=16777216"
    "memorysetup-thread-allocator-block-size=16777216"
    "memorysetup-main-allocator-mimalloc-enabled=1"
    "memorysetup-gfx-main-allocator-block-size=16777216"
    "memorysetup-gfx-thread-allocator-block-size=16777216"
    "memorysetup-cache-allocator-block-size=4194304"
    "memorysetup-typetree-allocator-block-size=2097152"
    "memorysetup-profiler-bucket-allocator-granularity=16"
    "memorysetup-profiler-bucket-allocator-bucket-count=8"
    "memorysetup-profiler-bucket-allocator-block-size=33554432"
    "memorysetup-profiler-bucket-allocator-block-count=8"
    "memorysetup-profiler-allocator-block-size=16777216"
    "memorysetup-profiler-editor-allocator-block-size=1048576"
    "memorysetup-temp-allocator-size-main=16777216"
    "memorysetup-job-temp-allocator-block-size=2097152"
    "memorysetup-job-temp-allocator-block-size-background=1048576"
    "memorysetup-job-temp-allocator-reduction-small-platforms=262144"
Player connection [140406223928320]  Target information:

Player connection [140406223928320]  * "[IP] 172.20.1.75 [Port] 55504 [Flags] 2 [Guid] 3443672262 [EditorId] 3443672262 [Version] 1048832 [Id] LinuxEditor(16,10.2.0.2) [Debug] 1 [PackageName] LinuxEditor [ProjectName] Editor" 

Player connection [140406223928320]  * "[IP] 172.20.1.128 [Port] 55504 [Flags] 2 [Guid] 3443672262 [EditorId] 3443672262 [Version] 1048832 [Id] LinuxEditor(16,10.2.0.2) [Debug] 1 [PackageName] LinuxEditor [ProjectName] Editor" 

Player connection [140406223928320]  * "[IP] 172.18.0.1 [Port] 55504 [Flags] 2 [Guid] 3443672262 [EditorId] 3443672262 [Version] 1048832 [Id] LinuxEditor(16,10.2.0.2) [Debug] 1 [PackageName] LinuxEditor [ProjectName] Editor" 

Player connection [140406223928320]  * "[IP] 172.17.0.1 [Port] 55504 [Flags] 2 [Guid] 3443672262 [EditorId] 3443672262 [Version] 1048832 [Id] LinuxEditor(16,10.2.0.2) [Debug] 1 [PackageName] LinuxEditor [ProjectName] Editor" 

Player connection [140406223928320]  * "[IP] 10.2.0.2 [Port] 55504 [Flags] 2 [Guid] 3443672262 [EditorId] 3443672262 [Version] 1048832 [Id] LinuxEditor(16,10.2.0.2) [Debug] 1 [PackageName] LinuxEditor [ProjectName] Editor" 

Player connection [140406223928320] Host joined multi-casting on [225.0.0.222:54997]...
Player connection [140406223928320] Host joined alternative multi-casting on [225.0.0.222:34997]...
Input System module state changed to: Initialized.
[Physics::Module] Initialized fallback backend.
[Physics::Module] Id: 0xdecafbad
Initialising UDS system complete:
  - System type: Client
  - Resource namespace: 0225093952b82c3c335caffb6c8dc458
  - Shared memory size: 1073741824
  - Command buffer id: 1052624
  - Command buffer size: 8192
  - Hashmap size: 4194304
  - Service connected: false
[Package Manager] Connected to IPC stream "Upm-318122" after 0.1 seconds.
[Licensing::Client] Successfully resolved entitlement details
Library Redirect Path: Library/
Launching Unity Data Store - /home/jack/Unity/Hub/Editor/6000.6.0f1/Editor/Data/Tools/Unity.DataStore 
Unity Data Store artifact dir = Library/DataStore, working dir = /home/jack/Documents/Unity/Apple-Picker[Physics::Module] Selected backend.
[Physics::Module] Name: PhysX
[Physics::Module] Id: 0xf2b8ea05
[Physics::Module] SDK Version: 4.1.2
[Physics::Module] Integration Version: 1.0.0
[Physics::Module] Threading Mode: Multi-Threaded
Unity Data Store running and initialised
Initialize engine version: 6000.6.0f1 (f7f8ed4d1e24)
[EntityIdStore] init: VM path (explicit commit), pageSize=4096, blockCount=1048576, entitiesPerBlock=256, slots reserved=4294967296 bytes
[Subsystems] Discovering subsystems at path /home/jack/Unity/Hub/Editor/6000.6.0f1/Editor/Data/Resources/UnitySubsystems
[Subsystems] Discovering subsystems at path /home/jack/Documents/Unity/Apple-Picker/Assets
kGfxThreadingModeSplitJobs is not supported on OpenGL Core. Reverting to kGfxThreadingModeDirect instead.
GfxDevice: creating device client; kGfxThreadingModeDirect
GLX Extensions: GLX_ARB_get_proc_address GLX_ARB_multisample GLX_EXT_visual_info GLX_EXT_visual_rating GLX_SGIX_fbconfig GLX_SGIX_pbuffer GLX_SGI_swap_control GLX_EXT_swap_control GLX_EXT_buffer_age GLX_ARB_create_context GLX_ARB_create_context_profile GLX_ARB_fbconfig_float GLX_EXT_fbconfig_packed_float GLX_EXT_framebuffer_sRGB GLX_NV_copy_image GLX_NV_copy_buffer GLX_EXT_create_context_es_profile GLX_EXT_create_context_es2_profile GLX_ARB_create_context_no_error GLX_ARB_create_context_robustness GLX_ARB_context_flush_control 
Renderer: NVIDIA GeForce RTX 4060 Ti/PCIe/SSE2
Vendor:   NVIDIA Corporation
Version:  4.5.0 NVIDIA 595.91.07
GLES:     0
 GL_AMD_multi_draw_indirect GL_AMD_seamless_cubemap_per_texture GL_AMD_vertex_shader_viewport_index GL_AMD_vertex_shader_layer GL_ARB_arrays_of_arrays GL_ARB_base_instance GL_ARB_bindless_texture GL_ARB_blend_func_extended GL_ARB_buffer_storage GL_ARB_clear_buffer_object GL_ARB_clear_texture GL_ARB_clip_control GL_ARB_color_buffer_float GL_ARB_compressed_texture_pixel_storage GL_ARB_conservative_depth GL_ARB_compute_shader GL_ARB_compute_variable_group_size GL_ARB_conditional_render_inverted GL_ARB_copy_buffer GL_ARB_copy_image GL_ARB_cull_distance GL_ARB_debug_output GL_ARB_depth_buffer_float GL_ARB_depth_clamp GL_ARB_depth_texture GL_ARB_derivative_control GL_ARB_direct_state_access GL_ARB_draw_buffers GL_ARB_draw_buffers_blend GL_ARB_draw_indirect GL_ARB_draw_elements_base_vertex GL_ARB_draw_instanced GL_ARB_enhanced_layouts GL_ARB_ES2_compatibility GL_ARB_ES3_compatibility GL_ARB_ES3_1_compatibility GL_ARB_ES3_2_compatibility GL_ARB_explicit_attrib_location GL_ARB_explicit_uniform_location GL_ARB_fragmen
t_coord_conventions GL_ARB_fragment_layer_viewport GL_ARB_fragment_program GL_ARB_fragment_program_shadow GL_ARB_fragment_shader GL_ARB_fragment_shader_interlock GL_ARB_framebuffer_no_attachments GL_ARB_framebuffer_object GL_ARB_framebuffer_sRGB GL_ARB_geometry_shader4 GL_ARB_get_program_binary GL_ARB_get_texture_sub_image GL_ARB_gl_spirv GL_ARB_gpu_shader5 GL_ARB_gpu_shader_fp64 GL_ARB_gpu_shader_int64 GL_ARB_half_float_pixel GL_ARB_half_float_vertex GL_ARB_imaging GL_ARB_indirect_parameters GL_ARB_instanced_arrays GL_ARB_internalformat_query GL_ARB_internalformat_query2 GL_ARB_invalidate_subdata GL_ARB_map_buffer_alignment GL_ARB_map_buffer_range GL_ARB_multi_bind GL_ARB_multi_draw_indirect GL_ARB_multisample GL_ARB_multitexture GL_ARB_occlusion_query GL_ARB_occlusion_query2 GL_ARB_parallel_shader_compile GL_ARB_pipeline_statistics_query GL_ARB_pixel_buffer_object GL_ARB_point_parameters GL_ARB_point_sprite GL_ARB_polygon_offset_clamp GL_ARB_post_depth_coverage GL_ARB_program_interface_query GL_ARB_provoki
ng_vertex GL_ARB_query_buffer_object GL_ARB_robust_buffer_access_behavior GL_ARB_robustness GL_ARB_sample_locations GL_ARB_sample_shading GL_ARB_sampler_objects GL_ARB_seamless_cube_map GL_ARB_seamless_cubemap_per_texture GL_ARB_separate_shader_objects GL_ARB_shader_atomic_counter_ops GL_ARB_shader_atomic_counters GL_ARB_shader_ballot GL_ARB_shader_bit_encoding GL_ARB_shader_clock GL_ARB_shader_draw_parameters GL_ARB_shader_group_vote GL_ARB_shader_image_load_store GL_ARB_shader_image_size GL_ARB_shader_objects GL_ARB_shader_precision GL_ARB_shader_storage_buffer_object GL_ARB_shader_subroutine GL_ARB_shader_texture_image_samples GL_ARB_shader_texture_lod GL_ARB_shading_language_100 GL_ARB_shader_viewport_layer_array GL_ARB_shading_language_420pack GL_ARB_shading_language_include GL_ARB_shading_language_packing GL_ARB_shadow GL_ARB_sparse_buffer GL_ARB_sparse_texture GL_ARB_sparse_texture2 GL_ARB_sparse_texture_clamp GL_ARB_spirv_extensions GL_ARB_stencil_texturing GL_ARB_sync GL_ARB_tessellation_shader GL_A
RB_texture_barrier GL_ARB_texture_border_clamp GL_ARB_texture_buffer_object GL_ARB_texture_buffer_object_rgb32 GL_ARB_texture_buffer_range GL_ARB_texture_compression GL_ARB_texture_compression_bptc GL_ARB_texture_compression_rgtc GL_ARB_texture_cube_map GL_ARB_texture_cube_map_array GL_ARB_texture_env_add GL_ARB_texture_env_combine GL_ARB_texture_env_crossbar GL_ARB_texture_env_dot3 GL_ARB_texture_filter_anisotropic GL_ARB_texture_filter_minmax GL_ARB_texture_float GL_ARB_texture_gather GL_ARB_texture_mirror_clamp_to_edge GL_ARB_texture_mirrored_repeat GL_ARB_texture_multisample GL_ARB_texture_non_power_of_two GL_ARB_texture_query_levels GL_ARB_texture_query_lod GL_ARB_texture_rectangle GL_ARB_texture_rg GL_ARB_texture_rgb10_a2ui GL_ARB_texture_stencil8 GL_ARB_texture_storage GL_ARB_texture_storage_multisample GL_ARB_texture_swizzle GL_ARB_texture_view GL_ARB_timer_query GL_ARB_transform_feedback2 GL_ARB_transform_feedback3 GL_ARB_transform_feedback_instanced GL_ARB_transform_feedback_overflow_query GL_ARB_t
ranspose_matrix GL_ARB_uniform_buffer_object GL_ARB_vertex_array_bgra GL_ARB_vertex_array_object GL_ARB_vertex_attrib_64bit GL_ARB_vertex_attrib_binding GL_ARB_vertex_buffer_object GL_ARB_vertex_program GL_ARB_vertex_shader GL_ARB_vertex_type_10f_11f_11f_rev GL_ARB_vertex_type_2_10_10_10_rev GL_ARB_viewport_array GL_ARB_window_pos GL_ATI_draw_buffers GL_ATI_texture_float GL_ATI_texture_mirror_once GL_S3_s3tc GL_EXT_texture_env_add GL_EXT_abgr GL_EXT_bgra GL_EXT_bindable_uniform GL_EXT_blend_color GL_EXT_blend_equation_separate GL_EXT_blend_func_separate GL_EXT_blend_minmax GL_EXT_blend_subtract GL_EXT_compiled_vertex_array GL_EXT_Cg_shader GL_EXT_depth_bounds_test GL_EXT_direct_state_access GL_EXT_draw_buffers2 GL_EXT_draw_instanced GL_EXT_draw_range_elements GL_EXT_fog_coord GL_EXT_framebuffer_blit GL_EXT_framebuffer_multisample GL_EXTX_framebuffer_mixed_formats GL_EXT_framebuffer_multisample_blit_scaled GL_EXT_framebuffer_object GL_EXT_framebuffer_sRGB GL_EXT_geometry_shader4 GL_EXT_gpu_program_parameters 
GL_EXT_gpu_shader4 GL_EXT_multi_draw_arrays GL_EXT_multiview_texture_multisample GL_EXT_multiview_timer_query GL_EXT_packed_depth_stencil GL_EXT_packed_float GL_EXT_packed_pixels GL_EXT_pixel_buffer_object GL_EXT_point_parameters GL_EXT_polygon_offset_clamp GL_EXT_post_depth_coverage GL_EXT_provoking_vertex GL_EXT_raster_multisample GL_EXT_rescale_normal GL_EXT_secondary_color GL_EXT_separate_shader_objects GL_EXT_separate_specular_color GL_EXT_shader_image_load_formatted GL_EXT_shader_image_load_store GL_EXT_shader_integer_mix GL_EXT_shadow_funcs GL_EXT_sparse_texture2 GL_EXT_stencil_two_side GL_EXT_stencil_wrap GL_EXT_texture3D GL_EXT_texture_array GL_EXT_texture_buffer_object GL_EXT_texture_compression_dxt1 GL_EXT_texture_compression_latc GL_EXT_texture_compression_rgtc GL_EXT_texture_compression_s3tc GL_EXT_texture_cube_map GL_EXT_texture_edge_clamp GL_EXT_texture_env_combine GL_EXT_texture_env_dot3 GL_EXT_texture_filter_anisotropic GL_EXT_texture_filter_minmax GL_EXT_texture_integer GL_EXT_texture_lod G
L_EXT_texture_lod_bias GL_EXT_texture_mirror_clamp GL_EXT_texture_object GL_EXT_texture_shadow_lod GL_EXT_texture_shared_exponent GL_EXT_texture_sRGB GL_EXT_texture_sRGB_R8 GL_EXT_texture_sRGB_decode GL_EXT_texture_storage GL_EXT_texture_swizzle GL_EXT_timer_query GL_EXT_transform_feedback2 GL_EXT_vertex_array GL_EXT_vertex_array_bgra GL_EXT_vertex_attrib_64bit GL_EXT_window_rectangles GL_EXT_x11_sync_object GL_EXT_import_sync_object GL_NV_robustness_video_memory_purge GL_IBM_rasterpos_clip GL_IBM_texture_mirrored_repeat GL_KHR_context_flush_control GL_KHR_debug GL_EXT_memory_object GL_EXT_memory_object_fd GL_NV_memory_object_sparse GL_KHR_parallel_shader_compile GL_KHR_no_error GL_KHR_robust_buffer_access_behavior GL_KHR_robustness GL_EXT_semaphore GL_EXT_semaphore_fd GL_NV_timeline_semaphore GL_KHR_shader_subgroup GL_KTX_buffer_region GL_NV_alpha_to_coverage_dither_control GL_NV_bindless_multi_draw_indirect GL_NV_bindless_multi_draw_indirect_count GL_NV_bindless_texture GL_NV_blend_equation_advanced GL_NV_
blend_equation_advanced_coherent GL_NVX_blend_equation_advanced_multi_draw_buffers GL_NV_blend_minmax_factor GL_NV_blend_square GL_NV_clip_space_w_scaling GL_NV_command_list GL_NV_compute_program5 GL_NV_compute_shader_derivatives GL_NV_conditional_render GL_NV_conservative_raster GL_NV_conservative_raster_dilate GL_NV_conservative_raster_pre_snap GL_NV_conservative_raster_pre_snap_triangles GL_NV_conservative_raster_underestimation GL_NV_copy_depth_to_color GL_NV_copy_image GL_NV_depth_buffer_float GL_NV_depth_clamp GL_NV_draw_texture GL_NV_draw_vulkan_image GL_NV_ES1_1_compatibility GL_NV_ES3_1_compatibility GL_NV_explicit_multisample GL_NV_feature_query GL_NV_fence GL_NV_fill_rectangle GL_NV_float_buffer GL_NV_fog_distance GL_NV_fragment_coverage_to_color GL_NV_fragment_program GL_NV_fragment_program_option GL_NV_fragment_program2 GL_NV_fragment_shader_barycentric GL_NV_fragment_shader_interlock GL_NV_framebuffer_mixed_samples GL_NV_framebuffer_multisample_coverage GL_NV_geometry_shader4 GL_NV_geometry_sha
der_passthrough GL_NV_gpu_program4 GL_NV_internalformat_sample_query GL_NV_gpu_program4_1 GL_NV_gpu_program5 GL_NV_gpu_program5_mem_extended GL_NV_gpu_program_fp64 GL_NV_gpu_program_multiview GL_NV_gpu_shader5 GL_NV_half_float GL_NV_light_max_exponent GL_NV_memory_attachment GL_NV_mesh_shader GL_NV_multisample_coverage GL_NV_multisample_filter_hint GL_NV_occlusion_query GL_NV_packed_depth_stencil GL_NV_parameter_buffer_object GL_NV_parameter_buffer_object2 GL_NV_path_rendering GL_NV_path_rendering_shared_edge GL_NV_pixel_data_range GL_NV_point_sprite GL_NV_primitive_restart GL_NV_primitive_shading_rate GL_NV_query_resource GL_NV_query_resource_tag GL_NV_register_combiners GL_NV_register_combiners2 GL_NV_representative_fragment_test GL_NV_sample_locations GL_NV_sample_mask_override_coverage GL_NV_scissor_exclusive GL_NV_shader_atomic_counters GL_NV_shader_atomic_float GL_NV_shader_atomic_float64 GL_NV_shader_atomic_fp16_vector GL_NV_shader_atomic_int64 GL_NV_shader_buffer_load GL_NV_shader_storage_buffer_obje
ct GL_NV_shader_subgroup_partitioned GL_NV_shader_texture_footprint GL_NV_shading_rate_image GL_NV_stereo_view_rendering GL_NV_texgen_reflection GL_NV_texture_barrier GL_NV_texture_compression_vtc GL_NV_texture_dirty_tile_map GL_NV_texture_env_combine4 GL_NV_texture_multisample GL_NV_texture_rectangle GL_NV_texture_rectangle_compressed GL_NV_texture_shader GL_NV_texture_shader2 GL_NV_texture_shader3 GL_NV_transform_feedback GL_NV_transform_feedback2 GL_NV_uniform_buffer_unified_memory GL_NV_uniform_buffer_std430_layout GL_NV_vdpau_interop GL_NV_vdpau_interop2 GL_NV_vertex_array_range GL_NV_vertex_array_range2 GL_NV_vertex_attrib_integer_64bit GL_NV_vertex_buffer_unified_memory GL_NV_vertex_program GL_NV_vertex_program1_1 GL_NV_vertex_program2 GL_NV_vertex_program2_option GL_NV_vertex_program3 GL_NV_viewport_array2 GL_NV_viewport_swizzle GL_NVX_conditional_render GL_NV_gpu_multicast GL_NVX_progress_fence GL_NVX_gpu_memory_info GL_NVX_nvenc_interop GL_NV_shader_thread_group GL_NV_shader_thread_shuffle GL_KHR_b
lend_equation_advanced GL_KHR_blend_equation_advanced_coherent GL_OVR_multiview GL_OVR_multiview2 GL_SGIS_generate_mipmap GL_SGIS_texture_lod GL_SGIX_depth_texture GL_SGIX_shadow GL_SUN_slice_accum
OPENGL LOG: Creating OpenGL 4.5 graphics device ; Context level  <OpenGL 4.5> ; Context handle 358190056
Initialize mono
Mono path[0] = '/home/jack/Unity/Hub/Editor/6000.6.0f1/Editor/Data/Managed'
Mono path[1] = '/home/jack/Unity/Hub/Editor/6000.6.0f1/Editor/Data/BCLExtensions/runtime/netstandard2.1'
Mono path[2] = '/home/jack/Unity/Hub/Editor/6000.6.0f1/Editor/Data/MonoBleedingEdge/lib/mono/unityjit-linux'
Mono config path = '/home/jack/Unity/Hub/Editor/6000.6.0f1/Editor/Data/MonoBleedingEdge/etc'
Using monoOptions --debugger-agent=transport=dt_socket,embedding=1,server=y,suspend=n,address=127.0.0.1:56122
CodeReloadManager initialized
ImportWorker Server TCP listen port: 0
AcceleratorClientConnectionCallback - disconnected - :0
Begin MonoManager ReloadAssembly
Registering precompiled unity dll's ...
Register platform support module: /home/jack/Unity/Hub/Editor/6000.6.0f1/Editor/Data/PlaybackEngines/WebGLSupport/UnityEditor.WebGL.Extensions.dll
Register platform support module: /home/jack/Unity/Hub/Editor/6000.6.0f1/Editor/Data/PlaybackEngines/LinuxStandaloneSupport/UnityEditor.LinuxStandalone.Extensions.dll
Registered in 0.001307 seconds.
Native extension for LinuxStandalone target not found
Native extension for WebGL target not found
Package Manager log level set to [2]
[Licensing::Client] Successfully resolved entitlement details
ScheduleIndexationOnStartup MainProcess:False IndexOnStartup:True
Scripting: successfully reloaded assembly
- Finished resetting the current domain, in  0.926 seconds
Domain Reload Profiling: 1259ms
	BeginReloadAssembly (56ms)
		CreateAndSetChildDomain (6ms)
	RebuildCommonClasses (3ms)
	RebuildNativeTypeToScriptingClass (7ms)
	initialDomainReloadingComplete (40ms)
	LoadAllAssembliesAndSetupDomain (226ms)
		LoadAssemblies (49ms)
		TypeCache.Refresh (150ms)
			TypeCache.ScanAssembly (140ms)
		AnalyzeDomain (1ms)
	FinalizeReload (927ms)
		SetupLoadedEditorAssemblies (0ms)
			LogAssemblyErrors (4ms)
			BeforeProcessingInitializeOnLoad (68ms)
			ProcessInitializeOnLoadAttributes (75ms)
			ProcessInitializeOnLoadMethodAttributes (648ms)
[Licensing::Client] Successfully resolved entitlement details
Application.AssetDatabase Initial Refresh Start
[Package Manager] Restoring resolved packages state from cache
[Licensing::Client] Successfully resolved entitlement details
[Package Manager] Registered 52 packages:
  Packages from [https://packages.unity.com]:
    com.unity.collab-proxy@2.13.6 (location: /home/jack/Documents/Unity/Apple-Picker/Library/PackageCache/com.unity.collab-proxy@4628d2ba6ea4)
    com.unity.ide.rider@3.0.38 (location: /home/jack/Documents/Unity/Apple-Picker/Library/PackageCache/com.unity.ide.rider@1f60b3138684)
    com.unity.ide.visualstudio@2.0.28 (location: /home/jack/Documents/Unity/Apple-Picker/Library/PackageCache/com.unity.ide.visualstudio@b5edea5f33f4)
    com.unity.inputsystem@1.20.0 (location: /home/jack/Documents/Unity/Apple-Picker/Library/PackageCache/com.unity.inputsystem@7a4e1a2a8194)
    com.unity.visualscripting@1.9.12 (location: /home/jack/Documents/Unity/Apple-Picker/Library/PackageCache/com.unity.visualscripting@4edfcc09512f)
    com.unity.performance.profile-analyzer@1.4.0 (location: /home/jack/Documents/Unity/Apple-Picker/Library/PackageCache/com.unity.performance.profile-analyzer@2bb26871883c)
    com.unity.testtools.codecoverage@1.3.0 (location: /home/jack/Documents/Unity/Apple-Picker/Library/PackageCache/com.unity.testtools.codecoverage@19a841221620)
    com.unity.settings-manager@2.1.1 (location: /home/jack/Documents/Unity/Apple-Picker/Library/PackageCache/com.unity.settings-manager@0b8638c5ce86)
  Built-in packages:
    com.unity.feature.development@1.0.2 (location: /home/jack/Documents/Unity/Apple-Picker/Library/PackageCache/com.unity.feature.development@767aadbc6eb7)
    com.unity.timeline@6.6.0 (location: /home/jack/Documents/Unity/Apple-Picker/Library/PackageCache/com.unity.timeline@56b07ebd2230)
    com.unity.ugui@2.6.0 (location: /home/jack/Documents/Unity/Apple-Picker/Library/PackageCache/com.unity.ugui@9acc4bc81b33)
    com.unity.modules.accessibility@1.0.0 (location: /home/jack/Documents/Unity/Apple-Picker/Library/PackageCache/com.unity.modules.accessibility)
    com.unity.modules.adaptiveperformance@1.0.0 (location: /home/jack/Documents/Unity/Apple-Picker/Library/PackageCache/com.unity.modules.adaptiveperformance)
    com.unity.modules.ai@1.0.0 (location: /home/jack/Documents/Unity/Apple-Picker/Library/PackageCache/com.unity.modules.ai)
    com.unity.modules.androidjni@1.0.0 (location: /home/jack/Documents/Unity/Apple-Picker/Library/PackageCache/com.unity.modules.androidjni)
    com.unity.modules.animation@1.0.0 (location: /home/jack/Documents/Unity/Apple-Picker/Library/PackageCache/com.unity.modules.animation)
    com.unity.modules.assetbundle@1.0.0 (location: /home/jack/Documents/Unity/Apple-Picker/Library/PackageCache/com.unity.modules.assetbundle)
    com.unity.modules.audio@1.0.0 (location: /home/jack/Documents/Unity/Apple-Picker/Library/PackageCache/com.unity.modules.audio)
    com.unity.modules.cloth@1.0.0 (location: /home/jack/Documents/Unity/Apple-Picker/Library/PackageCache/com.unity.modules.cloth)
    com.unity.modules.director@1.0.0 (location: /home/jack/Documents/Unity/Apple-Picker/Library/PackageCache/com.unity.modules.director)
    com.unity.modules.imageconversion@1.0.0 (location: /home/jack/Documents/Unity/Apple-Picker/Library/PackageCache/com.unity.modules.imageconversion)
    com.unity.modules.imgui@1.0.0 (location: /home/jack/Documents/Unity/Apple-Picker/Library/PackageCache/com.unity.modules.imgui)
    com.unity.modules.jsonserialize@1.0.0 (location: /home/jack/Documents/Unity/Apple-Picker/Library/PackageCache/com.unity.modules.jsonserialize)
    com.unity.modules.particlesystem@1.0.0 (location: /home/jack/Documents/Unity/Apple-Picker/Library/PackageCache/com.unity.modules.particlesystem)
    com.unity.modules.physics@1.0.0 (location: /home/jack/Documents/Unity/Apple-Picker/Library/PackageCache/com.unity.modules.physics)
    com.unity.modules.physics2d@1.0.0 (location: /home/jack/Documents/Unity/Apple-Picker/Library/PackageCache/com.unity.modules.physics2d)
    com.unity.modules.physicscore2d@1.0.0 (location: /home/jack/Documents/Unity/Apple-Picker/Library/PackageCache/com.unity.modules.physicscore2d)
    com.unity.modules.screencapture@1.0.0 (location: /home/jack/Documents/Unity/Apple-Picker/Library/PackageCache/com.unity.modules.screencapture)
    com.unity.modules.terrain@1.0.0 (location: /home/jack/Documents/Unity/Apple-Picker/Library/PackageCache/com.unity.modules.terrain)
    com.unity.modules.terrainphysics@1.0.0 (location: /home/jack/Documents/Unity/Apple-Picker/Library/PackageCache/com.unity.modules.terrainphysics)
    com.unity.modules.tetgen@1.0.0 (location: /home/jack/Documents/Unity/Apple-Picker/Library/PackageCache/com.unity.modules.tetgen)
    com.unity.modules.tilemap@1.0.0 (location: /home/jack/Documents/Unity/Apple-Picker/Library/PackageCache/com.unity.modules.tilemap)
    com.unity.modules.timelinefoundation@1.0.0 (location: /home/jack/Documents/Unity/Apple-Picker/Library/PackageCache/com.unity.modules.timelinefoundation)
    com.unity.modules.ui@1.0.0 (location: /home/jack/Documents/Unity/Apple-Picker/Library/PackageCache/com.unity.modules.ui)
    com.unity.modules.uielements@1.0.0 (location: /home/jack/Documents/Unity/Apple-Picker/Library/PackageCache/com.unity.modules.uielements)
    com.unity.modules.umbra@1.0.0 (location: /home/jack/Documents/Unity/Apple-Picker/Library/PackageCache/com.unity.modules.umbra)
    com.unity.modules.unityanalytics@1.0.0 (location: /home/jack/Documents/Unity/Apple-Picker/Library/PackageCache/com.unity.modules.unityanalytics)
    com.unity.modules.unitywebrequest@1.0.0 (location: /home/jack/Documents/Unity/Apple-Picker/Library/PackageCache/com.unity.modules.unitywebrequest)
    com.unity.modules.unitywebrequestassetbundle@1.0.0 (location: /home/jack/Documents/Unity/Apple-Picker/Library/PackageCache/com.unity.modules.unitywebrequestassetbundle)
    com.unity.modules.unitywebrequestaudio@1.0.0 (location: /home/jack/Documents/Unity/Apple-Picker/Library/PackageCache/com.unity.modules.unitywebrequestaudio)
    com.unity.modules.unitywebrequesttexture@1.0.0 (location: /home/jack/Documents/Unity/Apple-Picker/Library/PackageCache/com.unity.modules.unitywebrequesttexture)
    com.unity.modules.unitywebrequestwww@1.0.0 (location: /home/jack/Documents/Unity/Apple-Picker/Library/PackageCache/com.unity.modules.unitywebrequestwww)
    com.unity.modules.vectorgraphics@1.0.0 (location: /home/jack/Documents/Unity/Apple-Picker/Library/PackageCache/com.unity.modules.vectorgraphics)
    com.unity.modules.vehicles@1.0.0 (location: /home/jack/Documents/Unity/Apple-Picker/Library/PackageCache/com.unity.modules.vehicles)
    com.unity.modules.video@1.0.0 (location: /home/jack/Documents/Unity/Apple-Picker/Library/PackageCache/com.unity.modules.video)
    com.unity.modules.wind@1.0.0 (location: /home/jack/Documents/Unity/Apple-Picker/Library/PackageCache/com.unity.modules.wind)
    com.unity.modules.xr@1.0.0 (location: /home/jack/Documents/Unity/Apple-Picker/Library/PackageCache/com.unity.modules.xr)
    com.unity.modules.subsystems@1.0.0 (location: /home/jack/Documents/Unity/Apple-Picker/Library/PackageCache/com.unity.modules.subsystems)
    com.unity.modules.hierarchycore@1.0.0 (location: /home/jack/Documents/Unity/Apple-Picker/Library/PackageCache/com.unity.modules.hierarchycore)
    com.unity.test-framework@1.8.0 (location: /home/jack/Documents/Unity/Apple-Picker/Library/PackageCache/com.unity.test-framework@f0b61198e8dc)
    com.unity.ext.nunit@2.1.0 (location: /home/jack/Documents/Unity/Apple-Picker/Library/PackageCache/com.unity.ext.nunit@508b95ff9afe)
    com.unity.editorcoroutines@6.6.0 (location: /home/jack/Documents/Unity/Apple-Picker/Library/PackageCache/com.unity.editorcoroutines@af8abaa9a9d2)
[Subsystems] No new subsystems found in resolved package list.
[Package Manager] Done registering packages in 0.00 seconds
Starting: /home/jack/Unity/Hub/Editor/6000.6.0f1/Editor/Data/Tools/BuildPipeline/bee_backend --ipc --defer-dag-verification --dagfile="Library/Bee/2400b0aE.dag" --continue-on-failure --profile="Library/Bee/backend1.traceevents" ScriptAssemblies
WorkingDir: /home/jack/Documents/Unity/Apple-Picker
ExitCode: 4 Duration: 0s99ms
[367/530    0s] CopyFiles Library/ScriptAssemblies/Unity.Rider.Editor.pdb
[368/530    0s] CopyFiles Library/ScriptAssemblies/Unity.VisualStudio.Editor.pdb
[374/530    0s] CopyFiles Library/ScriptAssemblies/Unity.VisualStudio.Editor.dll
[381/530    0s] CopyFiles Library/ScriptAssemblies/Unity.Rider.Editor.dll
[424/530    0s] ILPP-Configuration Library/ilpp-configuration.nevergeneratedoutput
[447/530    0s] CopyFiles Library/ScriptAssemblies/UnityEngine.UI.dll
[449/530    0s] CopyFiles Library/ScriptAssemblies/Assembly-CSharp.dll
[455/530    0s] CopyFiles Library/ScriptAssemblies/UnityEngine.TestRunner.dll
[459/530    0s] CopyFiles Library/ScriptAssemblies/Unity.VisualScripting.State.dll
[461/530    0s] CopyFiles Library/ScriptAssemblies/Unity.InputSystem.ForUI.dll
[462/530    0s] CopyFiles Library/ScriptAssemblies/Unity.InputSystem.dll
[466/530    0s] CopyFiles Library/ScriptAssemblies/Unity.TextMeshPro.dll
[467/530    0s] CopyFiles Library/ScriptAssemblies/Unity.Timeline.dll
[468/530    0s] CopyFiles Library/ScriptAssemblies/Unity.TestTools.CodeCoverage.Editor.OpenCover.Mono.Reflection.pdb
[469/530    0s] CopyFiles Library/ScriptAssemblies/Unity.TextMeshPro.Editor.pdb
[470/530    0s] CopyFiles Library/ScriptAssemblies/Unity.Settings.Editor.pdb
[471/530    0s] CopyFiles Library/ScriptAssemblies/Unity.VisualScripting.Shared.Editor.dll
[472/530    0s] CopyFiles Library/ScriptAssemblies/Unity.VisualScripting.Core.dll
[473/530    0s] CopyFiles Library/ScriptAssemblies/Unity.VisualScripting.Shared.Editor.pdb
[474/530    0s] CopyFiles Library/ScriptAssemblies/Unity.Timeline.Editor.dll
[475/530    0s] CopyFiles Library/ScriptAssemblies/UnityEditor.UI.pdb
[476/530    0s] CopyFiles Library/ScriptAssemblies/UnityEditor.UI.dll
[477/530    0s] CopyFiles Library/ScriptAssemblies/Unity.VisualScripting.DocCodeExamples.dll
[478/530    0s] CopyFiles Library/ScriptAssemblies/Unity.Performance.Profile-Analyzer.Editor.pdb
[479/530    0s] CopyFiles Library/ScriptAssemblies/Unity.VisualScripting.State.Editor.dll
[480/530    0s] CopyFiles Library/ScriptAssemblies/Unity.InputSystem.ForUI.Editor.pdb
[481/530    0s] CopyFiles Library/ScriptAssemblies/Unity.EditorCoroutines.Editor.pdb
[482/530    0s] CopyFiles Library/ScriptAssemblies/Unity.PlasticSCM.Editor.pdb
[483/530    0s] CopyFiles Library/ScriptAssemblies/Unity.VisualScripting.Flow.Editor.pdb
[484/530    0s] CopyFiles Library/ScriptAssemblies/Unity.InputSystem.TestFramework.dll
[485/530    0s] CopyFiles Library/ScriptAssemblies/Unity.InputSystem.pdb
[486/530    0s] CopyFiles Library/ScriptAssemblies/Unity.InternalAPIEngineBridge.004.dll
[487/530    0s] CopyFiles Library/ScriptAssemblies/Unity.TextMeshPro.Editor.dll
[488/530    0s] CopyFiles Library/ScriptAssemblies/Unity.InputSystem.ForUI.Editor.dll
[489/530    0s] CopyFiles Library/ScriptAssemblies/UnityEditor.UI.Analytics.pdb
[490/530    0s] CopyFiles Library/ScriptAssemblies/Unity.VisualScripting.Flow.dll
[491/530    0s] CopyFiles Library/ScriptAssemblies/Unity.TestTools.CodeCoverage.Editor.OpenCover.Mono.Reflection.dll
[492/530    0s] CopyFiles Library/ScriptAssemblies/Unity.VisualScripting.State.pdb
[493/530    0s] CopyFiles Library/ScriptAssemblies/UnityEditor.UI.Analytics.dll
[494/530    0s] CopyFiles Library/ScriptAssemblies/Unity.PlasticSCM.Editor.Entities.dll
[495/530    0s] CopyFiles Library/ScriptAssemblies/Unity.CollabProxy.Editor.pdb
[496/530    0s] CopyFiles Library/ScriptAssemblies/Unity.InputSystem.DocCodeSamples.pdb
[497/530    0s] CopyFiles Library/ScriptAssemblies/Unity.TestTools.CodeCoverage.Editor.pdb
[498/530    0s] CopyFiles Library/ScriptAssemblies/Unity.TestTools.CodeCoverage.Editor.OpenCover.Model.pdb
[499/530    0s] CopyFiles Library/ScriptAssemblies/Unity.InputSystem.DocCodeSamples.dll
[500/530    0s] CopyFiles Library/ScriptAssemblies/Unity.TestTools.CodeCoverage.Editor.OpenCover.Model.dll
[501/530    0s] CopyFiles Library/ScriptAssemblies/Unity.PlasticSCM.Editor.Entities.pdb
[502/530    0s] CopyFiles Library/ScriptAssemblies/Unity.VisualScripting.SettingsProvider.Editor.dll
[503/530    0s] CopyFiles Library/ScriptAssemblies/Unity.TestTools.CodeCoverage.Editor.dll
[504/530    0s] CopyFiles Library/ScriptAssemblies/Unity.PlasticSCM.Editor.dll
[505/530    0s] CopyFiles Library/ScriptAssemblies/Unity.CollabProxy.Editor.dll
[506/530    0s] CopyFiles Library/ScriptAssemblies/Unity.InternalAPIEngineBridge.004.pdb
[507/530    0s] CopyFiles Library/ScriptAssemblies/Unity.TextMeshPro.pdb
[508/530    0s] CopyFiles Library/ScriptAssemblies/Unity.InputSystem.TestFramework.pdb
[509/530    0s] CopyFiles Library/ScriptAssemblies/Unity.VisualScripting.SettingsProvider.Editor.pdb
[510/530    0s] CopyFiles Library/ScriptAssemblies/UnityEditor.TestRunner.dll
[511/530    0s] CopyFiles Library/ScriptAssemblies/UnityEngine.UI.pdb
[512/530    0s] CopyFiles Library/ScriptAssemblies/Unity.Timeline.Editor.pdb
[513/530    0s] CopyFiles Library/ScriptAssemblies/Unity.InputSystem.ForUI.pdb
[514/530    0s] CopyFiles Library/ScriptAssemblies/Unity.Settings.Editor.dll
[515/530    0s] CopyFiles Library/ScriptAssemblies/Unity.VisualScripting.Core.Editor.pdb
[516/530    0s] CopyFiles Library/ScriptAssemblies/Unity.Performance.Profile-Analyzer.Editor.dll
[517/530    0s] CopyFiles Library/ScriptAssemblies/Unity.VisualScripting.State.Editor.pdb
[518/530    0s] CopyFiles Library/ScriptAssemblies/Unity.PlasticSCM.Editor.Assistant.dll
[519/530    0s] CopyFiles Library/ScriptAssemblies/UnityEditor.TestRunner.pdb
[520/530    0s] CopyFiles Library/ScriptAssemblies/Unity.VisualScripting.Flow.Editor.dll
[521/530    0s] CopyFiles Library/ScriptAssemblies/Unity.EditorCoroutines.Editor.dll
[522/530    0s] CopyFiles Library/ScriptAssemblies/Assembly-CSharp.pdb
[523/530    0s] CopyFiles Library/ScriptAssemblies/Unity.VisualScripting.Core.Editor.dll
[524/530    0s] CopyFiles Library/ScriptAssemblies/Unity.Timeline.pdb
[525/530    0s] CopyFiles Library/ScriptAssemblies/Unity.VisualScripting.DocCodeExamples.pdb
[526/530    0s] CopyFiles Library/ScriptAssemblies/Unity.VisualScripting.Core.pdb
[527/530    0s] CopyFiles Library/ScriptAssemblies/UnityEngine.TestRunner.pdb
[528/530    0s] CopyFiles Library/ScriptAssemblies/Unity.VisualScripting.Flow.pdb
[529/530    0s] CopyFiles Library/ScriptAssemblies/Unity.PlasticSCM.Editor.Assistant.pdb
Rebuilding DAG because FileSignature timestamp changed: Library/Bee/2400b0aE-inputdata.json
*** Tundra requires additional run (0.08 seconds), 75 items updated, 530 evaluated
Starting: /home/jack/Unity/Hub/Editor/6000.6.0f1/Editor/Data/DotNetSdk/dotnet "/home/jack/Unity/Hub/Editor/6000.6.0f1/Editor/Data/Tools/BuildPipeline/ScriptCompilationBuildProgram.exe" "Library/Bee/2400b0aE.dag.json" "Library/Bee/2400b0aE-inputdata.json" "Library/Bee/buildprogram0.traceevents"
WorkingDir: /home/jack/Documents/Unity/Apple-Picker
ExitCode: 0 Duration: 0s651ms
Starting: /home/jack/Unity/Hub/Editor/6000.6.0f1/Editor/Data/Tools/BuildPipeline/bee_backend --ipc --defer-dag-verification --dagfile="Library/Bee/2400b0aE.dag" --continue-on-failure --dagfilejson="Library/Bee/2400b0aE.dag.json" --profile="Library/Bee/backend2.traceevents" ScriptAssemblies
WorkingDir: /home/jack/Documents/Unity/Apple-Picker
ExitCode: 0 Duration: 8s120ms
Finished compiling graph: 533 nodes, 8690 flattened edges (7766 ToBuild, 74 ToUse), maximum node priority 495
[262/530    0s] WriteText Library/Bee/artifacts/2400b0aE.dag/Unity.InputSystem.rsp
[263/530    0s] WriteText Library/Bee/artifacts/2400b0aE.dag/UnityEngine.UI.rsp
[264/530    0s] WriteText Library/Bee/artifacts/2400b0aE.dag/UnityEngine.TestRunner.rsp
[265/530    0s] WriteText Library/Bee/artifacts/2400b0aE.dag/UnityEditor.TestRunner.rsp
[266/530    0s] WriteText Library/Bee/artifacts/2400b0aE.dag/UnityEditor.UI.rsp
[267/530    0s] WriteText Library/Bee/artifacts/2400b0aE.dag/Unity.VisualScripting.Core.rsp
[268/530    0s] WriteText Library/Bee/artifacts/2400b0aE.dag/Unity.VisualScripting.State.rsp
[269/530    0s] WriteText Library/Bee/artifacts/2400b0aE.dag/Unity.VisualScripting.Flow.rsp
[270/530    0s] WriteText Library/Bee/artifacts/2400b0aE.dag/Unity.InternalAPIEngineBridge.004.rsp
[271/530    0s] WriteText Library/Bee/artifacts/2400b0aE.dag/Unity.VisualScripting.Core.Editor.rsp
[272/530    0s] WriteText Library/Bee/artifacts/2400b0aE.dag/Unity.VisualScripting.Flow.Editor.rsp
[273/530    0s] WriteText Library/Bee/artifacts/2400b0aE.dag/Unity.TextMeshPro.rsp
[286/530    0s] WriteText Library/Bee/artifacts/2400b0aE.dag/Unity.PlasticSCM.Editor.rsp
[290/530    0s] WriteText Library/Bee/artifacts/2400b0aE.dag/Unity.Settings.Editor.rsp
[291/530    0s] WriteText Library/Bee/artifacts/2400b0aE.dag/Unity.VisualScripting.State.Editor.rsp
[292/530    0s] WriteText Library/Bee/artifacts/2400b0aE.dag/Unity.TestTools.CodeCoverage.Editor.OpenCover.Mono.Reflection.rsp
[293/530    0s] WriteText Library/Bee/artifacts/2400b0aE.dag/Unity.VisualStudio.Editor.rsp
[295/530    0s] WriteText Library/Bee/artifacts/2400b0aE.dag/Unity.Rider.Editor.rsp
[298/530    0s] WriteText Library/Bee/artifacts/2400b0aE.dag/Unity.PlasticSCM.Editor.Assistant.rsp
[299/530    0s] WriteText Library/Bee/artifacts/2400b0aE.dag/Unity.TestTools.CodeCoverage.Editor.rsp
[300/530    0s] WriteText Library/Bee/artifacts/2400b0aE.dag/Unity.Timeline.rsp
[301/530    0s] WriteText Library/Bee/artifacts/2400b0aE.dag/Assembly-CSharp.rsp
[302/530    0s] WriteText Library/Bee/artifacts/2400b0aE.dag/UnityEditor.UI.Analytics.rsp
[303/530    0s] WriteText Library/Bee/artifacts/2400b0aE.dag/Unity.TestTools.CodeCoverage.Editor.OpenCover.Model.rsp
[304/530    0s] WriteText Library/Bee/artifacts/2400b0aE.dag/Unity.InputSystem.ForUI.rsp
[305/530    0s] WriteText Library/Bee/artifacts/2400b0aE.dag/Unity.Timeline.Editor.rsp
[306/530    0s] WriteText Library/Bee/artifacts/2400b0aE.dag/Unity.CollabProxy.Editor.rsp
[307/530    0s] WriteText Library/Bee/artifacts/2400b0aE.dag/Unity.TextMeshPro.Editor.rsp
[308/530    0s] WriteText Library/Bee/artifacts/2400b0aE.dag/Unity.EditorCoroutines.Editor.rsp
[309/530    0s] WriteText Library/Bee/artifacts/2400b0aE.dag/Unity.VisualScripting.SettingsProvider.Editor.rsp
[310/530    0s] WriteText Library/Bee/artifacts/2400b0aE.dag/Unity.VisualScripting.DocCodeExamples.rsp
[311/530    0s] WriteText Library/Bee/artifacts/2400b0aE.dag/Unity.InputSystem.TestFramework.rsp
[312/530    0s] WriteText Library/Bee/artifacts/2400b0aE.dag/Unity.PlasticSCM.Editor.Entities.rsp
[313/530    0s] WriteText Library/Bee/artifacts/2400b0aE.dag/Unity.VisualScripting.Shared.Editor.rsp
[314/530    0s] WriteText Library/Bee/artifacts/2400b0aE.dag/Unity.Performance.Profile-Analyzer.Editor.rsp
[315/530    0s] WriteText Library/Bee/artifacts/2400b0aE.dag/Unity.InputSystem.DocCodeSamples.rsp
[316/530    0s] WriteText Library/Bee/artifacts/2400b0aE.dag/Unity.InputSystem.ForUI.Editor.rsp
[           0s] Csc Library/Bee/artifacts/2400b0aE.dag/UnityEngine.UI.dll (+2 others) [CacheMiss 72b51d998ee18a2f4e122fa87ad5dbae00000000000000000000000000000006]
[           0s] Csc Library/Bee/artifacts/2400b0aE.dag/UnityEngine.TestRunner.dll (+2 others) [CacheMiss 320592add3a1f485535728efdea9394f00000000000000000000000000000006]
[317/530    0s] ILPP-Configuration Library/ilpp-configuration.nevergeneratedoutput
[318/530    0s] Csc Library/Bee/artifacts/2400b0aE.dag/UnityEngine.TestRunner.dll (+2 others)
[           0s] Csc Library/Bee/artifacts/2400b0aE.dag/UnityEngine.TestRunner.dll (+2 others) [CacheWrite 320592add3a1f485535728efdea9394f00000000000000000000000000000006]
[           0s] Csc Library/Bee/artifacts/2400b0aE.dag/UnityEditor.TestRunner.dll (+2 others) [CacheMiss 445b5aa2839cc8dd543bd0e60412683200000000000000000000000000000006]
[321/530    0s] ILPostProcess Library/Bee/artifacts/2400b0aE.dag/post-processed/UnityEngine.TestRunner.dll (+pdb)
Processing assembly Library/Bee/artifacts/2400b0aE.dag/UnityEngine.TestRunner.dll, with 139 defines and 285 references
processors: zzzUnity.Burst.CodeGen.BurstILPostProcessor
1 processor(s) skipped this assembly
[322/530    0s] CopyFiles Library/ScriptAssemblies/UnityEngine.TestRunner.pdb
[323/530    0s] CopyFiles Library/ScriptAssemblies/UnityEngine.TestRunner.dll
[324/530    1s] Csc Library/Bee/artifacts/2400b0aE.dag/UnityEngine.UI.dll (+2 others)
[           0s] Csc Library/Bee/artifacts/2400b0aE.dag/UnityEngine.UI.dll (+2 others) [CacheWrite 72b51d998ee18a2f4e122fa87ad5dbae00000000000000000000000000000006]
[326/530    0s] ILPostProcess Library/Bee/artifacts/2400b0aE.dag/post-processed/UnityEngine.UI.dll (+pdb)
Processing assembly Library/Bee/artifacts/2400b0aE.dag/UnityEngine.UI.dll, with 144 defines and 300 references
processors: zzzUnity.Burst.CodeGen.BurstILPostProcessor
1 processor(s) skipped this assembly
[327/530    0s] CopyFiles Library/ScriptAssemblies/UnityEngine.UI.dll
[328/530    0s] CopyFiles Library/ScriptAssemblies/UnityEngine.UI.pdb
[329/530    0s] Csc Library/Bee/artifacts/2400b0aE.dag/UnityEditor.TestRunner.dll (+2 others)
[           0s] Csc Library/Bee/artifacts/2400b0aE.dag/UnityEditor.TestRunner.dll (+2 others) [CacheWrite 445b5aa2839cc8dd543bd0e60412683200000000000000000000000000000006]
[           0s] Csc Library/Bee/artifacts/2400b0aE.dag/UnityEditor.UI.dll (+2 others) [CacheMiss 60137e18eae2e30d49beac40c9767afb00000000000000000000000000000006]
[332/530    0s] ILPostProcess Library/Bee/artifacts/2400b0aE.dag/post-processed/UnityEditor.TestRunner.dll (+pdb)
Processing assembly Library/Bee/artifacts/2400b0aE.dag/UnityEditor.TestRunner.dll, with 137 defines and 297 references
processors: zzzUnity.Burst.CodeGen.BurstILPostProcessor
1 processor(s) skipped this assembly
[333/530    0s] CopyFiles Library/ScriptAssemblies/UnityEditor.TestRunner.pdb
[334/530    0s] CopyFiles Library/ScriptAssemblies/UnityEditor.TestRunner.dll
[335/530    0s] Csc Library/Bee/artifacts/2400b0aE.dag/UnityEditor.UI.dll (+2 others)
[           0s] Csc Library/Bee/artifacts/2400b0aE.dag/UnityEditor.UI.dll (+2 others) [CacheWrite 60137e18eae2e30d49beac40c9767afb00000000000000000000000000000006]
[           0s] Csc Library/Bee/artifacts/2400b0aE.dag/Unity.InternalAPIEngineBridge.004.dll (+2 others) [CacheMiss f6ee070c032a9a7fc64c2fa476e19b2900000000000000000000000000000006]
[           0s] Csc Library/Bee/artifacts/2400b0aE.dag/Unity.Settings.Editor.dll (+2 others) [CacheMiss 014bae7d0fe182731b5cd71e6f99334300000000000000000000000000000006]
[           0s] Csc Library/Bee/artifacts/2400b0aE.dag/Unity.Performance.Profile-Analyzer.Editor.dll (+2 others) [CacheMiss f82a3e254e10b6aa79f248c0916164eb00000000000000000000000000000006]
[           0s] Csc Library/Bee/artifacts/2400b0aE.dag/Unity.VisualStudio.Editor.dll (+2 others) [CacheMiss 34cded97f636ed044e5d502b1dfca18e00000000000000000000000000000006]
[           0s] Csc Library/Bee/artifacts/2400b0aE.dag/Unity.Timeline.dll (+2 others) [CacheMiss 741d4906e30527141d90437536db7ec600000000000000000000000000000006]
[           0s] Csc Library/Bee/artifacts/2400b0aE.dag/Unity.PlasticSCM.Editor.dll (+2 others) [CacheMiss 5fbdb65fd887e9cbf9faa3ad8de9a9f100000000000000000000000000000006]
[           0s] Csc Library/Bee/artifacts/2400b0aE.dag/Unity.TestTools.CodeCoverage.Editor.OpenCover.Mono.Reflection.dll (+2 others) [CacheMiss 85582faeb7008b72c49fae822814a78300000000000000000000000000000006]
[           0s] Csc Library/Bee/artifacts/2400b0aE.dag/Unity.InputSystem.dll (+2 others) [CacheMiss 75b916a6fcfefb4d54b4e0554b21d91600000000000000000000000000000006]
[348/530    0s] ILPostProcess Library/Bee/artifacts/2400b0aE.dag/post-processed/UnityEditor.UI.dll (+pdb)
Processing assembly Library/Bee/artifacts/2400b0aE.dag/UnityEditor.UI.dll, with 139 defines and 312 references
processors: zzzUnity.Burst.CodeGen.BurstILPostProcessor
1 processor(s) skipped this assembly
[349/530    0s] CopyFiles Library/ScriptAssemblies/UnityEditor.UI.pdb
[350/530    0s] CopyFiles Library/ScriptAssemblies/UnityEditor.UI.dll
[           0s] Csc Library/Bee/artifacts/2400b0aE.dag/Unity.EditorCoroutines.Editor.dll (+2 others) [CacheMiss 28d85963a4e2bed39e3e78a94393f95200000000000000000000000000000006]
[           0s] Csc Library/Bee/artifacts/2400b0aE.dag/Unity.TestTools.CodeCoverage.Editor.OpenCover.Model.dll (+2 others) [CacheMiss 8cb88b8097f783c175a795923346c4bd00000000000000000000000000000006]
[351/530    0s] Csc Library/Bee/artifacts/2400b0aE.dag/Unity.InternalAPIEngineBridge.004.dll (+2 others)
[352/530    0s] Csc Library/Bee/artifacts/2400b0aE.dag/Unity.Settings.Editor.dll (+2 others)
[           0s] Csc Library/Bee/artifacts/2400b0aE.dag/Unity.Settings.Editor.dll (+2 others) [CacheWrite 014bae7d0fe182731b5cd71e6f99334300000000000000000000000000000006]
[354/530    0s] ILPostProcess Library/Bee/artifacts/2400b0aE.dag/post-processed/Unity.Settings.Editor.dll (+pdb)
Processing assembly Library/Bee/artifacts/2400b0aE.dag/Unity.Settings.Editor.dll, with 136 defines and 313 references
processors: zzzUnity.Burst.CodeGen.BurstILPostProcessor
1 processor(s) skipped this assembly
[355/530    0s] CopyFiles Library/ScriptAssemblies/Unity.Settings.Editor.pdb
[356/530    0s] CopyFiles Library/ScriptAssemblies/Unity.Settings.Editor.dll
[357/530    0s] Csc Library/Bee/artifacts/2400b0aE.dag/Unity.Timeline.dll (+2 others)
[           0s] Csc Library/Bee/artifacts/2400b0aE.dag/Unity.Timeline.dll (+2 others) [CacheWrite 741d4906e30527141d90437536db7ec600000000000000000000000000000006]
[           0s] Csc Library/Bee/artifacts/2400b0aE.dag/Unity.Timeline.Editor.dll (+2 others) [CacheMiss f5d57a10029bfb003f59f9886e1aa18400000000000000000000000000000006]
[           0s] Csc Library/Bee/artifacts/2400b0aE.dag/Unity.InternalAPIEngineBridge.004.dll (+2 others) [CacheWrite f6ee070c032a9a7fc64c2fa476e19b2900000000000000000000000000000006]
[360/530    0s] Csc Library/Bee/artifacts/2400b0aE.dag/Unity.EditorCoroutines.Editor.dll (+2 others)
[361/530    0s] Csc Library/Bee/artifacts/2400b0aE.dag/Unity.TestTools.CodeCoverage.Editor.OpenCover.Model.dll (+2 others)
[           0s] Csc Library/Bee/artifacts/2400b0aE.dag/Unity.TestTools.CodeCoverage.Editor.OpenCover.Model.dll (+2 others) [CacheWrite 8cb88b8097f783c175a795923346c4bd00000000000000000000000000000006]
[           0s] Csc Library/Bee/artifacts/2400b0aE.dag/Unity.EditorCoroutines.Editor.dll (+2 others) [CacheWrite 28d85963a4e2bed39e3e78a94393f95200000000000000000000000000000006]
[           0s] Csc Library/Bee/artifacts/2400b0aE.dag/Unity.TextMeshPro.dll (+2 others) [CacheMiss f040787eff0799be4b4db238e6b9c4b100000000000000000000000000000006]
[366/530    0s] ILPostProcess Library/Bee/artifacts/2400b0aE.dag/post-processed/Unity.Timeline.dll (+pdb)
Processing assembly Library/Bee/artifacts/2400b0aE.dag/Unity.Timeline.dll, with 139 defines and 302 references
processors: zzzUnity.Burst.CodeGen.BurstILPostProcessor
1 processor(s) skipped this assembly
[367/530    0s] CopyFiles Library/ScriptAssemblies/Unity.Timeline.pdb
[368/530    0s] CopyFiles Library/ScriptAssemblies/Unity.Timeline.dll
[369/530    0s] ILPostProcess Library/Bee/artifacts/2400b0aE.dag/post-processed/Unity.InternalAPIEngineBridge.004.dll (+pdb)
Processing assembly Library/Bee/artifacts/2400b0aE.dag/Unity.InternalAPIEngineBridge.004.dll, with 138 defines and 302 references
processors: zzzUnity.Burst.CodeGen.BurstILPostProcessor
1 processor(s) skipped this assembly
[370/530    0s] ILPostProcess Library/Bee/artifacts/2400b0aE.dag/post-processed/Unity.EditorCoroutines.Editor.dll (+pdb)
Processing assembly Library/Bee/artifacts/2400b0aE.dag/Unity.EditorCoroutines.Editor.dll, with 136 defines and 313 references
processors: zzzUnity.Burst.CodeGen.BurstILPostProcessor
1 processor(s) skipped this assembly
[371/530    0s] ILPostProcess Library/Bee/artifacts/2400b0aE.dag/post-processed/Unity.TestTools.CodeCoverage.Editor.OpenCover.Model.dll (+pdb)
Processing assembly Library/Bee/artifacts/2400b0aE.dag/Unity.TestTools.CodeCoverage.Editor.OpenCover.Model.dll, with 136 defines and 313 references
processors: zzzUnity.Burst.CodeGen.BurstILPostProcessor
1 processor(s) skipped this assembly
[372/530    0s] CopyFiles Library/ScriptAssemblies/Unity.InternalAPIEngineBridge.004.dll
[373/530    0s] CopyFiles Library/ScriptAssemblies/Unity.InternalAPIEngineBridge.004.pdb
[374/530    0s] CopyFiles Library/ScriptAssemblies/Unity.EditorCoroutines.Editor.dll
[375/530    0s] CopyFiles Library/ScriptAssemblies/Unity.EditorCoroutines.Editor.pdb
[376/530    0s] CopyFiles Library/ScriptAssemblies/Unity.TestTools.CodeCoverage.Editor.OpenCover.Model.dll
[377/530    0s] CopyFiles Library/ScriptAssemblies/Unity.TestTools.CodeCoverage.Editor.OpenCover.Model.pdb
[           0s] Csc Library/Bee/artifacts/2400b0aE.dag/Unity.Rider.Editor.dll (+2 others) [CacheMiss 711af90374aafef7f82057d047c509ec00000000000000000000000000000006]
[378/530    0s] Csc Library/Bee/artifacts/2400b0aE.dag/Unity.Performance.Profile-Analyzer.Editor.dll (+2 others)
[           0s] Csc Library/Bee/artifacts/2400b0aE.dag/Unity.Performance.Profile-Analyzer.Editor.dll (+2 others) [CacheWrite f82a3e254e10b6aa79f248c0916164eb00000000000000000000000000000006]
[380/530    0s] ILPostProcess Library/Bee/artifacts/2400b0aE.dag/post-processed/Unity.Performance.Profile-Analyzer.Editor.dll (+pdb)
Processing assembly Library/Bee/artifacts/2400b0aE.dag/Unity.Performance.Profile-Analyzer.Editor.dll, with 136 defines and 313 references
processors: zzzUnity.Burst.CodeGen.BurstILPostProcessor
1 processor(s) skipped this assembly
[381/530    0s] CopyFiles Library/ScriptAssemblies/Unity.Performance.Profile-Analyzer.Editor.dll
[382/530    0s] CopyFiles Library/ScriptAssemblies/Unity.Performance.Profile-Analyzer.Editor.pdb
[383/530    1s] Csc Library/Bee/artifacts/2400b0aE.dag/Unity.TestTools.CodeCoverage.Editor.OpenCover.Mono.Reflection.dll (+2 others)
[384/530    1s] Csc Library/Bee/artifacts/2400b0aE.dag/Unity.VisualStudio.Editor.dll (+2 others)
[           0s] Csc Library/Bee/artifacts/2400b0aE.dag/Unity.VisualStudio.Editor.dll (+2 others) [CacheWrite 34cded97f636ed044e5d502b1dfca18e00000000000000000000000000000006]
[           0s] Csc Library/Bee/artifacts/2400b0aE.dag/Unity.TestTools.CodeCoverage.Editor.OpenCover.Mono.Reflection.dll (+2 others) [CacheWrite 85582faeb7008b72c49fae822814a78300000000000000000000000000000006]
[388/530    0s] CopyFiles Library/ScriptAssemblies/Unity.VisualStudio.Editor.dll
[389/530    0s] CopyFiles Library/ScriptAssemblies/Unity.VisualStudio.Editor.pdb
[           0s] Csc Library/Bee/artifacts/2400b0aE.dag/Unity.TestTools.CodeCoverage.Editor.dll (+2 others) [CacheMiss 2ff51f90adc0a65e4b1d491e0b4d2f7b00000000000000000000000000000006]
[390/530    0s] ILPostProcess Library/Bee/artifacts/2400b0aE.dag/post-processed/Unity.TestTools.CodeCoverage.Editor.OpenCover.Mono.Reflection.dll (+pdb)
Processing assembly Library/Bee/artifacts/2400b0aE.dag/Unity.TestTools.CodeCoverage.Editor.OpenCover.Mono.Reflection.dll, with 136 defines and 313 references
processors: zzzUnity.Burst.CodeGen.BurstILPostProcessor
1 processor(s) skipped this assembly
[391/530    0s] CopyFiles Library/ScriptAssemblies/Unity.TestTools.CodeCoverage.Editor.OpenCover.Mono.Reflection.pdb
[392/530    0s] CopyFiles Library/ScriptAssemblies/Unity.TestTools.CodeCoverage.Editor.OpenCover.Mono.Reflection.dll
[393/530    0s] Csc Library/Bee/artifacts/2400b0aE.dag/Unity.Rider.Editor.dll (+2 others)
[           0s] Csc Library/Bee/artifacts/2400b0aE.dag/Unity.Rider.Editor.dll (+2 others) [CacheWrite 711af90374aafef7f82057d047c509ec00000000000000000000000000000006]
[395/530    0s] CopyFiles Library/ScriptAssemblies/Unity.Rider.Editor.dll
[396/530    0s] CopyFiles Library/ScriptAssemblies/Unity.Rider.Editor.pdb
[397/530    1s] Csc Library/Bee/artifacts/2400b0aE.dag/Unity.TextMeshPro.dll (+2 others)
[           0s] Csc Library/Bee/artifacts/2400b0aE.dag/Unity.TextMeshPro.dll (+2 others) [CacheWrite f040787eff0799be4b4db238e6b9c4b100000000000000000000000000000006]
[           0s] Csc Library/Bee/artifacts/2400b0aE.dag/Unity.TextMeshPro.Editor.dll (+2 others) [CacheMiss dc5637608265d71694a2f74aed904bee00000000000000000000000000000006]
[           0s] Csc Library/Bee/artifacts/2400b0aE.dag/UnityEditor.UI.Analytics.dll (+2 others) [CacheMiss 318b9ce66a96f0740ab9f48d94589c4500000000000000000000000000000006]
[401/530    0s] Csc Library/Bee/artifacts/2400b0aE.dag/UnityEditor.UI.Analytics.dll (+2 others)
[           0s] Csc Library/Bee/artifacts/2400b0aE.dag/UnityEditor.UI.Analytics.dll (+2 others) [CacheWrite 318b9ce66a96f0740ab9f48d94589c4500000000000000000000000000000006]
[403/530    0s] Csc Library/Bee/artifacts/2400b0aE.dag/Unity.TestTools.CodeCoverage.Editor.dll (+2 others)
[           0s] Csc Library/Bee/artifacts/2400b0aE.dag/Unity.TestTools.CodeCoverage.Editor.dll (+2 others) [CacheWrite 2ff51f90adc0a65e4b1d491e0b4d2f7b00000000000000000000000000000006]
[405/530    0s] ILPostProcess Library/Bee/artifacts/2400b0aE.dag/post-processed/UnityEditor.UI.Analytics.dll (+pdb)
Processing assembly Library/Bee/artifacts/2400b0aE.dag/UnityEditor.UI.Analytics.dll, with 136 defines and 314 references
processors: zzzUnity.Burst.CodeGen.BurstILPostProcessor
1 processor(s) skipped this assembly
[406/530    0s] CopyFiles Library/ScriptAssemblies/UnityEditor.UI.Analytics.pdb
[407/530    0s] CopyFiles Library/ScriptAssemblies/UnityEditor.UI.Analytics.dll
[408/530    1s] Csc Library/Bee/artifacts/2400b0aE.dag/Unity.Timeline.Editor.dll (+2 others)
[409/530    0s] ILPostProcess Library/Bee/artifacts/2400b0aE.dag/post-processed/Unity.TestTools.CodeCoverage.Editor.dll (+pdb)
Processing assembly Library/Bee/artifacts/2400b0aE.dag/Unity.TestTools.CodeCoverage.Editor.dll, with 136 defines and 304 references
processors: zzzUnity.Burst.CodeGen.BurstILPostProcessor
1 processor(s) skipped this assembly
[410/530    0s] CopyFiles Library/ScriptAssemblies/Unity.TestTools.CodeCoverage.Editor.dll
[411/530    0s] CopyFiles Library/ScriptAssemblies/Unity.TestTools.CodeCoverage.Editor.pdb
[           0s] Csc Library/Bee/artifacts/2400b0aE.dag/Unity.Timeline.Editor.dll (+2 others) [CacheWrite f5d57a10029bfb003f59f9886e1aa18400000000000000000000000000000006]
[413/530    0s] ILPostProcess Library/Bee/artifacts/2400b0aE.dag/post-processed/Unity.Timeline.Editor.dll (+pdb)
Processing assembly Library/Bee/artifacts/2400b0aE.dag/Unity.Timeline.Editor.dll, with 137 defines and 314 references
processors: zzzUnity.Burst.CodeGen.BurstILPostProcessor
1 processor(s) skipped this assembly
[414/530    0s] CopyFiles Library/ScriptAssemblies/Unity.Timeline.Editor.dll
[415/530    0s] CopyFiles Library/ScriptAssemblies/Unity.Timeline.Editor.pdb
[416/530    0s] ILPostProcess Library/Bee/artifacts/2400b0aE.dag/post-processed/Unity.TextMeshPro.dll (+pdb)
Processing assembly Library/Bee/artifacts/2400b0aE.dag/Unity.TextMeshPro.dll, with 139 defines and 303 references
processors: zzzUnity.Burst.CodeGen.BurstILPostProcessor
1 processor(s) skipped this assembly
[417/530    0s] Csc Library/Bee/artifacts/2400b0aE.dag/Unity.TextMeshPro.Editor.dll (+2 others)
[418/530    0s] CopyFiles Library/ScriptAssemblies/Unity.TextMeshPro.pdb
[419/530    0s] CopyFiles Library/ScriptAssemblies/Unity.TextMeshPro.dll
[           0s] Csc Library/Bee/artifacts/2400b0aE.dag/Unity.TextMeshPro.Editor.dll (+2 others) [CacheWrite dc5637608265d71694a2f74aed904bee00000000000000000000000000000006]
[421/530    0s] ILPostProcess Library/Bee/artifacts/2400b0aE.dag/post-processed/Unity.TextMeshPro.Editor.dll (+pdb)
Processing assembly Library/Bee/artifacts/2400b0aE.dag/Unity.TextMeshPro.Editor.dll, with 136 defines and 314 references
processors: zzzUnity.Burst.CodeGen.BurstILPostProcessor
1 processor(s) skipped this assembly
[422/530    0s] CopyFiles Library/ScriptAssemblies/Unity.TextMeshPro.Editor.pdb
[423/530    0s] CopyFiles Library/ScriptAssemblies/Unity.TextMeshPro.Editor.dll
[424/530    2s] Csc Library/Bee/artifacts/2400b0aE.dag/Unity.InputSystem.dll (+2 others)
[           0s] Csc Library/Bee/artifacts/2400b0aE.dag/Unity.InputSystem.dll (+2 others) [CacheWrite 75b916a6fcfefb4d54b4e0554b21d91600000000000000000000000000000006]
[425/530    0s] ILPostProcess Library/Bee/artifacts/2400b0aE.dag/post-processed/Unity.InputSystem.dll (+pdb)
Processing assembly Library/Bee/artifacts/2400b0aE.dag/Unity.InputSystem.dll, with 151 defines and 302 references
processors: zzzUnity.Burst.CodeGen.BurstILPostProcessor
1 processor(s) skipped this assembly
[426/530    0s] CopyFiles Library/ScriptAssemblies/Unity.InputSystem.pdb
[427/530    0s] CopyFiles Library/ScriptAssemblies/Unity.InputSystem.dll
[428/530    0s] MovedFromExtractor Library/Bee/artifacts/mvdfrm/Unity.InputSystem.ref.dll_06424321BA44ABAB.mvfrm
[429/530    0s] MovedFromExtractor-Combine Library/Bee/artifacts/2400b0aE.dag/Unity.InputSystem.ForUI.dll.mvfrm
[           0s] Csc Library/Bee/artifacts/2400b0aE.dag/Unity.InputSystem.ForUI.dll (+2 others) [CacheMiss 1b3673e376fd2c37338a2bcb530c751800000000000000000000000000000006]
[430/530    0s] MovedFromExtractor-Combine Library/Bee/artifacts/2400b0aE.dag/Unity.InputSystem.TestFramework.dll.mvfrm
[431/530    0s] MovedFromExtractor-Combine Library/Bee/artifacts/2400b0aE.dag/Unity.InputSystem.DocCodeSamples.dll.mvfrm
[432/530    0s] MovedFromExtractor-Combine Library/Bee/artifacts/2400b0aE.dag/Unity.VisualScripting.Core.dll.mvfrm
[           0s] Csc Library/Bee/artifacts/2400b0aE.dag/Unity.InputSystem.DocCodeSamples.dll (+2 others) [CacheMiss 672724c3354bbb2ed63caccf41e52b6e00000000000000000000000000000006]
[           0s] Csc Library/Bee/artifacts/2400b0aE.dag/Unity.InputSystem.TestFramework.dll (+2 others) [CacheMiss 364f4018cf88eb56068b9354396b8d3500000000000000000000000000000006]
[           0s] Csc Library/Bee/artifacts/2400b0aE.dag/Unity.VisualScripting.Core.dll (+2 others) [CacheMiss 88e7c59e5c8c6cf482da45e5ec6d184a00000000000000000000000000000006]
[433/530    3s] Csc Library/Bee/artifacts/2400b0aE.dag/Unity.PlasticSCM.Editor.dll (+2 others)
[           0s] Csc Library/Bee/artifacts/2400b0aE.dag/Unity.PlasticSCM.Editor.dll (+2 others) [CacheWrite 5fbdb65fd887e9cbf9faa3ad8de9a9f100000000000000000000000000000006]
[           0s] Csc Library/Bee/artifacts/2400b0aE.dag/Unity.PlasticSCM.Editor.Assistant.dll (+2 others) [CacheMiss ff625eab81c88ccdb9f4e790506137c700000000000000000000000000000006]
[           0s] Csc Library/Bee/artifacts/2400b0aE.dag/Unity.PlasticSCM.Editor.Entities.dll (+2 others) [CacheMiss c844488d4588736308505e60584f173200000000000000000000000000000006]
[           0s] Csc Library/Bee/artifacts/2400b0aE.dag/Unity.CollabProxy.Editor.dll (+2 others) [CacheMiss fa5c3bf1a81a01ed06f6c0d73b05fa0000000000000000000000000000000006]
[438/530    0s] ILPostProcess Library/Bee/artifacts/2400b0aE.dag/post-processed/Unity.PlasticSCM.Editor.dll (+pdb)
Processing assembly Library/Bee/artifacts/2400b0aE.dag/Unity.PlasticSCM.Editor.dll, with 137 defines and 304 references
processors: zzzUnity.Burst.CodeGen.BurstILPostProcessor
1 processor(s) skipped this assembly
[439/530    0s] CopyFiles Library/ScriptAssemblies/Unity.PlasticSCM.Editor.pdb
[440/530    0s] CopyFiles Library/ScriptAssemblies/Unity.PlasticSCM.Editor.dll
[441/530    0s] Csc Library/Bee/artifacts/2400b0aE.dag/Unity.InputSystem.DocCodeSamples.dll (+2 others)
[           0s] Csc Library/Bee/artifacts/2400b0aE.dag/Unity.InputSystem.DocCodeSamples.dll (+2 others) [CacheWrite 672724c3354bbb2ed63caccf41e52b6e00000000000000000000000000000006]
[442/530    0s] ILPostProcess Library/Bee/artifacts/2400b0aE.dag/post-processed/Unity.InputSystem.DocCodeSamples.dll (+pdb)
Processing assembly Library/Bee/artifacts/2400b0aE.dag/Unity.InputSystem.DocCodeSamples.dll, with 136 defines and 301 references
processors: zzzUnity.Burst.CodeGen.BurstILPostProcessor
1 processor(s) skipped this assembly
[443/530    0s] CopyFiles Library/ScriptAssemblies/Unity.InputSystem.DocCodeSamples.pdb
[444/530    0s] CopyFiles Library/ScriptAssemblies/Unity.InputSystem.DocCodeSamples.dll
[445/530    0s] Csc Library/Bee/artifacts/2400b0aE.dag/Unity.InputSystem.ForUI.dll (+2 others)
[           0s] Csc Library/Bee/artifacts/2400b0aE.dag/Unity.InputSystem.ForUI.dll (+2 others) [CacheWrite 1b3673e376fd2c37338a2bcb530c751800000000000000000000000000000006]
[447/530    0s] ILPostProcess Library/Bee/artifacts/2400b0aE.dag/post-processed/Unity.InputSystem.ForUI.dll (+pdb)
Processing assembly Library/Bee/artifacts/2400b0aE.dag/Unity.InputSystem.ForUI.dll, with 138 defines and 303 references
processors: zzzUnity.Burst.CodeGen.BurstILPostProcessor
1 processor(s) skipped this assembly
[448/530    0s] CopyFiles Library/ScriptAssemblies/Unity.InputSystem.ForUI.dll
[449/530    0s] CopyFiles Library/ScriptAssemblies/Unity.InputSystem.ForUI.pdb
[450/530    0s] Csc Library/Bee/artifacts/2400b0aE.dag/Unity.PlasticSCM.Editor.Assistant.dll (+2 others)
[           0s] Csc Library/Bee/artifacts/2400b0aE.dag/Unity.PlasticSCM.Editor.Assistant.dll (+2 others) [CacheWrite ff625eab81c88ccdb9f4e790506137c700000000000000000000000000000006]
[452/530    0s] Csc Library/Bee/artifacts/2400b0aE.dag/Unity.InputSystem.TestFramework.dll (+2 others)
[           0s] Csc Library/Bee/artifacts/2400b0aE.dag/Unity.InputSystem.TestFramework.dll (+2 others) [CacheWrite 364f4018cf88eb56068b9354396b8d3500000000000000000000000000000006]
[453/530    0s] MovedFromExtractor-Combine Library/Bee/artifacts/2400b0aE.dag/Unity.InputSystem.ForUI.Editor.dll.mvfrm
[           0s] Csc Library/Bee/artifacts/2400b0aE.dag/Unity.InputSystem.ForUI.Editor.dll (+2 others) [CacheMiss 5223c3606f17a621dcc5730a8749cff800000000000000000000000000000006]
[454/530    0s] Csc Library/Bee/artifacts/2400b0aE.dag/Unity.PlasticSCM.Editor.Entities.dll (+2 others)
[455/530    0s] Csc Library/Bee/artifacts/2400b0aE.dag/Unity.CollabProxy.Editor.dll (+2 others)
[           0s] Csc Library/Bee/artifacts/2400b0aE.dag/Unity.PlasticSCM.Editor.Entities.dll (+2 others) [CacheWrite c844488d4588736308505e60584f173200000000000000000000000000000006]
[           0s] Csc Library/Bee/artifacts/2400b0aE.dag/Unity.CollabProxy.Editor.dll (+2 others) [CacheWrite fa5c3bf1a81a01ed06f6c0d73b05fa0000000000000000000000000000000006]
[456/530    0s] ILPostProcess Library/Bee/artifacts/2400b0aE.dag/post-processed/Unity.PlasticSCM.Editor.Assistant.dll (+pdb)
Processing assembly Library/Bee/artifacts/2400b0aE.dag/Unity.PlasticSCM.Editor.Assistant.dll, with 136 defines and 314 references
processors: zzzUnity.Burst.CodeGen.BurstILPostProcessor
1 processor(s) skipped this assembly
[457/530    0s] ILPostProcess Library/Bee/artifacts/2400b0aE.dag/post-processed/Unity.InputSystem.TestFramework.dll (+pdb)
Processing assembly Library/Bee/artifacts/2400b0aE.dag/Unity.InputSystem.TestFramework.dll, with 140 defines and 290 references
processors: zzzUnity.Burst.CodeGen.BurstILPostProcessor
1 processor(s) skipped this assembly
[458/530    0s] CopyFiles Library/ScriptAssemblies/Unity.PlasticSCM.Editor.Assistant.pdb
[459/530    0s] CopyFiles Library/ScriptAssemblies/Unity.PlasticSCM.Editor.Assistant.dll
[460/530    0s] CopyFiles Library/ScriptAssemblies/Unity.InputSystem.TestFramework.dll
[461/530    0s] CopyFiles Library/ScriptAssemblies/Unity.InputSystem.TestFramework.pdb
[462/530    0s] ILPostProcess Library/Bee/artifacts/2400b0aE.dag/post-processed/Unity.CollabProxy.Editor.dll (+pdb)
Processing assembly Library/Bee/artifacts/2400b0aE.dag/Unity.CollabProxy.Editor.dll, with 136 defines and 314 references
processors: zzzUnity.Burst.CodeGen.BurstILPostProcessor
1 processor(s) skipped this assembly
[463/530    0s] ILPostProcess Library/Bee/artifacts/2400b0aE.dag/post-processed/Unity.PlasticSCM.Editor.Entities.dll (+pdb)
Processing assembly Library/Bee/artifacts/2400b0aE.dag/Unity.PlasticSCM.Editor.Entities.dll, with 136 defines and 314 references
processors: zzzUnity.Burst.CodeGen.BurstILPostProcessor
1 processor(s) skipped this assembly
[464/530    0s] CopyFiles Library/ScriptAssemblies/Unity.PlasticSCM.Editor.Entities.dll
[465/530    0s] CopyFiles Library/ScriptAssemblies/Unity.PlasticSCM.Editor.Entities.pdb
[466/530    0s] CopyFiles Library/ScriptAssemblies/Unity.CollabProxy.Editor.pdb
[467/530    0s] CopyFiles Library/ScriptAssemblies/Unity.CollabProxy.Editor.dll
[468/530    0s] Csc Library/Bee/artifacts/2400b0aE.dag/Unity.InputSystem.ForUI.Editor.dll (+2 others)
[           0s] Csc Library/Bee/artifacts/2400b0aE.dag/Unity.InputSystem.ForUI.Editor.dll (+2 others) [CacheWrite 5223c3606f17a621dcc5730a8749cff800000000000000000000000000000006]
[469/530    0s] ILPostProcess Library/Bee/artifacts/2400b0aE.dag/post-processed/Unity.InputSystem.ForUI.Editor.dll (+pdb)
Processing assembly Library/Bee/artifacts/2400b0aE.dag/Unity.InputSystem.ForUI.Editor.dll, with 136 defines and 315 references
processors: zzzUnity.Burst.CodeGen.BurstILPostProcessor
1 processor(s) skipped this assembly
[470/530    0s] CopyFiles Library/ScriptAssemblies/Unity.InputSystem.ForUI.Editor.pdb
[471/530    0s] CopyFiles Library/ScriptAssemblies/Unity.InputSystem.ForUI.Editor.dll
[472/530    0s] MovedFromExtractor Library/Bee/artifacts/mvdfrm/Unity.InputSystem.ForUI.Editor.ref.dll_ABAE4D2CBCDD0DF7.mvfrm
[473/530    1s] Csc Library/Bee/artifacts/2400b0aE.dag/Unity.VisualScripting.Core.dll (+2 others)
[           0s] Csc Library/Bee/artifacts/2400b0aE.dag/Unity.VisualScripting.Core.dll (+2 others) [CacheWrite 88e7c59e5c8c6cf482da45e5ec6d184a00000000000000000000000000000006]
[           0s] Csc Library/Bee/artifacts/2400b0aE.dag/Unity.VisualScripting.Core.Editor.dll (+2 others) [CacheMiss c423dc2f40c8cd4c05bb2f6bdfcfad7a00000000000000000000000000000006]
[476/530    0s] ILPostProcess Library/Bee/artifacts/2400b0aE.dag/post-processed/Unity.VisualScripting.Core.dll (+pdb)
Processing assembly Library/Bee/artifacts/2400b0aE.dag/Unity.VisualScripting.Core.dll, with 143 defines and 303 references
processors: zzzUnity.Burst.CodeGen.BurstILPostProcessor
1 processor(s) skipped this assembly
[477/530    0s] CopyFiles Library/ScriptAssemblies/Unity.VisualScripting.Core.pdb
[478/530    0s] CopyFiles Library/ScriptAssemblies/Unity.VisualScripting.Core.dll
[479/530    0s] MovedFromExtractor-Combine Library/Bee/artifacts/2400b0aE.dag/Unity.VisualScripting.Flow.dll.mvfrm
[           0s] Csc Library/Bee/artifacts/2400b0aE.dag/Unity.VisualScripting.Flow.dll (+2 others) [CacheMiss 0a4f2cb5d6c2cbf4e863a3e490dbd6d000000000000000000000000000000006]
[480/530    1s] Csc Library/Bee/artifacts/2400b0aE.dag/Unity.VisualScripting.Flow.dll (+2 others)
[           0s] Csc Library/Bee/artifacts/2400b0aE.dag/Unity.VisualScripting.Flow.dll (+2 others) [CacheWrite 0a4f2cb5d6c2cbf4e863a3e490dbd6d000000000000000000000000000000006]
[           0s] Csc Library/Bee/artifacts/2400b0aE.dag/Unity.VisualScripting.State.dll (+2 others) [CacheMiss c654f9c3f08f8fa290aaff9f6717931400000000000000000000000000000006]
[           0s] Csc Library/Bee/artifacts/2400b0aE.dag/Unity.VisualScripting.DocCodeExamples.dll (+2 others) [CacheMiss bfe69c46e437ac88e777178e8bb27cab00000000000000000000000000000006]
[484/530    0s] ILPostProcess Library/Bee/artifacts/2400b0aE.dag/post-processed/Unity.VisualScripting.Flow.dll (+pdb)
Processing assembly Library/Bee/artifacts/2400b0aE.dag/Unity.VisualScripting.Flow.dll, with 146 defines and 304 references
processors: zzzUnity.Burst.CodeGen.BurstILPostProcessor
1 processor(s) skipped this assembly
[485/530    0s] CopyFiles Library/ScriptAssemblies/Unity.VisualScripting.Flow.pdb
[486/530    0s] CopyFiles Library/ScriptAssemblies/Unity.VisualScripting.Flow.dll
[487/530    0s] Csc Library/Bee/artifacts/2400b0aE.dag/Unity.VisualScripting.DocCodeExamples.dll (+2 others)
[           0s] Csc Library/Bee/artifacts/2400b0aE.dag/Unity.VisualScripting.DocCodeExamples.dll (+2 others) [CacheWrite bfe69c46e437ac88e777178e8bb27cab00000000000000000000000000000006]
[488/530    0s] ILPostProcess Library/Bee/artifacts/2400b0aE.dag/post-processed/Unity.VisualScripting.DocCodeExamples.dll (+pdb)
Processing assembly Library/Bee/artifacts/2400b0aE.dag/Unity.VisualScripting.DocCodeExamples.dll, with 138 defines and 291 references
processors: zzzUnity.Burst.CodeGen.BurstILPostProcessor
1 processor(s) skipped this assembly
[489/530    0s] CopyFiles Library/ScriptAssemblies/Unity.VisualScripting.DocCodeExamples.dll
[490/530    0s] CopyFiles Library/ScriptAssemblies/Unity.VisualScripting.DocCodeExamples.pdb
[491/530    0s] Csc Library/Bee/artifacts/2400b0aE.dag/Unity.VisualScripting.State.dll (+2 others)
[           0s] Csc Library/Bee/artifacts/2400b0aE.dag/Unity.VisualScripting.State.dll (+2 others) [CacheWrite c654f9c3f08f8fa290aaff9f6717931400000000000000000000000000000006]
[493/530    0s] ILPostProcess Library/Bee/artifacts/2400b0aE.dag/post-processed/Unity.VisualScripting.State.dll (+pdb)
Processing assembly Library/Bee/artifacts/2400b0aE.dag/Unity.VisualScripting.State.dll, with 138 defines and 304 references
processors: zzzUnity.Burst.CodeGen.BurstILPostProcessor
1 processor(s) skipped this assembly
[494/530    0s] CopyFiles Library/ScriptAssemblies/Unity.VisualScripting.State.dll
[495/530    0s] CopyFiles Library/ScriptAssemblies/Unity.VisualScripting.State.pdb
[496/530    1s] Csc Library/Bee/artifacts/2400b0aE.dag/Unity.VisualScripting.Core.Editor.dll (+2 others)
[           0s] Csc Library/Bee/artifacts/2400b0aE.dag/Unity.VisualScripting.Core.Editor.dll (+2 others) [CacheWrite c423dc2f40c8cd4c05bb2f6bdfcfad7a00000000000000000000000000000006]
[498/530    0s] ILPostProcess Library/Bee/artifacts/2400b0aE.dag/post-processed/Unity.VisualScripting.Core.Editor.dll (+pdb)
Processing assembly Library/Bee/artifacts/2400b0aE.dag/Unity.VisualScripting.Core.Editor.dll, with 136 defines and 314 references
processors: zzzUnity.Burst.CodeGen.BurstILPostProcessor
1 processor(s) skipped this assembly
[499/530    0s] CopyFiles Library/ScriptAssemblies/Unity.VisualScripting.Core.Editor.pdb
[500/530    0s] CopyFiles Library/ScriptAssemblies/Unity.VisualScripting.Core.Editor.dll
[501/530    0s] MovedFromExtractor-Combine Library/Bee/artifacts/2400b0aE.dag/Unity.VisualScripting.Flow.Editor.dll.mvfrm
[           0s] Csc Library/Bee/artifacts/2400b0aE.dag/Unity.VisualScripting.Flow.Editor.dll (+2 others) [CacheMiss e56f4418bedde281f5ff125ccfbdeabc00000000000000000000000000000006]
[502/530    0s] Csc Library/Bee/artifacts/2400b0aE.dag/Unity.VisualScripting.Flow.Editor.dll (+2 others)
[           0s] Csc Library/Bee/artifacts/2400b0aE.dag/Unity.VisualScripting.Flow.Editor.dll (+2 others) [CacheWrite e56f4418bedde281f5ff125ccfbdeabc00000000000000000000000000000006]
[           0s] Csc Library/Bee/artifacts/2400b0aE.dag/Unity.VisualScripting.State.Editor.dll (+2 others) [CacheMiss b9729764d92915977bf7fabbc26bb81d00000000000000000000000000000006]
[           0s] Csc Library/Bee/artifacts/2400b0aE.dag/Unity.VisualScripting.SettingsProvider.Editor.dll (+2 others) [CacheMiss f76ae5ba520fddc8a6f9ce0f774794cd00000000000000000000000000000006]
[506/530    0s] ILPostProcess Library/Bee/artifacts/2400b0aE.dag/post-processed/Unity.VisualScripting.Flow.Editor.dll (+pdb)
Processing assembly Library/Bee/artifacts/2400b0aE.dag/Unity.VisualScripting.Flow.Editor.dll, with 138 defines and 317 references
processors: zzzUnity.Burst.CodeGen.BurstILPostProcessor
1 processor(s) skipped this assembly
[507/530    0s] CopyFiles Library/ScriptAssemblies/Unity.VisualScripting.Flow.Editor.pdb
[508/530    0s] CopyFiles Library/ScriptAssemblies/Unity.VisualScripting.Flow.Editor.dll
[509/530    0s] Csc Library/Bee/artifacts/2400b0aE.dag/Unity.VisualScripting.State.Editor.dll (+2 others)
[510/530    0s] Csc Library/Bee/artifacts/2400b0aE.dag/Unity.VisualScripting.SettingsProvider.Editor.dll (+2 others)
[           0s] Csc Library/Bee/artifacts/2400b0aE.dag/Unity.VisualScripting.SettingsProvider.Editor.dll (+2 others) [CacheWrite f76ae5ba520fddc8a6f9ce0f774794cd00000000000000000000000000000006]
[           0s] Csc Library/Bee/artifacts/2400b0aE.dag/Unity.VisualScripting.State.Editor.dll (+2 others) [CacheWrite b9729764d92915977bf7fabbc26bb81d00000000000000000000000000000006]
[           0s] Csc Library/Bee/artifacts/2400b0aE.dag/Unity.VisualScripting.Shared.Editor.dll (+2 others) [CacheMiss 4333459aa8c5d988f825cb6b6225c5f200000000000000000000000000000006]
[514/530    0s] ILPostProcess Library/Bee/artifacts/2400b0aE.dag/post-processed/Unity.VisualScripting.SettingsProvider.Editor.dll (+pdb)
Processing assembly Library/Bee/artifacts/2400b0aE.dag/Unity.VisualScripting.SettingsProvider.Editor.dll, with 136 defines and 318 references
processors: zzzUnity.Burst.CodeGen.BurstILPostProcessor
1 processor(s) skipped this assembly
[515/530    0s] ILPostProcess Library/Bee/artifacts/2400b0aE.dag/post-processed/Unity.VisualScripting.State.Editor.dll (+pdb)
Processing assembly Library/Bee/artifacts/2400b0aE.dag/Unity.VisualScripting.State.Editor.dll, with 136 defines and 318 references
processors: zzzUnity.Burst.CodeGen.BurstILPostProcessor
1 processor(s) skipped this assembly
[516/530    0s] CopyFiles Library/ScriptAssemblies/Unity.VisualScripting.SettingsProvider.Editor.pdb
[517/530    0s] CopyFiles Library/ScriptAssemblies/Unity.VisualScripting.State.Editor.pdb
[518/530    0s] CopyFiles Library/ScriptAssemblies/Unity.VisualScripting.SettingsProvider.Editor.dll
[519/530    0s] CopyFiles Library/ScriptAssemblies/Unity.VisualScripting.State.Editor.dll
[520/530    0s] Csc Library/Bee/artifacts/2400b0aE.dag/Unity.VisualScripting.Shared.Editor.dll (+2 others)
[           0s] Csc Library/Bee/artifacts/2400b0aE.dag/Unity.VisualScripting.Shared.Editor.dll (+2 others) [CacheWrite 4333459aa8c5d988f825cb6b6225c5f200000000000000000000000000000006]
[522/530    0s] ILPostProcess Library/Bee/artifacts/2400b0aE.dag/post-processed/Unity.VisualScripting.Shared.Editor.dll (+pdb)
Processing assembly Library/Bee/artifacts/2400b0aE.dag/Unity.VisualScripting.Shared.Editor.dll, with 136 defines and 319 references
processors: zzzUnity.Burst.CodeGen.BurstILPostProcessor
1 processor(s) skipped this assembly
[523/530    0s] CopyFiles Library/ScriptAssemblies/Unity.VisualScripting.Shared.Editor.dll
[524/530    0s] CopyFiles Library/ScriptAssemblies/Unity.VisualScripting.Shared.Editor.pdb
[525/530    0s] MovedFromExtractor-Combine Library/Bee/artifacts/2400b0aE.dag/Assembly-CSharp.dll.mvfrm
[526/530    0s] Csc Library/Bee/artifacts/2400b0aE.dag/Assembly-CSharp.dll (+2 others)
[527/530    0s] ILPostProcess Library/Bee/artifacts/2400b0aE.dag/post-processed/Assembly-CSharp.dll (+pdb)
Processing assembly Library/Bee/artifacts/2400b0aE.dag/Assembly-CSharp.dll, with 138 defines and 316 references
processors: zzzUnity.Burst.CodeGen.BurstILPostProcessor
1 processor(s) skipped this assembly
[528/530    0s] CopyFiles Library/ScriptAssemblies/Assembly-CSharp.dll
[529/530    0s] CopyFiles Library/ScriptAssemblies/Assembly-CSharp.pdb
*** Tundra build success (8.10 seconds), 194 items updated, 530 evaluated
Total cache size 31905648
Total cache size after purge 31905648, took 00:00:00.0103970
AssetDatabase: script compilation time: 9.155821s
Begin MonoManager ReloadAssembly
Native extension for LinuxStandalone target not found
Native extension for WebGL target not found
ScheduleIndexationOnStartup MainProcess:True IndexOnStartup:True
Scripting: successfully reloaded assembly
- Finished resetting the current domain, in  0.458 seconds
Domain Reload Profiling: 1059ms
	BeginReloadAssembly (144ms)
		DisableScriptedObjects (12ms)
		CreateAndSetChildDomain (51ms)
	RebuildCommonClasses (6ms)
	RebuildNativeTypeToScriptingClass (7ms)
	initialDomainReloadingComplete (32ms)
	LoadAllAssembliesAndSetupDomain (411ms)
		LoadAssemblies (189ms)
		TypeCache.Refresh (117ms)
			TypeCache.ScanAssembly (107ms)
		AnalyzeDomain (33ms)
			BuildScriptInfoCaches (28ms)
			ResolveRequiredComponents (3ms)
	FinalizeReload (459ms)
		SetupLoadedEditorAssemblies (0ms)
			BeforeProcessingInitializeOnLoad (71ms)
			ProcessInitializeOnLoadAttributes (194ms)
			ProcessInitializeOnLoadMethodAttributes (25ms)
			AfterProcessingInitializeOnLoad (5ms)
		AwakeInstancesAfterBackupRestoration (14ms)
Starting new worker id: 0 with log in /home/jack/Documents/Unity/Apple-Picker/Logs/AssetImportWorkerHW0.log

Asset Pipeline Refresh (id=696abd9afad9ef4d28a570278587e89a): Total: 11.375 seconds - Initiated by InitialRefreshV2(ForceSynchronousImport)
	(Values over 0.05ms)
	Summary:
		Imports: total=0 (actual=0, local cache=0, cache server=0)
		Asset DB Process Time: managed=0 ms, native=1529 ms
		Asset DB Callback time: managed=33 ms, native=6 ms
		Scripting: domain reloads=1, domain reload time=626 ms, compile time=9158 ms, other=22 ms
		Project Asset Count: scripts=833, non-scripts=935
		Asset File Changes: new=0, changed=0, moved=0, deleted=0
		Scan Filter Count: 1
	InvokePackagesCallback: 7.087ms
	ApplyChangesToAssetFolders: 0.344ms
	Scan: 912.858ms
	Collect global state as custom dependencies: 4.349ms
	CategorizeScriptCompilationAssets: 21.801ms
	ProcessAssetsWithTransientArtifactChanges: 41.657ms
	CategorizeAssets: 18.280ms
	CompileScripts: 9157.786ms
	ImportOutOfDateAssets: 484.623ms (462.677ms without children)
		UnloadImportedAssets: 0.236ms
		EnsureUptoDateAssetsAreRegisteredWithGuidPM: 0.348ms
		ImportSchedulerStart: 21.355ms
	PostProcessAllAssets: 33.366ms
		MonoPostProcessAllAssets: 33.232ms
			SyncVS.PostprocessSyncProject 10.053ms
			WindowAssetPostprocessingWatcher.OnPostprocessAllAssets 7.768ms
			EditModeScopePostprocessor.OnPostprocessAllAssets 1.000ms
			SpeedTree9Postprocessor.OnPostprocessAllAssets 0.687ms
			ReferencedClipsPostProcessor.OnPostprocessAllAssets 0.275ms
			InputActionAssetPostprocessor.OnPostprocessAllAssets 0.241ms
			TerrainToolbarOverlayPostProcessor.OnPostprocessAllAssets 0.200ms
			ProjectSettingsPostprocessor.OnPostprocessAllAssets 0.180ms
			AssetDatabaseCallbacks.OnPostprocessAllAssets 0.135ms
			RenderPipelineGlobalSettingsPostprocessor.OnPostprocessAllAssets 0.077ms
	UnloadStreamsBegin: 1.424ms
	PersistCurrentRevisions: 0.058ms
	GenerateScriptTypeHashes: 0.994ms
	GenerateScriptTypeSerializationHashes: 2.112ms
	Untracked: 690.290ms

Application.AssetDatabase Initial Refresh End
AutoLocale: current locale expects 'C' but got 'en_US.utf8'/home/jack/Unity/Hub/Editor/6000.6.0f1/Editor/Data/Tools/UnityShaderCompiler: /lib64/libtinfo.so.6: no version information available (required by /home/jack/Unity/Hub/Editor/6000.6.0f1/Editor/Data/Tools/libdxcompiler.so)
Launched and connected shader compiler UnityShaderCompiler after 0.03 seconds
Scanning for USB devices : 20.312ms
Initializing Unity extensions:
UpdateMenuTitleForLanguage: 10
[MODES] ModeService[none].Initialize
[MODES] ModeService[none].LoadModes
Curl error 6: Could not resolve: cdp.cloud.unity3d.com:443
[MODES] Loading mode Default (0) for mode-current-id-Apple-Picker
Curl error 6: Could not resolve: config.uca.cloud.unity3d.com:443
Unloading 5 Unused Serialized files (Serialized files now loaded: 0)
Loaded scene 'Assets/Scenes/_Scene_0.unity'
	Deserialize:            8.768 ms
	Integration:            17.296 ms
	Integration of assets:  2.142 ms
	Thread Wait Time:       0.002 ms
	Total Operation Time:   28.207 ms
Unloading 4321 unused Assets / (2.2 MB). Loaded Objects now: 5175.
Memory consumption went from 166.9 MB to 164.7 MB.
Total: 7.981566 ms (FindLiveObjects: 0.295335 ms CreateObjectMapping: 0.083647 ms MarkObjects: 5.934610 ms  DeleteObjects: 1.524023 ms)

[LAYOUT] About to load UserSettings/Layouts/default-6000.dwlt, keepMainWindow=False
Unhandled description string [
Unhandled description string ]
GLX Extensions: GLX_ARB_get_proc_address GLX_ARB_multisample GLX_EXT_visual_info GLX_EXT_visual_rating GLX_SGIX_fbconfig GLX_SGIX_pbuffer GLX_SGI_swap_control GLX_EXT_swap_control GLX_EXT_buffer_age GLX_ARB_create_context GLX_ARB_create_context_profile GLX_ARB_fbconfig_float GLX_EXT_fbconfig_packed_float GLX_EXT_framebuffer_sRGB GLX_NV_copy_image GLX_NV_copy_buffer GLX_EXT_create_context_es_profile GLX_EXT_create_context_es2_profile GLX_ARB_create_context_no_error GLX_ARB_create_context_robustness GLX_ARB_context_flush_control 
GLX Extensions: GLX_ARB_get_proc_address GLX_ARB_multisample GLX_EXT_visual_info GLX_EXT_visual_rating GLX_SGIX_fbconfig GLX_SGIX_pbuffer GLX_SGI_swap_control GLX_EXT_swap_control GLX_EXT_buffer_age GLX_ARB_create_context GLX_ARB_create_context_profile GLX_ARB_fbconfig_float GLX_EXT_fbconfig_packed_float GLX_EXT_framebuffer_sRGB GLX_NV_copy_image GLX_NV_copy_buffer GLX_EXT_create_context_es_profile GLX_EXT_create_context_es2_profile GLX_ARB_create_context_no_error GLX_ARB_create_context_robustness GLX_ARB_context_flush_control 
GLX Extensions: GLX_ARB_get_proc_address GLX_ARB_multisample GLX_EXT_visual_info GLX_EXT_visual_rating GLX_SGIX_fbconfig GLX_SGIX_pbuffer GLX_SGI_swap_control GLX_EXT_swap_control GLX_EXT_buffer_age GLX_ARB_create_context GLX_ARB_create_context_profile GLX_ARB_fbconfig_float GLX_EXT_fbconfig_packed_float GLX_EXT_framebuffer_sRGB GLX_NV_copy_image GLX_NV_copy_buffer GLX_EXT_create_context_es_profile GLX_EXT_create_context_es2_profile GLX_ARB_create_context_no_error GLX_ARB_create_context_robustness GLX_ARB_context_flush_control 
GLX Extensions: GLX_ARB_get_proc_address GLX_ARB_multisample GLX_EXT_visual_info GLX_EXT_visual_rating GLX_SGIX_fbconfig GLX_SGIX_pbuffer GLX_SGI_swap_control GLX_EXT_swap_control GLX_EXT_buffer_age GLX_ARB_create_context GLX_ARB_create_context_profile GLX_ARB_fbconfig_float GLX_EXT_fbconfig_packed_float GLX_EXT_framebuffer_sRGB GLX_NV_copy_image GLX_NV_copy_buffer GLX_EXT_create_context_es_profile GLX_EXT_create_context_es2_profile GLX_ARB_create_context_no_error GLX_ARB_create_context_robustness GLX_ARB_context_flush_control 
GLX Extensions: GLX_ARB_get_proc_address GLX_ARB_multisample GLX_EXT_visual_info GLX_EXT_visual_rating GLX_SGIX_fbconfig GLX_SGIX_pbuffer GLX_SGI_swap_control GLX_EXT_swap_control GLX_EXT_buffer_age GLX_ARB_create_context GLX_ARB_create_context_profile GLX_ARB_fbconfig_float GLX_EXT_fbconfig_packed_float GLX_EXT_framebuffer_sRGB GLX_NV_copy_image GLX_NV_copy_buffer GLX_EXT_create_context_es_profile GLX_EXT_create_context_es2_profile GLX_ARB_create_context_no_error GLX_ARB_create_context_robustness GLX_ARB_context_flush_control 
GLX Extensions: GLX_ARB_get_proc_address GLX_ARB_multisample GLX_EXT_visual_info GLX_EXT_visual_rating GLX_SGIX_fbconfig GLX_SGIX_pbuffer GLX_SGI_swap_control GLX_EXT_swap_control GLX_EXT_buffer_age GLX_ARB_create_context GLX_ARB_create_context_profile GLX_ARB_fbconfig_float GLX_EXT_fbconfig_packed_float GLX_EXT_framebuffer_sRGB GLX_NV_copy_image GLX_NV_copy_buffer GLX_EXT_create_context_es_profile GLX_EXT_create_context_es2_profile GLX_ARB_create_context_no_error GLX_ARB_create_context_robustness GLX_ARB_context_flush_control 
GLX Extensions: GLX_ARB_get_proc_address GLX_ARB_multisample GLX_EXT_visual_info GLX_EXT_visual_rating GLX_SGIX_fbconfig GLX_SGIX_pbuffer GLX_SGI_swap_control GLX_EXT_swap_control GLX_EXT_buffer_age GLX_ARB_create_context GLX_ARB_create_context_profile GLX_ARB_fbconfig_float GLX_EXT_fbconfig_packed_float GLX_EXT_framebuffer_sRGB GLX_NV_copy_image GLX_NV_copy_buffer GLX_EXT_create_context_es_profile GLX_EXT_create_context_es2_profile GLX_ARB_create_context_no_error GLX_ARB_create_context_robustness GLX_ARB_context_flush_control 
[LAYOUT] About to save layout /home/jack/Documents/Unity/Apple-Picker/UserSettings/Layouts/default-6000.dwlt
[LAYOUT] About to save layout /home/jack/.config/unity3d/Preferences/Editor-5.x/Layouts/current/default-6000.dwlt
[MODES] ModeService[default].InitializeCurrentMode
[MODES] ModeService[default].RaiseModeChanged(default, default)
This project uses Input Manager, which is marked for deprecation. To manage input in your project, use the <a href="https://docs.unity3d.com/Packages/com.unity.inputsystem@latest">Input System package</a> instead.
Unhandled description string [
Unhandled description string ]
Unhandled description string [
Unhandled description string ]
[Project] Loading completed in 15.197 seconds
	Project init time: 				13.808 seconds
		Template init time: 		0.000 seconds
		Package Manager init time: 		0.117 seconds
		Asset Database init time: 		0.095 seconds
		Global illumination init time: 	0.004 seconds
		Assemblies load time: 			1.286 seconds
		Unity extensions init time: 	0.017 seconds
		Asset Database refresh time: 	11.382 seconds
	Scene opening time: 			0.975 seconds
##utp:{"type":"ProjectInfo","version":2,"phase":"Immediate","time":1789441627037,"processId":318122,"projectLoad":15.196608819,"projectInit":13.807975205,"templateInit":0.0,"packageManagerInit":0.116944887,"assetDatabaseInit":0.095226032,"globalIlluminationInit":0.003722444,"assembliesLoad":1.286475698,"unityExtensionsInit":0.016726205,"assetDatabaseRefresh":11.382262623,"sceneOpening":0.974803875}
##utp:{"type":"EditorInfo","version":2,"phase":"Immediate","time":1789441627037,"processId":318122,"editorVersion":"6000.6.0f1 (f7f8ed4d1e24)","branch":"6000.6/respin/6000.6.0f1-fa21a270ab12","buildType":"Release","platform":"Linux"}
Worker ready: AssetImportWorkerHW0 0
Asset Pipeline Refresh (id=71a0132d337ccec9fa36b7f64aac8ab6): Total: 0.207 seconds - Initiated by RefreshV2(AllowForceSynchronousImport)
Curl error 6: Could not resolve host: cdp.cloud.unity3d.com
Asset Pipeline Refresh (id=da9b90e9b251adb20abc6a4853344111): Total: 0.063 seconds - Initiated by RefreshV2(ForceSynchronousImport)
Start Indexing on Editor startup
[Indexing] Starting Initial Indexing for Assets
Created GICache directory at /home/jack/.cache/unity3d/GiCache. Took: 0.002s, timestamps: [15.455 - 15.457]
Curl error 6: Could not resolve host: cdp.cloud.unity3d.com
[Licensing::Client] Successfully resolved entitlement details
Unhandled description string [
Unhandled description string ]
[Licensing::Client] Successfully resolved entitlement details
[Licensing::Client] Successfully resolved entitlement details
[Licensing::Client] Successfully updated the access token
[Licensing::Module] Successfully updated access token: "HMCTOzqn"... (expires: 2026-09-15T04:17:41Z)
Starting new worker id: 1 with log in /home/jack/Documents/Unity/Apple-Picker/Logs/AssetImportWorkerHW1.log
[Worker0] Imported GUID: 9fc0d4010bbf28b4594072e72b8655ab - Path: Assets/Scenes/_Scene_0.unity - Importer: ScriptedImporter/UnityEditor.QuickSearchModule:UnityEditor.Search:ASIAI0B -> (ImportResultId: '5ee45c99dfd97b130bd46a5645c8cb68') in 0.042366569 seconds
[Licensing::Client] Successfully resolved entitlement details
Curl error 6: Could not resolve host: cdp.cloud.unity3d.com
Worker ready: AssetImportWorkerHW1 1
Reloading assemblies for play mode.
Reloading assemblies after forced synchronous recompile.
Begin MonoManager ReloadAssembly
Native extension for LinuxStandalone target not found
Native extension for WebGL target not found
ScheduleIndexationOnStartup MainProcess:True IndexOnStartup:True
[MODES] ModeService[none].Initialize
[MODES] ModeService[none].LoadModes
Scripting: successfully reloaded assembly
Unhandled description string [
Unhandled description string ]
Unhandled description string [
Unhandled description string ]
- Finished resetting the current domain, in  1.076 seconds
Domain Reload Profiling: 1515ms
	BeginReloadAssembly (245ms)
		DisableScriptedObjects (53ms)
		CreateAndSetChildDomain (102ms)
	RebuildCommonClasses (6ms)
	RebuildNativeTypeToScriptingClass (7ms)
	initialDomainReloadingComplete (29ms)
	LoadAllAssembliesAndSetupDomain (151ms)
		LoadAssemblies (66ms)
		TypeCache.Refresh (4ms)
		AnalyzeDomain (5ms)
	FinalizeReload (1076ms)
		SetupLoadedEditorAssemblies (0ms)
			BeforeProcessingInitializeOnLoad (65ms)
			ProcessInitializeOnLoadAttributes (144ms)
			ProcessInitializeOnLoadMethodAttributes (30ms)
			AfterProcessingInitializeOnLoad (4ms)
		AwakeInstancesAfterBackupRestoration (482ms)
No restricted APIs configured; Validation skipped.
Checking 14 assemblies for restricted APIs found 0 usage(s) in 3 ms

Asset Pipeline Refresh (id=eec63be8c7de70c63a56ac9d11e78ecd): Total: 1.978 seconds - Initiated by StopAssetImportingV2(ForceSynchronousImport | ForceDomainReload)
	(Values over 0.05ms)
	Summary:
		Imports: total=0 (actual=0, local cache=0, cache server=0)
		Asset DB Process Time: managed=0 ms, native=1195 ms
		Asset DB Callback time: managed=235 ms, native=87 ms
		Scripting: domain reloads=1, domain reload time=458 ms, compile time=2 ms, other=0 ms
		Project Asset Count: scripts=833, non-scripts=935
		Asset File Changes: new=0, changed=0, moved=0, deleted=0
		Scan Filter Count: 0
	InvokePackagesCallback: 0.422ms
	ApplyChangesToAssetFolders: 0.248ms
	Collect global state as custom dependencies: 0.547ms
	ProcessAssetsWithTransientArtifactChanges: 70.868ms
	CategorizeAssets: 10.336ms
	CompileScripts: 1.609ms
	ImportOutOfDateAssets: 1082.399ms (1080.735ms without children)
		UnloadImportedAssets: 1.119ms
		EnsureUptoDateAssetsAreRegisteredWithGuidPM: 0.235ms
		ImportSchedulerStart: 0.291ms
	PostProcessAllAssets: 306.954ms
		PostProcessCallbackCreateDeferredMaterials 8.724ms
		AssemblyValidation.PostprocessAllAssets 7.362ms
		RaytracingShaderImportPostprocess 5.359ms
		ShaderAssetModifiedCallback 5.018ms
		ComputeShaderImportPostprocess 4.906ms
		SpeedTreeImporter.PostprocessAllAssets 3.448ms
		LocalizationDatabase.AssetDatabasePostprocessCallback 1.862ms
		BlockShaderImporter.PostprocessAllAssets 1.843ms
		XRBuildSystem.XRAssetImported 0.674ms
		MonoPostProcessAllAssets: 232.513ms
			SyncVS.PostprocessSyncProject 137.103ms
			AssetPostprocessor.OnPostprocessAllAssets 15.462ms
			InputActionJsonNameModifierAssetProcessor.OnPostprocessAllAssets 14.304ms
			InputActionAssetPostprocessor.OnPostprocessAllAssets 14.135ms
			TextAssetPostProcessor.OnPostprocessAllAssets 10.842ms
			AssetChangedListener.OnPostprocessAllAssets 8.819ms
			BuilderAssetPostprocessor.OnPostprocessAllAssets 5.167ms
			SpeedTree9Postprocessor.OnPostprocessAllAssets 4.893ms
			WindowAssetPostprocessingWatcher.OnPostprocessAllAssets 4.218ms
			RetainedModeAssetPostprocessor.OnPostprocessAllAssets 1.253ms
			ProjectSettingsPostprocessor.OnPostprocessAllAssets 0.895ms
			ArtifactBrowserPostProcessor.OnPostprocessAllAssets 0.366ms
			ThemePostprocessor.OnPostprocessAllAssets 0.316ms
			UVCSAssetPostprocessor.OnPostprocessAllAssets 0.283ms
			SpeedTreePostProcessor.OnPostprocessAllAssets 0.255ms
			StyleCatalogPostProcessor.OnPostprocessAllAssets 0.245ms
			AssetEvents.OnPostprocessAllAssets 0.237ms
			AudioMixerPostprocessor.OnPostprocessAllAssets 0.216ms
			TMPro_TexturePostProcessor.OnPostprocessAllAssets 0.205ms
			ReferencedClipsPostProcessor.OnPostprocessAllAssets 0.191ms
			EditModeScopePostprocessor.OnPostprocessAllAssets 0.180ms
			SamplePostprocessor.OnPostprocessAllAssets 0.176ms
			TerrainToolbarOverlayPostProcessor.OnPostprocessAllAssets 0.112ms
			ConfigAssetsTracker.OnPostprocessAllAssets 0.100ms
			AssetDatabaseCallbacks.OnPostprocessAllAssets 0.099ms
			AssetReloadNotifier.OnPostprocessAllAssets 0.080ms
			ScenarioDriftAssetsTracker.OnPostprocessAllAssets 0.080ms
			RenderPipelineGlobalSettingsPostprocessor.OnPostprocessAllAssets 0.077ms
			AudioContainerPostProcessor.OnPostprocessAllAssets 0.060ms
	PostAssetChangesProfiler: 15.983ms
	GatherAllCurrentPrimaryImportResultRevisions: 0.109ms
	UnloadStreamsBegin: 2.417ms
	GenerateScriptTypeHashes: 0.529ms
	GenerateScriptTypeSerializationHashes: 1.185ms
	Untracked: 484.509ms

Loaded scene 'Temp/__Backupscenes/0.backup'
	Deserialize:            1.579 ms
	Integration:            220.157 ms
	Integration of assets:  0.002 ms
	Thread Wait Time:       0.006 ms
	Total Operation Time:   221.743 ms
[Licensing::Client] Successfully resolved entitlement details
Unhandled description string [
Unhandled description string ]
[Licensing::Client] Successfully resolved entitlement details
Unloading 4 Unused Serialized files (Serialized files now loaded: 0)
Loaded scene 'Temp/__Backupscenes/0.backup'
	Deserialize:            0.931 ms
	Integration:            15.753 ms
	Integration of assets:  0.001 ms
	Thread Wait Time:       0.007 ms
	Total Operation Time:   16.692 ms
Unloading 4016 unused Assets / (2.4 MB). Loaded Objects now: 6231.
Memory consumption went from 275.5 MB to 273.2 MB.
Total: 20.250817 ms (FindLiveObjects: 0.573557 ms CreateObjectMapping: 0.301166 ms MarkObjects: 18.408306 ms  DeleteObjects: 0.801095 ms)

Reloading assemblies for play mode.
Reloading assemblies after forced synchronous recompile.
Begin MonoManager ReloadAssembly
Native extension for LinuxStandalone target not found
Native extension for WebGL target not found
ScheduleIndexationOnStartup MainProcess:True IndexOnStartup:True
[MODES] ModeService[none].Initialize
[MODES] ModeService[none].LoadModes
Scripting: successfully reloaded assembly
Unhandled description string [
Unhandled description string ]
Unhandled description string [
Unhandled description string ]
- Finished resetting the current domain, in  0.986 seconds
Domain Reload Profiling: 1338ms
	BeginReloadAssembly (183ms)
		DisableScriptedObjects (37ms)
		CreateAndSetChildDomain (75ms)
	RebuildCommonClasses (6ms)
	RebuildNativeTypeToScriptingClass (7ms)
	initialDomainReloadingComplete (27ms)
	LoadAllAssembliesAndSetupDomain (128ms)
		LoadAssemblies (48ms)
		TypeCache.Refresh (4ms)
		AnalyzeDomain (4ms)
	FinalizeReload (986ms)
		SetupLoadedEditorAssemblies (0ms)
			BeforeProcessingInitializeOnLoad (65ms)
			ProcessInitializeOnLoadAttributes (134ms)
			ProcessInitializeOnLoadMethodAttributes (27ms)
			AfterProcessingInitializeOnLoad (4ms)
		AwakeInstancesAfterBackupRestoration (427ms)

Asset Pipeline Refresh (id=2e264610ec25f387aa094b61b34edcab): Total: 1.407 seconds - Initiated by StopAssetImportingV2(ForceSynchronousImport | ForceDomainReload)
	(Values over 0.05ms)
	Summary:
		Imports: total=0 (actual=0, local cache=0, cache server=0)
		Asset DB Process Time: managed=0 ms, native=1023 ms
		Asset DB Callback time: managed=14 ms, native=0 ms
		Scripting: domain reloads=1, domain reload time=367 ms, compile time=1 ms, other=0 ms
		Project Asset Count: scripts=833, non-scripts=935
		Asset File Changes: new=0, changed=0, moved=0, deleted=0
		Scan Filter Count: 0
	InvokePackagesCallback: 0.320ms
	ApplyChangesToAssetFolders: 0.191ms
	Collect global state as custom dependencies: 0.358ms
	CategorizeAssets: 9.144ms
	CompileScripts: 1.307ms
	ImportOutOfDateAssets: 989.816ms (989.333ms without children)
		UnloadImportedAssets: 0.101ms
		EnsureUptoDateAssetsAreRegisteredWithGuidPM: 0.157ms
		ImportSchedulerStart: 0.215ms
	PostProcessAllAssets: 14.802ms
		MonoPostProcessAllAssets: 14.799ms
			AssetPostprocessor.OnPostprocessAllAssets 15.462ms
			InputActionJsonNameModifierAssetProcessor.OnPostprocessAllAssets 14.304ms
			TextAssetPostProcessor.OnPostprocessAllAssets 10.842ms
			AssetChangedListener.OnPostprocessAllAssets 8.819ms
			BuilderAssetPostprocessor.OnPostprocessAllAssets 5.167ms
			SyncVS.PostprocessSyncProject 4.313ms
			WindowAssetPostprocessingWatcher.OnPostprocessAllAssets 3.300ms
			RetainedModeAssetPostprocessor.OnPostprocessAllAssets 1.253ms
			SpeedTree9Postprocessor.OnPostprocessAllAssets 0.507ms
			ProjectSettingsPostprocessor.OnPostprocessAllAssets 0.465ms
			ArtifactBrowserPostProcessor.OnPostprocessAllAssets 0.366ms
			ThemePostprocessor.OnPostprocessAllAssets 0.316ms
			UVCSAssetPostprocessor.OnPostprocessAllAssets 0.283ms
			SpeedTreePostProcessor.OnPostprocessAllAssets 0.255ms
			StyleCatalogPostProcessor.OnPostprocessAllAssets 0.245ms
			AssetEvents.OnPostprocessAllAssets 0.237ms
			AudioMixerPostprocessor.OnPostprocessAllAssets 0.216ms
			ReferencedClipsPostProcessor.OnPostprocessAllAssets 0.212ms
			TMPro_TexturePostProcessor.OnPostprocessAllAssets 0.205ms
			SamplePostprocessor.OnPostprocessAllAssets 0.176ms
			InputActionAssetPostprocessor.OnPostprocessAllAssets 0.162ms
			EditModeScopePostprocessor.OnPostprocessAllAssets 0.162ms
			AssetDatabaseCallbacks.OnPostprocessAllAssets 0.104ms
			ConfigAssetsTracker.OnPostprocessAllAssets 0.100ms
			TerrainToolbarOverlayPostProcessor.OnPostprocessAllAssets 0.087ms
			AssetReloadNotifier.OnPostprocessAllAssets 0.080ms
			ScenarioDriftAssetsTracker.OnPostprocessAllAssets 0.080ms
			RenderPipelineGlobalSettingsPostprocessor.OnPostprocessAllAssets 0.076ms
			AudioContainerPostProcessor.OnPostprocessAllAssets 0.060ms
	UnloadStreamsBegin: 1.192ms
	GenerateScriptTypeHashes: 0.453ms
	GenerateScriptTypeSerializationHashes: 1.007ms
	Untracked: 388.556ms

Loaded scene 'Temp/__Backupscenes/0.backup'
	Deserialize:            1.364 ms
	Integration:            235.350 ms
	Integration of assets:  0.002 ms
	Thread Wait Time:       0.007 ms
	Total Operation Time:   236.723 ms
Curl error 6: Could not resolve: cdp.cloud.unity3d.com:443
[Licensing::Client] Successfully resolved entitlement details
[Licensing::Client] Successfully resolved entitlement details
Unhandled description string [
Unhandled description string ]
TrimDiskCacheJob: Current cache size 0mb
Unloading 1 Unused Serialized files (Serialized files now loaded: 0)
Loaded scene 'Temp/__Backupscenes/0.backup'
	Deserialize:            0.970 ms
	Integration:            15.295 ms
	Integration of assets:  0.002 ms
	Thread Wait Time:       0.007 ms
	Total Operation Time:   16.274 ms
Unloading 15 unused Assets / (402.7 KB). Loaded Objects now: 6225.
Memory consumption went from 273.6 MB to 273.2 MB.
Total: 16.839048 ms (FindLiveObjects: 0.389592 ms CreateObjectMapping: 0.055654 ms MarkObjects: 16.224263 ms  DeleteObjects: 0.028503 ms)

[Licensing::Client] Successfully resolved entitlement details
Reloading assemblies for play mode.
Reloading assemblies after forced synchronous recompile.
Begin MonoManager ReloadAssembly
Native extension for LinuxStandalone target not found
Native extension for WebGL target not found
ScheduleIndexationOnStartup MainProcess:True IndexOnStartup:True
[MODES] ModeService[none].Initialize
[MODES] ModeService[none].LoadModes
Scripting: successfully reloaded assembly
Unhandled description string [
Unhandled description string ]
Unhandled description string [
Unhandled description string ]
- Finished resetting the current domain, in  1.005 seconds
Domain Reload Profiling: 1387ms
	BeginReloadAssembly (204ms)
		DisableScriptedObjects (39ms)
		CreateAndSetChildDomain (89ms)
	RebuildCommonClasses (6ms)
	RebuildNativeTypeToScriptingClass (7ms)
	initialDomainReloadingComplete (28ms)
	LoadAllAssembliesAndSetupDomain (136ms)
		LoadAssemblies (50ms)
		TypeCache.Refresh (4ms)
		AnalyzeDomain (4ms)
	FinalizeReload (1006ms)
		SetupLoadedEditorAssemblies (0ms)
			BeforeProcessingInitializeOnLoad (59ms)
			ProcessInitializeOnLoadAttributes (137ms)
			ProcessInitializeOnLoadMethodAttributes (29ms)
			AfterProcessingInitializeOnLoad (4ms)
		AwakeInstancesAfterBackupRestoration (427ms)

Asset Pipeline Refresh (id=0737ac3c6462e63579ae39d4aa8aaadf): Total: 1.453 seconds - Initiated by StopAssetImportingV2(ForceSynchronousImport | ForceDomainReload)
	(Values over 0.05ms)
	Summary:
		Imports: total=0 (actual=0, local cache=0, cache server=0)
		Asset DB Process Time: managed=0 ms, native=1039 ms
		Asset DB Callback time: managed=14 ms, native=0 ms
		Scripting: domain reloads=1, domain reload time=397 ms, compile time=1 ms, other=0 ms
		Project Asset Count: scripts=833, non-scripts=935
		Asset File Changes: new=0, changed=0, moved=0, deleted=0
		Scan Filter Count: 0
	InvokePackagesCallback: 0.364ms
	ApplyChangesToAssetFolders: 0.209ms
	Collect global state as custom dependencies: 0.403ms
	CategorizeAssets: 9.395ms
	CompileScripts: 1.297ms
	ImportOutOfDateAssets: 1009.102ms (1008.552ms without children)
		UnloadImportedAssets: 0.159ms
		EnsureUptoDateAssetsAreRegisteredWithGuidPM: 0.164ms
		ImportSchedulerStart: 0.216ms
	PostProcessAllAssets: 14.388ms
		MonoPostProcessAllAssets: 14.385ms
			AssetPostprocessor.OnPostprocessAllAssets 15.462ms
			InputActionJsonNameModifierAssetProcessor.OnPostprocessAllAssets 14.304ms
			TextAssetPostProcessor.OnPostprocessAllAssets 10.842ms
			AssetChangedListener.OnPostprocessAllAssets 8.819ms
			BuilderAssetPostprocessor.OnPostprocessAllAssets 5.167ms
			SyncVS.PostprocessSyncProject 4.308ms
			WindowAssetPostprocessingWatcher.OnPostprocessAllAssets 3.071ms
			RetainedModeAssetPostprocessor.OnPostprocessAllAssets 1.253ms
			SpeedTree9Postprocessor.OnPostprocessAllAssets 0.474ms
			ProjectSettingsPostprocessor.OnPostprocessAllAssets 0.450ms
			ArtifactBrowserPostProcessor.OnPostprocessAllAssets 0.366ms
			ThemePostprocessor.OnPostprocessAllAssets 0.316ms
			UVCSAssetPostprocessor.OnPostprocessAllAssets 0.283ms
			SpeedTreePostProcessor.OnPostprocessAllAssets 0.255ms
			StyleCatalogPostProcessor.OnPostprocessAllAssets 0.245ms
			AssetEvents.OnPostprocessAllAssets 0.237ms
			AudioMixerPostprocessor.OnPostprocessAllAssets 0.216ms
			TMPro_TexturePostProcessor.OnPostprocessAllAssets 0.205ms
			SamplePostprocessor.OnPostprocessAllAssets 0.176ms
			EditModeScopePostprocessor.OnPostprocessAllAssets 0.171ms
			InputActionAssetPostprocessor.OnPostprocessAllAssets 0.166ms
			ReferencedClipsPostProcessor.OnPostprocessAllAssets 0.158ms
			ConfigAssetsTracker.OnPostprocessAllAssets 0.100ms
			TerrainToolbarOverlayPostProcessor.OnPostprocessAllAssets 0.090ms
			AssetDatabaseCallbacks.OnPostprocessAllAssets 0.086ms
			AssetReloadNotifier.OnPostprocessAllAssets 0.080ms
			ScenarioDriftAssetsTracker.OnPostprocessAllAssets 0.080ms
			AudioContainerPostProcessor.OnPostprocessAllAssets 0.060ms
			RenderPipelineGlobalSettingsPostprocessor.OnPostprocessAllAssets 0.053ms
	GenerateScriptTypeHashes: 0.441ms
	GenerateScriptTypeSerializationHashes: 0.974ms
	Untracked: 416.416ms

Loaded scene 'Temp/__Backupscenes/0.backup'
	Deserialize:            1.122 ms
	Integration:            221.360 ms
	Integration of assets:  0.001 ms
	Thread Wait Time:       0.005 ms
	Total Operation Time:   222.488 ms
[Licensing::Client] Successfully resolved entitlement details
Unhandled description string [
Unhandled description string ]
[Licensing::Client] Successfully resolved entitlement details
Unloading 1 Unused Serialized files (Serialized files now loaded: 0)
Loaded scene 'Temp/__Backupscenes/0.backup'
	Deserialize:            0.948 ms
	Integration:            14.122 ms
	Integration of assets:  0.002 ms
	Thread Wait Time:       0.007 ms
	Total Operation Time:   15.079 ms
Unloading 15 unused Assets / (0.9 MB). Loaded Objects now: 6228.
Memory consumption went from 273.8 MB to 272.9 MB.
Total: 17.420330 ms (FindLiveObjects: 0.391876 ms CreateObjectMapping: 0.057558 ms MarkObjects: 15.715397 ms  DeleteObjects: 1.111208 ms)

Curl error 6: Could not resolve: cdp.cloud.unity3d.com:443
Curl error 6: Could not resolve host: cdp.cloud.unity3d.com
Curl error 6: Could not resolve: cdp.cloud.unity3d.com:443
Asset Pipeline Refresh (id=f844d1906df46685b88f7ab8d22009aa): Total: 0.038 seconds - Initiated by RefreshV2(AllowForceSynchronousImport)
Curl error 6: Could not resolve: cdp.cloud.unity3d.com:443
Asset Pipeline Refresh (id=0d53b49a160494f16a0ead689dfdac15): Total: 0.035 seconds - Initiated by RefreshV2(AllowForceSynchronousImport)
Reloading assemblies for play mode.
Reloading assemblies after forced synchronous recompile.
[Licensing::Client] Successfully resolved entitlement details
Begin MonoManager ReloadAssembly
Native extension for LinuxStandalone target not found
Native extension for WebGL target not found
ScheduleIndexationOnStartup MainProcess:True IndexOnStartup:True
[MODES] ModeService[none].Initialize
[MODES] ModeService[none].LoadModes
Scripting: successfully reloaded assembly
Unhandled description string [
Unhandled description string ]
Unhandled description string [
Unhandled description string ]
- Finished resetting the current domain, in  1.024 seconds
Domain Reload Profiling: 1443ms
	BeginReloadAssembly (247ms)
		DisableScriptedObjects (97ms)
		CreateAndSetChildDomain (76ms)
	RebuildCommonClasses (6ms)
	RebuildNativeTypeToScriptingClass (7ms)
	initialDomainReloadingComplete (28ms)
	LoadAllAssembliesAndSetupDomain (130ms)
		LoadAssemblies (49ms)
		TypeCache.Refresh (4ms)
		AnalyzeDomain (4ms)
	FinalizeReload (1025ms)
		SetupLoadedEditorAssemblies (0ms)
			BeforeProcessingInitializeOnLoad (70ms)
			ProcessInitializeOnLoadAttributes (139ms)
			ProcessInitializeOnLoadMethodAttributes (28ms)
			AfterProcessingInitializeOnLoad (4ms)
		AwakeInstancesAfterBackupRestoration (451ms)

Asset Pipeline Refresh (id=3013721c1b6b2120f855b21463d58f8a): Total: 1.513 seconds - Initiated by StopAssetImportingV2(ForceSynchronousImport | ForceDomainReload)
	(Values over 0.05ms)
	Summary:
		Imports: total=0 (actual=0, local cache=0, cache server=0)
		Asset DB Process Time: managed=0 ms, native=1062 ms
		Asset DB Callback time: managed=14 ms, native=0 ms
		Scripting: domain reloads=1, domain reload time=434 ms, compile time=1 ms, other=0 ms
		Project Asset Count: scripts=833, non-scripts=935
		Asset File Changes: new=0, changed=0, moved=0, deleted=0
		Scan Filter Count: 0
	InvokePackagesCallback: 0.349ms
	ApplyChangesToAssetFolders: 0.204ms
	Collect global state as custom dependencies: 0.220ms
	CategorizeAssets: 9.314ms
	CompileScripts: 1.292ms
	ImportOutOfDateAssets: 1028.616ms (1028.060ms without children)
		UnloadImportedAssets: 0.110ms
		EnsureUptoDateAssetsAreRegisteredWithGuidPM: 0.206ms
		ImportSchedulerStart: 0.227ms
	PostProcessAllAssets: 14.736ms
		MonoPostProcessAllAssets: 14.734ms
			AssetPostprocessor.OnPostprocessAllAssets 15.462ms
			InputActionJsonNameModifierAssetProcessor.OnPostprocessAllAssets 14.304ms
			TextAssetPostProcessor.OnPostprocessAllAssets 10.842ms
			AssetChangedListener.OnPostprocessAllAssets 8.819ms
			BuilderAssetPostprocessor.OnPostprocessAllAssets 5.167ms
			SyncVS.PostprocessSyncProject 4.209ms
			WindowAssetPostprocessingWatcher.OnPostprocessAllAssets 3.200ms
			RetainedModeAssetPostprocessor.OnPostprocessAllAssets 1.253ms
			SpeedTree9Postprocessor.OnPostprocessAllAssets 0.546ms
			ProjectSettingsPostprocessor.OnPostprocessAllAssets 0.440ms
			ArtifactBrowserPostProcessor.OnPostprocessAllAssets 0.366ms
			ThemePostprocessor.OnPostprocessAllAssets 0.316ms
			UVCSAssetPostprocessor.OnPostprocessAllAssets 0.283ms
			SpeedTreePostProcessor.OnPostprocessAllAssets 0.255ms
			StyleCatalogPostProcessor.OnPostprocessAllAssets 0.245ms
			AssetEvents.OnPostprocessAllAssets 0.237ms
			AudioMixerPostprocessor.OnPostprocessAllAssets 0.216ms
			TMPro_TexturePostProcessor.OnPostprocessAllAssets 0.205ms
			ReferencedClipsPostProcessor.OnPostprocessAllAssets 0.192ms
			SamplePostprocessor.OnPostprocessAllAssets 0.176ms
			InputActionAssetPostprocessor.OnPostprocessAllAssets 0.176ms
			EditModeScopePostprocessor.OnPostprocessAllAssets 0.174ms
			AssetDatabaseCallbacks.OnPostprocessAllAssets 0.109ms
			ConfigAssetsTracker.OnPostprocessAllAssets 0.100ms
			TerrainToolbarOverlayPostProcessor.OnPostprocessAllAssets 0.083ms
			AssetReloadNotifier.OnPostprocessAllAssets 0.080ms
			ScenarioDriftAssetsTracker.OnPostprocessAllAssets 0.080ms
			RenderPipelineGlobalSettingsPostprocessor.OnPostprocessAllAssets 0.062ms
			AudioContainerPostProcessor.OnPostprocessAllAssets 0.060ms
	PersistCurrentRevisions: 0.056ms
	GenerateScriptTypeHashes: 0.448ms
	GenerateScriptTypeSerializationHashes: 1.000ms
	Untracked: 456.644ms

Loaded scene 'Temp/__Backupscenes/0.backup'
	Deserialize:            1.360 ms
	Integration:            220.489 ms
	Integration of assets:  0.001 ms
	Thread Wait Time:       0.007 ms
	Total Operation Time:   221.857 ms
[Licensing::Client] Successfully resolved entitlement details
Unhandled description string [
Unhandled description string ]
[Licensing::Client] Successfully resolved entitlement details
Unloading 1 Unused Serialized files (Serialized files now loaded: 0)
Loaded scene 'Temp/__Backupscenes/0.backup'
	Deserialize:            1.020 ms
	Integration:            14.374 ms
	Integration of assets:  0.002 ms
	Thread Wait Time:       0.005 ms
	Total Operation Time:   15.401 ms
Unloading 15 unused Assets / (0.6 MB). Loaded Objects now: 6231.
Memory consumption went from 273.3 MB to 272.8 MB.
Total: 18.419467 ms (FindLiveObjects: 0.411554 ms CreateObjectMapping: 0.067096 ms MarkObjects: 17.768714 ms  DeleteObjects: 0.030898 ms)

[Licensing::Client] Successfully resolved entitlement details
GLX Extensions: GLX_ARB_get_proc_address GLX_ARB_multisample GLX_EXT_visual_info GLX_EXT_visual_rating GLX_SGIX_fbconfig GLX_SGIX_pbuffer GLX_SGI_swap_control GLX_EXT_swap_control GLX_EXT_buffer_age GLX_ARB_create_context GLX_ARB_create_context_profile GLX_ARB_fbconfig_float GLX_EXT_fbconfig_packed_float GLX_EXT_framebuffer_sRGB GLX_NV_copy_image GLX_NV_copy_buffer GLX_EXT_create_context_es_profile GLX_EXT_create_context_es2_profile GLX_ARB_create_context_no_error GLX_ARB_create_context_robustness GLX_ARB_context_flush_control 
Curl error 6: Could not resolve host: cdp.cloud.unity3d.com
Curl error 6: Could not resolve: cdp.cloud.unity3d.com:443
Asset Pipeline Refresh (id=6da905ef2865d358c9a561b1f8556be2): Total: 0.035 seconds - Initiated by RefreshV2(AllowForceSynchronousImport)
Unhandled description string [
Unhandled description string ]
GLX Extensions: GLX_ARB_get_proc_address GLX_ARB_multisample GLX_EXT_visual_info GLX_EXT_visual_rating GLX_SGIX_fbconfig GLX_SGIX_pbuffer GLX_SGI_swap_control GLX_EXT_swap_control GLX_EXT_buffer_age GLX_ARB_create_context GLX_ARB_create_context_profile GLX_ARB_fbconfig_float GLX_EXT_fbconfig_packed_float GLX_EXT_framebuffer_sRGB GLX_NV_copy_image GLX_NV_copy_buffer GLX_EXT_create_context_es_profile GLX_EXT_create_context_es2_profile GLX_ARB_create_context_no_error GLX_ARB_create_context_robustness GLX_ARB_context_flush_control 
Curl error 6: Could not resolve: cdp.cloud.unity3d.com:443
GLX Extensions: GLX_ARB_get_proc_address GLX_ARB_multisample GLX_EXT_visual_info GLX_EXT_visual_rating GLX_SGIX_fbconfig GLX_SGIX_pbuffer GLX_SGI_swap_control GLX_EXT_swap_control GLX_EXT_buffer_age GLX_ARB_create_context GLX_ARB_create_context_profile GLX_ARB_fbconfig_float GLX_EXT_fbconfig_packed_float GLX_EXT_framebuffer_sRGB GLX_NV_copy_image GLX_NV_copy_buffer GLX_EXT_create_context_es_profile GLX_EXT_create_context_es2_profile GLX_ARB_create_context_no_error GLX_ARB_create_context_robustness GLX_ARB_context_flush_control 
[Licensing::Client] Successfully resolved entitlement details
[Licensing::Client] Successfully resolved entitlement details
[Licensing::Client] Successfully resolved entitlement details
[Licensing::Client] Successfully resolved entitlement details
[Licensing::Client] Successfully resolved entitlement details
[Licensing::Client] Successfully resolved entitlement details
[Licensing::Client] Successfully resolved entitlement details
[Licensing::Client] Successfully resolved entitlement details
[Package Manager] Package [com.unity.android.render-service] cannot be found
[Licensing::Client] Successfully resolved entitlement details
[Licensing::Client] Successfully resolved entitlement details
[Licensing::Client] Successfully resolved entitlement details
[Licensing::Client] Successfully resolved entitlement details
[Licensing::Client] Successfully resolved entitlement details
[Licensing::Client] Successfully resolved entitlement details
Importing 'GUID: a2a6049fbd9583a5d8dd95d5979538f4 - Path: Assets/Settings' with importer (DefaultImporter)
Imported 'GUID: a2a6049fbd9583a5d8dd95d5979538f4' -> (Import Result ID: '36915e01e6f3ff7662ae6ae991cc1f98') in 0.002 seconds [static dependencies only]. Details - ImportResultOutputID=7d90ca37b3e74945c6e1795792cff263 DependenciesID=bc0f962420737b9e1312cc36ee9c7c5b StaticDependenciesID=1ff636aa45d580b5cca3c444d0a9a02f 
Asset Pipeline Refresh (id=99b7865be6a160d26bb142eba55d93be): Total: 0.036 seconds - Initiated by StopAssetImportingV2(NoUpdateAssetOptions)
Importing 'GUID: 696a1f5f6c1c0fd369a52deb0ee9297c - Path: Assets/Settings/Build Profiles' with importer (DefaultImporter)
Imported 'GUID: 696a1f5f6c1c0fd369a52deb0ee9297c' -> (Import Result ID: 'bd930f4da17fe4b24fb2a3fae129ffcd') in 0.001 seconds [static dependencies only]. Details - ImportResultOutputID=4548d3f738627e6588f541e1743d4b57 DependenciesID=aeba5f5c3aef41802860adbf129b321d StaticDependenciesID=07adf811d496e982637fc3919f4c7364 
Asset Pipeline Refresh (id=2955f2fb04d4a6401b3a248278d547b7): Total: 0.008 seconds - Initiated by StopAssetImportingV2(NoUpdateAssetOptions)
Importing 'GUID: d8122f6d77bef8120bfaaebadd839d51 - Path: Assets/Settings/Build Profiles/Web.asset' with importer (NativeFormatImporter)
Imported 'GUID: d8122f6d77bef8120bfaaebadd839d51' -> (Import Result ID: '305120a062d004f902ef09aad94cd2cb') in 0.000 seconds [static dependencies only]. Details - ImportResultOutputID=ed9fb32f059118ade16f2413659715be DependenciesID=671198abee9a6624a35076eebe01cc33 StaticDependenciesID=f19dc85c1842b770d49df8f5a481fd83 
Asset Pipeline Refresh (id=2e9ff187b7a4fa42b9edd0bebe32426e): Total: 0.008 seconds - Initiated by StopAssetImportingV2(NoUpdateAssetOptions)
Importing 'GUID: d8122f6d77bef8120bfaaebadd839d51 - Path: Assets/Settings/Build Profiles/Web.asset' with importer (NativeFormatImporter)
Imported 'GUID: d8122f6d77bef8120bfaaebadd839d51' -> (Import Result ID: '924d1f5771f73056d67886266ffd5944') in 0.001 seconds [static dependencies only]. Details - ImportResultOutputID=ed9fb32f059118ade16f2413659715be DependenciesID=77639b53ad3ee203598e5d9c5675aa4c StaticDependenciesID=1c436b6a89ff0dd3c30cd3838e4fc9ff 
Asset Pipeline Refresh (id=b747aecea7c23b186bb71a58f2fdffd2): Total: 0.009 seconds - Initiated by StopAssetImportingV2(NoUpdateAssetOptions)
GLX Extensions: GLX_ARB_get_proc_address GLX_ARB_multisample GLX_EXT_visual_info GLX_EXT_visual_rating GLX_SGIX_fbconfig GLX_SGIX_pbuffer GLX_SGI_swap_control GLX_EXT_swap_control GLX_EXT_buffer_age GLX_ARB_create_context GLX_ARB_create_context_profile GLX_ARB_fbconfig_float GLX_EXT_fbconfig_packed_float GLX_EXT_framebuffer_sRGB GLX_NV_copy_image GLX_NV_copy_buffer GLX_EXT_create_context_es_profile GLX_EXT_create_context_es2_profile GLX_ARB_create_context_no_error GLX_ARB_create_context_robustness GLX_ARB_context_flush_control 
Curl error 6: Could not resolve host: cdp.cloud.unity3d.com
[Licensing::Client] Successfully resolved entitlement details
[Package Manager] Done resolving packages in 0.10 seconds
[Licensing::Client] Successfully resolved entitlement details
Unhandled description string [
Unhandled description string ]
[Package Manager] Registered 55 packages:
  Packages from [https://packages.unity.com]:
    com.unity.collab-proxy@2.13.6 (location: /home/jack/Documents/Unity/Apple-Picker/Library/PackageCache/com.unity.collab-proxy@4628d2ba6ea4)
    com.unity.ide.rider@3.0.38 (location: /home/jack/Documents/Unity/Apple-Picker/Library/PackageCache/com.unity.ide.rider@1f60b3138684)
    com.unity.ide.visualstudio@2.0.28 (location: /home/jack/Documents/Unity/Apple-Picker/Library/PackageCache/com.unity.ide.visualstudio@b5edea5f33f4)
    com.unity.inputsystem@1.20.0 (location: /home/jack/Documents/Unity/Apple-Picker/Library/PackageCache/com.unity.inputsystem@7a4e1a2a8194)
    com.unity.services.cloud-build@2.0.8 (location: /home/jack/Documents/Unity/Apple-Picker/Library/PackageCache/com.unity.services.cloud-build@235f37f57c39)
    com.unity.visualscripting@1.9.12 (location: /home/jack/Documents/Unity/Apple-Picker/Library/PackageCache/com.unity.visualscripting@4edfcc09512f)
    com.unity.services.core@1.18.0 (location: /home/jack/Documents/Unity/Apple-Picker/Library/PackageCache/com.unity.services.core@3464cb68d709)
    com.unity.nuget.newtonsoft-json@3.2.2 (location: /home/jack/Documents/Unity/Apple-Picker/Library/PackageCache/com.unity.nuget.newtonsoft-json@4dfd81071c64)
    com.unity.performance.profile-analyzer@1.4.0 (location: /home/jack/Documents/Unity/Apple-Picker/Library/PackageCache/com.unity.performance.profile-analyzer@2bb26871883c)
    com.unity.testtools.codecoverage@1.3.0 (location: /home/jack/Documents/Unity/Apple-Picker/Library/PackageCache/com.unity.testtools.codecoverage@19a841221620)
    com.unity.settings-manager@2.1.1 (location: /home/jack/Documents/Unity/Apple-Picker/Library/PackageCache/com.unity.settings-manager@0b8638c5ce86)
  Built-in packages:
    com.unity.feature.development@1.0.2 (location: /home/jack/Documents/Unity/Apple-Picker/Library/PackageCache/com.unity.feature.development@767aadbc6eb7)
    com.unity.timeline@6.6.0 (location: /home/jack/Documents/Unity/Apple-Picker/Library/PackageCache/com.unity.timeline@56b07ebd2230)
    com.unity.ugui@2.6.0 (location: /home/jack/Documents/Unity/Apple-Picker/Library/PackageCache/com.unity.ugui@9acc4bc81b33)
    com.unity.modules.accessibility@1.0.0 (location: /home/jack/Documents/Unity/Apple-Picker/Library/PackageCache/com.unity.modules.accessibility)
    com.unity.modules.adaptiveperformance@1.0.0 (location: /home/jack/Documents/Unity/Apple-Picker/Library/PackageCache/com.unity.modules.adaptiveperformance)
    com.unity.modules.ai@1.0.0 (location: /home/jack/Documents/Unity/Apple-Picker/Library/PackageCache/com.unity.modules.ai)
    com.unity.modules.androidjni@1.0.0 (location: /home/jack/Documents/Unity/Apple-Picker/Library/PackageCache/com.unity.modules.androidjni)
    com.unity.modules.animation@1.0.0 (location: /home/jack/Documents/Unity/Apple-Picker/Library/PackageCache/com.unity.modules.animation)
    com.unity.modules.assetbundle@1.0.0 (location: /home/jack/Documents/Unity/Apple-Picker/Library/PackageCache/com.unity.modules.assetbundle)
    com.unity.modules.audio@1.0.0 (location: /home/jack/Documents/Unity/Apple-Picker/Library/PackageCache/com.unity.modules.audio)
    com.unity.modules.cloth@1.0.0 (location: /home/jack/Documents/Unity/Apple-Picker/Library/PackageCache/com.unity.modules.cloth)
    com.unity.modules.director@1.0.0 (location: /home/jack/Documents/Unity/Apple-Picker/Library/PackageCache/com.unity.modules.director)
    com.unity.modules.imageconversion@1.0.0 (location: /home/jack/Documents/Unity/Apple-Picker/Library/PackageCache/com.unity.modules.imageconversion)
    com.unity.modules.imgui@1.0.0 (location: /home/jack/Documents/Unity/Apple-Picker/Library/PackageCache/com.unity.modules.imgui)
    com.unity.modules.jsonserialize@1.0.0 (location: /home/jack/Documents/Unity/Apple-Picker/Library/PackageCache/com.unity.modules.jsonserialize)
    com.unity.modules.particlesystem@1.0.0 (location: /home/jack/Documents/Unity/Apple-Picker/Library/PackageCache/com.unity.modules.particlesystem)
    com.unity.modules.physics@1.0.0 (location: /home/jack/Documents/Unity/Apple-Picker/Library/PackageCache/com.unity.modules.physics)
    com.unity.modules.physics2d@1.0.0 (location: /home/jack/Documents/Unity/Apple-Picker/Library/PackageCache/com.unity.modules.physics2d)
    com.unity.modules.physicscore2d@1.0.0 (location: /home/jack/Documents/Unity/Apple-Picker/Library/PackageCache/com.unity.modules.physicscore2d)
    com.unity.modules.screencapture@1.0.0 (location: /home/jack/Documents/Unity/Apple-Picker/Library/PackageCache/com.unity.modules.screencapture)
    com.unity.modules.terrain@1.0.0 (location: /home/jack/Documents/Unity/Apple-Picker/Library/PackageCache/com.unity.modules.terrain)
    com.unity.modules.terrainphysics@1.0.0 (location: /home/jack/Documents/Unity/Apple-Picker/Library/PackageCache/com.unity.modules.terrainphysics)
    com.unity.modules.tetgen@1.0.0 (location: /home/jack/Documents/Unity/Apple-Picker/Library/PackageCache/com.unity.modules.tetgen)
    com.unity.modules.tilemap@1.0.0 (location: /home/jack/Documents/Unity/Apple-Picker/Library/PackageCache/com.unity.modules.tilemap)
    com.unity.modules.timelinefoundation@1.0.0 (location: /home/jack/Documents/Unity/Apple-Picker/Library/PackageCache/com.unity.modules.timelinefoundation)
    com.unity.modules.ui@1.0.0 (location: /home/jack/Documents/Unity/Apple-Picker/Library/PackageCache/com.unity.modules.ui)
    com.unity.modules.uielements@1.0.0 (location: /home/jack/Documents/Unity/Apple-Picker/Library/PackageCache/com.unity.modules.uielements)
    com.unity.modules.umbra@1.0.0 (location: /home/jack/Documents/Unity/Apple-Picker/Library/PackageCache/com.unity.modules.umbra)
    com.unity.modules.unityanalytics@1.0.0 (location: /home/jack/Documents/Unity/Apple-Picker/Library/PackageCache/com.unity.modules.unityanalytics)
    com.unity.modules.unitywebrequest@1.0.0 (location: /home/jack/Documents/Unity/Apple-Picker/Library/PackageCache/com.unity.modules.unitywebrequest)
    com.unity.modules.unitywebrequestassetbundle@1.0.0 (location: /home/jack/Documents/Unity/Apple-Picker/Library/PackageCache/com.unity.modules.unitywebrequestassetbundle)
    com.unity.modules.unitywebrequestaudio@1.0.0 (location: /home/jack/Documents/Unity/Apple-Picker/Library/PackageCache/com.unity.modules.unitywebrequestaudio)
    com.unity.modules.unitywebrequesttexture@1.0.0 (location: /home/jack/Documents/Unity/Apple-Picker/Library/PackageCache/com.unity.modules.unitywebrequesttexture)
    com.unity.modules.unitywebrequestwww@1.0.0 (location: /home/jack/Documents/Unity/Apple-Picker/Library/PackageCache/com.unity.modules.unitywebrequestwww)
    com.unity.modules.vectorgraphics@1.0.0 (location: /home/jack/Documents/Unity/Apple-Picker/Library/PackageCache/com.unity.modules.vectorgraphics)
    com.unity.modules.vehicles@1.0.0 (location: /home/jack/Documents/Unity/Apple-Picker/Library/PackageCache/com.unity.modules.vehicles)
    com.unity.modules.video@1.0.0 (location: /home/jack/Documents/Unity/Apple-Picker/Library/PackageCache/com.unity.modules.video)
    com.unity.modules.wind@1.0.0 (location: /home/jack/Documents/Unity/Apple-Picker/Library/PackageCache/com.unity.modules.wind)
    com.unity.modules.xr@1.0.0 (location: /home/jack/Documents/Unity/Apple-Picker/Library/PackageCache/com.unity.modules.xr)
    com.unity.modules.subsystems@1.0.0 (location: /home/jack/Documents/Unity/Apple-Picker/Library/PackageCache/com.unity.modules.subsystems)
    com.unity.modules.hierarchycore@1.0.0 (location: /home/jack/Documents/Unity/Apple-Picker/Library/PackageCache/com.unity.modules.hierarchycore)
    com.unity.test-framework@1.8.0 (location: /home/jack/Documents/Unity/Apple-Picker/Library/PackageCache/com.unity.test-framework@f0b61198e8dc)
    com.unity.ext.nunit@2.1.0 (location: /home/jack/Documents/Unity/Apple-Picker/Library/PackageCache/com.unity.ext.nunit@508b95ff9afe)
    com.unity.editorcoroutines@6.6.0 (location: /home/jack/Documents/Unity/Apple-Picker/Library/PackageCache/com.unity.editorcoroutines@af8abaa9a9d2)
[Subsystems] No new subsystems found in resolved package list.
[Package Manager] Done registering packages in 0.03 seconds
[API Updater] Processing imported assemblies took 57 ms (0/0 assembly(ies)).
Assembly Updater Post Process Assets time: 0.058116s
[ScriptCompilation] Requested script compilation because: Assembly Definition File(s) changed
[ScriptCompilation] Requested script compilation because: AssetDatabase observed changes in script compilation related files
[Licensing::Client] Successfully resolved entitlement details
Starting: /home/jack/Unity/Hub/Editor/6000.6.0f1/Editor/Data/Tools/BuildPipeline/bee_backend --ipc --defer-dag-verification --dagfile="Library/Bee/2400b0aE.dag" --continue-on-failure --profile="Library/Bee/backend1.traceevents" ScriptAssemblies
WorkingDir: /home/jack/Documents/Unity/Apple-Picker
ExitCode: 4 Duration: 0s133ms
[366/530    0s] ILPP-Configuration Library/ilpp-configuration.nevergeneratedoutput
Rebuilding DAG because FileSignature timestamp changed: Library/Bee/2400b0aE-inputdata.json
*** Tundra requires additional run (0.09 seconds), 1 items updated, 530 evaluated
Starting: /home/jack/Unity/Hub/Editor/6000.6.0f1/Editor/Data/DotNetSdk/dotnet "/home/jack/Unity/Hub/Editor/6000.6.0f1/Editor/Data/Tools/BuildPipeline/ScriptCompilationBuildProgram.exe" "Library/Bee/2400b0aE.dag.json" "Library/Bee/2400b0aE-inputdata.json" "Library/Bee/buildprogram0.traceevents"
WorkingDir: /home/jack/Documents/Unity/Apple-Picker
ExitCode: 0 Duration: 0s889ms
Starting: /home/jack/Unity/Hub/Editor/6000.6.0f1/Editor/Data/Tools/BuildPipeline/bee_backend --ipc --defer-dag-verification --dagfile="Library/Bee/2400b0aE.dag" --continue-on-failure --dagfilejson="Library/Bee/2400b0aE.dag.json" --profile="Library/Bee/backend2.traceevents" ScriptAssemblies
WorkingDir: /home/jack/Documents/Unity/Apple-Picker
ExitCode: 0 Duration: 4s596ms
Finished compiling graph: 701 nodes, 12730 flattened edges (11258 ToBuild, 108 ToUse), maximum node priority 630
[201/698    0s] WriteText Library/Bee/artifacts/2400b0aE.dag/Unity.Services.Core.rsp2
[202/698    0s] WriteText Library/Bee/artifacts/2400b0aE.dag/Unity.Services.Core.dll.mvfrm.rsp
[203/698    0s] WriteText Library/Bee/artifacts/2400b0aE.dag/UnityEditor.UI.rsp
[204/698    0s] WriteText Library/Bee/artifacts/2400b0aE.dag/Unity.Services.Core.Environments.rsp2
[205/698    0s] WriteText Library/Bee/artifacts/2400b0aE.dag/UnityEngine.UI.rsp
[206/698    0s] WriteText Library/Bee/artifacts/2400b0aE.dag/Unity.Services.Core.Environments.UnityAdditionalFile.txt
[207/698    0s] WriteText Library/Bee/artifacts/2400b0aE.dag/Unity.Services.Core.UnityAdditionalFile.txt
[208/698    0s] WriteText Library/Bee/artifacts/2400b0aE.dag/Unity.InputSystem.rsp
[209/698    0s] WriteText Library/Bee/artifacts/2400b0aE.dag/Unity.Services.Core.Configuration.UnityAdditionalFile.txt
[211/698    0s] WriteText Library/Bee/artifacts/2400b0aE.dag/Unity.VisualScripting.Core.rsp
[215/698    0s] WriteText Library/Bee/artifacts/2400b0aE.dag/Unity.VisualScripting.Core.Editor.rsp
[216/698    0s] WriteText Library/Bee/artifacts/2400b0aE.dag/Unity.Services.Core.Environments.dll.mvfrm.rsp
[219/698    0s] WriteText Library/Bee/artifacts/2400b0aE.dag/Unity.VisualScripting.Flow.rsp
[220/698    0s] WriteText Library/Bee/artifacts/2400b0aE.dag/Unity.Services.Core.Environments.rsp
[221/698    0s] WriteText Library/Bee/artifacts/2400b0aE.dag/Unity.Services.Core.Configuration.rsp2
[222/698    0s] WriteText Library/Bee/artifacts/2400b0aE.dag/Unity.Services.Core.Telemetry.UnityAdditionalFile.txt
[223/698    0s] WriteText Library/Bee/artifacts/2400b0aE.dag/Unity.Services.Core.Scheduler.rsp2
[224/698    0s] WriteText Library/Bee/artifacts/2400b0aE.dag/Unity.Services.Core.Internal.UnityAdditionalFile.txt
[225/698    0s] WriteText Library/Bee/artifacts/2400b0aE.dag/Unity.Services.Core.Telemetry.rsp2
[226/698    0s] WriteText Library/Bee/artifacts/2400b0aE.dag/Unity.Services.Core.Configuration.rsp
[228/698    0s] WriteText Library/Bee/artifacts/2400b0aE.dag/Unity.Services.Core.rsp
[229/698    0s] WriteText Library/Bee/artifacts/2400b0aE.dag/Unity.VisualScripting.State.rsp
[230/698    0s] WriteText Library/Bee/artifacts/2400b0aE.dag/Unity.Services.Core.Environments.Internal.rsp2
[231/698    0s] WriteText Library/Bee/artifacts/2400b0aE.dag/Unity.Services.Core.Threading.rsp2
[232/698    0s] WriteText Library/Bee/artifacts/2400b0aE.dag/Unity.Services.Core.Configuration.dll.mvfrm.rsp
[234/698    0s] WriteText Library/Bee/artifacts/2400b0aE.dag/Unity.Services.Core.Environments.Internal.UnityAdditionalFile.txt
[235/698    0s] WriteText Library/Bee/artifacts/2400b0aE.dag/Unity.Services.Core.Scheduler.UnityAdditionalFile.txt
[237/698    0s] WriteText Library/Bee/artifacts/2400b0aE.dag/Unity.Services.Core.Internal.rsp2
[239/698    0s] WriteText Library/Bee/artifacts/2400b0aE.dag/Unity.InternalAPIEngineBridge.004.rsp
[240/698    0s] WriteText Library/Bee/artifacts/2400b0aE.dag/Unity.Services.Core.Threading.rsp
[241/698    0s] WriteText Library/Bee/artifacts/2400b0aE.dag/Unity.Services.Core.Device.UnityAdditionalFile.txt
[242/698    0s] WriteText Library/Bee/artifacts/2400b0aE.dag/Unity.Services.Core.Environments.Internal.rsp
[244/698    0s] WriteText Library/Bee/artifacts/2400b0aE.dag/Unity.VisualScripting.Flow.Editor.rsp
[245/698    0s] WriteText Library/Bee/artifacts/2400b0aE.dag/Unity.Services.Core.Internal.dll.mvfrm.rsp
[246/698    0s] WriteText Library/Bee/artifacts/2400b0aE.dag/Unity.Services.Core.Threading.UnityAdditionalFile.txt
[247/698    0s] WriteText Library/Bee/artifacts/2400b0aE.dag/Unity.Services.Core.Scheduler.dll.mvfrm.rsp
[253/698    0s] WriteText Library/Bee/artifacts/2400b0aE.dag/Unity.Services.Core.Registration.rsp2
[257/698    0s] WriteText Library/Bee/artifacts/2400b0aE.dag/Unity.Services.Core.Components.dll.mvfrm.rsp
[264/698    0s] WriteText Library/Bee/artifacts/2400b0aE.dag/Unity.Services.Core.Internal.rsp
[265/698    0s] WriteText Library/Bee/artifacts/2400b0aE.dag/Unity.Services.Core.Telemetry.dll.mvfrm.rsp
[268/698    0s] WriteText Library/Bee/artifacts/2400b0aE.dag/Unity.Services.Core.Device.rsp2
[270/698    0s] WriteText Library/Bee/artifacts/2400b0aE.dag/Unity.Services.Core.Configuration.Editor.rsp
[276/698    0s] WriteText Library/Bee/artifacts/2400b0aE.dag/Unity.Services.Core.Device.dll.mvfrm.rsp
[277/698    0s] WriteText Library/Bee/artifacts/2400b0aE.dag/Unity.Services.Core.Environments.Internal.dll.mvfrm.rsp
[278/698    0s] WriteText Library/Bee/artifacts/2400b0aE.dag/Unity.Services.Core.Registration.dll.mvfrm.rsp
[279/698    0s] WriteText Library/Bee/artifacts/2400b0aE.dag/Unity.Services.Core.Registration.UnityAdditionalFile.txt
[280/698    0s] WriteText Library/Bee/artifacts/2400b0aE.dag/Unity.TextMeshPro.rsp
[281/698    0s] WriteText Library/Bee/artifacts/2400b0aE.dag/Unity.Services.Core.Threading.dll.mvfrm.rsp
[282/698    0s] WriteText Library/Bee/artifacts/2400b0aE.dag/Unity.Services.Core.Components.rsp2
[283/698    0s] WriteText Library/Bee/artifacts/2400b0aE.dag/Unity.Services.Core.Telemetry.rsp
[285/698    0s] WriteText Library/Bee/artifacts/2400b0aE.dag/Unity.Services.Core.Configuration.Editor.rsp2
[294/698    0s] WriteText Library/Bee/artifacts/2400b0aE.dag/Unity.Services.Core.Configuration.Editor.dll.mvfrm.rsp
[297/698    0s] WriteText Library/Bee/artifacts/2400b0aE.dag/Unity.Services.Core.Configuration.Editor.UnityAdditionalFile.txt
[299/698    0s] WriteText Library/Bee/artifacts/2400b0aE.dag/Unity.Settings.Editor.rsp
[300/698    0s] WriteText Library/Bee/artifacts/2400b0aE.dag/Unity.InputSystem.ForUI.rsp
[301/698    0s] WriteText Library/Bee/artifacts/2400b0aE.dag/Unity.Services.Core.Components.UnityAdditionalFile.txt
[302/698    0s] WriteText Library/Bee/artifacts/2400b0aE.dag/Unity.TestTools.CodeCoverage.Editor.OpenCover.Model.rsp
[304/698    0s] WriteText Library/Bee/artifacts/2400b0aE.dag/Unity.Services.Core.Scheduler.rsp
[305/698    0s] WriteText Library/Bee/artifacts/2400b0aE.dag/Unity.Timeline.rsp
[309/698    0s] WriteText Library/Bee/artifacts/2400b0aE.dag/Unity.Services.Core.Networking.rsp2
[313/698    0s] WriteText Library/Bee/artifacts/2400b0aE.dag/Unity.VisualScripting.State.Editor.rsp
[315/698    0s] WriteText Library/Bee/artifacts/2400b0aE.dag/Unity.Services.Core.Device.rsp
[322/698    0s] WriteText Library/Bee/artifacts/2400b0aE.dag/Unity.Services.Core.Networking.UnityAdditionalFile.txt
[324/698    0s] WriteText Library/Bee/artifacts/2400b0aE.dag/Unity.Services.Core.Components.rsp
[327/698    0s] WriteText Library/Bee/artifacts/2400b0aE.dag/Unity.Services.Core.Editor.UnityAdditionalFile.txt
[330/698    0s] WriteText Library/Bee/artifacts/2400b0aE.dag/Unity.Services.Core.Editor.rsp2
[331/698    0s] WriteText Library/Bee/artifacts/2400b0aE.dag/Unity.TestTools.CodeCoverage.Editor.OpenCover.Mono.Reflection.rsp
[341/698    0s] WriteText Library/Bee/artifacts/2400b0aE.dag/Unity.Services.Core.Registration.rsp
[351/698    0s] WriteText Library/Bee/artifacts/2400b0aE.dag/Unity.Timeline.Editor.rsp
[352/698    0s] WriteText Library/Bee/artifacts/2400b0aE.dag/Unity.Services.Core.Analytics.rsp2
[353/698    0s] WriteText Library/Bee/artifacts/2400b0aE.dag/Unity.Services.Core.Networking.rsp
[356/698    0s] WriteText Library/Bee/artifacts/2400b0aE.dag/Unity.Services.Core.Networking.dll.mvfrm.rsp
[357/698    0s] WriteText Library/Bee/artifacts/2400b0aE.dag/Unity.Services.Core.Editor.rsp
[358/698    0s] WriteText Library/Bee/artifacts/2400b0aE.dag/Unity.Services.Core.Editor.dll.mvfrm.rsp
[361/698    0s] WriteText Library/Bee/artifacts/2400b0aE.dag/Unity.Services.Core.Analytics.UnityAdditionalFile.txt
[363/698    0s] WriteText Library/Bee/artifacts/2400b0aE.dag/Unity.Services.Core.Analytics.dll.mvfrm.rsp
[365/698    0s] WriteText Library/Bee/artifacts/2400b0aE.dag/Unity.TextMeshPro.Editor.rsp
[366/698    0s] WriteText Library/Bee/artifacts/2400b0aE.dag/UnityEditor.UI.Analytics.rsp
[367/698    0s] WriteText Library/Bee/artifacts/2400b0aE.dag/Unity.Services.CloudBuild.Editor.rsp2
[369/698    0s] WriteText Library/Bee/artifacts/2400b0aE.dag/Unity.Performance.Profile-Analyzer.Editor.rsp
[370/698    0s] WriteText Library/Bee/artifacts/2400b0aE.dag/Unity.Services.CloudBuild.Editor.dll.mvfrm.rsp
[371/698    0s] WriteText Library/Bee/artifacts/2400b0aE.dag/Assembly-CSharp.rsp
[372/698    0s] WriteText Library/Bee/artifacts/2400b0aE.dag/Unity.VisualStudio.Editor.rsp
[374/698    0s] WriteText Library/Bee/artifacts/2400b0aE.dag/Unity.EditorCoroutines.Editor.rsp
[376/698    0s] WriteText Library/Bee/artifacts/2400b0aE.dag/Unity.Services.Core.Environments.Editor.UnityAdditionalFile.txt
[377/698    0s] WriteText Library/Bee/artifacts/2400b0aE.dag/Unity.InputSystem.ForUI.Editor.rsp
[378/698    0s] WriteText Library/Bee/artifacts/2400b0aE.dag/Unity.VisualScripting.SettingsProvider.Editor.rsp
[379/698    0s] WriteText Library/Bee/artifacts/2400b0aE.dag/Assembly-CSharp.dll.mvfrm.rsp
[380/698    0s] WriteText Library/Bee/artifacts/2400b0aE.dag/Unity.Services.Core.Analytics.rsp
[381/698    0s] WriteText Library/Bee/artifacts/2400b0aE.dag/Unity.Services.Core.Environments.Editor.rsp
[382/698    0s] WriteText Library/Bee/artifacts/2400b0aE.dag/Unity.Services.CloudBuild.Editor.rsp
[383/698    0s] WriteText Library/Bee/artifacts/2400b0aE.dag/Unity.Services.CloudBuild.Editor.UnityAdditionalFile.txt
[384/698    0s] WriteText Library/Bee/artifacts/2400b0aE.dag/Unity.Services.Core.Environments.Editor.dll.mvfrm.rsp
[385/698    0s] WriteText Library/Bee/artifacts/2400b0aE.dag/Unity.VisualScripting.Shared.Editor.rsp
[386/698    0s] WriteText Library/Bee/artifacts/2400b0aE.dag/Unity.PlasticSCM.Editor.Assistant.rsp
[387/698    0s] WriteText Library/Bee/artifacts/2400b0aE.dag/Unity.PlasticSCM.Editor.Entities.rsp
[388/698    0s] WriteText Library/Bee/artifacts/2400b0aE.dag/Unity.Services.Core.Environments.Editor.rsp2
[389/698    0s] WriteText Library/Bee/artifacts/2400b0aE.dag/Unity.CollabProxy.Editor.rsp
[           0s] Csc Library/Bee/artifacts/2400b0aE.dag/UnityEngine.UI.dll (+2 others) [CacheMiss ee45dbf34f7271a4ea215b22f710584800000000000000000000000000000006]
[390/698    0s] ILPP-Configuration Library/ilpp-configuration.nevergeneratedoutput
[397/698    0s] Csc Library/Bee/artifacts/2400b0aE.dag/UnityEngine.UI.dll (+2 others)
[           0s] Csc Library/Bee/artifacts/2400b0aE.dag/UnityEngine.UI.dll (+2 others) [CacheWrite ee45dbf34f7271a4ea215b22f710584800000000000000000000000000000006]
[           0s] Csc Library/Bee/artifacts/2400b0aE.dag/UnityEditor.UI.dll (+2 others) [CacheMiss be4ae013135f924680b2c94800d824db00000000000000000000000000000006]
[400/698    0s] ILPostProcess Library/Bee/artifacts/2400b0aE.dag/post-processed/UnityEngine.UI.dll (+pdb)
Processing assembly Library/Bee/artifacts/2400b0aE.dag/UnityEngine.UI.dll, with 144 defines and 301 references
processors: zzzUnity.Burst.CodeGen.BurstILPostProcessor
1 processor(s) skipped this assembly
[401/698    0s] CopyFiles Library/ScriptAssemblies/UnityEngine.UI.dll
[402/698    0s] CopyFiles Library/ScriptAssemblies/UnityEngine.UI.pdb
[403/698    0s] Csc Library/Bee/artifacts/2400b0aE.dag/UnityEditor.UI.dll (+2 others)
[           0s] Csc Library/Bee/artifacts/2400b0aE.dag/UnityEditor.UI.dll (+2 others) [CacheWrite be4ae013135f924680b2c94800d824db00000000000000000000000000000006]
[           0s] Csc Library/Bee/artifacts/2400b0aE.dag/Unity.TestTools.CodeCoverage.Editor.OpenCover.Mono.Reflection.dll (+2 others) [CacheMiss 0c72eb88c22784069ad016d62dde7cf700000000000000000000000000000006]
[           0s] Csc Library/Bee/artifacts/2400b0aE.dag/Unity.EditorCoroutines.Editor.dll (+2 others) [CacheMiss 8519e508f38e72273444fb9bc41c0d0100000000000000000000000000000006]
[           0s] Csc Library/Bee/artifacts/2400b0aE.dag/Unity.TestTools.CodeCoverage.Editor.OpenCover.Model.dll (+2 others) [CacheMiss fd18b3db323d9918fd609f8b00ea67e700000000000000000000000000000006]
[           0s] Csc Library/Bee/artifacts/2400b0aE.dag/Unity.InternalAPIEngineBridge.004.dll (+2 others) [CacheMiss d771d4cef815530d7b83035f6867a68400000000000000000000000000000006]
[           0s] Csc Library/Bee/artifacts/2400b0aE.dag/Unity.Performance.Profile-Analyzer.Editor.dll (+2 others) [CacheMiss 3f964d4cae43daba16bc9f9f7ae82ac900000000000000000000000000000006]
[           0s] Csc Library/Bee/artifacts/2400b0aE.dag/Unity.Settings.Editor.dll (+2 others) [CacheMiss 823c41301b7f87f839e750ad04cefce300000000000000000000000000000006]
[           0s] Csc Library/Bee/artifacts/2400b0aE.dag/Unity.VisualStudio.Editor.dll (+2 others) [CacheMiss 45bc27f2159382204a73469bde5af40800000000000000000000000000000006]
[           0s] Csc Library/Bee/artifacts/2400b0aE.dag/Unity.Timeline.dll (+2 others) [CacheMiss 7a1d9c58a8e014c2e2b0b65968167bb100000000000000000000000000000006]
[           0s] Csc Library/Bee/artifacts/2400b0aE.dag/Unity.PlasticSCM.Editor.Entities.dll (+2 others) [CacheMiss aba39795e0cf4388c7ed40478c70a5ed00000000000000000000000000000006]
[           0s] Csc Library/Bee/artifacts/2400b0aE.dag/Unity.PlasticSCM.Editor.Assistant.dll (+2 others) [CacheMiss 14a5eca1e7b836e31729378f6a853fdc00000000000000000000000000000006]
[           0s] Csc Library/Bee/artifacts/2400b0aE.dag/Unity.InputSystem.dll (+2 others) [CacheMiss 0072a3934b583e14031f79be24b4e98200000000000000000000000000000006]
[425/698    0s] ILPostProcess Library/Bee/artifacts/2400b0aE.dag/post-processed/UnityEditor.UI.dll (+pdb)
Processing assembly Library/Bee/artifacts/2400b0aE.dag/UnityEditor.UI.dll, with 139 defines and 313 references
processors: zzzUnity.Burst.CodeGen.BurstILPostProcessor
1 processor(s) skipped this assembly
[426/698    0s] CopyFiles Library/ScriptAssemblies/UnityEditor.UI.pdb
[427/698    0s] CopyFiles Library/ScriptAssemblies/UnityEditor.UI.dll
[428/698    0s] ILPostProcess Library/Bee/artifacts/2400b0aE.dag/post-processed/Unity.PlasticSCM.Editor.dll (+pdb)
Processing assembly Library/Bee/artifacts/2400b0aE.dag/Unity.PlasticSCM.Editor.dll, with 137 defines and 304 references
processors: zzzUnity.Burst.CodeGen.BurstILPostProcessor
1 processor(s) skipped this assembly
[431/698    0s] MovedFromExtractor-Combine Library/Bee/artifacts/2400b0aE.dag/Unity.Services.Core.dll.mvfrm
[           0s] Csc Library/Bee/artifacts/2400b0aE.dag/Unity.Services.Core.dll (+2 others) [CacheMiss cb8fd5cc2f125dff8020ed28f3609cc800000000000000000000000000000006]
[432/698    0s] Csc Library/Bee/artifacts/2400b0aE.dag/Unity.PlasticSCM.Editor.Entities.dll (+2 others)
[433/698    0s] Csc Library/Bee/artifacts/2400b0aE.dag/Unity.PlasticSCM.Editor.Assistant.dll (+2 others)
[           0s] Csc Library/Bee/artifacts/2400b0aE.dag/Unity.PlasticSCM.Editor.Assistant.dll (+2 others) [CacheWrite 14a5eca1e7b836e31729378f6a853fdc00000000000000000000000000000006]
[           0s] Csc Library/Bee/artifacts/2400b0aE.dag/Unity.PlasticSCM.Editor.Entities.dll (+2 others) [CacheWrite aba39795e0cf4388c7ed40478c70a5ed00000000000000000000000000000006]
[           0s] Csc Library/Bee/artifacts/2400b0aE.dag/Unity.CollabProxy.Editor.dll (+2 others) [CacheMiss 17eb548d3350c7df9d4303b4c1de115a00000000000000000000000000000006]
[435/698    0s] Csc Library/Bee/artifacts/2400b0aE.dag/Unity.TestTools.CodeCoverage.Editor.OpenCover.Mono.Reflection.dll (+2 others)
[           0s] Csc Library/Bee/artifacts/2400b0aE.dag/Unity.TestTools.CodeCoverage.Editor.OpenCover.Mono.Reflection.dll (+2 others) [CacheWrite 0c72eb88c22784069ad016d62dde7cf700000000000000000000000000000006]
[437/698    0s] ILPostProcess Library/Bee/artifacts/2400b0aE.dag/post-processed/Unity.PlasticSCM.Editor.Entities.dll (+pdb)
Processing assembly Library/Bee/artifacts/2400b0aE.dag/Unity.PlasticSCM.Editor.Entities.dll, with 136 defines and 315 references
processors: zzzUnity.Burst.CodeGen.BurstILPostProcessor
1 processor(s) skipped this assembly
[438/698    0s] ILPostProcess Library/Bee/artifacts/2400b0aE.dag/post-processed/Unity.PlasticSCM.Editor.Assistant.dll (+pdb)
Processing assembly Library/Bee/artifacts/2400b0aE.dag/Unity.PlasticSCM.Editor.Assistant.dll, with 136 defines and 315 references
processors: zzzUnity.Burst.CodeGen.BurstILPostProcessor
1 processor(s) skipped this assembly
[439/698    0s] CopyFiles Library/ScriptAssemblies/Unity.PlasticSCM.Editor.Entities.dll
[440/698    0s] CopyFiles Library/ScriptAssemblies/Unity.PlasticSCM.Editor.Entities.pdb
[441/698    0s] CopyFiles Library/ScriptAssemblies/Unity.PlasticSCM.Editor.Assistant.dll
[442/698    0s] CopyFiles Library/ScriptAssemblies/Unity.PlasticSCM.Editor.Assistant.pdb
[443/698    0s] Csc Library/Bee/artifacts/2400b0aE.dag/Unity.EditorCoroutines.Editor.dll (+2 others)
[444/698    0s] ILPostProcess Library/Bee/artifacts/2400b0aE.dag/post-processed/Unity.TestTools.CodeCoverage.Editor.OpenCover.Mono.Reflection.dll (+pdb)
Processing assembly Library/Bee/artifacts/2400b0aE.dag/Unity.TestTools.CodeCoverage.Editor.OpenCover.Mono.Reflection.dll, with 136 defines and 314 references
processors: zzzUnity.Burst.CodeGen.BurstILPostProcessor
1 processor(s) skipped this assembly
[           0s] Csc Library/Bee/artifacts/2400b0aE.dag/Unity.EditorCoroutines.Editor.dll (+2 others) [CacheWrite 8519e508f38e72273444fb9bc41c0d0100000000000000000000000000000006]
[445/698    0s] CopyFiles Library/ScriptAssemblies/Unity.TestTools.CodeCoverage.Editor.OpenCover.Mono.Reflection.pdb
[446/698    0s] CopyFiles Library/ScriptAssemblies/Unity.TestTools.CodeCoverage.Editor.OpenCover.Mono.Reflection.dll
[448/698    0s] Csc Library/Bee/artifacts/2400b0aE.dag/Unity.TestTools.CodeCoverage.Editor.OpenCover.Model.dll (+2 others)
[           0s] Csc Library/Bee/artifacts/2400b0aE.dag/Unity.TestTools.CodeCoverage.Editor.OpenCover.Model.dll (+2 others) [CacheWrite fd18b3db323d9918fd609f8b00ea67e700000000000000000000000000000006]
[450/698    0s] ILPostProcess Library/Bee/artifacts/2400b0aE.dag/post-processed/Unity.EditorCoroutines.Editor.dll (+pdb)
Processing assembly Library/Bee/artifacts/2400b0aE.dag/Unity.EditorCoroutines.Editor.dll, with 136 defines and 314 references
processors: zzzUnity.Burst.CodeGen.BurstILPostProcessor
1 processor(s) skipped this assembly
[451/698    0s] CopyFiles Library/ScriptAssemblies/Unity.EditorCoroutines.Editor.pdb
[452/698    0s] CopyFiles Library/ScriptAssemblies/Unity.EditorCoroutines.Editor.dll
[453/698    0s] ILPostProcess Library/Bee/artifacts/2400b0aE.dag/post-processed/Unity.TestTools.CodeCoverage.Editor.OpenCover.Model.dll (+pdb)
Processing assembly Library/Bee/artifacts/2400b0aE.dag/Unity.TestTools.CodeCoverage.Editor.OpenCover.Model.dll, with 136 defines and 314 references
processors: zzzUnity.Burst.CodeGen.BurstILPostProcessor
1 processor(s) skipped this assembly
[454/698    0s] Csc Library/Bee/artifacts/2400b0aE.dag/Unity.Settings.Editor.dll (+2 others)
[455/698    0s] CopyFiles Library/ScriptAssemblies/Unity.TestTools.CodeCoverage.Editor.OpenCover.Model.dll
[456/698    0s] CopyFiles Library/ScriptAssemblies/Unity.TestTools.CodeCoverage.Editor.OpenCover.Model.pdb
[457/698    0s] Csc Library/Bee/artifacts/2400b0aE.dag/Unity.Services.Core.dll (+2 others)
[           0s] Csc Library/Bee/artifacts/2400b0aE.dag/Unity.Settings.Editor.dll (+2 others) [CacheWrite 823c41301b7f87f839e750ad04cefce300000000000000000000000000000006]
[           0s] Csc Library/Bee/artifacts/2400b0aE.dag/Unity.Services.Core.dll (+2 others) [CacheWrite cb8fd5cc2f125dff8020ed28f3609cc800000000000000000000000000000006]
[462/698    0s] ILPostProcess Library/Bee/artifacts/2400b0aE.dag/post-processed/Unity.Services.Core.dll (+pdb)
Processing assembly Library/Bee/artifacts/2400b0aE.dag/Unity.Services.Core.dll, with 138 defines and 303 references
processors: zzzUnity.Burst.CodeGen.BurstILPostProcessor
1 processor(s) skipped this assembly
[463/698    0s] CopyFiles Library/ScriptAssemblies/Unity.Services.Core.dll
[464/698    0s] CopyFiles Library/ScriptAssemblies/Unity.Services.Core.pdb
[465/698    0s] ILPostProcess Library/Bee/artifacts/2400b0aE.dag/post-processed/Unity.Settings.Editor.dll (+pdb)
Processing assembly Library/Bee/artifacts/2400b0aE.dag/Unity.Settings.Editor.dll, with 136 defines and 314 references
processors: zzzUnity.Burst.CodeGen.BurstILPostProcessor
1 processor(s) skipped this assembly
[466/698    0s] ILPostProcess Library/Bee/artifacts/2400b0aE.dag/post-processed/Unity.TestTools.CodeCoverage.Editor.dll (+pdb)
Processing assembly Library/Bee/artifacts/2400b0aE.dag/Unity.TestTools.CodeCoverage.Editor.dll, with 136 defines and 304 references
processors: zzzUnity.Burst.CodeGen.BurstILPostProcessor
1 processor(s) skipped this assembly
[467/698    0s] MovedFromExtractor Library/Bee/artifacts/mvdfrm/Unity.Services.Core.ref.dll_B122F1A1160C9981.mvfrm
[469/698    0s] CopyFiles Library/ScriptAssemblies/Unity.Settings.Editor.dll
[471/698    0s] CopyFiles Library/ScriptAssemblies/Unity.Settings.Editor.pdb
[472/698    0s] Csc Library/Bee/artifacts/2400b0aE.dag/Unity.CollabProxy.Editor.dll (+2 others)
[           0s] Csc Library/Bee/artifacts/2400b0aE.dag/Unity.CollabProxy.Editor.dll (+2 others) [CacheWrite 17eb548d3350c7df9d4303b4c1de115a00000000000000000000000000000006]
[473/698    0s] ILPostProcess Library/Bee/artifacts/2400b0aE.dag/post-processed/Unity.CollabProxy.Editor.dll (+pdb)
Processing assembly Library/Bee/artifacts/2400b0aE.dag/Unity.CollabProxy.Editor.dll, with 136 defines and 315 references
processors: zzzUnity.Burst.CodeGen.BurstILPostProcessor
1 processor(s) skipped this assembly
[474/698    0s] CopyFiles Library/ScriptAssemblies/Unity.CollabProxy.Editor.pdb
[475/698    0s] CopyFiles Library/ScriptAssemblies/Unity.CollabProxy.Editor.dll
[476/698    0s] MovedFromExtractor-Combine Library/Bee/artifacts/2400b0aE.dag/Unity.Services.Core.Analytics.dll.mvfrm
[477/698    0s] MovedFromExtractor-Combine Library/Bee/artifacts/2400b0aE.dag/Unity.Services.Core.Internal.dll.mvfrm
[           0s] Csc Library/Bee/artifacts/2400b0aE.dag/Unity.Services.Core.Analytics.dll (+2 others) [CacheMiss 1b175973c099b6e792937f4d2174264800000000000000000000000000000006]
[478/698    0s] Csc Library/Bee/artifacts/2400b0aE.dag/Unity.InternalAPIEngineBridge.004.dll (+2 others)
[           0s] Csc Library/Bee/artifacts/2400b0aE.dag/Unity.InternalAPIEngineBridge.004.dll (+2 others) [CacheWrite d771d4cef815530d7b83035f6867a68400000000000000000000000000000006]
[           0s] Csc Library/Bee/artifacts/2400b0aE.dag/Unity.TextMeshPro.dll (+2 others) [CacheMiss a19b54cb59335a0a18201df57748078400000000000000000000000000000006]
[481/698    0s] Csc Library/Bee/artifacts/2400b0aE.dag/Unity.VisualStudio.Editor.dll (+2 others)
[           0s] Csc Library/Bee/artifacts/2400b0aE.dag/Unity.VisualStudio.Editor.dll (+2 others) [CacheWrite 45bc27f2159382204a73469bde5af40800000000000000000000000000000006]
[482/698    0s] ILPostProcess Library/Bee/artifacts/2400b0aE.dag/post-processed/Unity.InternalAPIEngineBridge.004.dll (+pdb)
Processing assembly Library/Bee/artifacts/2400b0aE.dag/Unity.InternalAPIEngineBridge.004.dll, with 138 defines and 303 references
processors: zzzUnity.Burst.CodeGen.BurstILPostProcessor
1 processor(s) skipped this assembly
[484/698    0s] CopyFiles Library/ScriptAssemblies/Unity.VisualStudio.Editor.dll
[485/698    0s] CopyFiles Library/ScriptAssemblies/Unity.VisualStudio.Editor.pdb
[486/698    0s] CopyFiles Library/ScriptAssemblies/Unity.InternalAPIEngineBridge.004.dll
[487/698    0s] CopyFiles Library/ScriptAssemblies/Unity.InternalAPIEngineBridge.004.pdb
[           0s] Csc Library/Bee/artifacts/2400b0aE.dag/Unity.Services.Core.Internal.dll (+2 others) [CacheMiss 168adefab399de4e89777f61f970baf400000000000000000000000000000006]
[488/698    0s] Csc Library/Bee/artifacts/2400b0aE.dag/Unity.Services.Core.Analytics.dll (+2 others)
[489/698    0s] Csc Library/Bee/artifacts/2400b0aE.dag/Unity.Timeline.dll (+2 others)
[490/698    0s] Csc Library/Bee/artifacts/2400b0aE.dag/Unity.Performance.Profile-Analyzer.Editor.dll (+2 others)
[           0s] Csc Library/Bee/artifacts/2400b0aE.dag/Unity.Timeline.dll (+2 others) [CacheWrite 7a1d9c58a8e014c2e2b0b65968167bb100000000000000000000000000000006]
[           0s] Csc Library/Bee/artifacts/2400b0aE.dag/Unity.Performance.Profile-Analyzer.Editor.dll (+2 others) [CacheWrite 3f964d4cae43daba16bc9f9f7ae82ac900000000000000000000000000000006]
[           0s] Csc Library/Bee/artifacts/2400b0aE.dag/Unity.Timeline.Editor.dll (+2 others) [CacheMiss bb69777168fe00379628212cc71862b700000000000000000000000000000006]
[494/698    0s] ILPostProcess Library/Bee/artifacts/2400b0aE.dag/post-processed/Unity.Timeline.dll (+pdb)
Processing assembly Library/Bee/artifacts/2400b0aE.dag/Unity.Timeline.dll, with 139 defines and 303 references
processors: zzzUnity.Burst.CodeGen.BurstILPostProcessor
1 processor(s) skipped this assembly
[495/698    0s] CopyFiles Library/ScriptAssemblies/Unity.Timeline.dll
[496/698    0s] CopyFiles Library/ScriptAssemblies/Unity.Timeline.pdb
[           0s] Csc Library/Bee/artifacts/2400b0aE.dag/Unity.Services.Core.Analytics.dll (+2 others) [CacheWrite 1b175973c099b6e792937f4d2174264800000000000000000000000000000006]
[497/698    0s] Csc Library/Bee/artifacts/2400b0aE.dag/Unity.Services.Core.Internal.dll (+2 others)
[           0s] Csc Library/Bee/artifacts/2400b0aE.dag/Unity.Services.Core.Internal.dll (+2 others) [CacheWrite 168adefab399de4e89777f61f970baf400000000000000000000000000000006]
[498/698    0s] ILPostProcess Library/Bee/artifacts/2400b0aE.dag/post-processed/Unity.Services.Core.Analytics.dll (+pdb)
Processing assembly Library/Bee/artifacts/2400b0aE.dag/Unity.Services.Core.Analytics.dll, with 138 defines and 304 references
processors: zzzUnity.Burst.CodeGen.BurstILPostProcessor
1 processor(s) skipped this assembly
[499/698    0s] ILPostProcess Library/Bee/artifacts/2400b0aE.dag/post-processed/Unity.Services.Core.Internal.dll (+pdb)
Processing assembly Library/Bee/artifacts/2400b0aE.dag/Unity.Services.Core.Internal.dll, with 138 defines and 304 references
processors: zzzUnity.Burst.CodeGen.BurstILPostProcessor
1 processor(s) skipped this assembly
[500/698    0s] CopyFiles Library/ScriptAssemblies/Unity.Services.Core.Analytics.dll
[501/698    0s] CopyFiles Library/ScriptAssemblies/Unity.Services.Core.Analytics.pdb
[502/698    0s] CopyFiles Library/ScriptAssemblies/Unity.Services.Core.Internal.dll
[503/698    0s] CopyFiles Library/ScriptAssemblies/Unity.Services.Core.Internal.pdb
[504/698    0s] MovedFromExtractor Library/Bee/artifacts/mvdfrm/Unity.Services.Core.Analytics.ref.dll_DDA862BC4C50C169.mvfrm
[505/698    0s] MovedFromExtractor Library/Bee/artifacts/mvdfrm/Unity.Services.Core.Internal.ref.dll_AF4CB5E2931CD800.mvfrm
[506/698    0s] MovedFromExtractor-Combine Library/Bee/artifacts/2400b0aE.dag/Unity.Services.Core.Networking.dll.mvfrm
[507/698    0s] MovedFromExtractor-Combine Library/Bee/artifacts/2400b0aE.dag/Unity.Services.Core.Telemetry.dll.mvfrm
[508/698    0s] MovedFromExtractor-Combine Library/Bee/artifacts/2400b0aE.dag/Unity.Services.Core.Threading.dll.mvfrm
[509/698    0s] MovedFromExtractor-Combine Library/Bee/artifacts/2400b0aE.dag/Unity.Services.Core.Environments.dll.mvfrm
[510/698    0s] MovedFromExtractor-Combine Library/Bee/artifacts/2400b0aE.dag/Unity.Services.Core.Scheduler.dll.mvfrm
[511/698    0s] MovedFromExtractor-Combine Library/Bee/artifacts/2400b0aE.dag/Unity.Services.Core.Device.dll.mvfrm
[512/698    0s] MovedFromExtractor-Combine Library/Bee/artifacts/2400b0aE.dag/Unity.Services.Core.Configuration.dll.mvfrm
[513/698    0s] MovedFromExtractor-Combine Library/Bee/artifacts/2400b0aE.dag/Unity.Services.Core.Environments.Internal.dll.mvfrm
[           0s] Csc Library/Bee/artifacts/2400b0aE.dag/Unity.Services.Core.Networking.dll (+2 others) [CacheMiss 05713a3df9a1153410b2463b1062e78100000000000000000000000000000006]
[           0s] Csc Library/Bee/artifacts/2400b0aE.dag/Unity.Services.Core.Configuration.dll (+2 others) [CacheMiss bfe392512c7e6a7bc3babfb29d07afdf00000000000000000000000000000006]
[           0s] Csc Library/Bee/artifacts/2400b0aE.dag/Unity.Services.Core.Environments.Internal.dll (+2 others) [CacheMiss b6d477e48f8669d1cd9e6d2c4eab7ea300000000000000000000000000000006]
[           0s] Csc Library/Bee/artifacts/2400b0aE.dag/Unity.Services.Core.Telemetry.dll (+2 others) [CacheMiss 64d1a89e4b5c1d0cd1dd842135f8b8af00000000000000000000000000000006]
[           0s] Csc Library/Bee/artifacts/2400b0aE.dag/Unity.Services.Core.Threading.dll (+2 others) [CacheMiss f50b4bdc9281f618b94372fca8dd811500000000000000000000000000000006]
[           0s] Csc Library/Bee/artifacts/2400b0aE.dag/Unity.Services.Core.Device.dll (+2 others) [CacheMiss d6bd4842a10f48568cb6f8037239de6f00000000000000000000000000000006]
[           0s] Csc Library/Bee/artifacts/2400b0aE.dag/Unity.Services.Core.Scheduler.dll (+2 others) [CacheMiss ef8c3a0eb5c27c9d034931add3f1240a00000000000000000000000000000006]
[           0s] Csc Library/Bee/artifacts/2400b0aE.dag/Unity.Services.Core.Environments.dll (+2 others) [CacheMiss 9014060101070f3173707c8ee71cdb5300000000000000000000000000000006]
[514/698    0s] Csc Library/Bee/artifacts/2400b0aE.dag/Unity.Services.Core.Networking.dll (+2 others)
[515/698    0s] Csc Library/Bee/artifacts/2400b0aE.dag/Unity.Services.Core.Environments.Internal.dll (+2 others)
[           0s] Csc Library/Bee/artifacts/2400b0aE.dag/Unity.Services.Core.Networking.dll (+2 others) [CacheWrite 05713a3df9a1153410b2463b1062e78100000000000000000000000000000006]
[           0s] Csc Library/Bee/artifacts/2400b0aE.dag/Unity.Services.Core.Environments.Internal.dll (+2 others) [CacheWrite b6d477e48f8669d1cd9e6d2c4eab7ea300000000000000000000000000000006]
[516/698    0s] Csc Library/Bee/artifacts/2400b0aE.dag/Unity.Services.Core.Configuration.dll (+2 others)
[517/698    0s] ILPostProcess Library/Bee/artifacts/2400b0aE.dag/post-processed/Unity.Services.Core.Networking.dll (+pdb)
Processing assembly Library/Bee/artifacts/2400b0aE.dag/Unity.Services.Core.Networking.dll, with 138 defines and 305 references
processors: zzzUnity.Burst.CodeGen.BurstILPostProcessor
1 processor(s) skipped this assembly
[518/698    0s] ILPostProcess Library/Bee/artifacts/2400b0aE.dag/post-processed/Unity.Services.Core.Environments.Internal.dll (+pdb)
Processing assembly Library/Bee/artifacts/2400b0aE.dag/Unity.Services.Core.Environments.Internal.dll, with 138 defines and 304 references
processors: zzzUnity.Burst.CodeGen.BurstILPostProcessor
1 processor(s) skipped this assembly
[519/698    0s] CopyFiles Library/ScriptAssemblies/Unity.Services.Core.Networking.dll
[520/698    0s] CopyFiles Library/ScriptAssemblies/Unity.Services.Core.Networking.pdb
[           0s] Csc Library/Bee/artifacts/2400b0aE.dag/Unity.Services.Core.Configuration.dll (+2 others) [CacheWrite bfe392512c7e6a7bc3babfb29d07afdf00000000000000000000000000000006]
[521/698    0s] CopyFiles Library/ScriptAssemblies/Unity.Services.Core.Environments.Internal.dll
[522/698    0s] CopyFiles Library/ScriptAssemblies/Unity.Services.Core.Environments.Internal.pdb
[523/698    0s] ILPostProcess Library/Bee/artifacts/2400b0aE.dag/post-processed/Unity.Services.Core.Configuration.dll (+pdb)
Processing assembly Library/Bee/artifacts/2400b0aE.dag/Unity.Services.Core.Configuration.dll, with 138 defines and 305 references
processors: zzzUnity.Burst.CodeGen.BurstILPostProcessor
1 processor(s) skipped this assembly
[524/698    0s] CopyFiles Library/ScriptAssemblies/Unity.Services.Core.Configuration.pdb
[525/698    0s] CopyFiles Library/ScriptAssemblies/Unity.Services.Core.Configuration.dll
[526/698    0s] MovedFromExtractor Library/Bee/artifacts/mvdfrm/Unity.Services.Core.Environments.Internal.ref.dll_7871848692C3F47E.mvfrm
[527/698    0s] MovedFromExtractor Library/Bee/artifacts/mvdfrm/Unity.Services.Core.Networking.ref.dll_FCD360E5BB028E37.mvfrm
[528/698    0s] MovedFromExtractor Library/Bee/artifacts/mvdfrm/Unity.Services.Core.Configuration.ref.dll_98528C5128018899.mvfrm
[529/698    0s] Csc Library/Bee/artifacts/2400b0aE.dag/Unity.TextMeshPro.dll (+2 others)
[           0s] Csc Library/Bee/artifacts/2400b0aE.dag/Unity.TextMeshPro.dll (+2 others) [CacheWrite a19b54cb59335a0a18201df57748078400000000000000000000000000000006]
[           0s] Csc Library/Bee/artifacts/2400b0aE.dag/UnityEditor.UI.Analytics.dll (+2 others) [CacheMiss b21df6a1b401568876a1b8dafc88549400000000000000000000000000000006]
[533/698    0s] MovedFromExtractor-Combine Library/Bee/artifacts/2400b0aE.dag/Unity.Services.Core.Configuration.Editor.dll.mvfrm
[           0s] Csc Library/Bee/artifacts/2400b0aE.dag/Unity.Services.Core.Configuration.Editor.dll (+2 others) [CacheMiss d4b20bfc9fcf9a5f21cfa738f7b3017700000000000000000000000000000006]
[534/698    0s] ILPostProcess Library/Bee/artifacts/2400b0aE.dag/post-processed/Unity.TextMeshPro.dll (+pdb)
Processing assembly Library/Bee/artifacts/2400b0aE.dag/Unity.TextMeshPro.dll, with 139 defines and 304 references
processors: zzzUnity.Burst.CodeGen.BurstILPostProcessor
1 processor(s) skipped this assembly
[           0s] Csc Library/Bee/artifacts/2400b0aE.dag/Unity.TextMeshPro.Editor.dll (+2 others) [CacheMiss f29955a24c99e2a8d9e2c03bbb29092300000000000000000000000000000006]
[535/698    0s] CopyFiles Library/ScriptAssemblies/Unity.TextMeshPro.pdb
[536/698    0s] CopyFiles Library/ScriptAssemblies/Unity.TextMeshPro.dll
[537/698    0s] Csc Library/Bee/artifacts/2400b0aE.dag/Unity.Services.Core.Environments.dll (+2 others)
[           0s] Csc Library/Bee/artifacts/2400b0aE.dag/Unity.Services.Core.Environments.dll (+2 others) [CacheWrite 9014060101070f3173707c8ee71cdb5300000000000000000000000000000006]
[538/698    0s] Csc Library/Bee/artifacts/2400b0aE.dag/Unity.Services.Core.Scheduler.dll (+2 others)
[539/698    0s] Csc Library/Bee/artifacts/2400b0aE.dag/Unity.Services.Core.Device.dll (+2 others)
[540/698    0s] Csc Library/Bee/artifacts/2400b0aE.dag/Unity.Services.Core.Telemetry.dll (+2 others)
[541/698    0s] Csc Library/Bee/artifacts/2400b0aE.dag/Unity.Services.Core.Threading.dll (+2 others)
[           0s] Csc Library/Bee/artifacts/2400b0aE.dag/Unity.Services.Core.Device.dll (+2 others) [CacheWrite d6bd4842a10f48568cb6f8037239de6f00000000000000000000000000000006]
[           0s] Csc Library/Bee/artifacts/2400b0aE.dag/Unity.Services.Core.Scheduler.dll (+2 others) [CacheWrite ef8c3a0eb5c27c9d034931add3f1240a00000000000000000000000000000006]
[           0s] Csc Library/Bee/artifacts/2400b0aE.dag/Unity.Services.Core.Threading.dll (+2 others) [CacheWrite f50b4bdc9281f618b94372fca8dd811500000000000000000000000000000006]
[           0s] Csc Library/Bee/artifacts/2400b0aE.dag/Unity.Services.Core.Telemetry.dll (+2 others) [CacheWrite 64d1a89e4b5c1d0cd1dd842135f8b8af00000000000000000000000000000006]
[542/698    0s] ILPostProcess Library/Bee/artifacts/2400b0aE.dag/post-processed/Unity.Services.Core.Telemetry.dll (+pdb)
Processing assembly Library/Bee/artifacts/2400b0aE.dag/Unity.Services.Core.Telemetry.dll, with 138 defines and 305 references
processors: zzzUnity.Burst.CodeGen.BurstILPostProcessor
1 processor(s) skipped this assembly
[543/698    0s] CopyFiles Library/ScriptAssemblies/Unity.Services.Core.Telemetry.dll
[544/698    0s] CopyFiles Library/ScriptAssemblies/Unity.Services.Core.Telemetry.pdb
[545/698    0s] ILPostProcess Library/Bee/artifacts/2400b0aE.dag/post-processed/Unity.Services.Core.Environments.dll (+pdb)
Processing assembly Library/Bee/artifacts/2400b0aE.dag/Unity.Services.Core.Environments.dll, with 138 defines and 305 references
processors: zzzUnity.Burst.CodeGen.BurstILPostProcessor
1 processor(s) skipped this assembly
[546/698    0s] MovedFromExtractor Library/Bee/artifacts/mvdfrm/Unity.Services.Core.Device.ref.dll_0F82AE881EF23449.mvfrm
[547/698    0s] MovedFromExtractor Library/Bee/artifacts/mvdfrm/Unity.Services.Core.Environments.ref.dll_4587DD93240D2CE3.mvfrm
[548/698    0s] ILPostProcess Library/Bee/artifacts/2400b0aE.dag/post-processed/Unity.Services.Core.Threading.dll (+pdb)
Processing assembly Library/Bee/artifacts/2400b0aE.dag/Unity.Services.Core.Threading.dll, with 138 defines and 305 references
processors: zzzUnity.Burst.CodeGen.BurstILPostProcessor
1 processor(s) skipped this assembly
[549/698    0s] MovedFromExtractor Library/Bee/artifacts/mvdfrm/Unity.Services.Core.Scheduler.ref.dll_DE31F4CD1B318B8E.mvfrm
[550/698    0s] MovedFromExtractor Library/Bee/artifacts/mvdfrm/Unity.Services.Core.Telemetry.ref.dll_EA270DBFB425BF7C.mvfrm
[551/698    0s] ILPostProcess Library/Bee/artifacts/2400b0aE.dag/post-processed/Unity.Services.Core.Scheduler.dll (+pdb)
Processing assembly Library/Bee/artifacts/2400b0aE.dag/Unity.Services.Core.Scheduler.dll, with 138 defines and 305 references
processors: zzzUnity.Burst.CodeGen.BurstILPostProcessor
1 processor(s) skipped this assembly
[552/698    0s] CopyFiles Library/ScriptAssemblies/Unity.Services.Core.Environments.pdb
[553/698    0s] ILPostProcess Library/Bee/artifacts/2400b0aE.dag/post-processed/Unity.Services.Core.Device.dll (+pdb)
Processing assembly Library/Bee/artifacts/2400b0aE.dag/Unity.Services.Core.Device.dll, with 138 defines and 304 references
processors: zzzUnity.Burst.CodeGen.BurstILPostProcessor
1 processor(s) skipped this assembly
[554/698    0s] CopyFiles Library/ScriptAssemblies/Unity.Services.Core.Environments.dll
[555/698    0s] MovedFromExtractor Library/Bee/artifacts/mvdfrm/Unity.Services.Core.Threading.ref.dll_E1DE83DE32B4C0BB.mvfrm
[556/698    0s] CopyFiles Library/ScriptAssemblies/Unity.Services.Core.Scheduler.dll
[557/698    0s] CopyFiles Library/ScriptAssemblies/Unity.Services.Core.Scheduler.pdb
[558/698    0s] CopyFiles Library/ScriptAssemblies/Unity.Services.Core.Threading.dll
[559/698    0s] CopyFiles Library/ScriptAssemblies/Unity.Services.Core.Threading.pdb
[560/698    0s] CopyFiles Library/ScriptAssemblies/Unity.Services.Core.Device.pdb
[561/698    0s] CopyFiles Library/ScriptAssemblies/Unity.Services.Core.Device.dll
[562/698    0s] Csc Library/Bee/artifacts/2400b0aE.dag/UnityEditor.UI.Analytics.dll (+2 others)
[           0s] Csc Library/Bee/artifacts/2400b0aE.dag/UnityEditor.UI.Analytics.dll (+2 others) [CacheWrite b21df6a1b401568876a1b8dafc88549400000000000000000000000000000006]
[564/698    0s] Csc Library/Bee/artifacts/2400b0aE.dag/Unity.Services.Core.Configuration.Editor.dll (+2 others)
[           0s] Csc Library/Bee/artifacts/2400b0aE.dag/Unity.Services.Core.Configuration.Editor.dll (+2 others) [CacheWrite d4b20bfc9fcf9a5f21cfa738f7b3017700000000000000000000000000000006]
[565/698    0s] MovedFromExtractor-Combine Library/Bee/artifacts/2400b0aE.dag/Unity.Services.Core.Components.dll.mvfrm
[           0s] Csc Library/Bee/artifacts/2400b0aE.dag/Unity.Services.Core.Components.dll (+2 others) [CacheMiss 0361a72fd8ccc541c584d8d1861896a900000000000000000000000000000006]
[566/698    0s] MovedFromExtractor-Combine Library/Bee/artifacts/2400b0aE.dag/Unity.Services.Core.Registration.dll.mvfrm
[           0s] Csc Library/Bee/artifacts/2400b0aE.dag/Unity.Services.Core.Registration.dll (+2 others) [CacheMiss 772bb19e767434c0deaf7a2ef70f94e400000000000000000000000000000006]
[567/698    0s] ILPostProcess Library/Bee/artifacts/2400b0aE.dag/post-processed/UnityEditor.UI.Analytics.dll (+pdb)
Processing assembly Library/Bee/artifacts/2400b0aE.dag/UnityEditor.UI.Analytics.dll, with 136 defines and 315 references
processors: zzzUnity.Burst.CodeGen.BurstILPostProcessor
1 processor(s) skipped this assembly
[568/698    0s] ILPostProcess Library/Bee/artifacts/2400b0aE.dag/post-processed/Unity.Services.Core.Configuration.Editor.dll (+pdb)
Processing assembly Library/Bee/artifacts/2400b0aE.dag/Unity.Services.Core.Configuration.Editor.dll, with 136 defines and 317 references
processors: zzzUnity.Burst.CodeGen.BurstILPostProcessor
1 processor(s) skipped this assembly
[569/698    0s] CopyFiles Library/ScriptAssemblies/UnityEditor.UI.Analytics.pdb
[570/698    0s] CopyFiles Library/ScriptAssemblies/UnityEditor.UI.Analytics.dll
[571/698    0s] CopyFiles Library/ScriptAssemblies/Unity.Services.Core.Configuration.Editor.pdb
[572/698    0s] CopyFiles Library/ScriptAssemblies/Unity.Services.Core.Configuration.Editor.dll
[573/698    0s] MovedFromExtractor Library/Bee/artifacts/mvdfrm/Unity.Services.Core.Configuration.Editor.ref.dll_3D868C6F66B8EBA8.mvfrm
[574/698    0s] Csc Library/Bee/artifacts/2400b0aE.dag/Unity.Services.Core.Components.dll (+2 others)
[           0s] Csc Library/Bee/artifacts/2400b0aE.dag/Unity.Services.Core.Components.dll (+2 others) [CacheWrite 0361a72fd8ccc541c584d8d1861896a900000000000000000000000000000006]
[575/698    0s] Csc Library/Bee/artifacts/2400b0aE.dag/Unity.Services.Core.Registration.dll (+2 others)
[576/698    0s] ILPostProcess Library/Bee/artifacts/2400b0aE.dag/post-processed/Unity.Services.Core.Components.dll (+pdb)
Processing assembly Library/Bee/artifacts/2400b0aE.dag/Unity.Services.Core.Components.dll, with 138 defines and 306 references
processors: zzzUnity.Burst.CodeGen.BurstILPostProcessor
1 processor(s) skipped this assembly
[           0s] Csc Library/Bee/artifacts/2400b0aE.dag/Unity.Services.Core.Registration.dll (+2 others) [CacheWrite 772bb19e767434c0deaf7a2ef70f94e400000000000000000000000000000006]
[577/698    0s] CopyFiles Library/ScriptAssemblies/Unity.Services.Core.Components.dll
[578/698    0s] CopyFiles Library/ScriptAssemblies/Unity.Services.Core.Components.pdb
[579/698    0s] ILPostProcess Library/Bee/artifacts/2400b0aE.dag/post-processed/Unity.Services.Core.Registration.dll (+pdb)
Processing assembly Library/Bee/artifacts/2400b0aE.dag/Unity.Services.Core.Registration.dll, with 138 defines and 312 references
processors: zzzUnity.Burst.CodeGen.BurstILPostProcessor
1 processor(s) skipped this assembly
[580/698    0s] CopyFiles Library/ScriptAssemblies/Unity.Services.Core.Registration.dll
[581/698    0s] CopyFiles Library/ScriptAssemblies/Unity.Services.Core.Registration.pdb
[582/698    0s] MovedFromExtractor Library/Bee/artifacts/mvdfrm/Unity.Services.Core.Components.ref.dll_711D0142521C9099.mvfrm
[583/698    0s] ILPostProcess Library/Bee/artifacts/2400b0aE.dag/post-processed/Unity.Performance.Profile-Analyzer.Editor.dll (+pdb)
Processing assembly Library/Bee/artifacts/2400b0aE.dag/Unity.Performance.Profile-Analyzer.Editor.dll, with 136 defines and 314 references
processors: zzzUnity.Burst.CodeGen.BurstILPostProcessor
1 processor(s) skipped this assembly
[584/698    0s] Csc Library/Bee/artifacts/2400b0aE.dag/Unity.Timeline.Editor.dll (+2 others)
[585/698    0s] CopyFiles Library/ScriptAssemblies/Unity.Performance.Profile-Analyzer.Editor.pdb
[586/698    0s] CopyFiles Library/ScriptAssemblies/Unity.Performance.Profile-Analyzer.Editor.dll
[           0s] Csc Library/Bee/artifacts/2400b0aE.dag/Unity.Timeline.Editor.dll (+2 others) [CacheWrite bb69777168fe00379628212cc71862b700000000000000000000000000000006]
[587/698    0s] MovedFromExtractor Library/Bee/artifacts/mvdfrm/Unity.Services.Core.Registration.ref.dll_D65EEC4CC738F3CC.mvfrm
[589/698    0s] ILPostProcess Library/Bee/artifacts/2400b0aE.dag/post-processed/Unity.Timeline.Editor.dll (+pdb)
Processing assembly Library/Bee/artifacts/2400b0aE.dag/Unity.Timeline.Editor.dll, with 137 defines and 315 references
processors: zzzUnity.Burst.CodeGen.BurstILPostProcessor
1 processor(s) skipped this assembly
[590/698    0s] Csc Library/Bee/artifacts/2400b0aE.dag/Unity.TextMeshPro.Editor.dll (+2 others)
[591/698    0s] CopyFiles Library/ScriptAssemblies/Unity.Timeline.Editor.pdb
[592/698    0s] CopyFiles Library/ScriptAssemblies/Unity.Timeline.Editor.dll
[           0s] Csc Library/Bee/artifacts/2400b0aE.dag/Unity.TextMeshPro.Editor.dll (+2 others) [CacheWrite f29955a24c99e2a8d9e2c03bbb29092300000000000000000000000000000006]
[594/698    0s] ILPostProcess Library/Bee/artifacts/2400b0aE.dag/post-processed/Unity.TextMeshPro.Editor.dll (+pdb)
Processing assembly Library/Bee/artifacts/2400b0aE.dag/Unity.TextMeshPro.Editor.dll, with 136 defines and 315 references
processors: zzzUnity.Burst.CodeGen.BurstILPostProcessor
1 processor(s) skipped this assembly
[595/698    0s] CopyFiles Library/ScriptAssemblies/Unity.TextMeshPro.Editor.pdb
[596/698    0s] CopyFiles Library/ScriptAssemblies/Unity.TextMeshPro.Editor.dll
[597/698    0s] MovedFromExtractor-Combine Library/Bee/artifacts/2400b0aE.dag/Unity.Services.Core.Editor.dll.mvfrm
[           0s] Csc Library/Bee/artifacts/2400b0aE.dag/Unity.Services.Core.Editor.dll (+2 others) [CacheMiss 861cd98ac7feb94bc11ee5a38e319b2d00000000000000000000000000000006]
[598/698    0s] Csc Library/Bee/artifacts/2400b0aE.dag/Unity.Services.Core.Editor.dll (+2 others)
[           0s] Csc Library/Bee/artifacts/2400b0aE.dag/Unity.Services.Core.Editor.dll (+2 others) [CacheWrite 861cd98ac7feb94bc11ee5a38e319b2d00000000000000000000000000000006]
[599/698    0s] ILPostProcess Library/Bee/artifacts/2400b0aE.dag/post-processed/Unity.Services.Core.Editor.dll (+pdb)
Processing assembly Library/Bee/artifacts/2400b0aE.dag/Unity.Services.Core.Editor.dll, with 136 defines and 324 references
processors: zzzUnity.Burst.CodeGen.BurstILPostProcessor
1 processor(s) skipped this assembly
[600/698    0s] CopyFiles Library/ScriptAssemblies/Unity.Services.Core.Editor.pdb
[601/698    0s] CopyFiles Library/ScriptAssemblies/Unity.Services.Core.Editor.dll
[602/698    1s] Csc Library/Bee/artifacts/2400b0aE.dag/Unity.InputSystem.dll (+2 others)
[           0s] Csc Library/Bee/artifacts/2400b0aE.dag/Unity.InputSystem.dll (+2 others) [CacheWrite 0072a3934b583e14031f79be24b4e98200000000000000000000000000000006]
[           0s] Csc Library/Bee/artifacts/2400b0aE.dag/Unity.InputSystem.ForUI.dll (+2 others) [CacheMiss 0eea0498d6f6d5b1edc665190e0c971700000000000000000000000000000006]
[           0s] Csc Library/Bee/artifacts/2400b0aE.dag/Unity.VisualScripting.Core.dll (+2 others) [CacheMiss 95918b2d4f6ed6a5b2df64bbfb1357fd00000000000000000000000000000006]
[610/698    0s] ILPostProcess Library/Bee/artifacts/2400b0aE.dag/post-processed/Unity.InputSystem.dll (+pdb)
Processing assembly Library/Bee/artifacts/2400b0aE.dag/Unity.InputSystem.dll, with 151 defines and 303 references
processors: zzzUnity.Burst.CodeGen.BurstILPostProcessor
1 processor(s) skipped this assembly
[611/698    0s] ILPostProcess Library/Bee/artifacts/2400b0aE.dag/post-processed/Unity.InputSystem.DocCodeSamples.dll (+pdb)
Processing assembly Library/Bee/artifacts/2400b0aE.dag/Unity.InputSystem.DocCodeSamples.dll, with 136 defines and 301 references
processors: zzzUnity.Burst.CodeGen.BurstILPostProcessor
1 processor(s) skipped this assembly
[612/698    0s] MovedFromExtractor Library/Bee/artifacts/mvdfrm/Unity.Services.Core.Editor.ref.dll_EFC9CE7E6D3D6140.mvfrm
[615/698    0s] CopyFiles Library/ScriptAssemblies/Unity.InputSystem.pdb
[616/698    0s] CopyFiles Library/ScriptAssemblies/Unity.InputSystem.dll
[617/698    0s] MovedFromExtractor-Combine Library/Bee/artifacts/2400b0aE.dag/Unity.Services.CloudBuild.Editor.dll.mvfrm
[618/698    0s] MovedFromExtractor-Combine Library/Bee/artifacts/2400b0aE.dag/Unity.Services.Core.Environments.Editor.dll.mvfrm
[           0s] Csc Library/Bee/artifacts/2400b0aE.dag/Unity.Services.CloudBuild.Editor.dll (+2 others) [CacheMiss e1c3f0318d61c0508cb43c36cfe827ba00000000000000000000000000000006]
[           0s] Csc Library/Bee/artifacts/2400b0aE.dag/Unity.Services.Core.Environments.Editor.dll (+2 others) [CacheMiss c5b11a16c8be14d90aa39c4a961f21ff00000000000000000000000000000006]
[619/698    0s] ILPostProcess Library/Bee/artifacts/2400b0aE.dag/post-processed/Unity.InputSystem.TestFramework.dll (+pdb)
Processing assembly Library/Bee/artifacts/2400b0aE.dag/Unity.InputSystem.TestFramework.dll, with 140 defines and 290 references
processors: zzzUnity.Burst.CodeGen.BurstILPostProcessor
1 processor(s) skipped this assembly
[620/698    0s] Csc Library/Bee/artifacts/2400b0aE.dag/Unity.InputSystem.ForUI.dll (+2 others)
[           0s] Csc Library/Bee/artifacts/2400b0aE.dag/Unity.InputSystem.ForUI.dll (+2 others) [CacheWrite 0eea0498d6f6d5b1edc665190e0c971700000000000000000000000000000006]
[           0s] Csc Library/Bee/artifacts/2400b0aE.dag/Unity.InputSystem.ForUI.Editor.dll (+2 others) [CacheMiss b60e7ba8caba79bfb33c73b717f00d8000000000000000000000000000000006]
[625/698    0s] ILPostProcess Library/Bee/artifacts/2400b0aE.dag/post-processed/Unity.InputSystem.ForUI.dll (+pdb)
Processing assembly Library/Bee/artifacts/2400b0aE.dag/Unity.InputSystem.ForUI.dll, with 138 defines and 304 references
processors: zzzUnity.Burst.CodeGen.BurstILPostProcessor
1 processor(s) skipped this assembly
[626/698    0s] CopyFiles Library/ScriptAssemblies/Unity.InputSystem.ForUI.dll
[627/698    0s] CopyFiles Library/ScriptAssemblies/Unity.InputSystem.ForUI.pdb
[628/698    0s] Csc Library/Bee/artifacts/2400b0aE.dag/Unity.InputSystem.ForUI.Editor.dll (+2 others)
[           0s] Csc Library/Bee/artifacts/2400b0aE.dag/Unity.InputSystem.ForUI.Editor.dll (+2 others) [CacheWrite b60e7ba8caba79bfb33c73b717f00d8000000000000000000000000000000006]
[630/698    0s] ILPostProcess Library/Bee/artifacts/2400b0aE.dag/post-processed/Unity.InputSystem.ForUI.Editor.dll (+pdb)
Processing assembly Library/Bee/artifacts/2400b0aE.dag/Unity.InputSystem.ForUI.Editor.dll, with 136 defines and 316 references
processors: zzzUnity.Burst.CodeGen.BurstILPostProcessor
1 processor(s) skipped this assembly
[631/698    0s] CopyFiles Library/ScriptAssemblies/Unity.InputSystem.ForUI.Editor.dll
[632/698    0s] CopyFiles Library/ScriptAssemblies/Unity.InputSystem.ForUI.Editor.pdb
[633/698    0s] Csc Library/Bee/artifacts/2400b0aE.dag/Unity.Services.CloudBuild.Editor.dll (+2 others)
[           0s] Csc Library/Bee/artifacts/2400b0aE.dag/Unity.Services.CloudBuild.Editor.dll (+2 others) [CacheWrite e1c3f0318d61c0508cb43c36cfe827ba00000000000000000000000000000006]
[634/698    0s] ILPostProcess Library/Bee/artifacts/2400b0aE.dag/post-processed/Unity.Services.CloudBuild.Editor.dll (+pdb)
Processing assembly Library/Bee/artifacts/2400b0aE.dag/Unity.Services.CloudBuild.Editor.dll, with 136 defines and 317 references
processors: zzzUnity.Burst.CodeGen.BurstILPostProcessor
1 processor(s) skipped this assembly
[635/698    0s] CopyFiles Library/ScriptAssemblies/Unity.Services.CloudBuild.Editor.pdb
[636/698    0s] CopyFiles Library/ScriptAssemblies/Unity.Services.CloudBuild.Editor.dll
[637/698    0s] Csc Library/Bee/artifacts/2400b0aE.dag/Unity.Services.Core.Environments.Editor.dll (+2 others)
[           0s] Csc Library/Bee/artifacts/2400b0aE.dag/Unity.Services.Core.Environments.Editor.dll (+2 others) [CacheWrite c5b11a16c8be14d90aa39c4a961f21ff00000000000000000000000000000006]
[638/698    0s] ILPostProcess Library/Bee/artifacts/2400b0aE.dag/post-processed/Unity.Services.Core.Environments.Editor.dll (+pdb)
Processing assembly Library/Bee/artifacts/2400b0aE.dag/Unity.Services.Core.Environments.Editor.dll, with 136 defines and 319 references
processors: zzzUnity.Burst.CodeGen.BurstILPostProcessor
1 processor(s) skipped this assembly
[639/698    0s] CopyFiles Library/ScriptAssemblies/Unity.Services.Core.Environments.Editor.pdb
[640/698    0s] CopyFiles Library/ScriptAssemblies/Unity.Services.Core.Environments.Editor.dll
[641/698    0s] Csc Library/Bee/artifacts/2400b0aE.dag/Unity.VisualScripting.Core.dll (+2 others)
[           0s] Csc Library/Bee/artifacts/2400b0aE.dag/Unity.VisualScripting.Core.dll (+2 others) [CacheWrite 95918b2d4f6ed6a5b2df64bbfb1357fd00000000000000000000000000000006]
[           0s] Csc Library/Bee/artifacts/2400b0aE.dag/Unity.VisualScripting.Core.Editor.dll (+2 others) [CacheMiss 5b08b0e146474963505c1ebb1047110300000000000000000000000000000006]
[           0s] Csc Library/Bee/artifacts/2400b0aE.dag/Unity.VisualScripting.Flow.dll (+2 others) [CacheMiss 156758b547584aebc7733e4dc716b8e500000000000000000000000000000006]
[645/698    0s] ILPostProcess Library/Bee/artifacts/2400b0aE.dag/post-processed/Unity.VisualScripting.Core.dll (+pdb)
Processing assembly Library/Bee/artifacts/2400b0aE.dag/Unity.VisualScripting.Core.dll, with 143 defines and 304 references
processors: zzzUnity.Burst.CodeGen.BurstILPostProcessor
1 processor(s) skipped this assembly
[646/698    0s] CopyFiles Library/ScriptAssemblies/Unity.VisualScripting.Core.pdb
[647/698    0s] CopyFiles Library/ScriptAssemblies/Unity.VisualScripting.Core.dll
[648/698    0s] Csc Library/Bee/artifacts/2400b0aE.dag/Unity.VisualScripting.Core.Editor.dll (+2 others)
[649/698    0s] Csc Library/Bee/artifacts/2400b0aE.dag/Unity.VisualScripting.Flow.dll (+2 others)
[           0s] Csc Library/Bee/artifacts/2400b0aE.dag/Unity.VisualScripting.Flow.dll (+2 others) [CacheWrite 156758b547584aebc7733e4dc716b8e500000000000000000000000000000006]
[           0s] Csc Library/Bee/artifacts/2400b0aE.dag/Unity.VisualScripting.Core.Editor.dll (+2 others) [CacheWrite 5b08b0e146474963505c1ebb1047110300000000000000000000000000000006]
[           0s] Csc Library/Bee/artifacts/2400b0aE.dag/Unity.VisualScripting.State.dll (+2 others) [CacheMiss f0a03df757867a39c1f86d5783da668e00000000000000000000000000000006]
[           0s] Csc Library/Bee/artifacts/2400b0aE.dag/Unity.VisualScripting.Flow.Editor.dll (+2 others) [CacheMiss f723e792366d3fa0bbbe06e2ba9f239400000000000000000000000000000006]
[656/698    0s] ILPostProcess Library/Bee/artifacts/2400b0aE.dag/post-processed/Unity.VisualScripting.DocCodeExamples.dll (+pdb)
Processing assembly Library/Bee/artifacts/2400b0aE.dag/Unity.VisualScripting.DocCodeExamples.dll, with 138 defines and 291 references
processors: zzzUnity.Burst.CodeGen.BurstILPostProcessor
1 processor(s) skipped this assembly
[657/698    0s] ILPostProcess Library/Bee/artifacts/2400b0aE.dag/post-processed/Unity.VisualScripting.Flow.dll (+pdb)
Processing assembly Library/Bee/artifacts/2400b0aE.dag/Unity.VisualScripting.Flow.dll, with 146 defines and 305 references
processors: zzzUnity.Burst.CodeGen.BurstILPostProcessor
1 processor(s) skipped this assembly
[658/698    0s] ILPostProcess Library/Bee/artifacts/2400b0aE.dag/post-processed/Unity.VisualScripting.Core.Editor.dll (+pdb)
Processing assembly Library/Bee/artifacts/2400b0aE.dag/Unity.VisualScripting.Core.Editor.dll, with 136 defines and 315 references
processors: zzzUnity.Burst.CodeGen.BurstILPostProcessor
1 processor(s) skipped this assembly
[661/698    0s] CopyFiles Library/ScriptAssemblies/Unity.VisualScripting.Flow.pdb
[662/698    0s] CopyFiles Library/ScriptAssemblies/Unity.VisualScripting.Flow.dll
[663/698    0s] CopyFiles Library/ScriptAssemblies/Unity.VisualScripting.Core.Editor.pdb
[664/698    0s] CopyFiles Library/ScriptAssemblies/Unity.VisualScripting.Core.Editor.dll
[665/698    0s] Csc Library/Bee/artifacts/2400b0aE.dag/Unity.VisualScripting.State.dll (+2 others)
[           0s] Csc Library/Bee/artifacts/2400b0aE.dag/Unity.VisualScripting.State.dll (+2 others) [CacheWrite f0a03df757867a39c1f86d5783da668e00000000000000000000000000000006]
[667/698    0s] ILPostProcess Library/Bee/artifacts/2400b0aE.dag/post-processed/Unity.VisualScripting.State.dll (+pdb)
Processing assembly Library/Bee/artifacts/2400b0aE.dag/Unity.VisualScripting.State.dll, with 138 defines and 305 references
processors: zzzUnity.Burst.CodeGen.BurstILPostProcessor
1 processor(s) skipped this assembly
[668/698    0s] CopyFiles Library/ScriptAssemblies/Unity.VisualScripting.State.dll
[669/698    0s] CopyFiles Library/ScriptAssemblies/Unity.VisualScripting.State.pdb
[670/698    0s] Csc Library/Bee/artifacts/2400b0aE.dag/Unity.VisualScripting.Flow.Editor.dll (+2 others)
[           0s] Csc Library/Bee/artifacts/2400b0aE.dag/Unity.VisualScripting.Flow.Editor.dll (+2 others) [CacheWrite f723e792366d3fa0bbbe06e2ba9f239400000000000000000000000000000006]
[           0s] Csc Library/Bee/artifacts/2400b0aE.dag/Unity.VisualScripting.State.Editor.dll (+2 others) [CacheMiss e724875e436838856ba8f7a58989a92700000000000000000000000000000006]
[           0s] Csc Library/Bee/artifacts/2400b0aE.dag/Unity.VisualScripting.SettingsProvider.Editor.dll (+2 others) [CacheMiss 60108cb8b2af55df553a8f32c812530900000000000000000000000000000006]
[674/698    0s] ILPostProcess Library/Bee/artifacts/2400b0aE.dag/post-processed/Unity.VisualScripting.Flow.Editor.dll (+pdb)
Processing assembly Library/Bee/artifacts/2400b0aE.dag/Unity.VisualScripting.Flow.Editor.dll, with 138 defines and 318 references
processors: zzzUnity.Burst.CodeGen.BurstILPostProcessor
1 processor(s) skipped this assembly
[675/698    0s] CopyFiles Library/ScriptAssemblies/Unity.VisualScripting.Flow.Editor.pdb
[676/698    0s] CopyFiles Library/ScriptAssemblies/Unity.VisualScripting.Flow.Editor.dll
[677/698    0s] Csc Library/Bee/artifacts/2400b0aE.dag/Unity.VisualScripting.SettingsProvider.Editor.dll (+2 others)
[           0s] Csc Library/Bee/artifacts/2400b0aE.dag/Unity.VisualScripting.SettingsProvider.Editor.dll (+2 others) [CacheWrite 60108cb8b2af55df553a8f32c812530900000000000000000000000000000006]
[679/698    0s] ILPostProcess Library/Bee/artifacts/2400b0aE.dag/post-processed/Unity.VisualScripting.SettingsProvider.Editor.dll (+pdb)
Processing assembly Library/Bee/artifacts/2400b0aE.dag/Unity.VisualScripting.SettingsProvider.Editor.dll, with 136 defines and 319 references
processors: zzzUnity.Burst.CodeGen.BurstILPostProcessor
1 processor(s) skipped this assembly
[680/698    0s] CopyFiles Library/ScriptAssemblies/Unity.VisualScripting.SettingsProvider.Editor.pdb
[681/698    0s] CopyFiles Library/ScriptAssemblies/Unity.VisualScripting.SettingsProvider.Editor.dll
[682/698    0s] Csc Library/Bee/artifacts/2400b0aE.dag/Unity.VisualScripting.State.Editor.dll (+2 others)
[           0s] Csc Library/Bee/artifacts/2400b0aE.dag/Unity.VisualScripting.State.Editor.dll (+2 others) [CacheWrite e724875e436838856ba8f7a58989a92700000000000000000000000000000006]
[           0s] Csc Library/Bee/artifacts/2400b0aE.dag/Unity.VisualScripting.Shared.Editor.dll (+2 others) [CacheMiss c51142d95265c14da4de33f7996b1d7500000000000000000000000000000006]
[685/698    0s] ILPostProcess Library/Bee/artifacts/2400b0aE.dag/post-processed/Unity.VisualScripting.State.Editor.dll (+pdb)
Processing assembly Library/Bee/artifacts/2400b0aE.dag/Unity.VisualScripting.State.Editor.dll, with 136 defines and 319 references
processors: zzzUnity.Burst.CodeGen.BurstILPostProcessor
1 processor(s) skipped this assembly
[686/698    0s] CopyFiles Library/ScriptAssemblies/Unity.VisualScripting.State.Editor.pdb
[687/698    0s] CopyFiles Library/ScriptAssemblies/Unity.VisualScripting.State.Editor.dll
[688/698    0s] Csc Library/Bee/artifacts/2400b0aE.dag/Unity.VisualScripting.Shared.Editor.dll (+2 others)
[           0s] Csc Library/Bee/artifacts/2400b0aE.dag/Unity.VisualScripting.Shared.Editor.dll (+2 others) [CacheWrite c51142d95265c14da4de33f7996b1d7500000000000000000000000000000006]
[690/698    0s] ILPostProcess Library/Bee/artifacts/2400b0aE.dag/post-processed/Unity.VisualScripting.Shared.Editor.dll (+pdb)
Processing assembly Library/Bee/artifacts/2400b0aE.dag/Unity.VisualScripting.Shared.Editor.dll, with 136 defines and 320 references
processors: zzzUnity.Burst.CodeGen.BurstILPostProcessor
1 processor(s) skipped this assembly
[691/698    0s] CopyFiles Library/ScriptAssemblies/Unity.VisualScripting.Shared.Editor.dll
[692/698    0s] CopyFiles Library/ScriptAssemblies/Unity.VisualScripting.Shared.Editor.pdb
[693/698    0s] MovedFromExtractor-Combine Library/Bee/artifacts/2400b0aE.dag/Assembly-CSharp.dll.mvfrm
[694/698    0s] Csc Library/Bee/artifacts/2400b0aE.dag/Assembly-CSharp.dll (+2 others)
[695/698    0s] ILPostProcess Library/Bee/artifacts/2400b0aE.dag/post-processed/Assembly-CSharp.dll (+pdb)
Processing assembly Library/Bee/artifacts/2400b0aE.dag/Assembly-CSharp.dll, with 138 defines and 321 references
processors: zzzUnity.Burst.CodeGen.BurstILPostProcessor
1 processor(s) skipped this assembly
[696/698    0s] CopyFiles Library/ScriptAssemblies/Assembly-CSharp.dll
[697/698    0s] CopyFiles Library/ScriptAssemblies/Assembly-CSharp.pdb
*** Tundra build success (4.56 seconds), 320 items updated, 698 evaluated
Total cache size 46872780
Total cache size after purge 46872780, took 00:00:00.0195800
Reloading assemblies after forced synchronous recompile.
Begin MonoManager ReloadAssembly
Symbol file LoadedFromMemory is not a mono symbol file
Importing 'GUID: 35a5c217e3c490047ae4ed66606a0201 - Path: Packages/com.unity.services.cloud-build' with importer (DefaultImporter)
Imported 'GUID: 35a5c217e3c490047ae4ed66606a0201' -> (Import Result ID: '6850e5cef0916f193ca3e7abe0ed8899') in 0.007 seconds [static dependencies only]. Details - ImportResultOutputID=ccb74c45715bbd39f55d29518bff2cc6 DependenciesID=55b50b9348f6612d1b735c41681958c4 StaticDependenciesID=0e961336a51ed14f37b91ece48707775 
Importing 'GUID: a5a20a36fab5ed4fc023d92d2ac579fb - Path: Packages/com.unity.nuget.newtonsoft-json' with importer (DefaultImporter)
Imported 'GUID: a5a20a36fab5ed4fc023d92d2ac579fb' -> (Import Result ID: '3595a84b1bb6baf721f54a6b5e9f2ff8') in 0.001 seconds [static dependencies only]. Details - ImportResultOutputID=a786190349ce643b4917b7738d7f95e9 DependenciesID=517f0f75f26219e9eec8770f8ad8feff StaticDependenciesID=41c3ddc70981c645543832ca807d1665 
Importing 'GUID: b5e912354fdd6b4cbdeca24c3ff6b5a3 - Path: Packages/com.unity.services.core' with importer (DefaultImporter)
Imported 'GUID: b5e912354fdd6b4cbdeca24c3ff6b5a3' -> (Import Result ID: '30f5ff0641db7c0dd07750d66c64c64e') in 0.000 seconds [static dependencies only]. Details - ImportResultOutputID=b8933d6b63a5b05c072b95a55769259f DependenciesID=e8b26c7930857eb8d7a26119367044a6 StaticDependenciesID=2f9072c36bc5f25241b23d8a494be9fe 
Importing 'GUID: b53dd038fe96141b3ad1e6676408d00b - Path: Packages/com.unity.services.core/Editor' with importer (DefaultImporter)
Imported 'GUID: b53dd038fe96141b3ad1e6676408d00b' -> (Import Result ID: '210646cd53e11cee5a2a09d29a586c35') in 0.000 seconds [static dependencies only]. Details - ImportResultOutputID=cdf2ffbdab7755bf285f384d411d518b DependenciesID=789db594e311103e028a82bd2558a51d StaticDependenciesID=966cf383d1953c66a5145583d182e50f 
Importing 'GUID: 49cc1478f193eaf42b317e31da46effa - Path: Packages/com.unity.services.core/Runtime' with importer (DefaultImporter)
Imported 'GUID: 49cc1478f193eaf42b317e31da46effa' -> (Import Result ID: 'a629238fb4b360da7df3a5ada5893233') in 0.000 seconds [static dependencies only]. Details - ImportResultOutputID=3b819f984b0899aeffdffd0a8552ebbb DependenciesID=d8bd3cbe4defb10622e8c5e8a50cc647 StaticDependenciesID=8667ee130ef58c6bccd68a8761f95d52 
Importing 'GUID: e981378a67a734dc3bb293bfedec3b33 - Path: Packages/com.unity.services.cloud-build/Editor' with importer (DefaultImporter)
Imported 'GUID: e981378a67a734dc3bb293bfedec3b33' -> (Import Result ID: '5e7e951d9973aa7d2f6414a54c863a92') in 0.000 seconds [static dependencies only]. Details - ImportResultOutputID=7e55472b0633539b9b3685a167d24977 DependenciesID=93a87046a6b6c4ee0a2fdb959bd2fc6c StaticDependenciesID=ab6624d54d47fce33342807bbd8d8cc5 
Importing 'GUID: 1d10e5e321ee64ac08d2a84ac6da0812 - Path: Packages/com.unity.services.cloud-build/Icons' with importer (DefaultImporter)
Imported 'GUID: 1d10e5e321ee64ac08d2a84ac6da0812' -> (Import Result ID: 'a140f51eb93e0a343a8437f624055aa6') in 0.002 seconds [static dependencies only]. Details - ImportResultOutputID=0dc1f5d1bcc68df4e919d9fc5fa76767 DependenciesID=8960f04d15d29185b8d916107b0963a6 StaticDependenciesID=247733e17acf2095fa6c72f296243690 
Importing 'GUID: de1c7164adaf49d47b5de31c140713c9 - Path: Packages/com.unity.nuget.newtonsoft-json/Runtime' with importer (DefaultImporter)
Imported 'GUID: de1c7164adaf49d47b5de31c140713c9' -> (Import Result ID: '7f31ecc781ea153eb78527518acf3ca4') in 0.000 seconds [static dependencies only]. Details - ImportResultOutputID=fe6762db15afb32b6d18364173824662 DependenciesID=36379ea8bdae4311a9a5523ee7b33fea StaticDependenciesID=10e65b8f1fe7b82582df40f90deee53c 
Importing 'GUID: 4002c4a9fbda3480eb95944a3d3a62de - Path: Packages/com.unity.services.core/Editor/Core' with importer (DefaultImporter)
Imported 'GUID: 4002c4a9fbda3480eb95944a3d3a62de' -> (Import Result ID: '55bde281444d33149e90c48a07d58404') in 0.000 seconds [static dependencies only]. Details - ImportResultOutputID=d87092c98bcb3bcce219d2aab8bbb8a3 DependenciesID=7888307eb168886a2d5bc85d194a485b StaticDependenciesID=40a3bb6a4bcfb68ecaeefe14ce3f226d 
Importing 'GUID: 709897c55fca84f7ea49bd0ddd77bbb8 - Path: Packages/com.unity.services.cloud-build/Editor/UXML' with importer (DefaultImporter)
Imported 'GUID: 709897c55fca84f7ea49bd0ddd77bbb8' -> (Import Result ID: '5eb49ae97e955a660aa932868c274935') in 0.000 seconds [static dependencies only]. Details - ImportResultOutputID=572e9401fc82200116db4fb5fb5b29c1 DependenciesID=ea327eb085063088e974a0e73478e834 StaticDependenciesID=1a68ba88aef58f30243f58d1b61e6eb9 
Importing 'GUID: e0f34382d332b4ab6ab0055a3a89c029 - Path: Packages/com.unity.services.core/Runtime/Registration' with importer (DefaultImporter)
Imported 'GUID: e0f34382d332b4ab6ab0055a3a89c029' -> (Import Result ID: '357db0499200f97bf7c6cc8701c45361') in 0.001 seconds [static dependencies only]. Details - ImportResultOutputID=19b6d5f8c5d6d9808fac1df430bca4a7 DependenciesID=bd36e900646686f11a27a63a73023a28 StaticDependenciesID=e1d473d6ac1ac1a891b3625538d61010 
Importing 'GUID: 52a47205c1f214eb490342c98531d7d7 - Path: Packages/com.unity.services.core/Runtime/Environments' with importer (DefaultImporter)
Imported 'GUID: 52a47205c1f214eb490342c98531d7d7' -> (Import Result ID: 'c4b54393d66e96c449bccc0d3f593b29') in 0.000 seconds [static dependencies only]. Details - ImportResultOutputID=2dae412db93355abf713977f2851d565 DependenciesID=c65037c08e016ed848f3184e9a938bfc StaticDependenciesID=405d5e150d8e5ba1a70508989dc7efa1 
Importing 'GUID: 82f8d759ea41b46549f0c3a2d4165ec6 - Path: Packages/com.unity.services.core/Runtime/Core.Internal' with importer (DefaultImporter)
Imported 'GUID: 82f8d759ea41b46549f0c3a2d4165ec6' -> (Import Result ID: '0cf2abda1b3d1ad5baf7c0104b052c8f') in 0.000 seconds [static dependencies only]. Details - ImportResultOutputID=d4267d9e6317c76aab397374ace7bd12 DependenciesID=2fdc9be80b6b551ac242c7cfe39564dc StaticDependenciesID=3574bb28fdde92ef82bf78cbef25efc1 
Importing 'GUID: 14f21d7a1e53a8c4e87b25526a7eb63c - Path: Packages/com.unity.nuget.newtonsoft-json/Runtime/AOT' with importer (DefaultImporter)
Imported 'GUID: 14f21d7a1e53a8c4e87b25526a7eb63c' -> (Import Result ID: 'c2128952c699f9943c0a258348aeb341') in 0.000 seconds [static dependencies only]. Details - ImportResultOutputID=1f008c909cc773631bd998f2d8d67f39 DependenciesID=4006d5ab5d965913da15a9f2696c47ae StaticDependenciesID=d4c10699f9429ec0b094dafb32da3e50 
Importing 'GUID: 144d81c470711634aa3b53f081b60557 - Path: Packages/com.unity.services.core/Runtime/Core' with importer (DefaultImporter)
Imported 'GUID: 144d81c470711634aa3b53f081b60557' -> (Import Result ID: 'd668d21b9d0f4609b48c333fad135c91') in 0.000 seconds [static dependencies only]. Details - ImportResultOutputID=e519345b71806ad179741417b80096a9 DependenciesID=1585d7b5202beffff691df117ba27356 StaticDependenciesID=1fa4d759d54d69511e38c8ba5961f5cb 
Importing 'GUID: 45192af4b21e64233bf08a0caa2fa7ce - Path: Packages/com.unity.services.core/Runtime/Analytics' with importer (DefaultImporter)
Imported 'GUID: 45192af4b21e64233bf08a0caa2fa7ce' -> (Import Result ID: '163602df43dfc23d3272838ac35d6b08') in 0.000 seconds [static dependencies only]. Details - ImportResultOutputID=425449b949007706ba8d93594e22c238 DependenciesID=cd5088bd7929eeb60a36eb2da79bd2eb StaticDependenciesID=c28183165af05b6240f1efd4253796e1 
Importing 'GUID: 86260b9e5f4704f4c8d27269599cf8e0 - Path: Packages/com.unity.services.core/Runtime/Scheduler' with importer (DefaultImporter)
Imported 'GUID: 86260b9e5f4704f4c8d27269599cf8e0' -> (Import Result ID: '59903c8c8703fdc23ed18973e5e83697') in 0.000 seconds [static dependencies only]. Details - ImportResultOutputID=cecae7489e4b427f2ec025fab408af21 DependenciesID=82b6c924cb05205cdfd1897d0872997a StaticDependenciesID=f9b6c607d9282134c416abb787a4c667 
Importing 'GUID: 777d170b02433aa45bcd8b76fed20249 - Path: Packages/com.unity.services.core/Runtime/Networking' with importer (DefaultImporter)
Imported 'GUID: 777d170b02433aa45bcd8b76fed20249' -> (Import Result ID: 'b7b40dac7766b6f9df11ed82e6c841e9') in 0.000 seconds [static dependencies only]. Details - ImportResultOutputID=e1ce6e506da74b52a358ea2ea0d706da DependenciesID=5849a04d5009514596866c52a663aeab StaticDependenciesID=9255a15978059e11f0765d37d18b1658 
Importing 'GUID: 38cb7d99c39611041a637804ce507e95 - Path: Packages/com.unity.services.core/Runtime/Threading' with importer (DefaultImporter)
Imported 'GUID: 38cb7d99c39611041a637804ce507e95' -> (Import Result ID: '959dd480398316c15715e17d219075f8') in 0.000 seconds [static dependencies only]. Details - ImportResultOutputID=34119f62d627fea1e9a21609c844271a DependenciesID=8985f38586cec6f7d2b8fa5f0b4b68d9 StaticDependenciesID=215b2f4c8b8495f112bcedb9ebc1ef42 
Importing 'GUID: 9aa6df335fc54bf095d86ffc2e5ef7d1 - Path: Packages/com.unity.services.cloud-build/Editor/Components' with importer (DefaultImporter)
Imported 'GUID: 9aa6df335fc54bf095d86ffc2e5ef7d1' -> (Import Result ID: 'f8b5b9d8e6fd51f41a40a9bc54c73d10') in 0.000 seconds [static dependencies only]. Details - ImportResultOutputID=77245b56300cedad4356d4ed766b4259 DependenciesID=bd5cccdeba5e6ef9315a3ceec291513d StaticDependenciesID=d68d251c1daa6abed947b0f64a957d77 
Importing 'GUID: dcf688ba1ec64584bccb711c266642f7 - Path: Packages/com.unity.services.cloud-build/Editor/EditorService' with importer (DefaultImporter)
Imported 'GUID: dcf688ba1ec64584bccb711c266642f7' -> (Import Result ID: '6e9e79eda839338c4811943f4ac5d71b') in 0.000 seconds [static dependencies only]. Details - ImportResultOutputID=5896b6de9cdbc19ae5fd7c29e1ec8f98 DependenciesID=189e47d4d4fc6a2571e9feaaa8e6d2a6 StaticDependenciesID=5df0be566959e5b641fbae81f41dd463 
Importing 'GUID: 6dd1d833aa21340a0b572f70c1d0ea22 - Path: Packages/com.unity.services.core/Runtime/Configuration' with importer (DefaultImporter)
Imported 'GUID: 6dd1d833aa21340a0b572f70c1d0ea22' -> (Import Result ID: '623d1d2d14b2bb7128a7c2c526890a0a') in 0.000 seconds [static dependencies only]. Details - ImportResultOutputID=01d1bb45fd6fb044ab237cb21c997ce1 DependenciesID=bb52dbf857a2e60b15c88d0e9d02a8e9 StaticDependenciesID=e31cac9b9cf30b3aed3f049cbfac6b74 
Importing 'GUID: bd678f23e05b404fa1f04204a161b1bf - Path: Packages/com.unity.services.cloud-build/Editor/Analytics' with importer (DefaultImporter)
Imported 'GUID: bd678f23e05b404fa1f04204a161b1bf' -> (Import Result ID: 'b4af5c1a3be659d1167690bcfaa6e44a') in 0.000 seconds [static dependencies only]. Details - ImportResultOutputID=ad680eb90db10603401f4d00604ccf36 DependenciesID=0139203165f3630def8ee3009bf1f0a1 StaticDependenciesID=0b252b34990d0d51a83ff8ae9d9c0131 
Importing 'GUID: cd19f4d30febf412099957c9457b31f2 - Path: Packages/com.unity.services.core/Runtime/Device' with importer (DefaultImporter)
Imported 'GUID: cd19f4d30febf412099957c9457b31f2' -> (Import Result ID: '42070811afe1d446ff49cde4bc292eea') in 0.000 seconds [static dependencies only]. Details - ImportResultOutputID=17dae2f420caa1e806a517d403458816 DependenciesID=8d6f82e11028f60f9e12b12c5874be76 StaticDependenciesID=34e95b83c2a3559c45ac95cf5caa5bc9 
Importing 'GUID: 2e40aad1c6102d44381ef4fceccc9388 - Path: Packages/com.unity.services.core/Runtime/Components' with importer (DefaultImporter)
Imported 'GUID: 2e40aad1c6102d44381ef4fceccc9388' -> (Import Result ID: 'df45ebc65b13b13a68a807730ee2bca4') in 0.000 seconds [static dependencies only]. Details - ImportResultOutputID=60ff5f1abca8861bf75973d4311f3eb2 DependenciesID=8ca3c4a29e0249f324d272d863650caa StaticDependenciesID=f34273f12eebf16bfbff3f4c30c29747 
Importing 'GUID: 7e37a63eef781477eb8beceb182bb6ae - Path: Packages/com.unity.services.cloud-build/Editor/USS' with importer (DefaultImporter)
Imported 'GUID: 7e37a63eef781477eb8beceb182bb6ae' -> (Import Result ID: '96a0062700448f793f44cac656fa51dd') in 0.000 seconds [static dependencies only]. Details - ImportResultOutputID=66846cdb9ee2eb9e2133965a547d2367 DependenciesID=1d19178ab9e50e48322b8fc0fe934cce StaticDependenciesID=de7755d57698af0e0ffc294474de1de4 
Importing 'GUID: 0f45e7ca6fb04a24fb98fcd0ba5f9fbc - Path: Packages/com.unity.services.core/Runtime/Telemetry' with importer (DefaultImporter)
Imported 'GUID: 0f45e7ca6fb04a24fb98fcd0ba5f9fbc' -> (Import Result ID: '870fee8bbbae4e7600e511e10f5c978f') in 0.000 seconds [static dependencies only]. Details - ImportResultOutputID=a472c07649118d9855c94086ea661c44 DependenciesID=cf1dc0d922c56e4fa9741f949f8beea6 StaticDependenciesID=c63e9baaefd4bb6ac51a519696a1cf4a 
Importing 'GUID: 100d3175fd7e4a9eb6ec2e6ed5533fc8 - Path: Packages/com.unity.services.core/Editor/Core/Environments' with importer (DefaultImporter)
Imported 'GUID: 100d3175fd7e4a9eb6ec2e6ed5533fc8' -> (Import Result ID: '671185ef742debec8d2566bea25044d6') in 0.000 seconds [static dependencies only]. Details - ImportResultOutputID=73ac8e3b2975bd4cf9a46298ac052e7c DependenciesID=073e6c36556843e36cf14cef774faed7 StaticDependenciesID=88a5acd4f2623f2b157cba3d56fc9301 
Importing 'GUID: 2055cc720334d6949af721689c3a29e2 - Path: Packages/com.unity.services.core/Editor/Core/Status' with importer (DefaultImporter)
Imported 'GUID: 2055cc720334d6949af721689c3a29e2' -> (Import Result ID: '16613d7bfcc3f467f788a803e5bd9555') in 0.000 seconds [static dependencies only]. Details - ImportResultOutputID=e5d7f2637c1d9b918f57f7ea419badc5 DependenciesID=a1e9dcd23113e35fe6e25582e3a8bf99 StaticDependenciesID=de33cedc070924efb7056b65a6719fa4 
Importing 'GUID: 40f9aa331f3045d4973df46b8e2c124c - Path: Packages/com.unity.services.core/Editor/Core/BackendHelpers' with importer (DefaultImporter)
Imported 'GUID: 40f9aa331f3045d4973df46b8e2c124c' -> (Import Result ID: '0d7673b67b4d2c761efc251bd354b7e0') in 0.000 seconds [static dependencies only]. Details - ImportResultOutputID=e6be9a424fa1cf700a4459d259548093 DependenciesID=97926c84989199f2bd4fc97ac996b1a5 StaticDependenciesID=085a19d70788b5284276de082dff5510 
Importing 'GUID: 7096662908e5fed409f1e3d1a25a2eee - Path: Packages/com.unity.services.core/Runtime/Core/Initialization' with importer (DefaultImporter)
Imported 'GUID: 7096662908e5fed409f1e3d1a25a2eee' -> (Import Result ID: '65230885965f5606fc5b22a96e85fd46') in 0.000 seconds [static dependencies only]. Details - ImportResultOutputID=4d0317d0ae9b01dbeeba458c2bf7eb67 DependenciesID=c5d438eb52e1e7e1a3a4176365489fe1 StaticDependenciesID=0febd7b0acd4b3030057e356e6bd36f6 
Importing 'GUID: 61b29d9ff53546128af8ab2c42bc3556 - Path: Packages/com.unity.services.core/Editor/Core/Linker' with importer (DefaultImporter)
Imported 'GUID: 61b29d9ff53546128af8ab2c42bc3556' -> (Import Result ID: 'a5dbf0760e9865f7b584d708ff25f371') in 0.000 seconds [static dependencies only]. Details - ImportResultOutputID=19d48f1a9a770c8caf6aaddffb419da7 DependenciesID=aa742674546d0854196286e0626a5186 StaticDependenciesID=26d4bc935c45067ebfe22fa90925f6e4 
Importing 'GUID: 61d38ecfef754e543bfc1d8db27e0e3d - Path: Packages/com.unity.services.core/Editor/Core/Networking' with importer (DefaultImporter)
Imported 'GUID: 61d38ecfef754e543bfc1d8db27e0e3d' -> (Import Result ID: '991285130443669dd3690ac4cdc0d57d') in 0.000 seconds [static dependencies only]. Details - ImportResultOutputID=c29c65f97ce620fc5ef65c1d83596132 DependenciesID=c32f9b57972f2ae9ccf5495277d82a61 StaticDependenciesID=32cf92496bfb8c4c68776a1bce2a25ba 
Importing 'GUID: e12cdb285c9804571a21e551bdac8e68 - Path: Packages/com.unity.services.core/Runtime/Device/UserIdProviders' with importer (DefaultImporter)
Imported 'GUID: e12cdb285c9804571a21e551bdac8e68' -> (Import Result ID: 'c85b44c899ab1be87ac420228b2624e9') in 0.000 seconds [static dependencies only]. Details - ImportResultOutputID=502db253e9e7fbf5c007a0751641c9da DependenciesID=f869c96d3f82a6450fcb331123d49dc1 StaticDependenciesID=01a9c6c3f5f4392140b2de2ea1398a7d 
Importing 'GUID: 122a678a37a4cbc43bc2e4b2b0a69c49 - Path: Packages/com.unity.services.core/Editor/Core/CloudEnvironment' with importer (DefaultImporter)
Imported 'GUID: 122a678a37a4cbc43bc2e4b2b0a69c49' -> (Import Result ID: '43cd47372186d068f08119bedabb8e9b') in 0.000 seconds [static dependencies only]. Details - ImportResultOutputID=658847a82560a0b76754b2f92db25490 DependenciesID=bd92150c461d93f86c7dbf6dd10c0b1e StaticDependenciesID=23dd88805ae0ba279d4ecf591a96d5c0 
Importing 'GUID: 8248873d05b3a9445ad1b09f6a0d2284 - Path: Packages/com.unity.services.core/Editor/Core/Telemetry' with importer (DefaultImporter)
Imported 'GUID: 8248873d05b3a9445ad1b09f6a0d2284' -> (Import Result ID: '47c823eea4e601190705cd68eaa6df87') in 0.000 seconds [static dependencies only]. Details - ImportResultOutputID=4d150fe31cf9fed45d39ef50d955e26c DependenciesID=34f9654c02bab62cd43a49280bae4949 StaticDependenciesID=27bc4ce355b5a8632e2686a292db2f74 
Importing 'GUID: 3330907631d21584281522898e9028cd - Path: Packages/com.unity.services.core/Runtime/Telemetry/Diagnotstics' with importer (DefaultImporter)
Imported 'GUID: 3330907631d21584281522898e9028cd' -> (Import Result ID: 'dedf2e9f8705ca79724b601d69668387') in 0.000 seconds [static dependencies only]. Details - ImportResultOutputID=a00477a81a5ed25616b4b7e70643c31f DependenciesID=110edbf46ac27b3b8f15543c2a4efaf1 StaticDependenciesID=b2690ef260d5f7af15fcee93a132e14b 
Importing 'GUID: a33cebe73913d4ddf9970fdbf0965bc5 - Path: Packages/com.unity.services.core/Runtime/Core.Internal/Logging' with importer (DefaultImporter)
Imported 'GUID: a33cebe73913d4ddf9970fdbf0965bc5' -> (Import Result ID: 'e62809e2aa37cc586f451d7ed3acac1e') in 0.000 seconds [static dependencies only]. Details - ImportResultOutputID=72e982bd66013c8f3039eeb23281f203 DependenciesID=034a2c5196a6de90fc57b1913fc5c53e StaticDependenciesID=bed1deb649306d4ffbe4bb682cccc378 
Importing 'GUID: b3f9c17505224c31ae233306bb2fefee - Path: Packages/com.unity.services.core/Runtime/Core.Internal/Serialization' with importer (DefaultImporter)
Imported 'GUID: b3f9c17505224c31ae233306bb2fefee' -> (Import Result ID: 'fceff4dcb054802bc2ccfd7afb58f658') in 0.000 seconds [static dependencies only]. Details - ImportResultOutputID=72c1520a015373110ffabaab887c495b DependenciesID=e914e06eb51e22af77173abac716a8fe StaticDependenciesID=0665a35e88ca0a3a4b47119243218849 
Importing 'GUID: f35a5b2933eb87b44869fb793b853ab5 - Path: Packages/com.unity.services.core/Runtime/Telemetry/Metrics' with importer (DefaultImporter)
Imported 'GUID: f35a5b2933eb87b44869fb793b853ab5' -> (Import Result ID: '43d5077fedc3628beb7f900cf3d4be2d') in 0.000 seconds [static dependencies only]. Details - ImportResultOutputID=9d0801ff1a721e1520b7a92f42903e96 DependenciesID=e13b620a31703d9145cc630dda5aab65 StaticDependenciesID=0a2e878dfb4dc47adef3622ce064f450 
Importing 'GUID: 24217193ca52348f793854bafd71c78f - Path: Packages/com.unity.services.core/Runtime/Core.Internal/AsyncOperation' with importer (DefaultImporter)
Imported 'GUID: 24217193ca52348f793854bafd71c78f' -> (Import Result ID: '0cf8f2df750f4086e4bfa5056b20cef0') in 0.000 seconds [static dependencies only]. Details - ImportResultOutputID=c0208e9fc5dc54572de5b1f5ba084725 DependenciesID=475225458b85b1f8e713dac3a9adc127 StaticDependenciesID=a2b47f76b034b3d1496a51b969e3a466 
Importing 'GUID: 345b801751f744c9ab4a80993d382ca8 - Path: Packages/com.unity.services.cloud-build/Editor/UXML/HistoryCells' with importer (DefaultImporter)
Imported 'GUID: 345b801751f744c9ab4a80993d382ca8' -> (Import Result ID: 'b28e7bc981b94b87e9e87106bc93768c') in 0.000 seconds [static dependencies only]. Details - ImportResultOutputID=c696758755d22bb9650d13ce88893f69 DependenciesID=6b1a50cbc8c27fc01709dac4061af0ea StaticDependenciesID=d346a3a46aff4ab46b7f142e93c6c9fa 
Importing 'GUID: 9488c334d65c5604989ba0f3b4b4576b - Path: Packages/com.unity.services.core/Editor/Core/Components' with importer (DefaultImporter)
Imported 'GUID: 9488c334d65c5604989ba0f3b4b4576b' -> (Import Result ID: 'cd79e478db6e5f11e8a3c0ab94de51d1') in 0.000 seconds [static dependencies only]. Details - ImportResultOutputID=1ba625be977b90d7ca2cd675b7de66bd DependenciesID=ae4cf7fddb0a743d48ce898854b0650f StaticDependenciesID=fb06bb6a35b801d770a96c97e2e1a7d8 
Importing 'GUID: 751662d6c01144819a1d17e1333bb5a4 - Path: Packages/com.unity.services.core/Editor/Core/UiHelpers' with importer (DefaultImporter)
Imported 'GUID: 751662d6c01144819a1d17e1333bb5a4' -> (Import Result ID: 'c9d0b52740289dde0acbd4e353004b8a') in 0.000 seconds [static dependencies only]. Details - ImportResultOutputID=3c6858836285aa198a3777bd280bdd24 DependenciesID=4d85d404f501b47e5dc61c343f4a98d7 StaticDependenciesID=2cb049a76f0120542053ae84fb5a3721 
Importing 'GUID: d602f3312a2f948d19abaffd36ab9e17 - Path: Packages/com.unity.services.core/Runtime/Core/DynamicDependency' with importer (DefaultImporter)
Imported 'GUID: d602f3312a2f948d19abaffd36ab9e17' -> (Import Result ID: '4a11c61c476fbe6188122fb05e5fd2c6') in 0.000 seconds [static dependencies only]. Details - ImportResultOutputID=6290751de0526b5cddcda1b28b2be3f2 DependenciesID=663f8c47652fa982901f2b4f091419d8 StaticDependenciesID=99114034fe2b677f7bc0e548046da161 
Importing 'GUID: 476d6affad0f84edaa7f2517f66cfb3d - Path: Packages/com.unity.services.core/Editor/Core/Build' with importer (DefaultImporter)
Imported 'GUID: 476d6affad0f84edaa7f2517f66cfb3d' -> (Import Result ID: '6b65a8500c119b1c91914804d7d48b7e') in 0.000 seconds [static dependencies only]. Details - ImportResultOutputID=1e646ee1509e4f2f263c847b1c04f83b DependenciesID=d09359db0f540edb15b3e29530c4fff6 StaticDependenciesID=3cd9600b235b644a73be292334dbb2d3 
Importing 'GUID: 2834b4ceb01eed449ad34cbd5f6d13cb - Path: Packages/com.unity.services.core/Editor/Core/Utils' with importer (DefaultImporter)
Imported 'GUID: 2834b4ceb01eed449ad34cbd5f6d13cb' -> (Import Result ID: 'f3042a06e88ea9e4a49a250acb21bc7f') in 0.000 seconds [static dependencies only]. Details - ImportResultOutputID=2c1089d8172efbb65e93873f2e2f8a1f DependenciesID=8cd56f62c278cb8fc6c8b46f4b975fc2 StaticDependenciesID=242e143ad9238ffa3d70f5ded8f1150a 
Importing 'GUID: 38493ded9634a674cb91f57109427d3c - Path: Packages/com.unity.services.core/Runtime/Core.Internal/Attributes' with importer (DefaultImporter)
Imported 'GUID: 38493ded9634a674cb91f57109427d3c' -> (Import Result ID: '45cdbba87bb182b238c7419d315a6624') in 0.000 seconds [static dependencies only]. Details - ImportResultOutputID=f5478402dee659b6eda11333d3b4e780 DependenciesID=d86bf8a228b0eeea30eedf0ad0f5cb00 StaticDependenciesID=67e150a699ee90bf87e8c740c3dcfd8b 
Importing 'GUID: 89da8fcade106e248a5d3190a19d35e3 - Path: Packages/com.unity.services.core/Runtime/Scheduler/TimeProvider' with importer (DefaultImporter)
Imported 'GUID: 89da8fcade106e248a5d3190a19d35e3' -> (Import Result ID: '95af05fdc4ee0e3cdde7ea6ae673e03c') in 0.000 seconds [static dependencies only]. Details - ImportResultOutputID=8c726a0045a446635c9e6fe12312cf6a DependenciesID=58d677e34a41f334e839eccbf6fbc5c9 StaticDependenciesID=3f251fbcc7292efdadcff4b17f2c273c 
Importing 'GUID: 99614a857646842a086184db34d8fb84 - Path: Packages/com.unity.services.core/Runtime/Core.Internal/Components' with importer (DefaultImporter)
Imported 'GUID: 99614a857646842a086184db34d8fb84' -> (Import Result ID: '05420dc792a40998a5953840f215e1a6') in 0.000 seconds [static dependencies only]. Details - ImportResultOutputID=16b219f0968fb90b5885ea4a8a8f1e6c DependenciesID=10ca51ea35445fd2394dfe91b27e1b65 StaticDependenciesID=3ac4e82a6912f6f2d67edbed64a16c6f 
Importing 'GUID: eaeca0dfe75f0f846903800285a5d0f4 - Path: Packages/com.unity.services.core/Editor/Core/Configuration' with importer (DefaultImporter)
Imported 'GUID: eaeca0dfe75f0f846903800285a5d0f4' -> (Import Result ID: 'b155822139f3f244310478b41c9c9cc9') in 0.000 seconds [static dependencies only]. Details - ImportResultOutputID=225c5c1b3114268e105e000c3b54ad21 DependenciesID=63d7e25e02751fcb2827ea8abcdc324d StaticDependenciesID=c1573195da824a54a625777a42c5b4d0 
Importing 'GUID: 0b86b5b95a96c4ed5bf7167992f203ef - Path: Packages/com.unity.services.core/Runtime/Core.Internal/Registry' with importer (DefaultImporter)
Imported 'GUID: 0b86b5b95a96c4ed5bf7167992f203ef' -> (Import Result ID: '54da35a22e9d4dea8acfa142943c39d1') in 0.000 seconds [static dependencies only]. Details - ImportResultOutputID=62dfb5a0cdbcf56f6c63620c945f49ca DependenciesID=5f73087f6323c0b80a44b1d5beef14a4 StaticDependenciesID=4dbf1b3e9bac3e1925bf9339e2010652 
Importing 'GUID: 8bc3494ea9e548e099a2bb941ad9ddee - Path: Packages/com.unity.services.core/Editor/Core/ProjectStateManagement' with importer (DefaultImporter)
Imported 'GUID: 8bc3494ea9e548e099a2bb941ad9ddee' -> (Import Result ID: 'b7d54579c4c825712e05b2d3c4a43688') in 0.000 seconds [static dependencies only]. Details - ImportResultOutputID=79ebad37bf9ee2782aea2390b684a005 DependenciesID=9708ce18058b74cbdf2cd9f95ca1cdbf StaticDependenciesID=e7d7bf9a710e4d833dd3f366b78469b2 
Importing 'GUID: abf176c60f5545c4e84eeca86e38a31a - Path: Packages/com.unity.services.core/Runtime/Configuration/Utils' with importer (DefaultImporter)
Imported 'GUID: abf176c60f5545c4e84eeca86e38a31a' -> (Import Result ID: '8b683f65031fe21aaa28168efca9335a') in 0.000 seconds [static dependencies only]. Details - ImportResultOutputID=2cac5efe96e3dadc6ba9e1b0048f3900 DependenciesID=7401ff0091e41982dcb7de1ac4c9718c StaticDependenciesID=f759d277a2cda11687378c55f0f7c6f9 
Importing 'GUID: 0c5352acffb6c7f49b41ac820cb8a0b2 - Path: Packages/com.unity.services.core/Editor/Core/Attributes' with importer (DefaultImporter)
Imported 'GUID: 0c5352acffb6c7f49b41ac820cb8a0b2' -> (Import Result ID: '1f313cd1097f0a1bbc5528cf10e8846f') in 0.000 seconds [static dependencies only]. Details - ImportResultOutputID=869346d366a3626f0543f1f6b9fba4d6 DependenciesID=66a67f810bca9411f9045aecc091d222 StaticDependenciesID=a95b840d44ec018cf0685bb24f90fcc2 
Importing 'GUID: 5ce7acb68acc3422cabbabad94e11a62 - Path: Packages/com.unity.services.core/Runtime/Core.Internal/Utils' with importer (DefaultImporter)
Imported 'GUID: 5ce7acb68acc3422cabbabad94e11a62' -> (Import Result ID: '3449dd775f39c565561306666a2f5ce7') in 0.000 seconds [static dependencies only]. Details - ImportResultOutputID=ecb1c6b195b468f6707c2df7be10fc08 DependenciesID=46e74bdebc3ef95bf3e1a0043b0e5709 StaticDependenciesID=39a905296a398068b07a38a7068b1c1d 
Importing 'GUID: 6cf3f2df706054b1eb8aa9b6fab04c10 - Path: Packages/com.unity.services.core/Editor/Core/Shared' with importer (DefaultImporter)
Imported 'GUID: 6cf3f2df706054b1eb8aa9b6fab04c10' -> (Import Result ID: '89e71ace0187c6b094a0f49bc67ccbd8') in 0.000 seconds [static dependencies only]. Details - ImportResultOutputID=4884bcef9ec550fe570f2351a78bf363 DependenciesID=8a34ee5d3661b2ea2656fd696a7a688d StaticDependenciesID=015643ad05cc731f7240b213631687de 
Importing 'GUID: 9ca68cb91190f469da4ed874ef657802 - Path: Packages/com.unity.services.core/Editor/Core/EditorGameService' with importer (DefaultImporter)
Imported 'GUID: 9ca68cb91190f469da4ed874ef657802' -> (Import Result ID: 'f5e98351d32dd356a0f9bce3ef876306') in 0.000 seconds [static dependencies only]. Details - ImportResultOutputID=e827af5b717a7e43d9ac52107a5ef6e9 DependenciesID=077967d58fe762c7624fbd637d04961a StaticDependenciesID=31db372bf659169541b5b630705f6b83 
Importing 'GUID: ac5940d1ac8476b4dad0aa82a483442c - Path: Packages/com.unity.services.core/Runtime/Environments/Internal' with importer (DefaultImporter)
Imported 'GUID: ac5940d1ac8476b4dad0aa82a483442c' -> (Import Result ID: '0e167f10ae9b502342187722b5ddc6a8') in 0.000 seconds [static dependencies only]. Details - ImportResultOutputID=47aaac15f5c3bf279812c8c31c8da5e3 DependenciesID=29624937e6a631ab594fb96f4b0f145f StaticDependenciesID=f12392384f3a2ee95f6a053e96e53977 
Importing 'GUID: 7d41bc66ca544cfbbba5398c679b4684 - Path: Packages/com.unity.services.core/Runtime/Core.Internal/Telemetry' with importer (DefaultImporter)
Imported 'GUID: 7d41bc66ca544cfbbba5398c679b4684' -> (Import Result ID: 'fa7ecc40776900c7f9caefaa27dd80b0') in 0.000 seconds [static dependencies only]. Details - ImportResultOutputID=851abeaf0db8f1810242d86fbc31f254 DependenciesID=850b2dfcd9b0bcb653bf75d27e209e97 StaticDependenciesID=6a128d7b9aa1680ad4f99ada233129a2 
Importing 'GUID: ad038c07cd5d462c9534935085daaf02 - Path: Packages/com.unity.services.core/Editor/Core/UserRoleManagement' with importer (DefaultImporter)
Imported 'GUID: ad038c07cd5d462c9534935085daaf02' -> (Import Result ID: 'e48567efdab088fdb8cf7595ca8ced16') in 0.000 seconds [static dependencies only]. Details - ImportResultOutputID=297189303f2468124f292b41f324306b DependenciesID=9771d3e1c1350c83a9c1ad6b71a610c0 StaticDependenciesID=0eb2d65268222e5d18f6da5b15faf380 
Importing 'GUID: bdacac376e304af3be80a07fec283518 - Path: Packages/com.unity.services.core/Editor/Core/ProjectBindRedirect' with importer (DefaultImporter)
Imported 'GUID: bdacac376e304af3be80a07fec283518' -> (Import Result ID: '23bdc7d980949c20a8e1f74b1e2c4986') in 0.000 seconds [static dependencies only]. Details - ImportResultOutputID=4581082c121fbd9a5adc31968e365462 DependenciesID=37e764f3634d0ffec98cd54c9a2a5b56 StaticDependenciesID=5cfc70aa82aa8dbfe494e8cdb0011b45 
Importing 'GUID: 0eb58e505d1d7a64dbb77f197ea72ebe - Path: Packages/com.unity.services.core/Editor/Core/Scheduler' with importer (DefaultImporter)
Imported 'GUID: 0eb58e505d1d7a64dbb77f197ea72ebe' -> (Import Result ID: '5d86bd11e106d92cd0e0a82602542a31') in 0.000 seconds [static dependencies only]. Details - ImportResultOutputID=eeb777ac9e089e5242c486121198fd03 DependenciesID=579413899b6365c14b8e0b423231d68e StaticDependenciesID=ea150d57dbb1a17e96f055a19989e0ae 
Importing 'GUID: 8ec5ff42a19804f12b6f36016197b5e8 - Path: Packages/com.unity.services.core/Runtime/Core/Utils' with importer (DefaultImporter)
Imported 'GUID: 8ec5ff42a19804f12b6f36016197b5e8' -> (Import Result ID: '2edfdcbfd888ef776894676deb400db2') in 0.000 seconds [static dependencies only]. Details - ImportResultOutputID=b19472d5b746ef2157a36c2ac094862b DependenciesID=1189ab108fce50a6c588914331c3ace0 StaticDependenciesID=51499f332259574e7932d306bc1e662c 
Importing 'GUID: 71938c5983b844220988ffeb611b6e63 - Path: Packages/com.unity.services.core/Editor/Core/Shared/Clients' with importer (DefaultImporter)
Imported 'GUID: 71938c5983b844220988ffeb611b6e63' -> (Import Result ID: 'e82af3541fe9e3732c049882e18a0e8c') in 0.000 seconds [static dependencies only]. Details - ImportResultOutputID=3f37c008f0a297926b902a0f987d9b1f DependenciesID=60781c7446cccc3ecf210ed72f7eb815 StaticDependenciesID=472373ca53034f9f0926af48739e2c5d 
Importing 'GUID: 91c12861442224273a355776aa7d52d8 - Path: Packages/com.unity.services.core/Editor/Core/Shared/EditorUtils' with importer (DefaultImporter)
Imported 'GUID: 91c12861442224273a355776aa7d52d8' -> (Import Result ID: '056b9023638394ec3f5a08920abf0836') in 0.000 seconds [static dependencies only]. Details - ImportResultOutputID=01e79685811f8622c09d8ffd3da9f85e DependenciesID=8df3f162b19a5efefdbb4e931ccb6787 StaticDependenciesID=c3e585f0f356126efbe90013da0f22ff 
Importing 'GUID: a154e7480f584273907eec04ec6c97d0 - Path: Packages/com.unity.services.core/Editor/Core/ProjectBindRedirect/UXML' with importer (DefaultImporter)
Imported 'GUID: a154e7480f584273907eec04ec6c97d0' -> (Import Result ID: 'c65b35036c7b91938e0cc4fd4b6af951') in 0.000 seconds [static dependencies only]. Details - ImportResultOutputID=de084dd20b7847b0e7b3c7ccff086471 DependenciesID=6d955bef5454a61d133285cb0d19bd0a StaticDependenciesID=69cd38c4f8fa3641d1eee84bae1deb7e 
Importing 'GUID: c1badd287b3d9486b989e6861643165b - Path: Packages/com.unity.services.core/Editor/Core/EditorGameService/USS' with importer (DefaultImporter)
Imported 'GUID: c1badd287b3d9486b989e6861643165b' -> (Import Result ID: 'fb3de0c4d0e3c8dfc80afe842524112c') in 0.000 seconds [static dependencies only]. Details - ImportResultOutputID=539e37b32160bc50a1379dd0271df9a7 DependenciesID=fe2999310faaa39e04ddd7c98fa223ad StaticDependenciesID=9acf3052e79ea3e574f01a3860d0d207 
Importing 'GUID: 72cfb564f8b25174e87a90f7eb44ca04 - Path: Packages/com.unity.services.core/Runtime/Core.Internal/Components/Threading' with importer (DefaultImporter)
Imported 'GUID: 72cfb564f8b25174e87a90f7eb44ca04' -> (Import Result ID: '62c5f7de1cb173511092c4f906e01525') in 0.000 seconds [static dependencies only]. Details - ImportResultOutputID=22db7639ad6c15975b89aaf14bf4fa8c DependenciesID=d6d352dd8a1373554cf05613b3ccbca0 StaticDependenciesID=03b0e5d99b1322da12408cb6652c3dc6 
Importing 'GUID: 332ad2f567fa467f945149fb7fabb67e - Path: Packages/com.unity.services.core/Runtime/Core.Internal/Components/Qos' with importer (DefaultImporter)
Imported 'GUID: 332ad2f567fa467f945149fb7fabb67e' -> (Import Result ID: '3a5b77dc4b71cff3f14d9c08e7c86f29') in 0.000 seconds [static dependencies only]. Details - ImportResultOutputID=4d87e9c0acddd695c804d3222f0c0a48 DependenciesID=948402c8b120432387f6e214ce41a1f7 StaticDependenciesID=4832d2131eec81c7e2ef1139d81e583f 
Importing 'GUID: a38057f3b0350493ca2bf521021d2c83 - Path: Packages/com.unity.services.core/Runtime/Core.Internal/Components/Scheduler' with importer (DefaultImporter)
Imported 'GUID: a38057f3b0350493ca2bf521021d2c83' -> (Import Result ID: 'b611edf7d92802bc427c6150b68ef0e1') in 0.000 seconds [static dependencies only]. Details - ImportResultOutputID=d672e0900a76cb48b39f4f8b03ca627e DependenciesID=39ac30d69ef813e9e09d719e585b8381 StaticDependenciesID=5e694acbe1fe9b34a91ea9644021c52b 
Importing 'GUID: b315fd610cdac4a2c9761c472c2813b2 - Path: Packages/com.unity.services.core/Editor/Core/EditorGameService/Analytics' with importer (DefaultImporter)
Imported 'GUID: b315fd610cdac4a2c9761c472c2813b2' -> (Import Result ID: '094031ade209324b8dcda925a22c85c6') in 0.000 seconds [static dependencies only]. Details - ImportResultOutputID=8beffa042f2b30dff366bf72f1e37b74 DependenciesID=33ace3a678174dd46a917192063d4c33 StaticDependenciesID=771088c44421499fa7de6f46d01b0008 
Importing 'GUID: c322cfeea9a20cf4ba4aa4fe620d3745 - Path: Packages/com.unity.services.core/Editor/Core/Utils/OrganizationHandler' with importer (DefaultImporter)
Imported 'GUID: c322cfeea9a20cf4ba4aa4fe620d3745' -> (Import Result ID: 'c7caf2972917563e13a6329d94b6a8a1') in 0.000 seconds [static dependencies only]. Details - ImportResultOutputID=0f05b6f690dc2d0451a840058e299a93 DependenciesID=c3a3be0e92cb641774de33ea753c8601 StaticDependenciesID=27a6f7be29e93a686279db633563c1f6 
Importing 'GUID: b4f3e14b8bd74e76b23e74804880c321 - Path: Packages/com.unity.services.core/Editor/Core/Environments/Save' with importer (DefaultImporter)
Imported 'GUID: b4f3e14b8bd74e76b23e74804880c321' -> (Import Result ID: '1eb069e6d2da100d46de493d5b04aec6') in 0.000 seconds [static dependencies only]. Details - ImportResultOutputID=9a4ba78ebcca33454b64c1cbd03c4c0e DependenciesID=a6e03d9f69eee293108fef0a6d090ea7 StaticDependenciesID=2ed0d62893f45a2cc52882fa45983f5f 
Importing 'GUID: b4fc3055cf6dc4fafbc6b9127838f447 - Path: Packages/com.unity.services.core/Editor/Core/Shared/UI' with importer (DefaultImporter)
Imported 'GUID: b4fc3055cf6dc4fafbc6b9127838f447' -> (Import Result ID: '43bd0082247b9de31913659f6e8a39b1') in 0.000 seconds [static dependencies only]. Details - ImportResultOutputID=d28f9d58de7b0e313e1916fb07b59d03 DependenciesID=afa4d7b756e58aee4ceef1a1dd4c0a27 StaticDependenciesID=f04b6fc30046b8cda31507d74fec6af9 
Importing 'GUID: 7544fa69cc53c4bd7baedbac7a3725b4 - Path: Packages/com.unity.services.core/Editor/Core/UiHelpers/UXML' with importer (DefaultImporter)
Imported 'GUID: 7544fa69cc53c4bd7baedbac7a3725b4' -> (Import Result ID: '550cf677c3787f9e1ac5e026270ebb24') in 0.000 seconds [static dependencies only]. Details - ImportResultOutputID=5ed0c3802ed0217e04024367fae0640d DependenciesID=cdeec4a2c433750e7f781c5017265bdf StaticDependenciesID=94c1a3ad1a4aa500e28dcb9455848626 
Importing 'GUID: 95717078cc4c64909b37d434fa201776 - Path: Packages/com.unity.services.core/Editor/Core/Environments/UI' with importer (DefaultImporter)
Imported 'GUID: 95717078cc4c64909b37d434fa201776' -> (Import Result ID: '9f2e4a3862ee9151ec0b36cd2ba47a8a') in 0.000 seconds [static dependencies only]. Details - ImportResultOutputID=27e706533c756735fe3aa5120bb34720 DependenciesID=51b411cfb84db6a219e295eda8a8c956 StaticDependenciesID=6b6d411c213f05379803e7ea890f008d 
Importing 'GUID: e5bcbad422c32d240b4dae8cdd6123fd - Path: Packages/com.unity.services.core/Runtime/Core.Internal/Components/Analytics' with importer (DefaultImporter)
Imported 'GUID: e5bcbad422c32d240b4dae8cdd6123fd' -> (Import Result ID: 'd5e71a81509a70e6381528822b3223f5') in 0.000 seconds [static dependencies only]. Details - ImportResultOutputID=f4286885664419b7479358bf30549b97 DependenciesID=3ff4c5bc58eea4154c078830f4e1a8cc StaticDependenciesID=15caa0799c3136021448d14a240b4ac4 
Importing 'GUID: f5a82d89366f47d69dc69ae0f6cf29bf - Path: Packages/com.unity.services.core/Editor/Core/UiHelpers/USS' with importer (DefaultImporter)
Imported 'GUID: f5a82d89366f47d69dc69ae0f6cf29bf' -> (Import Result ID: 'bea2efc96bddcd200d60e579c0b5c8a6') in 0.000 seconds [static dependencies only]. Details - ImportResultOutputID=a5148da10c445a5e332413b55d4677bc DependenciesID=0859d5c3ce105dca6d04428de676ebe2 StaticDependenciesID=e8c9e152b4493c0c2ad7c53b91d6dde4 
Importing 'GUID: 26b7e6918d8f4dfe909139d0cede1010 - Path: Packages/com.unity.services.core/Editor/Core/Linker/Models' with importer (DefaultImporter)
Imported 'GUID: 26b7e6918d8f4dfe909139d0cede1010' -> (Import Result ID: 'c599938bd6040177bc7a7d314b7f55dc') in 0.000 seconds [static dependencies only]. Details - ImportResultOutputID=2c7cfaa8fd1b99854b43383e7c0d2b30 DependenciesID=068ad6d74abfaffbf19023bcf91a15a8 StaticDependenciesID=8f750c7984d0a3518332fdad22ff8fbe 
Importing 'GUID: 36565a93e739cba4d8afed38abe79811 - Path: Packages/com.unity.services.core/Runtime/Core.Internal/Components/Vivox' with importer (DefaultImporter)
Imported 'GUID: 36565a93e739cba4d8afed38abe79811' -> (Import Result ID: '7ecf6dcaad36343a9a0d82dbaf8d1591') in 0.000 seconds [static dependencies only]. Details - ImportResultOutputID=56593f30e90aadcbcd2f70d144b37d07 DependenciesID=bce9ff1284a44a877b983e5f7ab0bcdb StaticDependenciesID=a21ef79e9f319c3db4d5d788ff2e96fa 
Importing 'GUID: 77b2992c427804e15ac922a1891ebe57 - Path: Packages/com.unity.services.core/Editor/Core/Environments/Settings' with importer (DefaultImporter)
Imported 'GUID: 77b2992c427804e15ac922a1891ebe57' -> (Import Result ID: '6b34ce2acc667b98a5fd67b931b974c0') in 0.000 seconds [static dependencies only]. Details - ImportResultOutputID=b2d16f0705c42d5f33556602991c7ca3 DependenciesID=f4bc2aaacf8f60aceb9bf04091ef2489 StaticDependenciesID=5be46e534da6678a0df2d1fa90cc946e 
Importing 'GUID: c7fcd0b25211b4456841ec71fd8a103c - Path: Packages/com.unity.services.core/Runtime/Core.Internal/Components/Configuration' with importer (DefaultImporter)
Imported 'GUID: c7fcd0b25211b4456841ec71fd8a103c' -> (Import Result ID: 'e0118605f7ecefd8f8b9e5e24706cec4') in 0.000 seconds [static dependencies only]. Details - ImportResultOutputID=996e1a80b3c4c272677993e7d5742144 DependenciesID=558553f8d6fb25b850287eaefef56322 StaticDependenciesID=8198695979f75cdf4334b49e3bf09cb1 
Importing 'GUID: d7e60a737f3cb463e9a120fbe29854e8 - Path: Packages/com.unity.services.core/Runtime/Core.Internal/Components/Device' with importer (DefaultImporter)
Imported 'GUID: d7e60a737f3cb463e9a120fbe29854e8' -> (Import Result ID: '73885e94b3142265f10ae1c28f8da37a') in 0.000 seconds [static dependencies only]. Details - ImportResultOutputID=3529d401107535424e348e471eca9ea1 DependenciesID=7ae7e89b55e03772196411f60a6df1c2 StaticDependenciesID=ffe89d01182aa223f77d51bb63ec4f06 
Importing 'GUID: a8e64265b126d4a479f3d0f27c7338c2 - Path: Packages/com.unity.services.core/Editor/Core/Shared/Infrastructure' with importer (DefaultImporter)
Imported 'GUID: a8e64265b126d4a479f3d0f27c7338c2' -> (Import Result ID: '16c8bd520ae5a9f71851fcfcae72c572') in 0.000 seconds [static dependencies only]. Details - ImportResultOutputID=73461a956af82a9a5a90283ad91d6af9 DependenciesID=8324a6cf3fb4ef8f052bd67c5d9302a2 StaticDependenciesID=db6157e200c043542cc13ec6443e7b1c 
Importing 'GUID: c8f15537a1ce54d2cb26811d0da5627a - Path: Packages/com.unity.services.core/Runtime/Core.Internal/Components/Authentication' with importer (DefaultImporter)
Imported 'GUID: c8f15537a1ce54d2cb26811d0da5627a' -> (Import Result ID: '4a0823a0dacff1a3896d1f18a3a59e6f') in 0.000 seconds [static dependencies only]. Details - ImportResultOutputID=e1f4522dff697e5bce931c1348de53d5 DependenciesID=7babb64f6343302b9d8b7b84264cdbc3 StaticDependenciesID=9b2bda2e80dd8d3b2148f780dcfdf9b8 
Importing 'GUID: 99ef0537e3a64f2a9d41d9de53451790 - Path: Packages/com.unity.services.core/Editor/Core/UiHelpers/Images' with importer (DefaultImporter)
Imported 'GUID: 99ef0537e3a64f2a9d41d9de53451790' -> (Import Result ID: '5292b1a7705e03f966aa97b26171c794') in 0.000 seconds [static dependencies only]. Details - ImportResultOutputID=8e3e527a2a8c302b7150894a23344380 DependenciesID=5fc76ea16a1e59e815a92fc702b388e4 StaticDependenciesID=62682599825e3ea8803f85e3bf203198 
Importing 'GUID: a91c61f0884c4fdc917bfed03fdbe325 - Path: Packages/com.unity.services.core/Editor/Core/Environments/Config' with importer (DefaultImporter)
Imported 'GUID: a91c61f0884c4fdc917bfed03fdbe325' -> (Import Result ID: '99a5f3e4848283cf25385ec18d38503d') in 0.000 seconds [static dependencies only]. Details - ImportResultOutputID=c4c67e5893a68d1154edc1c2eaa82ceb DependenciesID=5662a1cab90230f9de1786524f8f803d StaticDependenciesID=30048b0007612a521af7bc7a7fad35e9 
Importing 'GUID: b9bc5cd0bdb9d4676878ddd8f116adfa - Path: Packages/com.unity.services.core/Runtime/Core.Internal/Components/Wire' with importer (DefaultImporter)
Imported 'GUID: b9bc5cd0bdb9d4676878ddd8f116adfa' -> (Import Result ID: '9f33ad3f8096462c6f25e63924479df4') in 0.000 seconds [static dependencies only]. Details - ImportResultOutputID=963e76e192810276e7b2bb4d1784bf9b DependenciesID=a78d8149fa12412a75d136111720ea63 StaticDependenciesID=e5bfa73556e7b98e764cbce246c2e05a 
Importing 'GUID: 0ae1e28585e54ec3beb5b599a85bde59 - Path: Packages/com.unity.services.core/Editor/Core/ProjectBindRedirect/USS' with importer (DefaultImporter)
Imported 'GUID: 0ae1e28585e54ec3beb5b599a85bde59' -> (Import Result ID: 'c25b2ada6a5b72655373c3d902f89481') in 0.000 seconds [static dependencies only]. Details - ImportResultOutputID=bdb7cb37aefbadc9a3013eb3cbdc945c DependenciesID=64afb240a01eb6894b5cd27e379171e8 StaticDependenciesID=df1d0e66f41fdca81cfc774ecf38b3fb 
Importing 'GUID: 6a81e6633d789fa42b32b038d0b9048d - Path: Packages/com.unity.services.core/Runtime/Core.Internal/Registry/ServiceRegistry' with importer (DefaultImporter)
Imported 'GUID: 6a81e6633d789fa42b32b038d0b9048d' -> (Import Result ID: 'c7ddd6aecad61de6f20906822b539da6') in 0.000 seconds [static dependencies only]. Details - ImportResultOutputID=1dc40a06568d15d4cb0519fd5f768198 DependenciesID=ca99b9ae9d33dc05e7a4dc84825eea4c StaticDependenciesID=fc2f79d80da93df5b4822a756f2f7b5d 
Importing 'GUID: 6adafc6fa7f741e8aca579de2c68c40a - Path: Packages/com.unity.services.core/Editor/Core/Utils/FileSystem' with importer (DefaultImporter)
Imported 'GUID: 6adafc6fa7f741e8aca579de2c68c40a' -> (Import Result ID: '0c95fdcddefd4cce8bf82bca6591d065') in 0.000 seconds [static dependencies only]. Details - ImportResultOutputID=c0160eff8455af96e60efe65264e41b6 DependenciesID=9482ac115353d2761bb3b7c513aa43c8 StaticDependenciesID=79d3be3f29744d7b4e28b2972045e6ed 
Importing 'GUID: cb40388a6db89d3429128f7a969e3960 - Path: Packages/com.unity.services.core/Runtime/Core.Internal/Registry/ComponentRegistry' with importer (DefaultImporter)
Imported 'GUID: cb40388a6db89d3429128f7a969e3960' -> (Import Result ID: '3782fc195a919328db413689f45c10fa') in 0.000 seconds [static dependencies only]. Details - ImportResultOutputID=1746b2380ca4ae8ecb2ff882e44ab69b DependenciesID=874a5e75ff060a10e353d741645e3ded StaticDependenciesID=8f20974cd527ea98798271d47fd2eddd 
Importing 'GUID: 2cbeea08e009b4f1d8f8b2786d63ca25 - Path: Packages/com.unity.services.core/Runtime/Core.Internal/Components/Networking' with importer (DefaultImporter)
Imported 'GUID: 2cbeea08e009b4f1d8f8b2786d63ca25' -> (Import Result ID: 'c02a224aa94c373df4ad939f38499a74') in 0.000 seconds [static dependencies only]. Details - ImportResultOutputID=e98ccca818490a1dc8723a67f684762f DependenciesID=ac123ee5956719601c85e8e1b7dd52b5 StaticDependenciesID=2735b5ace82186d49c041112b4ec7703 
Importing 'GUID: 9d40768769db740418c8c38de402d420 - Path: Packages/com.unity.services.core/Editor/Core/Configuration/Utils' with importer (DefaultImporter)
Imported 'GUID: 9d40768769db740418c8c38de402d420' -> (Import Result ID: 'bbb878b6b2bfe5f4894dc4a925816d1e') in 0.000 seconds [static dependencies only]. Details - ImportResultOutputID=4c4efa10082efb346be26bd1e8ff0783 DependenciesID=3492edb5bade2a542c0bd18e71bd21e7 StaticDependenciesID=af6bc37bc3bee6b061e8fe403f47dc9d 
Importing 'GUID: 9defc866a340246dda5e2888c0aa5d7b - Path: Packages/com.unity.services.core/Editor/Core/Environments/Client' with importer (DefaultImporter)
Imported 'GUID: 9defc866a340246dda5e2888c0aa5d7b' -> (Import Result ID: '45e6273030213ede590ff388d1f189c6') in 0.000 seconds [static dependencies only]. Details - ImportResultOutputID=341a1c5e750bb9cde7e937b96273866d DependenciesID=aedfa47031f82a43d78e7080a4bc3297 StaticDependenciesID=c87357fc5e130e8c81cb28730d504d0b 
Importing 'GUID: add07ed3db70146bea50b6a4f554e651 - Path: Packages/com.unity.services.core/Runtime/Core.Internal/Components/Environments' with importer (DefaultImporter)
Imported 'GUID: add07ed3db70146bea50b6a4f554e651' -> (Import Result ID: 'c64b8b73b5333849fb85ff69ab95c59d') in 0.000 seconds [static dependencies only]. Details - ImportResultOutputID=04238cadba7cd7671196da9995cdd03a DependenciesID=13de59f2681ea8d49d0bd3c5cb71f75e StaticDependenciesID=41ed6e77193ff4d2a8a2dbcc59711a81 
Importing 'GUID: cdc4ee70299e74aba975054ebe4d3432 - Path: Packages/com.unity.services.core/Runtime/Core.Internal/Components/Telemetry' with importer (DefaultImporter)
Imported 'GUID: cdc4ee70299e74aba975054ebe4d3432' -> (Import Result ID: '289b707eb8a6c2151dd603f7856d0212') in 0.000 seconds [static dependencies only]. Details - ImportResultOutputID=b3caf7a99ad2ee3bff6f988936216070 DependenciesID=2d111a063b83b5aaa3663247d88e97f3 StaticDependenciesID=633af1d022d80b30177381d1e5fdb27c 
Importing 'GUID: 3e30cac7e0b708f4997401b616d76276 - Path: Packages/com.unity.services.core/Runtime/Core.Internal/Registry/PackageRegistry' with importer (DefaultImporter)
Imported 'GUID: 3e30cac7e0b708f4997401b616d76276' -> (Import Result ID: 'c4f5e6d73d4abdb066c7432c433083e4') in 0.000 seconds [static dependencies only]. Details - ImportResultOutputID=365b757fc4fd9010bdc23fc2c77f7bde DependenciesID=2e8b220ccf28d1b5c59d165505521129 StaticDependenciesID=867f71232a12cd1d8b66a50d0e7633d2 
Importing 'GUID: 8e39141d2b0d43b588706d73735a06c7 - Path: Packages/com.unity.services.core/Editor/Core/Environments/Analytics' with importer (DefaultImporter)
Imported 'GUID: 8e39141d2b0d43b588706d73735a06c7' -> (Import Result ID: 'e20ba1102649ca5ed301e8f60fbff9fe') in 0.000 seconds [static dependencies only]. Details - ImportResultOutputID=b084002a5193ddcaa8d081236ab679b4 DependenciesID=aecf7504ba329d3fdb499e1abde63b16 StaticDependenciesID=a20ae050efa3d88107c565a7088a2158 
Importing 'GUID: bfd743ae33394444da25ad34d8e5a595 - Path: Packages/com.unity.services.core/Editor/Core/Shared/DependencyInversion' with importer (DefaultImporter)
Imported 'GUID: bfd743ae33394444da25ad34d8e5a595' -> (Import Result ID: '328eb42b8d709596316a34548ce7cfdf') in 0.000 seconds [static dependencies only]. Details - ImportResultOutputID=1f8871e9df68acaebad032ce9b60c240 DependenciesID=8bbf18d75003f24dc52e6fd985794f77 StaticDependenciesID=87bca28e13237a1b165e60913eb194a1 
Importing 'GUID: 11b827b8634d3b646a7abe82fe76ba01 - Path: Packages/com.unity.services.core/Editor/Core/Environments/UI/Toolbar' with importer (DefaultImporter)
Imported 'GUID: 11b827b8634d3b646a7abe82fe76ba01' -> (Import Result ID: '4bf295f4c1beaa27844445430e4215be') in 0.000 seconds [static dependencies only]. Details - ImportResultOutputID=94b3d2b8d26394196220cf2eb4dbc2fa DependenciesID=155c473e96c8d08ec8cca414615fd795 StaticDependenciesID=16c8f61e52457a5874c00d75fe28c1c7 
Importing 'GUID: a34c854a398474b63b1e45024cfbd2d4 - Path: Packages/com.unity.services.core/Editor/Core/Shared/Infrastructure/SystemEnvironment' with importer (DefaultImporter)
Imported 'GUID: a34c854a398474b63b1e45024cfbd2d4' -> (Import Result ID: '755b74149793fd39f383ea535b36255b') in 0.000 seconds [static dependencies only]. Details - ImportResultOutputID=13794c0b8b927c89299564c589321a5d DependenciesID=dd0015692e9a79e84bc498c70ad60d52 StaticDependenciesID=e0b013a6dbbf8e7408a27315110a4e4e 
Importing 'GUID: e3040a42462f34a1abb382a2b8af67f2 - Path: Packages/com.unity.services.core/Editor/Core/Shared/Infrastructure/Collections' with importer (DefaultImporter)
Imported 'GUID: e3040a42462f34a1abb382a2b8af67f2' -> (Import Result ID: 'f2b4657d820c288c21bae4ba6e4c4633') in 0.000 seconds [static dependencies only]. Details - ImportResultOutputID=37fca67594d2b382a7e48392a99012c5 DependenciesID=3a82c32255a56c4d45ec45d86883041d StaticDependenciesID=ad4d90ab440f91bb44d6aed0fccf3a9f 
Importing 'GUID: 8408aeb5b11d54a55914b8fb72aa9ee1 - Path: Packages/com.unity.services.core/Editor/Core/Shared/Infrastructure/Threading' with importer (DefaultImporter)
Imported 'GUID: 8408aeb5b11d54a55914b8fb72aa9ee1' -> (Import Result ID: '2e0ccfbcd72118bf15c719e7c7e6bc38') in 0.000 seconds [static dependencies only]. Details - ImportResultOutputID=249a10eaa1b5e1ce2b20c02306730750 DependenciesID=b70fe210d7581b38639d1a6ae3c05d75 StaticDependenciesID=e6bdde78f81d97ad0f51cea0fb704cf1 
Importing 'GUID: 75e8d0760cfbb423989cc47bb74a9b16 - Path: Packages/com.unity.services.core/Editor/Core/Environments/Client/Configuration' with importer (DefaultImporter)
Imported 'GUID: 75e8d0760cfbb423989cc47bb74a9b16' -> (Import Result ID: '772b2a9b2c4e1c2de8979723b09bec1d') in 0.000 seconds [static dependencies only]. Details - ImportResultOutputID=2c106d15714170203182150c9add827a DependenciesID=1e1621e9b75870148f3626275e29f2cb StaticDependenciesID=1702cff627d05f86c189fbf1941ed13c 
Importing 'GUID: 368c9397c0c824135971fff9f031ce88 - Path: Packages/com.unity.services.core/Editor/Core/Shared/Infrastructure/IO' with importer (DefaultImporter)
Imported 'GUID: 368c9397c0c824135971fff9f031ce88' -> (Import Result ID: 'c6dcfeec44c2897819df5e7b9397722b') in 0.000 seconds [static dependencies only]. Details - ImportResultOutputID=c41e301c402321ca58f324238ab58232 DependenciesID=7789d2a647694361fc51eab9d79fdba5 StaticDependenciesID=65fff5bd8339f142f262e2799690c713 
Importing 'GUID: 4793b5531764c4e4d856241083e98cdd - Path: Packages/com.unity.services.core/Editor/Core/Environments/Client/Scheduler' with importer (DefaultImporter)
Imported 'GUID: 4793b5531764c4e4d856241083e98cdd' -> (Import Result ID: 'abf076e0e7017b0d01bb7ea35434d3e3') in 0.000 seconds [static dependencies only]. Details - ImportResultOutputID=081f65f1deb8c10af19752970d82f4da DependenciesID=a17d9035943085938e404d315b3805ae StaticDependenciesID=fa9fa114cab88e6c616f2b07f119bb61 
Importing 'GUID: d91c06138f45d4ced92a6b23acc172b1 - Path: Packages/com.unity.services.core/Editor/Core/Environments/Client/Http' with importer (DefaultImporter)
Imported 'GUID: d91c06138f45d4ced92a6b23acc172b1' -> (Import Result ID: '79d8e76c787a65e03777d22b61395f21') in 0.000 seconds [static dependencies only]. Details - ImportResultOutputID=6985fa158546b5a408e2536662a7e301 DependenciesID=c0b70dd244386fae122966a55e1107de StaticDependenciesID=923e4138e990aa95f4ff7a1ccb3fafae 
Importing 'GUID: 5db9d1747e5834b66b20ddca88e326d2 - Path: Packages/com.unity.services.core/Editor/Core/Environments/UI/Assets' with importer (DefaultImporter)
Imported 'GUID: 5db9d1747e5834b66b20ddca88e326d2' -> (Import Result ID: '6cbe9269f8782d6e816051109b39151e') in 0.000 seconds [static dependencies only]. Details - ImportResultOutputID=0cbd82352d4fc26cfa8180dee66c44bc DependenciesID=efab29016fc15d5384f7e943fb07c9ea StaticDependenciesID=437e7e1fa1a8a0fa48a8b16048f517ab 
Importing 'GUID: ad4cf63af038a43a3b11975e0653dea6 - Path: Packages/com.unity.services.core/Editor/Core/Environments/Client/Apis' with importer (DefaultImporter)
Imported 'GUID: ad4cf63af038a43a3b11975e0653dea6' -> (Import Result ID: '75d33fa923f2ecddaea083e24541829c') in 0.001 seconds [static dependencies only]. Details - ImportResultOutputID=34954bb7ccd20ce4c050e38e8c261eff DependenciesID=3800ba6f3f0b142a9cd4854c40ef7678 StaticDependenciesID=d45fc21dcb1ee2e78bac417e2a553a41 
Importing 'GUID: fe97984daaefe4f7ea9eee59fe9717ba - Path: Packages/com.unity.services.core/Editor/Core/Environments/Client/Models' with importer (DefaultImporter)
Imported 'GUID: fe97984daaefe4f7ea9eee59fe9717ba' -> (Import Result ID: 'c1548550e30d9a0ec1a27fa165045da0') in 0.000 seconds [static dependencies only]. Details - ImportResultOutputID=f3f622d35586357e17576393e1641d16 DependenciesID=be0df90735c9a2fd79ec2e62130419d8 StaticDependenciesID=ee5a67d53081cbff00d184b54ed6d4e0 
Importing 'GUID: 4f2e6d0ab1a754839a258e070611eedd - Path: Packages/com.unity.services.core/Editor/Core/Environments/Client/ErrorMitigation' with importer (DefaultImporter)
Imported 'GUID: 4f2e6d0ab1a754839a258e070611eedd' -> (Import Result ID: 'd5bc204cbeb6d242e4d53f307fcf04cb') in 0.000 seconds [static dependencies only]. Details - ImportResultOutputID=d4003804b164bda9d8ceaa4178bd4792 DependenciesID=b0634b841439b83dbdb4bec8e12409bf StaticDependenciesID=6139ed438dde2611de6e013a9133f059 
Importing 'GUID: 4077802dea91b4b6d878b48b4160bd81 - Path: Packages/com.unity.services.core/Runtime/Configuration/Unity.Services.Core.Configuration.asmdef' with importer (AssemblyDefinitionImporter)
Imported 'GUID: 4077802dea91b4b6d878b48b4160bd81' -> (Import Result ID: '8a567ca8f0e9d18278963561ad7f8cd5') in 0.000 seconds [static dependencies only]. Details - ImportResultOutputID=c9c952a0822f6fe813c80beb3575b2c2 DependenciesID=cb24cb4b9ab81e44ba21f88de85aa783 StaticDependenciesID=d27904b06a63e39d5296df249b6e7bc8 
Importing 'GUID: 70ea675efa2644cef98c7ece24158333 - Path: Packages/com.unity.services.core/Runtime/Environments/Unity.Services.Core.Environments.asmdef' with importer (AssemblyDefinitionImporter)
Imported 'GUID: 70ea675efa2644cef98c7ece24158333' -> (Import Result ID: '7a8ca2a31452ee390f5dccf53bf39be5') in 0.000 seconds [static dependencies only]. Details - ImportResultOutputID=1f91c76b74cbf1199bc7793baea183b6 DependenciesID=b9d966eec28b3d286061e2689760145f StaticDependenciesID=4c05f05730555a7744776504a1a16600 
Importing 'GUID: d0d897c4aa12b8140b650ec29e099ff7 - Path: Packages/com.unity.services.core/Editor/Core/Configuration/Unity.Services.Core.Configuration.Editor.asmdef' with importer (AssemblyDefinitionImporter)
Imported 'GUID: d0d897c4aa12b8140b650ec29e099ff7' -> (Import Result ID: '5c6f2dbc836ee5eddadf544910cea9db') in 0.000 seconds [static dependencies only]. Details - ImportResultOutputID=5f9759b832aa16e6988988fabce1e3ab DependenciesID=10c6c495e1b88174cdd807f275592d67 StaticDependenciesID=c90bfd0e66f84113569779d5ba604183 
Importing 'GUID: 1104de264d522446f8274872ebf70b3d - Path: Packages/com.unity.services.core/Runtime/Analytics/Unity.Services.Core.Analytics.asmdef' with importer (AssemblyDefinitionImporter)
Imported 'GUID: 1104de264d522446f8274872ebf70b3d' -> (Import Result ID: '6957bdcd953a42776b1848b17fcc2ecd') in 0.000 seconds [static dependencies only]. Details - ImportResultOutputID=dcef185ad2845d2c6439547270cb324a DependenciesID=27af8b16a82f798ad59025128fbc54ef StaticDependenciesID=ba30c8631c2924dbc5d705f4de2c575d 
Importing 'GUID: 614c328814c3e4cb89d08dcc15048513 - Path: Packages/com.unity.services.core/Runtime/Device/Unity.Services.Core.Device.asmdef' with importer (AssemblyDefinitionImporter)
Imported 'GUID: 614c328814c3e4cb89d08dcc15048513' -> (Import Result ID: 'ec910a074acc9b9f49aa912ca53416f0') in 0.000 seconds [static dependencies only]. Details - ImportResultOutputID=9c85982e1454c630420c2e1b67400821 DependenciesID=2dcc2cf6f55a8147b4ca2c4af361d4d3 StaticDependenciesID=e03bc28bb5ddb43286595ae36340b2c3 
Importing 'GUID: 424c109c039b23a469d7e72a2a76e122 - Path: Packages/com.unity.services.core/Runtime/Threading/Unity.Services.Core.Threading.asmdef' with importer (AssemblyDefinitionImporter)
Imported 'GUID: 424c109c039b23a469d7e72a2a76e122' -> (Import Result ID: 'fe8d363656963853a78785c8cb1eaa28') in 0.000 seconds [static dependencies only]. Details - ImportResultOutputID=69e525dfee05542754a21f2deb849539 DependenciesID=68083a4bdc155c7b731ec28e6e1c2fbd StaticDependenciesID=eb2df0f9aac0bc4ec0bdfd1368f1880e 
Importing 'GUID: 13e422d7b3aa04e7994f974a3d50c391 - Path: Packages/com.unity.services.core/Runtime/Scheduler/Unity.Services.Core.Scheduler.asmdef' with importer (AssemblyDefinitionImporter)
Imported 'GUID: 13e422d7b3aa04e7994f974a3d50c391' -> (Import Result ID: '6492b57442f53d6ceb0ce509c1be07b4') in 0.000 seconds [static dependencies only]. Details - ImportResultOutputID=f7d40c9bffeea6d888deec8beb7a64b8 DependenciesID=caa0e7c672020b0bb8d8352307927744 StaticDependenciesID=6fc04504eb146b00c274cfdaec3b8091 
Importing 'GUID: 93dfd405b987c45479315eb420601044 - Path: Packages/com.unity.services.core/Runtime/Environments/Internal/Unity.Services.Core.Environments.Internal.asmdef' with importer (AssemblyDefinitionImporter)
Imported 'GUID: 93dfd405b987c45479315eb420601044' -> (Import Result ID: 'b711acb8df39caa6097a266ccdc16d0b') in 0.000 seconds [static dependencies only]. Details - ImportResultOutputID=665f5a259a16b573796d9a1bf8b42d65 DependenciesID=8fd22d54f9f651527e11f36059673c85 StaticDependenciesID=b36ce4d231359885a8fb54602f897d32 
Importing 'GUID: 96fdca1f2d7348147946226cfe61a2e1 - Path: Packages/com.unity.services.core/Runtime/Components/Unity.Services.Core.Components.asmdef' with importer (AssemblyDefinitionImporter)
Imported 'GUID: 96fdca1f2d7348147946226cfe61a2e1' -> (Import Result ID: '3cf111e26a664afaf8b7b1407da39ef6') in 0.000 seconds [static dependencies only]. Details - ImportResultOutputID=7f184f3a4c0f69f10f665414a309cce2 DependenciesID=9e6bbba193a5dc49dded676bb9758f87 StaticDependenciesID=48b2da244b4c4ec55f3133ec08b35ee2 
Importing 'GUID: 97c8f9e2402f145e0931e7786fc55e8a - Path: Packages/com.unity.services.cloud-build/Editor/Unity.Services.CloudBuild.Editor.asmdef' with importer (AssemblyDefinitionImporter)
Imported 'GUID: 97c8f9e2402f145e0931e7786fc55e8a' -> (Import Result ID: 'd762e05c7a44856c17ba1307a92d79d7') in 0.000 seconds [static dependencies only]. Details - ImportResultOutputID=4d95d37e8c201c02d1334ec61b70614d DependenciesID=66f22fe91a65f07f85719e8ae097ebdf StaticDependenciesID=e2344546877d1aed435736189d462157 
Importing 'GUID: d8e56012c572e204692b3fe5183b7da1 - Path: Packages/com.unity.services.core/Runtime/Telemetry/Unity.Services.Core.Telemetry.asmdef' with importer (AssemblyDefinitionImporter)
Imported 'GUID: d8e56012c572e204692b3fe5183b7da1' -> (Import Result ID: '85a406f57892214896218d6648cb66f1') in 0.000 seconds [static dependencies only]. Details - ImportResultOutputID=4abba4a75ed629ee16bd0978626b2b7d DependenciesID=dd7b2027bf01903127410b94dbc02cfc StaticDependenciesID=02dc12a68a2e2a2086a6b73286c1e1a8 
Importing 'GUID: f82009cf854e040a18ebb38251781c58 - Path: Packages/com.unity.services.core/Runtime/Core.Internal/Unity.Services.Core.Internal.asmdef' with importer (AssemblyDefinitionImporter)
Imported 'GUID: f82009cf854e040a18ebb38251781c58' -> (Import Result ID: 'd1ef3a81536d4921bea16d71b511394a') in 0.000 seconds [static dependencies only]. Details - ImportResultOutputID=b90f5b77cb40d1bd3b198c65ba741e2f DependenciesID=4553b01e4c9c72c7088ac0487306d966 StaticDependenciesID=c749b1de66d0a0dc3f581007d4cced94 
Importing 'GUID: 7a3effa9f908d4e8a88877e048cf05dd - Path: Packages/com.unity.services.core/Runtime/Registration/Unity.Services.Core.Registration.asmdef' with importer (AssemblyDefinitionImporter)
Imported 'GUID: 7a3effa9f908d4e8a88877e048cf05dd' -> (Import Result ID: 'b338858df0eeeb5d168f1b019dd6b2aa') in 0.000 seconds [static dependencies only]. Details - ImportResultOutputID=a7cf8371830d8e7976aeed5a7129bfdd DependenciesID=1c8593009df91dc0e24cdbcfe8c2d5a2 StaticDependenciesID=e21f3bb95c2fdaf84851af61272dda26 
Importing 'GUID: 1c66728ad60364b82bf095d383b87458 - Path: Packages/com.unity.services.core/Editor/Core/Unity.Services.Core.Editor.asmdef' with importer (AssemblyDefinitionImporter)
Imported 'GUID: 1c66728ad60364b82bf095d383b87458' -> (Import Result ID: '49d7d33dbf46a281cce7ef05b2fb9090') in 0.000 seconds [static dependencies only]. Details - ImportResultOutputID=e1c5ab1a183f0acfad8d71eb6b6fcd5c DependenciesID=1355ea9a14f448c24bca6a0f940f669f StaticDependenciesID=fd3e99400baf42be8a2dcf81c5c63643 
Importing 'GUID: 9e6ed7d51349b45518022aa545ab7e0b - Path: Packages/com.unity.services.core/Editor/Core/Environments/Unity.Services.Core.Environments.Editor.asmdef' with importer (AssemblyDefinitionImporter)
Imported 'GUID: 9e6ed7d51349b45518022aa545ab7e0b' -> (Import Result ID: '80f2331de25695583d8e2a0211af1dbc') in 0.000 seconds [static dependencies only]. Details - ImportResultOutputID=aa4a75103e987c3b9857d798efb17f03 DependenciesID=7b70328ea7f572b983d3e8496ae7ccbd StaticDependenciesID=d1a82bbe9bbefc5c57ccd5898e525441 
Importing 'GUID: fe25561d224ed4743af4c60938a59d0b - Path: Packages/com.unity.services.core/Runtime/Core/Unity.Services.Core.asmdef' with importer (AssemblyDefinitionImporter)
Imported 'GUID: fe25561d224ed4743af4c60938a59d0b' -> (Import Result ID: '70b68767b79369a4da563e8b2a388b4a') in 0.015 seconds [static dependencies only]. Details - ImportResultOutputID=8ccaf9d79c02fffa5db0123387d43974 DependenciesID=80989f64d4218d0de48b86ab479b0b9f StaticDependenciesID=2a77a4ad31d33a4a5bc29d35fc21a752 
Importing 'GUID: 4fc462806a32aa245a7b28367381bf24 - Path: Packages/com.unity.services.core/Runtime/Networking/Unity.Services.Core.Networking.asmdef' with importer (AssemblyDefinitionImporter)
Imported 'GUID: 4fc462806a32aa245a7b28367381bf24' -> (Import Result ID: 'a2809deb3d00d66b85dc23bcc86ad13e') in 0.000 seconds [static dependencies only]. Details - ImportResultOutputID=e5eb250524b8b4e78322849edc42086b DependenciesID=f9f485ed7d645bb082ad7f5e2c08c005 StaticDependenciesID=e01422b3e5b4f42dfb2a283c67d378f7 
Native extension for LinuxStandalone target not found
Native extension for WebGL target not found
[MODES] ModeService[none].Initialize
[MODES] ModeService[none].LoadModes
Unhandled description string [
Unhandled description string ]
ScheduleIndexationOnStartup MainProcess:True IndexOnStartup:True
Scripting: successfully reloaded assembly
Unhandled description string [
Unhandled description string ]
- Finished resetting the current domain, in  1.281 seconds
Domain Reload Profiling: 2004ms
	BeginReloadAssembly (305ms)
		DisableScriptedObjects (53ms)
		CreateAndSetChildDomain (133ms)
	RebuildCommonClasses (9ms)
	RebuildNativeTypeToScriptingClass (8ms)
	initialDomainReloadingComplete (34ms)
	LoadAllAssembliesAndSetupDomain (367ms)
		LoadAssemblies (189ms)
		TypeCache.Refresh (49ms)
			TypeCache.ScanAssembly (41ms)
		AnalyzeDomain (79ms)
			BuildScriptInfoCaches (76ms)
	FinalizeReload (1281ms)
		SetupLoadedEditorAssemblies (0ms)
			BeforeProcessingInitializeOnLoad (148ms)
			ProcessInitializeOnLoadAttributes (165ms)
			ProcessInitializeOnLoadMethodAttributes (27ms)
			AfterProcessingInitializeOnLoad (5ms)
		AwakeInstancesAfterBackupRestoration (428ms)
Importing 'GUID: 7d34f3cc1c0185b4990cf748e55a8688 - Path: Packages/com.unity.nuget.newtonsoft-json/Runtime/Newtonsoft.Json.pdb' with importer (DefaultImporter)
Imported 'GUID: 7d34f3cc1c0185b4990cf748e55a8688' -> (Import Result ID: '74f8ed25bbbf4f7ecdd5f086651291be') in 0.003 seconds [static dependencies only]. Details - ImportResultOutputID=a0dd6b672dbc1636ef3cb5fd8383b4ab DependenciesID=77c588be16425798f3a87992571b76a1 StaticDependenciesID=c19939e8c4c5e8ed7522893d42c91425 
Importing 'GUID: a2223fccbc4b76546b70cd6d62739cf1 - Path: Packages/com.unity.services.core/Runtime/Threading/Unity.Services.Core.Threading.api' with importer (DefaultImporter)
Imported 'GUID: a2223fccbc4b76546b70cd6d62739cf1' -> (Import Result ID: 'acd87be782e23806484b6c8ed7858e01') in 0.000 seconds [static dependencies only]. Details - ImportResultOutputID=e81711f0b122e62dede97db33c46593f DependenciesID=5f4c966d7c92fb86aa03fd4f747acaf1 StaticDependenciesID=3c68294cfdd8e3d513ec636aa2d47c6d 
Importing 'GUID: 1396f5bdc432cd247ac75b97a31e4d1a - Path: Packages/com.unity.nuget.newtonsoft-json/Runtime/AOT/Newtonsoft.Json.pdb' with importer (DefaultImporter)
Imported 'GUID: 1396f5bdc432cd247ac75b97a31e4d1a' -> (Import Result ID: '6d47373ece70ba4815b5aafafc7c047c') in 0.000 seconds [static dependencies only]. Details - ImportResultOutputID=69995d333011451f10bc43f284eb62db DependenciesID=b73296531138ae56fabe83ae472f22e4 StaticDependenciesID=057532221e48c49cebe5a35adaee63d8 
Importing 'GUID: 93f3fa6ca41e54380b7362a953d48f4f - Path: Packages/com.unity.services.core/Runtime/Scheduler/Unity.Services.Core.Scheduler.api' with importer (DefaultImporter)
Imported 'GUID: 93f3fa6ca41e54380b7362a953d48f4f' -> (Import Result ID: 'c34ed0ecb388419f2e16ff76cdccb7dd') in 0.000 seconds [static dependencies only]. Details - ImportResultOutputID=0e09c7e09644e56bc51d4af91080fae4 DependenciesID=a0c2cbbbb0506e2347c95fd59ff2f21b StaticDependenciesID=57708ee2a70db42709e392832324394d 
Importing 'GUID: 24b38a646859243c4a35b882459da8a9 - Path: Packages/com.unity.services.core/Editor/Core/Unity.Services.Core.Editor.api' with importer (DefaultImporter)
Imported 'GUID: 24b38a646859243c4a35b882459da8a9' -> (Import Result ID: 'ab4fdc129809a0c3699526223a625e9a') in 0.000 seconds [static dependencies only]. Details - ImportResultOutputID=024c281215c72c98ca335f65c97eb480 DependenciesID=46432d37aee79b4de6ae23e1d3a7fb71 StaticDependenciesID=bd3ed4f7a0f9bd01889a08559c4095f8 
Importing 'GUID: 75ba8cc18b7164eb6aa7a8c4e64fbd25 - Path: Packages/com.unity.services.core/Runtime/Core/Unity.Services.Core.api' with importer (DefaultImporter)
Imported 'GUID: 75ba8cc18b7164eb6aa7a8c4e64fbd25' -> (Import Result ID: 'c7dfb1f86ea887bab7ca0f5af0b01d1a') in 0.000 seconds [static dependencies only]. Details - ImportResultOutputID=f5c62b7397b6fe75ccd6ddedd042a864 DependenciesID=fd73b946d409021cefdca731d6834bc3 StaticDependenciesID=f5c09a062b42ece2fa3f1cd2c058565e 
Importing 'GUID: 47b040834d0cf144b80407277a1bcadd - Path: Packages/com.unity.services.core/Runtime/Telemetry/Unity.Services.Core.Telemetry.api' with importer (DefaultImporter)
Imported 'GUID: 47b040834d0cf144b80407277a1bcadd' -> (Import Result ID: '5ecb705c66aa2a961b6635d8f80ec887') in 0.000 seconds [static dependencies only]. Details - ImportResultOutputID=018f1c636c307f8145b702d157cced4d DependenciesID=b18f7f84ccf3020f68217feb73440502 StaticDependenciesID=c96137c2e399b613b65207bf9dccf4e8 
Importing 'GUID: 6785295165a3043e78d533185c7bf4cb - Path: Packages/com.unity.services.core/Runtime/Core.Internal/Unity.Services.Core.Internal.api' with importer (DefaultImporter)
Imported 'GUID: 6785295165a3043e78d533185c7bf4cb' -> (Import Result ID: '1f6df5d13d13e962667a178fa4891771') in 0.000 seconds [static dependencies only]. Details - ImportResultOutputID=06bfdf7d7d3c33193c4f59a3af416ec6 DependenciesID=8c48ad9a2f08a62b0433b50961bcb6eb StaticDependenciesID=35d927c3b12caac06cc263ca7de148c5 
Importing 'GUID: 973daa486f51c45fab6cbd0a82a6dec7 - Path: Packages/com.unity.services.core/Runtime/Environments/Unity.Services.Core.Environments.api' with importer (DefaultImporter)
Imported 'GUID: 973daa486f51c45fab6cbd0a82a6dec7' -> (Import Result ID: '3134de8361b538641c8f8eeb2a713b04') in 0.000 seconds [static dependencies only]. Details - ImportResultOutputID=2efeb7d8c5390e0c2e949423e1d2ce2b DependenciesID=e57fab72829080ce9f041b60549da08d StaticDependenciesID=5180284837214803a3ffbfd1815ba5b2 
Importing 'GUID: 3acc39c28cb7b4e14aec130471988144 - Path: Packages/com.unity.services.core/Runtime/Analytics/Unity.Services.Core.Analytics.api' with importer (DefaultImporter)
Imported 'GUID: 3acc39c28cb7b4e14aec130471988144' -> (Import Result ID: 'ca232b012136f673400cb26eafc71fcb') in 0.000 seconds [static dependencies only]. Details - ImportResultOutputID=803666a02c9e63d8d92da237eb27bdac DependenciesID=4044b48e54b8f8a5ad3873bb13f42c97 StaticDependenciesID=cee04d59e35957485e4ba28827ec5448 
Importing 'GUID: 0b717c01fb2904de1bd971d517f26c29 - Path: Packages/com.unity.services.core/Runtime/Registration/Unity.Services.Core.Registration.api' with importer (DefaultImporter)
Imported 'GUID: 0b717c01fb2904de1bd971d517f26c29' -> (Import Result ID: 'c95be679d9229f1f26408119210fde61') in 0.000 seconds [static dependencies only]. Details - ImportResultOutputID=5ffff501a488264cfa331954d7e613f9 DependenciesID=c672bf6b487e78058b3704b63ccc6fd3 StaticDependenciesID=88e88433fcf6ecd1230225be962c037b 
Importing 'GUID: 0bc813267d884254f93e1477fe12263b - Path: Packages/com.unity.services.core/Runtime/Networking/Unity.Services.Core.Networking.api' with importer (DefaultImporter)
Imported 'GUID: 0bc813267d884254f93e1477fe12263b' -> (Import Result ID: '8f0913e5c028db854370aba7adac8c01') in 0.001 seconds [static dependencies only]. Details - ImportResultOutputID=7cbbb407f186c2e669fd248f1c39d715 DependenciesID=acf52333c20045d8b785d5f5c4906d46 StaticDependenciesID=b4afe386bda0d56529c636315b47be4c 
Importing 'GUID: dc4d653a4df37f0488eb48939f3898fd - Path: Packages/com.unity.services.core/Runtime/Components/Unity.Services.Core.Components.api' with importer (DefaultImporter)
Imported 'GUID: dc4d653a4df37f0488eb48939f3898fd' -> (Import Result ID: 'd29d948777a888358bfe5bed57603ae3') in 0.000 seconds [static dependencies only]. Details - ImportResultOutputID=150ef7391b7f81252661e6131975ff4a DependenciesID=e8330f0cb086edb69ad74fc71669bc26 StaticDependenciesID=0855dcaeeed15d8995f943f426cffea5 
Importing 'GUID: 3fdb983cd9c6943db94f76b0e6462317 - Path: Packages/com.unity.services.core/Runtime/Configuration/Unity.Services.Core.Configuration.api' with importer (DefaultImporter)
Imported 'GUID: 3fdb983cd9c6943db94f76b0e6462317' -> (Import Result ID: '9b4877fdc8bf69c9512446b0bdb3acaf') in 0.000 seconds [static dependencies only]. Details - ImportResultOutputID=906dfc779efdfaef1e9c1b3113167286 DependenciesID=dcb22fc1d474873036692095366b0001 StaticDependenciesID=55bb6fb3536edc4bf81706ac14ae3e3b 
Importing 'GUID: 9fd3161dccac3420aba623cc85241d0d - Path: Packages/com.unity.services.core/Runtime/Device/Unity.Services.Core.Device.api' with importer (DefaultImporter)
Imported 'GUID: 9fd3161dccac3420aba623cc85241d0d' -> (Import Result ID: '7c98665593e964c2d04152cd9c46a676') in 0.000 seconds [static dependencies only]. Details - ImportResultOutputID=0aec0e52f2c52e5c3e9217bada2172fe DependenciesID=d7872abb99c2b66572628581ab952436 StaticDependenciesID=62ced9e046332e13cd0f8cab8036193a 
Importing 'GUID: 22dae0cede953ee46bef52cd8dc7b9fe - Path: Packages/com.unity.services.core/Editor/Core/Configuration/Unity.Services.Core.Configuration.Editor.api' with importer (DefaultImporter)
Imported 'GUID: 22dae0cede953ee46bef52cd8dc7b9fe' -> (Import Result ID: 'bdb54b730ba6eff5a24598229127b765') in 0.000 seconds [static dependencies only]. Details - ImportResultOutputID=1ab76ac523068f3b19228607dad5d1e9 DependenciesID=b22f09a4fb968f92b906f5c13bbc643b StaticDependenciesID=11cb4cfc3891957ebdbb8ba59471d8b4 
Importing 'GUID: a4ebf98f04dc14143987a9c9bfbcac75 - Path: Packages/com.unity.services.core/Editor/Core/Environments/Unity.Services.Core.Environments.Editor.api' with importer (DefaultImporter)
Imported 'GUID: a4ebf98f04dc14143987a9c9bfbcac75' -> (Import Result ID: 'cc6699c5a5e20a1556f685ca4510a2a9') in 0.000 seconds [static dependencies only]. Details - ImportResultOutputID=8227e04e280fccf42f74c5e193420798 DependenciesID=203b12b05642c884c7fa5ebbe86fcb6b StaticDependenciesID=c5bf46547f5769a7b9bb1cf3c9c05493 
Importing 'GUID: bd92d50cc3f25354fbc10dd21151d4ff - Path: Packages/com.unity.services.core/Runtime/Environments/Internal/Unity.Services.Core.Environments.Internal.api' with importer (DefaultImporter)
Imported 'GUID: bd92d50cc3f25354fbc10dd21151d4ff' -> (Import Result ID: 'd7a922fe5c60e0aee5350dfbfc71c999') in 0.000 seconds [static dependencies only]. Details - ImportResultOutputID=3c3a22a6ae98acbcebb68f70bd2518aa DependenciesID=2d99c9b5ff9301048d018982e2671fe2 StaticDependenciesID=f35ace23ff5ff46251a65e585205f9c1 
Importing 'GUID: a127ad594a2674977afd86869361d480 - Path: Packages/com.unity.services.cloud-build/Icons/build_restarted.png' with importer (TextureImporter)
Imported 'GUID: a127ad594a2674977afd86869361d480' -> (Import Result ID: '3b8a5b106b31ae5ce6df93696a1160e9') in 0.003 seconds [static and dynamic dependencies]. Details - ImportResultOutputID=30cdae57b6cc3df3737f7f7b130876ac DependenciesID=110754f1e9f70021a9d623439e6a1350 StaticDependenciesID=630e65eb1ddfa80ef9a295ee6b2c38fd 
Importing 'GUID: e1973d48b031b43d5b8193dbf5919130 - Path: Packages/com.unity.services.cloud-build/Icons/build_queued.png' with importer (TextureImporter)
Imported 'GUID: e1973d48b031b43d5b8193dbf5919130' -> (Import Result ID: '96c61108665d5f58b47921762a75d74f') in 0.000 seconds [static and dynamic dependencies]. Details - ImportResultOutputID=87388502ae6b35bdba2e0da622ce01b4 DependenciesID=3f6849f34ac063e5f8dffe44651d4aad StaticDependenciesID=823f78c533f69e5311b9a34b45001887 
Importing 'GUID: 03b3c1b798f94469d9d6ee53c06cc3f1 - Path: Packages/com.unity.services.cloud-build/Icons/build_unknown.png' with importer (TextureImporter)
Imported 'GUID: 03b3c1b798f94469d9d6ee53c06cc3f1' -> (Import Result ID: 'cc488b9eff970f75e9d5106671520c88') in 0.000 seconds [static and dynamic dependencies]. Details - ImportResultOutputID=32143350bb296ea0d50e15b1438365b7 DependenciesID=ee13dd129d75a279c85ad808e3b3a423 StaticDependenciesID=e90930b851a76a00153cf0837a998d9e 
Importing 'GUID: 33e7a901e7ac1483fa2833663d2357a8 - Path: Packages/com.unity.services.cloud-build/Icons/build_success.png' with importer (TextureImporter)
Imported 'GUID: 33e7a901e7ac1483fa2833663d2357a8' -> (Import Result ID: '0ab2cfcbf1434531ec5f725d42e7b2a9') in 0.000 seconds [static and dynamic dependencies]. Details - ImportResultOutputID=ebb2e21b6fd29d51224bc86d7b1109c2 DependenciesID=eb51634db9cf4cb9a165af793b92025d StaticDependenciesID=0776cc5b6fcc3844412367071fe0ccc2 
Importing 'GUID: 04ca3057bc8a3462899551a1d4c90184 - Path: Packages/com.unity.services.core/Editor/Core/UiHelpers/Images/ToggleOff.png' with importer (TextureImporter)
Imported 'GUID: 04ca3057bc8a3462899551a1d4c90184' -> (Import Result ID: '5ce7a62344c62a833f94dfe88402bd19') in 0.001 seconds [static and dynamic dependencies]. Details - ImportResultOutputID=5ce80d6c685fed128f2b61eefe23831d DependenciesID=dfff3ccbbb4b095b139be17e4f2977b1 StaticDependenciesID=be25dd0034738d3dc0909cfee2abaa56 
Importing 'GUID: a54f157b6c0e94cd898f9480461ce2a4 - Path: Packages/com.unity.services.cloud-build/Icons/build_failed.png' with importer (TextureImporter)
Imported 'GUID: a54f157b6c0e94cd898f9480461ce2a4' -> (Import Result ID: '5e537119083ddb4df8d06565a615ec02') in 0.000 seconds [static and dynamic dependencies]. Details - ImportResultOutputID=16e150a721dfe0682f0d943d7147561a DependenciesID=d365cc084c138d1c1429c400ba890c09 StaticDependenciesID=1c9d40353cc5352e1db841d336bdda5f 
Importing 'GUID: b5c134d37a9e044bbb936a230cba13ce - Path: Packages/com.unity.services.cloud-build/Icons/build_started.png' with importer (TextureImporter)
Imported 'GUID: b5c134d37a9e044bbb936a230cba13ce' -> (Import Result ID: 'e98995bca8906a0ee619e10bdaf9fc76') in 0.000 seconds [static and dynamic dependencies]. Details - ImportResultOutputID=537235f26ffb21ae884af58af00b7c8f DependenciesID=708823f6703507300b7ddbbb7f55f43a StaticDependenciesID=cabd8a6068236df5355c9b71a73af7ac 
Importing 'GUID: 5851f7a45fb45438984f24b9d30f4972 - Path: Packages/com.unity.services.cloud-build/Icons/build_sentToBuilder.png' with importer (TextureImporter)
Imported 'GUID: 5851f7a45fb45438984f24b9d30f4972' -> (Import Result ID: 'c32b976b7c650e521e8b6b37569bdbab') in 0.000 seconds [static and dynamic dependencies]. Details - ImportResultOutputID=48ec48b6ae879cd8f209ad9481b8ac78 DependenciesID=42117d6a08629ddbe8ab08e25bcc6be4 StaticDependenciesID=484cf5d66e8c557039c89703d512aa57 
Importing 'GUID: e97f44a089f144758b462da41bc96973 - Path: Packages/com.unity.services.core/Editor/Core/UiHelpers/Images/ToggleOn.png' with importer (TextureImporter)
Imported 'GUID: e97f44a089f144758b462da41bc96973' -> (Import Result ID: '9436cccc2ffca4a1473eaf2aab29540c') in 0.001 seconds [static and dynamic dependencies]. Details - ImportResultOutputID=f70814d0e45752e645256965262b8f6e DependenciesID=3fc817e9a98c0bda7c5a5d91b4f18202 StaticDependenciesID=63b1ce6c16e5d4c2c99111f149365faa 
Importing 'GUID: 9b71409f18e224984a570ffc7bfda272 - Path: Packages/com.unity.services.cloud-build/Icons/build_canceled.png' with importer (TextureImporter)
Imported 'GUID: 9b71409f18e224984a570ffc7bfda272' -> (Import Result ID: '80bb5624e3f68071986e9ac05651486b') in 0.000 seconds [static and dynamic dependencies]. Details - ImportResultOutputID=e3cb8453b30df446a8f2a4a3b40577a0 DependenciesID=f8b8726ba4cefda04d9b0acc80d3071d StaticDependenciesID=26fbe17064001c0132d495eaba0d0e23 
Importing 'GUID: dcfa8e537229b4e8db4c6bc39a906c89 - Path: Packages/com.unity.services.core/Editor/Core/UiHelpers/Images/ExternalLinkIcon.png' with importer (TextureImporter)
Imported 'GUID: dcfa8e537229b4e8db4c6bc39a906c89' -> (Import Result ID: 'a7453b0aafe6b1aaba19ff44de23faa2') in 0.000 seconds [static and dynamic dependencies]. Details - ImportResultOutputID=25639d48c7d64894f49bbd494d60ce9d DependenciesID=80751d0233e9c870d58e71be75cfe1aa StaticDependenciesID=936e8ee6c64be3317054ac265dbc676e 
Importing 'GUID: 3d2603eea16e84cb7912b8ac4972a34e - Path: Packages/com.unity.services.cloud-build/Icons/build_paused.png' with importer (TextureImporter)
Imported 'GUID: 3d2603eea16e84cb7912b8ac4972a34e' -> (Import Result ID: '699ffb04fc59735d28d0bead67b4df2e') in 0.000 seconds [static and dynamic dependencies]. Details - ImportResultOutputID=e55186740e64eac1eb3946eb1f32df05 DependenciesID=942a65e0b286fc244ffa17385f6c6b41 StaticDependenciesID=6b86564099e56a1c6f3e33b104930a64 
Importing 'GUID: 30e93d52fa3094ae7a2937dddf9a281c - Path: Packages/com.unity.services.cloud-build/package.json' with importer (PackageManifestImporter)
Imported 'GUID: 30e93d52fa3094ae7a2937dddf9a281c' -> (Import Result ID: '6a8049fd58693aadf66dede9a36dae5f') in 0.000 seconds [static dependencies only]. Details - ImportResultOutputID=8438652e838cc63bc42f1668ee7fec31 DependenciesID=c8f5553d38b10c61519b72a022029f5d StaticDependenciesID=0574096c47e76e148f62dc718f6a893c 
Importing 'GUID: 31743f7694cbb42df858f2eb09ec2a14 - Path: Packages/com.unity.services.cloud-build/README.md' with importer (TextScriptImporter)
Imported 'GUID: 31743f7694cbb42df858f2eb09ec2a14' -> (Import Result ID: 'fb7a470dd0cfc737c857bb2dbd6e3f57') in 0.001 seconds [static dependencies only]. Details - ImportResultOutputID=d27ac0942d69dfba9f19fd6d354277a3 DependenciesID=48ce0da2f26f5e3cc99f3841770aab32 StaticDependenciesID=86f32b173b3c244f94e76e3982fd79e2 
Importing 'GUID: 51bd45ca4f0f28342a12f4b0c80e9f4f - Path: Packages/com.unity.nuget.newtonsoft-json/README.md' with importer (TextScriptImporter)
Imported 'GUID: 51bd45ca4f0f28342a12f4b0c80e9f4f' -> (Import Result ID: '2f70735fd5cc082ce8e234efa258c626') in 0.000 seconds [static dependencies only]. Details - ImportResultOutputID=cb412ed2c820538562167ff23c8dff6e DependenciesID=09000b10d246e41f0f9da8e9e67b5297 StaticDependenciesID=cd07f7f5f636a4b02d61efb237d25103 
Importing 'GUID: a1b72e317de21944db60cab0b6122b91 - Path: Packages/com.unity.services.core/Editor/Core/Configuration/productionUrls.json' with importer (TextScriptImporter)
Imported 'GUID: a1b72e317de21944db60cab0b6122b91' -> (Import Result ID: 'c538c30c268bf135f736dc112ad32b58') in 0.000 seconds [static dependencies only]. Details - ImportResultOutputID=fa439803f21a232119667ae87f819c06 DependenciesID=6bccee955989411446ab2387112a2219 StaticDependenciesID=ca740eeda47bd805ae3188d16fd27890 
Importing 'GUID: 24efe08f95549ab4699df4c1b55703e5 - Path: Packages/com.unity.nuget.newtonsoft-json/LICENSE.md' with importer (TextScriptImporter)
Imported 'GUID: 24efe08f95549ab4699df4c1b55703e5' -> (Import Result ID: 'd8eacc87ea2b9cbc71bbbead8b337e34') in 0.000 seconds [static dependencies only]. Details - ImportResultOutputID=37940af77dc19098ee94ac2bbeecd80a DependenciesID=b79c5b02b9e5c83d00dde3409cf72936 StaticDependenciesID=f834eadff454e8358bd2d40ac2d4054b 
Importing 'GUID: 9422d9b1fde3cf644b4a0dddd10a7348 - Path: Packages/com.unity.nuget.newtonsoft-json/Third Party Notices.md' with importer (TextScriptImporter)
Imported 'GUID: 9422d9b1fde3cf644b4a0dddd10a7348' -> (Import Result ID: 'a5e6dd85ae482e515f05d3f8491f237d') in 0.000 seconds [static dependencies only]. Details - ImportResultOutputID=c1ea3cd0b9fa7e3e603ec1037ceb6520 DependenciesID=d77e94b106acb02ac57793e7e056257e StaticDependenciesID=0184b4377f5f2bf67fb6db860275b073 
Importing 'GUID: 06af021de11772b48ab2c729e6da3dc6 - Path: Packages/com.unity.services.core/CHANGELOG.md' with importer (TextScriptImporter)
Imported 'GUID: 06af021de11772b48ab2c729e6da3dc6' -> (Import Result ID: 'e5f321be73c67417f961035a2b33d3f1') in 0.000 seconds [static dependencies only]. Details - ImportResultOutputID=1e4d69eb1ea3f86d3e67bb3326dab58d DependenciesID=f5aaf44f5c539b5fe51c3efbb6f592b7 StaticDependenciesID=62a03ed2c8c80e4430097b9bbbb171cb 
Importing 'GUID: 16f24f695cc06684991baf4b1bc6ad22 - Path: Packages/com.unity.nuget.newtonsoft-json/CHANGELOG.md' with importer (TextScriptImporter)
Imported 'GUID: 16f24f695cc06684991baf4b1bc6ad22' -> (Import Result ID: '033524e2e4db16a459fae34e8b54b7df') in 0.000 seconds [static dependencies only]. Details - ImportResultOutputID=2c587b68571c2944afdd40ff66381675 DependenciesID=ca552a6ad0bcf03ec927a1f584c759c2 StaticDependenciesID=a9d1d8cd7c5452b57afa51acb360bee1 
Importing 'GUID: b77daad429a8d427084daf2d73df3a9b - Path: Packages/com.unity.services.cloud-build/LICENSE.md' with importer (TextScriptImporter)
Imported 'GUID: b77daad429a8d427084daf2d73df3a9b' -> (Import Result ID: '6801f374bcc9511494e21ca3414b002b') in 0.000 seconds [static dependencies only]. Details - ImportResultOutputID=376f00b5c1469fe0cf79f2c27c0b854b DependenciesID=6386b3dff223d1a1fafc22677da3fbbe StaticDependenciesID=fdac29ff522f37ecb923f93461503d1a 
Importing 'GUID: f72d309edb0319e498233c3c2bb07a14 - Path: Packages/com.unity.services.core/ValidationExceptions.json' with importer (TextScriptImporter)
Imported 'GUID: f72d309edb0319e498233c3c2bb07a14' -> (Import Result ID: '77ea6b1e9e2d54b1485356665e1c5170') in 0.000 seconds [static dependencies only]. Details - ImportResultOutputID=c968dd2704ce5a48f382a2e54baca7fb DependenciesID=ba22d2032a1040bfe00ab5da2f9b65ff StaticDependenciesID=f4341900c418537416e5e8b85b2f5706 
Importing 'GUID: 182c5bcc97fc21747a9ca5e01da1ed3f - Path: Packages/com.unity.services.core/package.json' with importer (PackageManifestImporter)
Imported 'GUID: 182c5bcc97fc21747a9ca5e01da1ed3f' -> (Import Result ID: 'b0c6998ff74cdba43ef569a400a685d5') in 0.000 seconds [static dependencies only]. Details - ImportResultOutputID=dee61991aeb7634c2a349cdc451f34cf DependenciesID=5ea5e80531e04de4c1df293a19b4a47d StaticDependenciesID=5cfe9b865ccc1323da14e7eb51f4aaca 
Importing 'GUID: a8a90c35b04530c4f971aaef6fdf3612 - Path: Packages/com.unity.nuget.newtonsoft-json/link.xml' with importer (TextScriptImporter)
Imported 'GUID: a8a90c35b04530c4f971aaef6fdf3612' -> (Import Result ID: 'e370e857a02f36f54b7be8c75b941dcf') in 0.000 seconds [static dependencies only]. Details - ImportResultOutputID=c257b0f52d903cf07d8589f57132dc11 DependenciesID=d7b662077794a6987057fc4db57dc71d StaticDependenciesID=91b490bab81f6cc8e83a4d2466a3b499 
Importing 'GUID: f8d4e5c2f2df25449ae8c391afbe5114 - Path: Packages/com.unity.nuget.newtonsoft-json/package.json' with importer (PackageManifestImporter)
Imported 'GUID: f8d4e5c2f2df25449ae8c391afbe5114' -> (Import Result ID: 'b30403deeda61b55c29e1aec3c441d12') in 0.000 seconds [static dependencies only]. Details - ImportResultOutputID=743f87e78a5f112f0a39e3cbd7a28bfe DependenciesID=b4b9e306687269809a38990ec048c86d StaticDependenciesID=203dde2c326c9f123664d78e6ffdf577 
Importing 'GUID: 9a0c99ca7bb84684fbf1df9c8f77e89f - Path: Packages/com.unity.services.core/README.md' with importer (TextScriptImporter)
Imported 'GUID: 9a0c99ca7bb84684fbf1df9c8f77e89f' -> (Import Result ID: '4593b22319c76fce1d183691f6b379bf') in 0.000 seconds [static dependencies only]. Details - ImportResultOutputID=117c60916629c941bccf294fb02f6276 DependenciesID=60863bd46c0a13473a0b35e652738850 StaticDependenciesID=65d70c258a2f2ba48d8e9be5c1c76d61 
Importing 'GUID: 4c5640e415edbe342bbe339175268dfc - Path: Packages/com.unity.nuget.newtonsoft-json/Runtime/AOT/Newtonsoft.Json.xml' with importer (TextScriptImporter)
Imported 'GUID: 4c5640e415edbe342bbe339175268dfc' -> (Import Result ID: 'c89f02cb836c56353ff262afa8296edf') in 0.001 seconds [static dependencies only]. Details - ImportResultOutputID=77406d2893f8d3364547fd94d1484ea0 DependenciesID=be1c1dac25e63f2805076698936086c0 StaticDependenciesID=73a038991d2a92c30bbb061129560a42 
Importing 'GUID: 0d41728ad423e904cb4aa8ee699c4e42 - Path: Packages/com.unity.services.core/LICENSE.md' with importer (TextScriptImporter)
Imported 'GUID: 0d41728ad423e904cb4aa8ee699c4e42' -> (Import Result ID: '9dccbfa93adfab1c0ea44977a9b04864') in 0.000 seconds [static dependencies only]. Details - ImportResultOutputID=36681fe842c9e171f80a56030dda5a27 DependenciesID=de4e71b892e2ff1ac9074f288e0c7de5 StaticDependenciesID=ddbf5186bf38f1f8e756cefd6ac9dd04 
Importing 'GUID: 4d1d46c7e4434420a8f72add85dd091d - Path: Packages/com.unity.services.cloud-build/THIRD PARTY NOTICES.md' with importer (TextScriptImporter)
Imported 'GUID: 4d1d46c7e4434420a8f72add85dd091d' -> (Import Result ID: '43f38e08c24db467227d5c757345091c') in 0.000 seconds [static dependencies only]. Details - ImportResultOutputID=870386c094087bdc95d2dac201a54178 DependenciesID=cadbd9d048709d4e72ff0b5a1ad4d72d StaticDependenciesID=1db404df87b4cdc1ba9c11c1b4aa687b 
Importing 'GUID: bd7e6274acbab4651a963ac09daf6dd8 - Path: Packages/com.unity.services.cloud-build/CHANGELOG.md' with importer (TextScriptImporter)
Imported 'GUID: bd7e6274acbab4651a963ac09daf6dd8' -> (Import Result ID: 'e33625931f2bc9d6058b38b84278a5d5') in 0.000 seconds [static dependencies only]. Details - ImportResultOutputID=3981eb3aade9aabe6df8ddc675c55ed8 DependenciesID=9bccf57a504f785572011882c6d4c0b7 StaticDependenciesID=47181ecc27796c219deff9d3cb23a119 
Importing 'GUID: fed01095b990a354289891ead909238f - Path: Packages/com.unity.nuget.newtonsoft-json/Runtime/Newtonsoft.Json.xml' with importer (TextScriptImporter)
Imported 'GUID: fed01095b990a354289891ead909238f' -> (Import Result ID: '2e3bede73d415e63c3afd7c958f80e1b') in 0.001 seconds [static dependencies only]. Details - ImportResultOutputID=46748013672dc4f197f57fc5422d1408 DependenciesID=fb3d395449562953aa6c4486b4bdb747 StaticDependenciesID=2a2bdd1bae0f8953e0317952c984d23e 
Importing 'GUID: 70a510401d114452a9dc4a53f35f6bfc - Path: Packages/com.unity.services.core/Editor/Core/Environments/UI/Assets/EnvironmentSelectorUi.uss' with importer (ScriptedImporter : UnityEditor.CoreModule:UnityEditor.UIElements.StyleSheets:StyleSheetImporter)
Imported 'GUID: 70a510401d114452a9dc4a53f35f6bfc' -> (Import Result ID: '6b008cb2b274e9138b2191e8565efcb5') in 0.013 seconds [static and dynamic dependencies]. Details - ImportResultOutputID=f29aece6ebdcf1504e72b8bcdad3ce60 DependenciesID=17998944ac6adce82140635ed4e943eb StaticDependenciesID=1bd0dccfc53416366eebae1e2949b056 
Importing 'GUID: 90bd6c54a71b541299caf2a914b3d1ee - Path: Packages/com.unity.services.cloud-build/Editor/USS/BuildProfile.uss' with importer (ScriptedImporter : UnityEditor.CoreModule:UnityEditor.UIElements.StyleSheets:StyleSheetImporter)
Imported 'GUID: 90bd6c54a71b541299caf2a914b3d1ee' -> (Import Result ID: '6df773238b272db79ac394f7050e4c29') in 0.007 seconds [static and dynamic dependencies]. Details - ImportResultOutputID=b3ef4c7cfb1c8c4ea1238dcce19ef853 DependenciesID=84cc48414a3d7c1b27d73f70f405f9c4 StaticDependenciesID=053895773b35c3fab3bbf69b7e7dea04 
Importing 'GUID: 42a0b66a9be7b4cf589ea1f73e59d3a3 - Path: Packages/com.unity.services.core/Editor/Core/Environments/UI/Assets/EnvironmentDropdown.uss' with importer (ScriptedImporter : UnityEditor.CoreModule:UnityEditor.UIElements.StyleSheets:StyleSheetImporter)
Imported 'GUID: 42a0b66a9be7b4cf589ea1f73e59d3a3' -> (Import Result ID: '91b339e0e42184e8c8cd59737b19cea5') in 0.001 seconds [static and dynamic dependencies]. Details - ImportResultOutputID=ff76815d061fd8b66bb7abe6ca010c4f DependenciesID=bf3881ec026ae64240cb7c7277503d2f StaticDependenciesID=14f3904f26763a4c66aadf6b86dfceb8 
Importing 'GUID: d4f6a83cd2a8c40ce97bda4199084fbc - Path: Packages/com.unity.services.core/Editor/Core/UiHelpers/USS/PlatformSupportVisualDark.uss' with importer (ScriptedImporter : UnityEditor.CoreModule:UnityEditor.UIElements.StyleSheets:StyleSheetImporter)
Imported 'GUID: d4f6a83cd2a8c40ce97bda4199084fbc' -> (Import Result ID: 'df8eca3ace39208c85fdb97c1a20139a') in 0.001 seconds [static and dynamic dependencies]. Details - ImportResultOutputID=1826a57979177c88dfaeda2f430040ad DependenciesID=7cf33977b6eae94a0077cf983842dd5f StaticDependenciesID=08f7d589493b9b32e0265cddfbaf3510 
Importing 'GUID: 65ea1516d975048d59571ca8c47688a9 - Path: Packages/com.unity.services.core/Editor/Core/Environments/UI/Assets/EnvironmentView_style.uss' with importer (ScriptedImporter : UnityEditor.CoreModule:UnityEditor.UIElements.StyleSheets:StyleSheetImporter)
Imported 'GUID: 65ea1516d975048d59571ca8c47688a9' -> (Import Result ID: '9c6f52dc0ff3693c6eb4dc05004fcd00') in 0.002 seconds [static and dynamic dependencies]. Details - ImportResultOutputID=9a58da4fb4bbd121fc5a913f3abf8b0a DependenciesID=07a0b6ab5f74afac8a851177eed08f19 StaticDependenciesID=1c0f774e06ce0134c632f93d3f7debb0 
Importing 'GUID: 859a95323373144b7a6b438edfc6ee56 - Path: Packages/com.unity.services.core/Editor/Core/ProjectBindRedirect/USS/ProjectBindRedirectProjectSettings.uss' with importer (ScriptedImporter : UnityEditor.CoreModule:UnityEditor.UIElements.StyleSheets:StyleSheetImporter)
Imported 'GUID: 859a95323373144b7a6b438edfc6ee56' -> (Import Result ID: '8e6b93726765af262bb4257e90a4503d') in 0.002 seconds [static and dynamic dependencies]. Details - ImportResultOutputID=63c11436d26db6468167672992058540 DependenciesID=6456a675a2b7e58c18bffa92a0bbc7d8 StaticDependenciesID=f8d0c53114b27752ac8662dccd343031 
Importing 'GUID: c56cb2f61c79e4427b47e2dedd499d46 - Path: Packages/com.unity.services.core/Editor/Core/UiHelpers/USS/PlatformSupportVisualLight.uss' with importer (ScriptedImporter : UnityEditor.CoreModule:UnityEditor.UIElements.StyleSheets:StyleSheetImporter)
Imported 'GUID: c56cb2f61c79e4427b47e2dedd499d46' -> (Import Result ID: '94c08fb1eb6eed3a7e5b9c718352482c') in 0.001 seconds [static and dynamic dependencies]. Details - ImportResultOutputID=4f9eda4a67e899a3f110831f649f0b4b DependenciesID=3bf33849dd6c56ddfea8e05e29b4b0d9 StaticDependenciesID=ef72d08aef6038d4d16e9a2618df071a 
Importing 'GUID: 990ecbe74fdfe264c984fd5827e08cfe - Path: Packages/com.unity.services.core/Editor/Core/ProjectBindRedirect/USS/ProjectBindRedirectPopupCommon.uss' with importer (ScriptedImporter : UnityEditor.CoreModule:UnityEditor.UIElements.StyleSheets:StyleSheetImporter)
Imported 'GUID: 990ecbe74fdfe264c984fd5827e08cfe' -> (Import Result ID: '9810d6a83a1ecc64a6340ef59ca24ab0') in 0.001 seconds [static and dynamic dependencies]. Details - ImportResultOutputID=1a24b34f4b43dba81c107e4df4db2d90 DependenciesID=30002e726acc6ee3a4892dd097e7cb2d StaticDependenciesID=6b4d36cd41ba0d5418fe1ec2f97314b9 
Importing 'GUID: 1a303738ae14b4b0c8a513889c711eea - Path: Packages/com.unity.services.core/Editor/Core/UiHelpers/USS/SliderToggleCommon.uss' with importer (ScriptedImporter : UnityEditor.CoreModule:UnityEditor.UIElements.StyleSheets:StyleSheetImporter)
Imported 'GUID: 1a303738ae14b4b0c8a513889c711eea' -> (Import Result ID: 'ef914cf0541e69ec2d4051ea1f5f7876') in 0.001 seconds [static and dynamic dependencies]. Details - ImportResultOutputID=531e085bc936f228dccbd6367289a292 DependenciesID=ce93b087c4dcf7cb9fa258467c23f611 StaticDependenciesID=7a9a119e8b10f2f6394172fd5b297d5f 
Importing 'GUID: 9adf428799cec421caeecd93d938c500 - Path: Packages/com.unity.services.core/Editor/Core/UiHelpers/USS/PlatformSupportVisualCommon.uss' with importer (ScriptedImporter : UnityEditor.CoreModule:UnityEditor.UIElements.StyleSheets:StyleSheetImporter)
Imported 'GUID: 9adf428799cec421caeecd93d938c500' -> (Import Result ID: 'fa1a327145220a4f66b66e875c4aecd8') in 0.001 seconds [static and dynamic dependencies]. Details - ImportResultOutputID=d625ab4abd48b5f58b28988a37120366 DependenciesID=11db43080f6879ca052fd8babc23e3fc StaticDependenciesID=c2bc74ce7defd3756fa87fbb1847d0c4 
Importing 'GUID: 4b167fb836933974a9ab0b380bec5b98 - Path: Packages/com.unity.services.core/Editor/Core/ProjectBindRedirect/USS/ProjectBindRedirectPopupDark.uss' with importer (ScriptedImporter : UnityEditor.CoreModule:UnityEditor.UIElements.StyleSheets:StyleSheetImporter)
Imported 'GUID: 4b167fb836933974a9ab0b380bec5b98' -> (Import Result ID: '41984adf0960407a9bf2f3060f354502') in 0.001 seconds [static and dynamic dependencies]. Details - ImportResultOutputID=c3b1716b6e81f828e89a3cc8bff35ca1 DependenciesID=ccf02cdd4ee1c62c8f0c91aebd2da220 StaticDependenciesID=73d2d706e3c9b7df2deddae494bf550d 
Importing 'GUID: 5b82a86adaaeb4c0786b09f4f5b9065a - Path: Packages/com.unity.services.core/Editor/Core/EditorGameService/USS/ServicesProjectSettingsCommon.uss' with importer (ScriptedImporter : UnityEditor.CoreModule:UnityEditor.UIElements.StyleSheets:StyleSheetImporter)
Imported 'GUID: 5b82a86adaaeb4c0786b09f4f5b9065a' -> (Import Result ID: '01ff92c5e82aa442488a28b689c0249d') in 0.003 seconds [static and dynamic dependencies]. Details - ImportResultOutputID=d5934b16dea4a239bb35066574194e53 DependenciesID=93b1823a65619b53f8eb28a2693edff9 StaticDependenciesID=5788100f1ca663e34900ec19ffefe824 
Importing 'GUID: 8bd936a12126f430fbbe1649a8bf5be7 - Path: Packages/com.unity.services.cloud-build/Editor/USS/BuildAutomationHistory.uss' with importer (ScriptedImporter : UnityEditor.CoreModule:UnityEditor.UIElements.StyleSheets:StyleSheetImporter)
Imported 'GUID: 8bd936a12126f430fbbe1649a8bf5be7' -> (Import Result ID: 'b128abf0878b2a892f074fa31db450c6') in 0.001 seconds [static and dynamic dependencies]. Details - ImportResultOutputID=6086af01373220e7660fcf80926a529d DependenciesID=fb9f6c3c176687d3c5dbe58f2d6bedbb StaticDependenciesID=55e259a30b3956abe12a3213cc0fb934 
Importing 'GUID: ebe4630c4fee24fa99c02c62897bfcb9 - Path: Packages/com.unity.services.core/Editor/Core/EditorGameService/USS/ServicesProjectSettingsLight.uss' with importer (ScriptedImporter : UnityEditor.CoreModule:UnityEditor.UIElements.StyleSheets:StyleSheetImporter)
Imported 'GUID: ebe4630c4fee24fa99c02c62897bfcb9' -> (Import Result ID: '9f26398d7bc5c51c26255a89dbdd2b0b') in 0.001 seconds [static and dynamic dependencies]. Details - ImportResultOutputID=ff09226f736e992fd99f809de89a24fd DependenciesID=a02a85bc2b3656934d70c3ff43d3506c StaticDependenciesID=7ddf5b8ba180915bc4fbf236343fc3e3 
Importing 'GUID: 7c83fba134eed5642bd60711033a2758 - Path: Packages/com.unity.services.core/Editor/Core/ProjectBindRedirect/USS/ProjectBindRedirectPopupLight.uss' with importer (ScriptedImporter : UnityEditor.CoreModule:UnityEditor.UIElements.StyleSheets:StyleSheetImporter)
Imported 'GUID: 7c83fba134eed5642bd60711033a2758' -> (Import Result ID: '201c5f1d94663a7ff5771cd36b85cedd') in 0.001 seconds [static and dynamic dependencies]. Details - ImportResultOutputID=425a814aff2d5edd06f6ed1dadd6fb87 DependenciesID=f9e467df7e38478aa4b33bff09618042 StaticDependenciesID=f40b9408f960501cada1ab2afbc9878a 
Importing 'GUID: 8d3c945b112744efda5b766100f90895 - Path: Packages/com.unity.services.core/Editor/Core/EditorGameService/USS/ServicesProjectSettingsDark.uss' with importer (ScriptedImporter : UnityEditor.CoreModule:UnityEditor.UIElements.StyleSheets:StyleSheetImporter)
Imported 'GUID: 8d3c945b112744efda5b766100f90895' -> (Import Result ID: '2138d65d023e935603bddf8a75b0933e') in 0.001 seconds [static and dynamic dependencies]. Details - ImportResultOutputID=73a1dd1920c647cc56dd950f3249445c DependenciesID=99a7881bdb40799aeaa8410276cc587c StaticDependenciesID=cfa193d7daf3f28cfefa0c0f0c3e73ea 
Importing 'GUID: 2e0cb19278ad147c0b3a3be846482657 - Path: Packages/com.unity.services.cloud-build/Editor/USS/BuildAutomationStyleSheet.uss' with importer (ScriptedImporter : UnityEditor.CoreModule:UnityEditor.UIElements.StyleSheets:StyleSheetImporter)
Imported 'GUID: 2e0cb19278ad147c0b3a3be846482657' -> (Import Result ID: '3ac8f014fd8584aa4a02e00ad8d9ea5c') in 0.003 seconds [static and dynamic dependencies]. Details - ImportResultOutputID=2b26800849e198326f44262ab855e579 DependenciesID=cbf6c13ff051f53b1dd9f66fd4cb963a StaticDependenciesID=3922ff87deb5004b37ec5ccd47711358 
Importing 'GUID: 9021ecdbba26e420baa115f09cb56091 - Path: Packages/com.unity.services.core/Editor/Core/UiHelpers/UXML/ExceptionVisual.uxml' with importer (ScriptedImporter : UnityEditor.UIElementsModule:UnityEditor.UIElements:UIElementsViewImporter)
Imported 'GUID: 9021ecdbba26e420baa115f09cb56091' -> (Import Result ID: '6e963036d8086ee9a6f67a3896817cba') in 0.013 seconds [static and dynamic dependencies]. Details - ImportResultOutputID=45b2edeeb3270be0fc6685fa62633f26 DependenciesID=05454107544f357808691cae12358729 StaticDependenciesID=a543960e3f392bdb2e95d36845c11114 
Importing 'GUID: a2dc14fd753645aebb829f7fae069a82 - Path: Packages/com.unity.services.cloud-build/Editor/UXML/HistoryCells/PlatformHistoryCell.uxml' with importer (ScriptedImporter : UnityEditor.UIElementsModule:UnityEditor.UIElements:UIElementsViewImporter)
Imported 'GUID: a2dc14fd753645aebb829f7fae069a82' -> (Import Result ID: '80307c36698839565cdc961722e97f72') in 0.002 seconds [static and dynamic dependencies]. Details - ImportResultOutputID=fc584e32bd4a3495246304fe59a04db9 DependenciesID=825a73a6d7f8f149dfdf7073e5259b0e StaticDependenciesID=93e11439ea9fd8a82cb0b52a9006cdcc 
Importing 'GUID: b216b8dd0d404824bad8343cb2dac986 - Path: Packages/com.unity.services.cloud-build/Editor/UXML/HistoryCells/IndexHistoryCell.uxml' with importer (ScriptedImporter : UnityEditor.UIElementsModule:UnityEditor.UIElements:UIElementsViewImporter)
Imported 'GUID: b216b8dd0d404824bad8343cb2dac986' -> (Import Result ID: '21ade40ee9601f2a6b8eab7dedd394b9') in 0.001 seconds [static and dynamic dependencies]. Details - ImportResultOutputID=a11b38e105975d38d2282fcb633e6bb6 DependenciesID=be21b003679ff6f3e76140f642d5e87f StaticDependenciesID=1f55464dbaa4663b2172665eb7a077ed 
Importing 'GUID: c3ea97ea17d794d399434834be23ac62 - Path: Packages/com.unity.services.core/Editor/Core/ProjectBindRedirect/UXML/ProjectBindRedirectContent.uxml' with importer (ScriptedImporter : UnityEditor.UIElementsModule:UnityEditor.UIElements:UIElementsViewImporter)
Imported 'GUID: c3ea97ea17d794d399434834be23ac62' -> (Import Result ID: '943f5804eb49e08ccf90ed5df636d5f2') in 0.001 seconds [static and dynamic dependencies]. Details - ImportResultOutputID=58738ffcc0d4fda70084f1968da079e4 DependenciesID=d8b49bc4595097aba0a8e6263d4b4076 StaticDependenciesID=ce701ff9ff889afd5b0bd397e590777a 
Importing 'GUID: 25817525973c443a8af59ddd3933b035 - Path: Packages/com.unity.services.core/Editor/Core/Environments/UI/Assets/EnvironmentDropdown.uxml' with importer (ScriptedImporter : UnityEditor.UIElementsModule:UnityEditor.UIElements:UIElementsViewImporter)
Imported 'GUID: 25817525973c443a8af59ddd3933b035' -> (Import Result ID: 'e4c6c46e1044e1dbbeb7ee7e3fc4dd83') in 0.005 seconds [static and dynamic dependencies]. Details - ImportResultOutputID=d12f637f3910961b263256971f299cfa DependenciesID=20fb26836abc72f4fa2e039b7bffeee4 StaticDependenciesID=1c9add2d54ca049f0f154669e4a4bc73 
Importing 'GUID: b7ecf3a3ec1c94010a20351870519493 - Path: Packages/com.unity.services.core/Editor/Core/UiHelpers/UXML/PleaseWait.uxml' with importer (ScriptedImporter : UnityEditor.UIElementsModule:UnityEditor.UIElements:UIElementsViewImporter)
Imported 'GUID: b7ecf3a3ec1c94010a20351870519493' -> (Import Result ID: 'a5ccbc89cd458455d0d834d7fcdc388c') in 0.001 seconds [static and dynamic dependencies]. Details - ImportResultOutputID=b1a4cce1ac9bb6150f013adc233b7b05 DependenciesID=223298d401941ea2e8f92838fc2ac7d3 StaticDependenciesID=49c5c3739b055fdb1d38afffefc19b66 
Importing 'GUID: c7b962ececa7141c3b769f4ffa78ac1c - Path: Packages/com.unity.services.core/Editor/Core/Environments/UI/Assets/EnvironmentView.uxml' with importer (ScriptedImporter : UnityEditor.UIElementsModule:UnityEditor.UIElements:UIElementsViewImporter)
Imported 'GUID: c7b962ececa7141c3b769f4ffa78ac1c' -> (Import Result ID: '00203413160b19fdba445ac04de564ed') in 0.001 seconds [static and dynamic dependencies]. Details - ImportResultOutputID=36aed0db92cfdc42fed661b1023595e8 DependenciesID=ec9d5d601b708094ed4f381c788b748c StaticDependenciesID=70f913ec48213c0b2c613c6b32065198 
Importing 'GUID: 1979fd426439544d792c9d2cb653aaa3 - Path: Packages/com.unity.services.core/Editor/Core/ProjectBindRedirect/UXML/ProjectBindRedirectProjectSettings.uxml' with importer (ScriptedImporter : UnityEditor.UIElementsModule:UnityEditor.UIElements:UIElementsViewImporter)
Imported 'GUID: 1979fd426439544d792c9d2cb653aaa3' -> (Import Result ID: '165f7ba9fa2258ad592117a5828f1b00') in 0.001 seconds [static and dynamic dependencies]. Details - ImportResultOutputID=ebd822af9aebd66e68aecb488ddffd78 DependenciesID=fa2a11f6267ec1ebef3f2e1cfae5662e StaticDependenciesID=3b9c175e5334b10b590cd1c56f68d502 
Importing 'GUID: d93845e99ca3b42d0aecd4ab938a1342 - Path: Packages/com.unity.services.core/Editor/Core/UiHelpers/UXML/ProjectSettingsCommonHeader.uxml' with importer (ScriptedImporter : UnityEditor.UIElementsModule:UnityEditor.UIElements:UIElementsViewImporter)
Imported 'GUID: d93845e99ca3b42d0aecd4ab938a1342' -> (Import Result ID: '0e9e502e1ccfcd7fa8753f4fdb45db26') in 0.001 seconds [static and dynamic dependencies]. Details - ImportResultOutputID=9740f1fac9cc82d7e204df25a6b5bfc9 DependenciesID=b643934c31b656e5710170278f19a267 StaticDependenciesID=51bece6eba2d2236ba27552a4ab0ca19 
Importing 'GUID: 9bbe9fb6e9537684cac89a4e82cf3d63 - Path: Packages/com.unity.services.core/Editor/Core/UiHelpers/UXML/AccessTokenError.uxml' with importer (ScriptedImporter : UnityEditor.UIElementsModule:UnityEditor.UIElements:UIElementsViewImporter)
Imported 'GUID: 9bbe9fb6e9537684cac89a4e82cf3d63' -> (Import Result ID: 'ad35a15f1fb8d464d52a4af62dd3b99a') in 0.003 seconds [static and dynamic dependencies]. Details - ImportResultOutputID=7c7c570a32a6fa6de09c06b64af2a422 DependenciesID=cc9e52745f94d7e961c99e798d4a1a1f StaticDependenciesID=e6fb81b0c80e2ca7271812388aea9533 
Importing 'GUID: 3dcad6c36987d40ddb60da0e9ca5fd71 - Path: Packages/com.unity.services.cloud-build/Editor/UXML/BuildAutomationCredentialsConfig.uxml' with importer (ScriptedImporter : UnityEditor.UIElementsModule:UnityEditor.UIElements:UIElementsViewImporter)
Imported 'GUID: 3dcad6c36987d40ddb60da0e9ca5fd71' -> (Import Result ID: 'ee1f107e60bfe98e5cbbf730f9caeeaf') in 0.002 seconds [static and dynamic dependencies]. Details - ImportResultOutputID=52eba2f9d520fc3cf0602f93a31626ea DependenciesID=0ea31b14d9941483352b27676c6bb7ae StaticDependenciesID=0fe26da32ab57829df16a8495cc961ad 
Importing 'GUID: 6d24c9b8f12524834ab8c048bcc93f12 - Path: Packages/com.unity.services.core/Editor/Core/ProjectBindRedirect/UXML/ProjectBindRedirectPopup.uxml' with importer (ScriptedImporter : UnityEditor.UIElementsModule:UnityEditor.UIElements:UIElementsViewImporter)
Imported 'GUID: 6d24c9b8f12524834ab8c048bcc93f12' -> (Import Result ID: '80ec18f521c97e1696c27e4723b69269') in 0.001 seconds [static and dynamic dependencies]. Details - ImportResultOutputID=ad901a47649d6842ea4bf46fe19a1dc3 DependenciesID=3a0ad50f073e5bac0f01ae039b6f7c35 StaticDependenciesID=7c29718cfdb67b6173b1bae1691d8d3c 
Importing 'GUID: ad33ee81edf99439497a9945fef1a626 - Path: Packages/com.unity.services.core/Editor/Core/Environments/UI/Assets/EnvironmentSelectorUi.uxml' with importer (ScriptedImporter : UnityEditor.UIElementsModule:UnityEditor.UIElements:UIElementsViewImporter)
Imported 'GUID: ad33ee81edf99439497a9945fef1a626' -> (Import Result ID: 'b1e5b90314ee00f59242ded186426ec1') in 0.002 seconds [static and dynamic dependencies]. Details - ImportResultOutputID=68db22d077291c4a925ae7aaeaa83e24 DependenciesID=e4e5bf3d27400e7ab31abeca38caac51 StaticDependenciesID=5e8182a591a27e3c6ebda30b0f2a985c 
Importing 'GUID: 0e9515598d3bf405bb8311f6d4528e00 - Path: Packages/com.unity.services.core/Editor/Core/UiHelpers/UXML/LoggedOut.uxml' with importer (ScriptedImporter : UnityEditor.UIElementsModule:UnityEditor.UIElements:UIElementsViewImporter)
Imported 'GUID: 0e9515598d3bf405bb8311f6d4528e00' -> (Import Result ID: '6592423fd7dd6aec1c7b459abd14bf1d') in 0.001 seconds [static and dynamic dependencies]. Details - ImportResultOutputID=614acbe801ad3820a3fa1013cc652ea4 DependenciesID=d1c25de06203d264efd678a43f62f27b StaticDependenciesID=26d3ac55905f20ba58127c38f3155712 
Importing 'GUID: 3ec1058b5f6b14ce3ad4b976c291d834 - Path: Packages/com.unity.services.core/Editor/Core/UiHelpers/UXML/PlatformSupportVisual.uxml' with importer (ScriptedImporter : UnityEditor.UIElementsModule:UnityEditor.UIElements:UIElementsViewImporter)
Imported 'GUID: 3ec1058b5f6b14ce3ad4b976c291d834' -> (Import Result ID: '66d489df23a58daa501586b6444ad07c') in 0.001 seconds [static and dynamic dependencies]. Details - ImportResultOutputID=20ab793f4cb40fd6f46023f69a964685 DependenciesID=c4039633e2314440643813f540854803 StaticDependenciesID=648b791e377faf876d9a284bd2d43cba 
Importing 'GUID: 5efb9bcb6492049bf805ced4bbe1880d - Path: Packages/com.unity.services.cloud-build/Editor/UXML/BuildAutomationBuilderConfig.uxml' with importer (ScriptedImporter : UnityEditor.UIElementsModule:UnityEditor.UIElements:UIElementsViewImporter)
Imported 'GUID: 5efb9bcb6492049bf805ced4bbe1880d' -> (Import Result ID: 'bea38dba68e4d54209a702a17b140fac') in 0.001 seconds [static and dynamic dependencies]. Details - ImportResultOutputID=33cd07c283c9e30d022cf52f0610fe8b DependenciesID=5ba00384b54757c8adc51a5f1a83b533 StaticDependenciesID=cf86e73b6c7acd80206966fe6bd3b843 
Importing 'GUID: fe94fb62b1b5744d7be64e13f3ccd496 - Path: Packages/com.unity.services.cloud-build/Editor/UXML/BuildAutomationHistory.uxml' with importer (ScriptedImporter : UnityEditor.UIElementsModule:UnityEditor.UIElements:UIElementsViewImporter)
Imported 'GUID: fe94fb62b1b5744d7be64e13f3ccd496' -> (Import Result ID: '81fcb1f6aed33f6519ae1c4dd37ce7e9') in 0.044 seconds [static and dynamic dependencies]. Details - ImportResultOutputID=7caf88d71c9540d8c06e2164ae8c9241 DependenciesID=941e56b3b245970fde4720a437a58ac5 StaticDependenciesID=bcfc233dc9eb0ec08dd4e5fb1822103e 
Importing 'GUID: 5f53bfe242dd84ea1975e05f5a30c390 - Path: Packages/com.unity.services.core/Editor/Core/UiHelpers/UXML/Offline.uxml' with importer (ScriptedImporter : UnityEditor.UIElementsModule:UnityEditor.UIElements:UIElementsViewImporter)
Imported 'GUID: 5f53bfe242dd84ea1975e05f5a30c390' -> (Import Result ID: '8e55a54f965fdbccc9ab5e69db17716e') in 0.002 seconds [static and dynamic dependencies]. Details - ImportResultOutputID=3ab819a9bec22a8e1be4ca83f8e112ba DependenciesID=48392eb619351aa830d76c3ceb9f0997 StaticDependenciesID=0fbfa019109cb9112397b84a25ddfd8b 
Importing 'GUID: cf4de22d904142bca538a4648d124376 - Path: Packages/com.unity.services.core/Editor/Core/Environments/UI/Assets/ReleasePointerDropdown.uxml' with importer (ScriptedImporter : UnityEditor.UIElementsModule:UnityEditor.UIElements:UIElementsViewImporter)
Imported 'GUID: cf4de22d904142bca538a4648d124376' -> (Import Result ID: 'f1deffd9814f46ac49189e004dcde26a') in 0.004 seconds [static and dynamic dependencies]. Details - ImportResultOutputID=8dcd6b249a1f97076b269e9c58b7eef6 DependenciesID=6c4bd34fbb2cd1230e4272467cc57bc5 StaticDependenciesID=6fd9faddf30c2f79e921bff276914278 
No restricted APIs configured; Validation skipped.
Checking 2 assemblies for restricted APIs found 0 usage(s) in 2 ms

Asset Pipeline Refresh (id=93fe1c63c2596d7b6bd48a2afd02690f): Total: 8.915 seconds - Initiated by RefreshV2(ForceSynchronousImport)
	(Values over 0.05ms)
	Summary:
		Imports: total=215 (actual=215, local cache=0, cache server=0)
		Asset DB Process Time: managed=6 ms, native=1972 ms
		Asset DB Callback time: managed=153 ms, native=164 ms
		Scripting: domain reloads=1, domain reload time=745 ms, compile time=5872 ms, other=0 ms
		Project Asset Count: scripts=965, non-scripts=1021
		Asset File Changes: new=626, changed=626, moved=0, deleted=0
		Scan Filter Count: 1
	InvokePackagesCallback: 130.825ms
	ApplyChangesToAssetFolders: 0.314ms
	Scan: 271.892ms
	Collect global state as custom dependencies: 0.354ms
	OnSourceAssetsModified: 1.433ms
	CategorizeScriptCompilationAssets: 1.978ms
	ProcessAssetsWithTransientArtifactChanges: 8.088ms
	CategorizeAssets: 13.784ms
	CompileScripts: 5871.584ms
	ImportOutOfDateAssets: 1622.650ms (1286.812ms without children)
		ImportManagerImport: 334.649ms (106.375ms without children)
			UpdateCategorizedAssets: 1.062ms
		CollectScriptTypesHashes: 0.231ms
		ReloadNativeAssets: 0.120ms
		UnloadImportedAssets: 0.221ms
		EnsureUptoDateAssetsAreRegisteredWithGuidPM: 0.314ms
		ImportSchedulerStart: 0.516ms
	PostProcessAllAssets: 177.632ms
		AssemblyValidation.PostprocessAllAssets 9.600ms
		PostprocessAssetsUpdateCachedIcon 1.713ms
		VersionControlSettings.HiddenFilePostprocess 1.421ms
		PostProcessCallbackCreateDeferredMaterials 1.366ms
		ShaderAssetModifiedCallback 0.849ms
		XRBuildSystem.XRAssetImported 0.691ms
		LocalizationDatabase.AssetDatabasePostprocessCallback 0.662ms
		ComputeShaderImportPostprocess 0.522ms
		RaytracingShaderImportPostprocess 0.512ms
		SpeedTreeImporter.PostprocessAllAssets 0.439ms
		BlockShaderImporter.PostprocessAllAssets 0.226ms
		MonoPostProcessAllAssets: 151.701ms
			SyncVS.PostprocessSyncProject 105.078ms
			RetainedModeAssetPostprocessor.OnPostprocessAllAssets 9.200ms
			AssetChangedListener.OnPostprocessAllAssets 5.961ms
			BuilderAssetPostprocessor.OnPostprocessAllAssets 4.979ms
			AssetPostprocessor.OnPostprocessAllAssets 4.583ms
			WindowAssetPostprocessingWatcher.OnPostprocessAllAssets 3.242ms
			TextAssetPostProcessor.OnPostprocessAllAssets 2.375ms
			InputActionJsonNameModifierAssetProcessor.OnPostprocessAllAssets 2.348ms
			InputActionAssetPostprocessor.OnPostprocessAllAssets 2.335ms
			SpeedTree9Postprocessor.OnPostprocessAllAssets 0.674ms
			ArtifactBrowserPostProcessor.OnPostprocessAllAssets 0.559ms
			EditModeScopePostprocessor.OnPostprocessAllAssets 0.544ms
			ProjectSettingsPostprocessor.OnPostprocessAllAssets 0.502ms
			AudioMixerPostprocessor.OnPostprocessAllAssets 0.291ms
			UVCSAssetPostprocessor.OnPostprocessAllAssets 0.264ms
			ReferencedClipsPostProcessor.OnPostprocessAllAssets 0.232ms
			TMPro_TexturePostProcessor.OnPostprocessAllAssets 0.205ms
			StyleCatalogPostProcessor.OnPostprocessAllAssets 0.188ms
			AssetEvents.OnPostprocessAllAssets 0.161ms
			SpeedTreePostProcessor.OnPostprocessAllAssets 0.117ms
			TerrainToolbarOverlayPostProcessor.OnPostprocessAllAssets 0.107ms
			SamplePostprocessor.OnPostprocessAllAssets 0.101ms
			ThemePostprocessor.OnPostprocessAllAssets 0.095ms
			AssetDatabaseCallbacks.OnPostprocessAllAssets 0.088ms
			ConfigAssetsTracker.OnPostprocessAllAssets 0.078ms
			RenderPipelineGlobalSettingsPostprocessor.OnPostprocessAllAssets 0.069ms
			ScenarioDriftAssetsTracker.OnPostprocessAllAssets 0.069ms
			AudioContainerPostProcessor.OnPostprocessAllAssets 0.064ms
			AssetReloadNotifier.OnPostprocessAllAssets 0.063ms
	PostAssetChangesProfiler: 10.198ms
	GatherAllCurrentPrimaryImportResultRevisions: 0.052ms
	UnloadStreamsBegin: 1.698ms
	PersistCurrentRevisions: 0.507ms
	GenerateScriptTypeHashes: 0.690ms
	GenerateScriptTypeSerializationHashes: 1.373ms
	Untracked: 801.119ms

[MODES] ModeService[default].LoadModes
[Licensing::Client] Successfully resolved entitlement details
[Licensing::Client] Successfully resolved entitlement details
[Licensing::Client] Successfully resolved entitlement details
Unhandled description string [
Unhandled description string ]
GLX Extensions: GLX_ARB_get_proc_address GLX_ARB_multisample GLX_EXT_visual_info GLX_EXT_visual_rating GLX_SGIX_fbconfig GLX_SGIX_pbuffer GLX_SGI_swap_control GLX_EXT_swap_control GLX_EXT_buffer_age GLX_ARB_create_context GLX_ARB_create_context_profile GLX_ARB_fbconfig_float GLX_EXT_fbconfig_packed_float GLX_EXT_framebuffer_sRGB GLX_NV_copy_image GLX_NV_copy_buffer GLX_EXT_create_context_es_profile GLX_EXT_create_context_es2_profile GLX_ARB_create_context_no_error GLX_ARB_create_context_robustness GLX_ARB_context_flush_control 

(unityhub-unity-editor-6000.6.0f1:318122): Gtk-CRITICAL **: 23:13:10.126: gtk_file_chooser_widget_set_current_name: assertion 'priv->action == GTK_FILE_CHOOSER_ACTION_SAVE || priv->action == GTK_FILE_CHOOSER_ACTION_CREATE_FOLDER' failed

(unityhub-unity-editor-6000.6.0f1:318122): GLib-GIO-CRITICAL **: 23:13:10.467: GFileInfo created without standard::size

(unityhub-unity-editor-6000.6.0f1:318122): GLib-GIO-CRITICAL **: 23:13:10.468: file ../gio/gfileinfo.c: line 1865 (g_file_info_get_size): should not be reached

(unityhub-unity-editor-6000.6.0f1:318122): GLib-GIO-CRITICAL **: 23:13:10.469: GFileInfo created without standard::size

(unityhub-unity-editor-6000.6.0f1:318122): GLib-GIO-CRITICAL **: 23:13:10.469: file ../gio/gfileinfo.c: line 1865 (g_file_info_get_size): should not be reached

(unityhub-unity-editor-6000.6.0f1:318122): GLib-GIO-CRITICAL **: 23:13:10.588: GFileInfo created without standard::size

(unityhub-unity-editor-6000.6.0f1:318122): GLib-GIO-CRITICAL **: 23:13:10.588: file ../gio/gfileinfo.c: line 1865 (g_file_info_get_size): should not be reached

(unityhub-unity-editor-6000.6.0f1:318122): GLib-GIO-CRITICAL **: 23:13:10.691: GFileInfo created without standard::size

(unityhub-unity-editor-6000.6.0f1:318122): GLib-GIO-CRITICAL **: 23:13:10.691: file ../gio/gfileinfo.c: line 1865 (g_file_info_get_size): should not be reached

(unityhub-unity-editor-6000.6.0f1:318122): GLib-GIO-CRITICAL **: 23:13:11.171: GFileInfo created without standard::size

(unityhub-unity-editor-6000.6.0f1:318122): GLib-GIO-CRITICAL **: 23:13:11.171: file ../gio/gfileinfo.c: line 1865 (g_file_info_get_size): should not be reached

(unityhub-unity-editor-6000.6.0f1:318122): GLib-GIO-CRITICAL **: 23:13:11.435: GFileInfo created without standard::size

(unityhub-unity-editor-6000.6.0f1:318122): GLib-GIO-CRITICAL **: 23:13:11.435: file ../gio/gfileinfo.c: line 1865 (g_file_info_get_size): should not be reached

(unityhub-unity-editor-6000.6.0f1:318122): GLib-GIO-CRITICAL **: 23:13:11.442: GFileInfo created without standard::size

(unityhub-unity-editor-6000.6.0f1:318122): GLib-GIO-CRITICAL **: 23:13:11.442: file ../gio/gfileinfo.c: line 1865 (g_file_info_get_size): should not be reached

(unityhub-unity-editor-6000.6.0f1:318122): GLib-GIO-CRITICAL **: 23:13:11.454: GFileInfo created without standard::size

(unityhub-unity-editor-6000.6.0f1:318122): GLib-GIO-CRITICAL **: 23:13:11.454: file ../gio/gfileinfo.c: line 1865 (g_file_info_get_size): should not be reached

(unityhub-unity-editor-6000.6.0f1:318122): GLib-GIO-CRITICAL **: 23:13:11.475: GFileInfo created without standard::size

(unityhub-unity-editor-6000.6.0f1:318122): GLib-GIO-CRITICAL **: 23:13:11.475: file ../gio/gfileinfo.c: line 1865 (g_file_info_get_size): should not be reached

(unityhub-unity-editor-6000.6.0f1:318122): GLib-GIO-CRITICAL **: 23:13:11.693: GFileInfo created without standard::size

(unityhub-unity-editor-6000.6.0f1:318122): GLib-GIO-CRITICAL **: 23:13:11.694: file ../gio/gfileinfo.c: line 1865 (g_file_info_get_size): should not be reached

(unityhub-unity-editor-6000.6.0f1:318122): GLib-GIO-CRITICAL **: 23:13:11.733: GFileInfo created without standard::size

(unityhub-unity-editor-6000.6.0f1:318122): GLib-GIO-CRITICAL **: 23:13:11.733: file ../gio/gfileinfo.c: line 1865 (g_file_info_get_size): should not be reached

(unityhub-unity-editor-6000.6.0f1:318122): GLib-GIO-CRITICAL **: 23:13:11.823: GFileInfo created without standard::size

(unityhub-unity-editor-6000.6.0f1:318122): GLib-GIO-CRITICAL **: 23:13:11.823: file ../gio/gfileinfo.c: line 1865 (g_file_info_get_size): should not be reached

(unityhub-unity-editor-6000.6.0f1:318122): GLib-GIO-CRITICAL **: 23:13:12.122: GFileInfo created without standard::size

(unityhub-unity-editor-6000.6.0f1:318122): GLib-GIO-CRITICAL **: 23:13:12.122: file ../gio/gfileinfo.c: line 1865 (g_file_info_get_size): should not be reached

(unityhub-unity-editor-6000.6.0f1:318122): GLib-GIO-CRITICAL **: 23:13:13.027: GFileInfo created without standard::size

(unityhub-unity-editor-6000.6.0f1:318122): GLib-GIO-CRITICAL **: 23:13:13.027: file ../gio/gfileinfo.c: line 1865 (g_file_info_get_size): should not be reached

(unityhub-unity-editor-6000.6.0f1:318122): GLib-GIO-CRITICAL **: 23:13:13.073: GFileInfo created without standard::size

(unityhub-unity-editor-6000.6.0f1:318122): GLib-GIO-CRITICAL **: 23:13:13.073: file ../gio/gfileinfo.c: line 1865 (g_file_info_get_size): should not be reached

(unityhub-unity-editor-6000.6.0f1:318122): GLib-GIO-CRITICAL **: 23:13:13.374: GFileInfo created without standard::size

(unityhub-unity-editor-6000.6.0f1:318122): GLib-GIO-CRITICAL **: 23:13:13.374: file ../gio/gfileinfo.c: line 1865 (g_file_info_get_size): should not be reached

(unityhub-unity-editor-6000.6.0f1:318122): GLib-GIO-CRITICAL **: 23:13:13.444: GFileInfo created without standard::size

(unityhub-unity-editor-6000.6.0f1:318122): GLib-GIO-CRITICAL **: 23:13:13.444: file ../gio/gfileinfo.c: line 1865 (g_file_info_get_size): should not be reached

(unityhub-unity-editor-6000.6.0f1:318122): GLib-GIO-CRITICAL **: 23:13:13.584: GFileInfo created without standard::size

(unityhub-unity-editor-6000.6.0f1:318122): GLib-GIO-CRITICAL **: 23:13:13.584: file ../gio/gfileinfo.c: line 1865 (g_file_info_get_size): should not be reached

(unityhub-unity-editor-6000.6.0f1:318122): GLib-GIO-CRITICAL **: 23:13:14.645: GFileInfo created without standard::size

(unityhub-unity-editor-6000.6.0f1:318122): GLib-GIO-CRITICAL **: 23:13:14.645: file ../gio/gfileinfo.c: line 1865 (g_file_info_get_size): should not be reached

(unityhub-unity-editor-6000.6.0f1:318122): GLib-GIO-CRITICAL **: 23:13:14.853: GFileInfo created without standard::size

(unityhub-unity-editor-6000.6.0f1:318122): GLib-GIO-CRITICAL **: 23:13:14.853: file ../gio/gfileinfo.c: line 1865 (g_file_info_get_size): should not be reached
Curl error 6: Could not resolve: cdp.cloud.unity3d.com:443
Asset Pipeline Refresh (id=719e5accb42bdd2a6ab21f512abdee5c): Total: 0.052 seconds - Initiated by RefreshV2(AllowForceSynchronousImport)
GLX Extensions: GLX_ARB_get_proc_address GLX_ARB_multisample GLX_EXT_visual_info GLX_EXT_visual_rating GLX_SGIX_fbconfig GLX_SGIX_pbuffer GLX_SGI_swap_control GLX_EXT_swap_control GLX_EXT_buffer_age GLX_ARB_create_context GLX_ARB_create_context_profile GLX_ARB_fbconfig_float GLX_EXT_fbconfig_packed_float GLX_EXT_framebuffer_sRGB GLX_NV_copy_image GLX_NV_copy_buffer GLX_EXT_create_context_es_profile GLX_EXT_create_context_es2_profile GLX_ARB_create_context_no_error GLX_ARB_create_context_robustness GLX_ARB_context_flush_control 
GLX Extensions: GLX_ARB_get_proc_address GLX_ARB_multisample GLX_EXT_visual_info GLX_EXT_visual_rating GLX_SGIX_fbconfig GLX_SGIX_pbuffer GLX_SGI_swap_control GLX_EXT_swap_control GLX_EXT_buffer_age GLX_ARB_create_context GLX_ARB_create_context_profile GLX_ARB_fbconfig_float GLX_EXT_fbconfig_packed_float GLX_EXT_framebuffer_sRGB GLX_NV_copy_image GLX_NV_copy_buffer GLX_EXT_create_context_es_profile GLX_EXT_create_context_es2_profile GLX_ARB_create_context_no_error GLX_ARB_create_context_robustness GLX_ARB_context_flush_control 
GLX Extensions: GLX_ARB_get_proc_address GLX_ARB_multisample GLX_EXT_visual_info GLX_EXT_visual_rating GLX_SGIX_fbconfig GLX_SGIX_pbuffer GLX_SGI_swap_control GLX_EXT_swap_control GLX_EXT_buffer_age GLX_ARB_create_context GLX_ARB_create_context_profile GLX_ARB_fbconfig_float GLX_EXT_fbconfig_packed_float GLX_EXT_framebuffer_sRGB GLX_NV_copy_image GLX_NV_copy_buffer GLX_EXT_create_context_es_profile GLX_EXT_create_context_es2_profile GLX_ARB_create_context_no_error GLX_ARB_create_context_robustness GLX_ARB_context_flush_control 
GLX Extensions: GLX_ARB_get_proc_address GLX_ARB_multisample GLX_EXT_visual_info GLX_EXT_visual_rating GLX_SGIX_fbconfig GLX_SGIX_pbuffer GLX_SGI_swap_control GLX_EXT_swap_control GLX_EXT_buffer_age GLX_ARB_create_context GLX_ARB_create_context_profile GLX_ARB_fbconfig_float GLX_EXT_fbconfig_packed_float GLX_EXT_framebuffer_sRGB GLX_NV_copy_image GLX_NV_copy_buffer GLX_EXT_create_context_es_profile GLX_EXT_create_context_es2_profile GLX_ARB_create_context_no_error GLX_ARB_create_context_robustness GLX_ARB_context_flush_control 
UPID Received '112e1ad4-843d-42a0-96ec-d947fe533e95'.
AcceleratorClientConnectionCallback - disconnected - :0
Importing 'GUID: 00000000000000004000000000000000 - Path: ProjectSettings/ProjectSettings.asset' with importer (LibraryAssetImporter)
Imported 'GUID: 00000000000000004000000000000000' -> (Import Result ID: '9db1cce5578b5af93ee947fe3b481f4a') in 0.001 seconds [static dependencies only]. Details - ImportResultOutputID=054c890a8f4b6dddbea933bc5e4b7df4 DependenciesID=db9938e612fc2fca746d31101a82bb18 StaticDependenciesID=0181d0f7911ce560c53a92d1c6b00a3e 
Importing 'GUID: 0000000000000000b000000000000000 - Path: ProjectSettings/EditorBuildSettings.asset' with importer (LibraryAssetImporter)
Imported 'GUID: 0000000000000000b000000000000000' -> (Import Result ID: 'ee7b18b21b5fd187db7cb6373b78d733') in 0.000 seconds [static dependencies only]. Details - ImportResultOutputID=0a89a5c5f492143e0fa186859e17ba6f DependenciesID=3fcf6694400539b2f8871a09e29d0a3d StaticDependenciesID=0a26fe8e4fb9d2bc3f40a9dd35b3e692 
Importing 'GUID: d8122f6d77bef8120bfaaebadd839d51 - Path: Assets/Settings/Build Profiles/Web.asset' with importer (NativeFormatImporter)
Imported 'GUID: d8122f6d77bef8120bfaaebadd839d51' -> (Import Result ID: 'af65598cac6bba2bedcb51315dae9658') in 0.000 seconds [static dependencies only]. Details - ImportResultOutputID=ed9fb32f059118ade16f2413659715be DependenciesID=f4cbe07b493287a3a94b53fbaa35b423 StaticDependenciesID=82141a2acbb1911d27f4fdc390580663 
Asset Pipeline Refresh (id=0557ca4a88b06783a8e75c2ef73bd9b1): Total: 0.018 seconds - Initiated by StopAssetImportingV2(NoUpdateAssetOptions)
GLX Extensions: GLX_ARB_get_proc_address GLX_ARB_multisample GLX_EXT_visual_info GLX_EXT_visual_rating GLX_SGIX_fbconfig GLX_SGIX_pbuffer GLX_SGI_swap_control GLX_EXT_swap_control GLX_EXT_buffer_age GLX_ARB_create_context GLX_ARB_create_context_profile GLX_ARB_fbconfig_float GLX_EXT_fbconfig_packed_float GLX_EXT_framebuffer_sRGB GLX_NV_copy_image GLX_NV_copy_buffer GLX_EXT_create_context_es_profile GLX_EXT_create_context_es2_profile GLX_ARB_create_context_no_error GLX_ARB_create_context_robustness GLX_ARB_context_flush_control 
Curl error 6: Could not resolve: cdp.cloud.unity3d.com:443
Unhandled description string [
Unhandled description string ]
[Licensing::Client] Successfully resolved entitlement details
GLX Extensions: GLX_ARB_get_proc_address GLX_ARB_multisample GLX_EXT_visual_info GLX_EXT_visual_rating GLX_SGIX_fbconfig GLX_SGIX_pbuffer GLX_SGI_swap_control GLX_EXT_swap_control GLX_EXT_buffer_age GLX_ARB_create_context GLX_ARB_create_context_profile GLX_ARB_fbconfig_float GLX_EXT_fbconfig_packed_float GLX_EXT_framebuffer_sRGB GLX_NV_copy_image GLX_NV_copy_buffer GLX_EXT_create_context_es_profile GLX_EXT_create_context_es2_profile GLX_ARB_create_context_no_error GLX_ARB_create_context_robustness GLX_ARB_context_flush_control 
Unhandled description string [
Unhandled description string ]
AcceleratorClientConnectionCallback - disconnected - :0
Importing 'GUID: 0000000000000000d100000000000000 - Path: ProjectSettings/VersionControlSettings.asset' with importer (LibraryAssetImporter)
Imported 'GUID: 0000000000000000d100000000000000' -> (Import Result ID: 'c1a24036e9bcb83675748c6ffbb183c3') in 0.000 seconds [static dependencies only]. Details - ImportResultOutputID=fe7ea0ac71117227a6d09fba509747a9 DependenciesID=4fe63a1b81415a4f91ab85d73370f824 StaticDependenciesID=52e63b4e08c78506d736699c1693b626 
Asset Pipeline Refresh (id=4feaa4cf6d5c251a28cc74b5793ade2c): Total: 0.015 seconds - Initiated by StopAssetImportingV2(NoUpdateAssetOptions)
cant resolve internal call to "System.IO.InotifyWatcher::GetInotifyInstance" (tested without signature also)

Your mono runtime and class libraries are out of sync.
The out of sync library is: /home/jack/Documents/Unity/Apple-Picker/Library/PackageCache/com.unity.collab-proxy@4628d2ba6ea4/Lib/Editor/unityplastic.dll

When you update one from git you need to update, compile and install
the other too.
Do not report this as a bug unless you're sure you have updated correctly:
you probably have a broken mono install.
If you see other errors or faults after this message they are probably related
and you need to fix your mono install first.
cant resolve internal call to "System.IO.InotifyWatcher::GetInotifyInstance" (tested without signature also)
Unhandled description string [
Unhandled description string ]
Unhandled description string [
Unhandled description string ]
GLX Extensions: GLX_ARB_get_proc_address GLX_ARB_multisample GLX_EXT_visual_info GLX_EXT_visual_rating GLX_SGIX_fbconfig GLX_SGIX_pbuffer GLX_SGI_swap_control GLX_EXT_swap_control GLX_EXT_buffer_age GLX_ARB_create_context GLX_ARB_create_context_profile GLX_ARB_fbconfig_float GLX_EXT_fbconfig_packed_float GLX_EXT_framebuffer_sRGB GLX_NV_copy_image GLX_NV_copy_buffer GLX_EXT_create_context_es_profile GLX_EXT_create_context_es2_profile GLX_ARB_create_context_no_error GLX_ARB_create_context_robustness GLX_ARB_context_flush_control 
GLX Extensions: GLX_ARB_get_proc_address GLX_ARB_multisample GLX_EXT_visual_info GLX_EXT_visual_rating GLX_SGIX_fbconfig GLX_SGIX_pbuffer GLX_SGI_swap_control GLX_EXT_swap_control GLX_EXT_buffer_age GLX_ARB_create_context GLX_ARB_create_context_profile GLX_ARB_fbconfig_float GLX_EXT_fbconfig_packed_float GLX_EXT_framebuffer_sRGB GLX_NV_copy_image GLX_NV_copy_buffer GLX_EXT_create_context_es_profile GLX_EXT_create_context_es2_profile GLX_ARB_create_context_no_error GLX_ARB_create_context_robustness GLX_ARB_context_flush_control 
Build #1 Web - Apple-Picker 1Apple-Picker@main successfully added to queue
UnityEngine.Debug:ExtractStackTraceNoAlloc (byte*,int,string)
UnityEngine.StackTraceUtility:ExtractStackTrace () (at /home/bokken/build/output/unity/unity/Runtime/Export/Scripting/StackTrace.cs:23)
UnityEngine.DebugLogHandler:Internal_Log (UnityEngine.LogType,UnityEngine.LogOption,string,UnityEngine.Object)
UnityEngine.DebugLogHandler:LogFormat (UnityEngine.LogType,UnityEngine.Object,string,object[])
UnityEngine.Logger:Log (UnityEngine.LogType,object)
UnityEngine.Debug:Log (object)
Unity.Services.CloudBuild.Editor.BuildAutomation/<LaunchBuild>d__17:MoveNext () (at ./Library/PackageCache/com.unity.services.cloud-build@235f37f57c39/Editor/BuildAutomation.cs:174)
System.Runtime.CompilerServices.AsyncMethodBuilderCore/MoveNextRunner:InvokeMoveNext (object)
System.Threading.ExecutionContext:RunInternal (System.Threading.ExecutionContext,System.Threading.ContextCallback,object,bool)
System.Threading.ExecutionContext:Run (System.Threading.ExecutionContext,System.Threading.ContextCallback,object,bool)
System.Runtime.CompilerServices.AsyncMethodBuilderCore/MoveNextRunner:Run ()
System.Threading.Tasks.AwaitTaskContinuation:InvokeAction (object)
System.Threading.Tasks.AwaitTaskContinuation:RunCallback (System.Threading.ContextCallback,object,System.Threading.Tasks.Task&)
System.Threading.Tasks.SynchronizationContextAwaitTaskContinuation:Run (System.Threading.Tasks.Task,bool)
System.Threading.Tasks.Task:FinishContinuations ()
System.Threading.Tasks.Task:FinishStageThree ()
System.Threading.Tasks.Task`1<System.Collections.Generic.List`1<Unity.Services.CloudBuild.Editor.LaunchedBuildResponse>>:TrySetResult (System.Collections.Generic.List`1<Unity.Services.CloudBuild.Editor.LaunchedBuildResponse>)
System.Runtime.CompilerServices.AsyncTaskMethodBuilder`1<System.Collections.Generic.List`1<Unity.Services.CloudBuild.Editor.LaunchedBuildResponse>>:SetResult (System.Collections.Generic.List`1<Unity.Services.CloudBuild.Editor.LaunchedBuildResponse>)
Unity.Services.CloudBuild.Editor.BuildAutomationApiClient/<CreateJsonRequestAsync>d__19`2<Unity.Services.CloudBuild.Editor.LaunchBuildRequest, System.Collections.Generic.List`1<Unity.Services.CloudBuild.Editor.LaunchedBuildResponse>>:MoveNext () (at ./Library/PackageCache/com.unity.services.cloud-build@235f37f57c39/Editor/BuildAutomationApiClient.cs:180)
System.Runtime.CompilerServices.AsyncMethodBuilderCore/MoveNextRunner:InvokeMoveNext (object)
System.Threading.ExecutionContext:RunInternal (System.Threading.ExecutionContext,System.Threading.ContextCallback,object,bool)
System.Threading.ExecutionContext:Run (System.Threading.ExecutionContext,System.Threading.ContextCallback,object,bool)
System.Runtime.CompilerServices.AsyncMethodBuilderCore/MoveNextRunner:Run ()
Unity.Services.CloudBuild.Editor.UnityWebRequestAwaiter:OnRequestCompleted (UnityEngine.AsyncOperation) (at ./Library/PackageCache/com.unity.services.cloud-build@235f37f57c39/Editor/UnityWebRequestAwaiter.cs:31)
UnityEngine.AsyncOperation:InvokeCompletionEvent () (at /home/bokken/build/output/unity/unity/Runtime/Export/Scripting/AsyncOperation.cs:24)

(Filename: ./Library/PackageCache/com.unity.services.cloud-build@235f37f57c39/Editor/BuildAutomation.cs Line: 174)

GLX Extensions: GLX_ARB_get_proc_address GLX_ARB_multisample GLX_EXT_visual_info GLX_EXT_visual_rating GLX_SGIX_fbconfig GLX_SGIX_pbuffer GLX_SGI_swap_control GLX_EXT_swap_control GLX_EXT_buffer_age GLX_ARB_create_context GLX_ARB_create_context_profile GLX_ARB_fbconfig_float GLX_EXT_fbconfig_packed_float GLX_EXT_framebuffer_sRGB GLX_NV_copy_image GLX_NV_copy_buffer GLX_EXT_create_context_es_profile GLX_EXT_create_context_es2_profile GLX_ARB_create_context_no_error GLX_ARB_create_context_robustness GLX_ARB_context_flush_control 
Curl error 6: Could not resolve: cdp.cloud.unity3d.com:443
GLX Extensions: GLX_ARB_get_proc_address GLX_ARB_multisample GLX_EXT_visual_info GLX_EXT_visual_rating GLX_SGIX_fbconfig GLX_SGIX_pbuffer GLX_SGI_swap_control GLX_EXT_swap_control GLX_EXT_buffer_age GLX_ARB_create_context GLX_ARB_create_context_profile GLX_ARB_fbconfig_float GLX_EXT_fbconfig_packed_float GLX_EXT_framebuffer_sRGB GLX_NV_copy_image GLX_NV_copy_buffer GLX_EXT_create_context_es_profile GLX_EXT_create_context_es2_profile GLX_ARB_create_context_no_error GLX_ARB_create_context_robustness GLX_ARB_context_flush_control 
Curl error 6: Could not resolve host: cdp.cloud.unity3d.com
Curl error 6: Could not resolve: cdp.cloud.unity3d.com:443
[BuildProfile] Module installation completed: windows-mono (version: 6000.6.0f1) - Module windows-mono has been successfully installed
UnityEngine.Debug:ExtractStackTraceNoAlloc (byte*,int,string)
UnityEngine.StackTraceUtility:ExtractStackTrace () (at /home/bokken/build/output/unity/unity/Runtime/Export/Scripting/StackTrace.cs:23)
UnityEngine.DebugLogHandler:Internal_Log (UnityEngine.LogType,UnityEngine.LogOption,string,UnityEngine.Object)
UnityEngine.DebugLogHandler:LogFormat (UnityEngine.LogType,UnityEngine.Object,string,object[])
UnityEngine.Logger:Log (UnityEngine.LogType,object)
UnityEngine.Debug:Log (object)
UnityEditor.Build.Profile.BuildProfileModuleUtil:OnModuleInstallationCompleted (string,string,string,string) (at /home/bokken/build/output/unity/unity/Editor/Mono/BuildProfile/BuildProfileModuleUtil.cs:892)

(Filename: /home/bokken/build/output/unity/unity/Editor/Mono/BuildProfile/BuildProfileModuleUtil.cs Line: 892)

[BuildProfile] Mapped moduleId 'windows-mono' to platform: Windows
UnityEngine.Debug:ExtractStackTraceNoAlloc (byte*,int,string)
UnityEngine.StackTraceUtility:ExtractStackTrace () (at /home/bokken/build/output/unity/unity/Runtime/Export/Scripting/StackTrace.cs:23)
UnityEngine.DebugLogHandler:Internal_Log (UnityEngine.LogType,UnityEngine.LogOption,string,UnityEngine.Object)
UnityEngine.DebugLogHandler:LogFormat (UnityEngine.LogType,UnityEngine.Object,string,object[])
UnityEngine.Logger:Log (UnityEngine.LogType,object)
UnityEngine.Debug:Log (object)
UnityEditor.Build.Profile.BuildProfileModuleUtil:OnModuleInstallationCompleted (string,string,string,string) (at /home/bokken/build/output/unity/unity/Editor/Mono/BuildProfile/BuildProfileModuleUtil.cs:910)

(Filename: /home/bokken/build/output/unity/unity/Editor/Mono/BuildProfile/BuildProfileModuleUtil.cs Line: 910)

Asset Pipeline Refresh (id=9f233dd2cbb200080a03908db8baf437): Total: 0.041 seconds - Initiated by RefreshV2(AllowForceSynchronousImport)
Importing 'GUID: d8122f6d77bef8120bfaaebadd839d51 - Path: Assets/Settings/Build Profiles/Web.asset' with importer (NativeFormatImporter)
Imported 'GUID: d8122f6d77bef8120bfaaebadd839d51' -> (Import Result ID: '3de53e327930c2d27c7c445087ce2015') in 0.001 seconds [static dependencies only]. Details - ImportResultOutputID=ed9fb32f059118ade16f2413659715be DependenciesID=8dea395dc52adc10eddc92cc3e07fe41 StaticDependenciesID=53c56255ec41aa1d37dbccda2e2cb98e 
Asset Pipeline Refresh (id=92e09e3e3520cbfe38a1a8c8d2cb9372): Total: 0.016 seconds - Initiated by StopAssetImportingV2(NoUpdateAssetOptions)
Importing 'GUID: 9fc0d4010bbf28b4594072e72b8655ab - Path: Assets/Scenes/_Scene_0.unity' with importer (DefaultImporter)
Imported 'GUID: 9fc0d4010bbf28b4594072e72b8655ab' -> (Import Result ID: '68ce1b1f882cf78ba680258c34b6e049') in 0.000 seconds [static dependencies only]. Details - ImportResultOutputID=4fd2a96e781250ed9cdfc33931028bb7 DependenciesID=da5eb3b75875cfdf4b390eb7df9238ab StaticDependenciesID=48e3e9e6ec740e927a1791245a715ca3 
Asset Pipeline Refresh (id=a11fc4e42c8f6f7449ea5d4a41d4544d): Total: 0.010 seconds - Initiated by StopAssetImportingV2(NoUpdateAssetOptions)
MonoPathRemapper: Attempts to remap: 327399; Successful remaps: 11244
Serialized file version minimum: 23, current 23
[LAYOUT] About to save layout /home/jack/Documents/Unity/Apple-Picker/UserSettings/Layouts/default-6000.dwlt
[LAYOUT] About to save layout /home/jack/.config/unity3d/Preferences/Editor-5.x/Layouts/current/default-6000.dwlt
Shutting down MSBuild server...
Shutting down VB/C# compiler server...
VB/C# compiler server shut down successfully.
[Physics::Module] Cleanup current backend.
[Physics::Module] Id: 0xf2b8ea05
Input System module state changed to: ShutdownInProgress.
Input Polling Thread exited.
Input System module state changed to: Shutdown.
[Licensing::IpcConnector] LicenseClient-jack-6000.6.0-notifications channel disconnected successfully.
[Licensing::IpcConnector] LicenseClient-jack-6000.6.0 channel disconnected successfully.
MSBuild server shut down successfully.
Lingering sessions upon destruction of worker manager
Unity Data Store service was successfully shut down
UDS shutting down local client system

Your mono runtime and class libraries are out of sync.
The out of sync library is: /home/jack/Documents/Unity/Apple-Picker/Library/PackageCache/com.unity.collab-proxy@4628d2ba6ea4/Lib/Editor/unityplastic.dll

When you update one from git you need to update, compile and install
the other too.
Do not report this as a bug unless you're sure you have updated correctly:
you probably have a broken mono install.
If you see other errors or faults after this message they are probably related
and you need to fix your mono install first.
Shut down UDS service system complete
AcceleratorClientConnectionCallback - disconnected - :0
Cleanup mono
CodeReloadManager destroyed
debugger-agent: Unable to listen on 135
Assertion failed on expression: '!gAlreadyClosing'
Error relaunching Unity
Assertion failed on expression: 's_EditorUserBuildSettings != NULL'
