Unity Editor version:    6000.6.0f1 (f7f8ed4d1e24)
Branch:                  6000.6/respin/6000.6.0f1-fa21a270ab12
Build type:              Release
Batch mode:              NO
System name:             Linux
Distro version:          #1 SMP PREEMPT_DYNAMIC Sun Aug 23 04:02:57 UTC 2026
Kernel version:          7.2.0-202.nobara.fc44.x86_64
Architecture:            x86_64
Window Protocol:         Wayland (XWayland)
Available memory:        63495 MB
Date:                    2026-09-15T03:17:00Z
VBCSCompilerPreWarmer: ERROR: Couldn't pre-warm as failed to write stub code temporary file (/tmpUnityVBCSPreWarm_334547.cs)
VBCSCompiler prewarm took 0.17 ms
[Licensing::Module] Trying to connect to existing licensing client channel...
[Licensing::IpcConnector] Successfully connected to: "LicenseClient-jack" at "2026-09-15T03:17:00.05736Z"
[SignatureVerifier] Application signature verification not supported on this platform.
[Licensing::Client] Error: HandshakeResponse reported an error:
	ResponseCode: 505
	ResponseStatus: Unsupported protocol version '1.18.3'.
[Licensing::Module] Error: Failed to handshake to channel: "LicenseClient-jack"
[Licensing::IpcConnector] LicenseClient-jack channel disconnected successfully.
[Licensing::IpcConnector] Channel LicenseClient-jack-6000.6.0 doesn't exist
[Licensing::Module] Successfully launched the LicensingClient (PId: 334584)
Selected window backend: (null) 
[Licensing::IpcConnector] Successfully connected to: "LicenseClient-jack-6000.6.0" at "2026-09-15T03:17:00.306535Z"
[SignatureVerifier] Application signature verification not supported on this platform.
[Licensing::Client] Handshaking with LicensingClient:
  Version:                 1.18.3+d7ffd15
  Session Id:              72355a225f184b30b6ca79212165f5db
  Correlation Id:          3ca649aa7c6d6bce11a4e66d5f3d90d1
  External correlation Id: 8902671025908615780
  Machine Id:              Ydtj+AVGEBTtLOQ9je37x6jUnm0=
[Licensing::Module] Successfully connected to LicensingClient on channel: "LicenseClient-jack-6000.6.0" (connect: 0.25s, validation: 0.03s, handshake: 0.00s)
[Licensing::IpcConnector] Successfully connected to: "LicenseClient-jack-6000.6.0-notifications" at "2026-09-15T03:17:00.339078Z"
[Licensing::Module] Connected to LicensingClient (PId: 334584, launch time: 0.00, total connection time: 0.28s)
[Licensing::Module] Error: Access token is unavailable; failed to update
[Licensing::Client] Successfully resolved entitlement details
[Licensing::Module] License group:
  Id: 2473961162010-UnityPersXXXX
  Product: Unity Personal
  Type: Assigned
  Expiration: Unlimited
[Licensing::Client] Successfully updated license, isAsync: True, time: 0.01
[Licensing::Client] Successfully resolved entitlement details
[Licensing::Module] Licensing Background thread has ended after 0.30s
Desktop is 4920 x 1920 @ 60 Hz
Initialize udev device monitor.

COMMAND LINE ARGUMENTS:
/home/jack/Unity/Hub/Editor/6000.6.0f1/Editor/unityhub-unity-editor-6000.6.0f1
-projectPath
/home/jack/Documents/Unity/Apple-Picker
Successfully changed project path to: /home/jack/Documents/Unity/Apple-Picker
/home/jack/Documents/Unity/Apple-Picker
[UnityMemory] Configuration Parameters - Can be set up in boot.config
    "memorysetup-temp-allocator-size-gi-baking-worker=262144"
    "memorysetup-temp-allocator-size-gi-baking-worker=262144"
    "memorysetup-temp-allocator-size-gi-baking-worker=262144"
    "memorysetup-temp-allocator-size-gi-baking-worker=262144"
    "memorysetup-temp-allocator-size-gi-baking-worker=262144"
    "memorysetup-temp-allocator-size-nav-mesh-worker=65536"
    "memorysetup-temp-allocator-size-audio-worker=65536"
    "memorysetup-temp-allocator-size-cloud-worker=32768"
    "memorysetup-temp-allocator-size-preload-manager=33554432"
    "memorysetup-remapper-allocator-initial-capacity=32768"
    "memorysetup-temp-allocator-size-gfx=262144"
    "memorysetup-allocator-temp-initial-block-size-main=262144"
    "memorysetup-allocator-temp-initial-block-size-worker=262144"
    "memorysetup-temp-allocator-size-background-worker=32768"
    "memorysetup-temp-allocator-size-job-worker=262144"
    "memorysetup-bucket-allocator-granularity=16"
    "memorysetup-bucket-allocator-bucket-count=8"
    "memorysetup-bucket-allocator-block-size=33554432"
    "memorysetup-bucket-allocator-block-count=8"
    "memorysetup-main-allocator-block-size=16777216"
    "memorysetup-thread-allocator-block-size=16777216"
    "memorysetup-main-allocator-mimalloc-enabled=1"
    "memorysetup-gfx-main-allocator-block-size=16777216"
    "memorysetup-gfx-thread-allocator-block-size=16777216"
    "memorysetup-cache-allocator-block-size=4194304"
    "memorysetup-typetree-allocator-block-size=2097152"
    "memorysetup-profiler-bucket-allocator-granularity=16"
    "memorysetup-profiler-bucket-allocator-bucket-count=8"
    "memorysetup-profiler-bucket-allocator-block-size=33554432"
    "memorysetup-profiler-bucket-allocator-block-count=8"
    "memorysetup-profiler-allocator-block-size=16777216"
    "memorysetup-profiler-editor-allocator-block-size=1048576"
    "memorysetup-temp-allocator-size-main=16777216"
    "memorysetup-job-temp-allocator-block-size=2097152"
    "memorysetup-job-temp-allocator-block-size-background=1048576"
    "memorysetup-job-temp-allocator-reduction-small-platforms=262144"
Player connection [140125110623232]  Target information:

Player connection [140125110623232]  * "[IP] 172.20.1.75 [Port] 55504 [Flags] 2 [Guid] 3455557765 [EditorId] 3455557765 [Version] 1048832 [Id] LinuxEditor(16,10.2.0.2) [Debug] 1 [PackageName] LinuxEditor [ProjectName] Editor" 

Player connection [140125110623232]  * "[IP] 172.20.1.128 [Port] 55504 [Flags] 2 [Guid] 3455557765 [EditorId] 3455557765 [Version] 1048832 [Id] LinuxEditor(16,10.2.0.2) [Debug] 1 [PackageName] LinuxEditor [ProjectName] Editor" 

Player connection [140125110623232]  * "[IP] 172.18.0.1 [Port] 55504 [Flags] 2 [Guid] 3455557765 [EditorId] 3455557765 [Version] 1048832 [Id] LinuxEditor(16,10.2.0.2) [Debug] 1 [PackageName] LinuxEditor [ProjectName] Editor" 

Player connection [140125110623232]  * "[IP] 172.17.0.1 [Port] 55504 [Flags] 2 [Guid] 3455557765 [EditorId] 3455557765 [Version] 1048832 [Id] LinuxEditor(16,10.2.0.2) [Debug] 1 [PackageName] LinuxEditor [ProjectName] Editor" 

Player connection [140125110623232]  * "[IP] 10.2.0.2 [Port] 55504 [Flags] 2 [Guid] 3455557765 [EditorId] 3455557765 [Version] 1048832 [Id] LinuxEditor(16,10.2.0.2) [Debug] 1 [PackageName] LinuxEditor [ProjectName] Editor" 

Player connection [140125110623232] Host joined multi-casting on [225.0.0.222:54997]...
Player connection [140125110623232] Host joined alternative multi-casting on [225.0.0.222:34997]...
Input System module state changed to: Initialized.
[Physics::Module] Initialized fallback backend.
[Physics::Module] Id: 0xdecafbad
[Package Manager] Connected to IPC stream "Upm-334547" after 0.1 seconds.
[Licensing::Client] Successfully resolved entitlement details
Library Redirect Path: Library/
Initialising UDS system complete:
  - System type: Client
  - Resource namespace: 0225093952b82c3c335caffb6c8dc458
  - Shared memory size: 1073741824
  - Command buffer id: 1052624
  - Command buffer size: 8192
  - Hashmap size: 4194304
  - Service connected: false
Launching Unity Data Store - /home/jack/Unity/Hub/Editor/6000.6.0f1/Editor/Data/Tools/Unity.DataStore 
Unity Data Store artifact dir = Library/DataStore, working dir = /home/jack/Documents/Unity/Apple-Picker[Physics::Module] Selected backend.
[Physics::Module] Name: PhysX
[Physics::Module] Id: 0xf2b8ea05
[Physics::Module] SDK Version: 4.1.2
[Physics::Module] Integration Version: 1.0.0
[Physics::Module] Threading Mode: Multi-Threaded
Unity Data Store running and initialised
Initialize engine version: 6000.6.0f1 (f7f8ed4d1e24)
[EntityIdStore] init: VM path (explicit commit), pageSize=4096, blockCount=1048576, entitiesPerBlock=256, slots reserved=4294967296 bytes
[Subsystems] Discovering subsystems at path /home/jack/Unity/Hub/Editor/6000.6.0f1/Editor/Data/Resources/UnitySubsystems
[Subsystems] Discovering subsystems at path /home/jack/Documents/Unity/Apple-Picker/Assets
kGfxThreadingModeSplitJobs is not supported on OpenGL Core. Reverting to kGfxThreadingModeDirect instead.
GfxDevice: creating device client; kGfxThreadingModeDirect
GLX Extensions: GLX_ARB_get_proc_address GLX_ARB_multisample GLX_EXT_visual_info GLX_EXT_visual_rating GLX_SGIX_fbconfig GLX_SGIX_pbuffer GLX_SGI_swap_control GLX_EXT_swap_control GLX_EXT_buffer_age GLX_ARB_create_context GLX_ARB_create_context_profile GLX_ARB_fbconfig_float GLX_EXT_fbconfig_packed_float GLX_EXT_framebuffer_sRGB GLX_NV_copy_image GLX_NV_copy_buffer GLX_EXT_create_context_es_profile GLX_EXT_create_context_es2_profile GLX_ARB_create_context_no_error GLX_ARB_create_context_robustness GLX_ARB_context_flush_control 
Renderer: NVIDIA GeForce RTX 4060 Ti/PCIe/SSE2
Vendor:   NVIDIA Corporation
Version:  4.5.0 NVIDIA 595.91.07
GLES:     0
 GL_AMD_multi_draw_indirect GL_AMD_seamless_cubemap_per_texture GL_AMD_vertex_shader_viewport_index GL_AMD_vertex_shader_layer GL_ARB_arrays_of_arrays GL_ARB_base_instance GL_ARB_bindless_texture GL_ARB_blend_func_extended GL_ARB_buffer_storage GL_ARB_clear_buffer_object GL_ARB_clear_texture GL_ARB_clip_control GL_ARB_color_buffer_float GL_ARB_compressed_texture_pixel_storage GL_ARB_conservative_depth GL_ARB_compute_shader GL_ARB_compute_variable_group_size GL_ARB_conditional_render_inverted GL_ARB_copy_buffer GL_ARB_copy_image GL_ARB_cull_distance GL_ARB_debug_output GL_ARB_depth_buffer_float GL_ARB_depth_clamp GL_ARB_depth_texture GL_ARB_derivative_control GL_ARB_direct_state_access GL_ARB_draw_buffers GL_ARB_draw_buffers_blend GL_ARB_draw_indirect GL_ARB_draw_elements_base_vertex GL_ARB_draw_instanced GL_ARB_enhanced_layouts GL_ARB_ES2_compatibility GL_ARB_ES3_compatibility GL_ARB_ES3_1_compatibility GL_ARB_ES3_2_compatibility GL_ARB_explicit_attrib_location GL_ARB_explicit_uniform_location GL_ARB_fragmen
t_coord_conventions GL_ARB_fragment_layer_viewport GL_ARB_fragment_program GL_ARB_fragment_program_shadow GL_ARB_fragment_shader GL_ARB_fragment_shader_interlock GL_ARB_framebuffer_no_attachments GL_ARB_framebuffer_object GL_ARB_framebuffer_sRGB GL_ARB_geometry_shader4 GL_ARB_get_program_binary GL_ARB_get_texture_sub_image GL_ARB_gl_spirv GL_ARB_gpu_shader5 GL_ARB_gpu_shader_fp64 GL_ARB_gpu_shader_int64 GL_ARB_half_float_pixel GL_ARB_half_float_vertex GL_ARB_imaging GL_ARB_indirect_parameters GL_ARB_instanced_arrays GL_ARB_internalformat_query GL_ARB_internalformat_query2 GL_ARB_invalidate_subdata GL_ARB_map_buffer_alignment GL_ARB_map_buffer_range GL_ARB_multi_bind GL_ARB_multi_draw_indirect GL_ARB_multisample GL_ARB_multitexture GL_ARB_occlusion_query GL_ARB_occlusion_query2 GL_ARB_parallel_shader_compile GL_ARB_pipeline_statistics_query GL_ARB_pixel_buffer_object GL_ARB_point_parameters GL_ARB_point_sprite GL_ARB_polygon_offset_clamp GL_ARB_post_depth_coverage GL_ARB_program_interface_query GL_ARB_provoki
ng_vertex GL_ARB_query_buffer_object GL_ARB_robust_buffer_access_behavior GL_ARB_robustness GL_ARB_sample_locations GL_ARB_sample_shading GL_ARB_sampler_objects GL_ARB_seamless_cube_map GL_ARB_seamless_cubemap_per_texture GL_ARB_separate_shader_objects GL_ARB_shader_atomic_counter_ops GL_ARB_shader_atomic_counters GL_ARB_shader_ballot GL_ARB_shader_bit_encoding GL_ARB_shader_clock GL_ARB_shader_draw_parameters GL_ARB_shader_group_vote GL_ARB_shader_image_load_store GL_ARB_shader_image_size GL_ARB_shader_objects GL_ARB_shader_precision GL_ARB_shader_storage_buffer_object GL_ARB_shader_subroutine GL_ARB_shader_texture_image_samples GL_ARB_shader_texture_lod GL_ARB_shading_language_100 GL_ARB_shader_viewport_layer_array GL_ARB_shading_language_420pack GL_ARB_shading_language_include GL_ARB_shading_language_packing GL_ARB_shadow GL_ARB_sparse_buffer GL_ARB_sparse_texture GL_ARB_sparse_texture2 GL_ARB_sparse_texture_clamp GL_ARB_spirv_extensions GL_ARB_stencil_texturing GL_ARB_sync GL_ARB_tessellation_shader GL_A
RB_texture_barrier GL_ARB_texture_border_clamp GL_ARB_texture_buffer_object GL_ARB_texture_buffer_object_rgb32 GL_ARB_texture_buffer_range GL_ARB_texture_compression GL_ARB_texture_compression_bptc GL_ARB_texture_compression_rgtc GL_ARB_texture_cube_map GL_ARB_texture_cube_map_array GL_ARB_texture_env_add GL_ARB_texture_env_combine GL_ARB_texture_env_crossbar GL_ARB_texture_env_dot3 GL_ARB_texture_filter_anisotropic GL_ARB_texture_filter_minmax GL_ARB_texture_float GL_ARB_texture_gather GL_ARB_texture_mirror_clamp_to_edge GL_ARB_texture_mirrored_repeat GL_ARB_texture_multisample GL_ARB_texture_non_power_of_two GL_ARB_texture_query_levels GL_ARB_texture_query_lod GL_ARB_texture_rectangle GL_ARB_texture_rg GL_ARB_texture_rgb10_a2ui GL_ARB_texture_stencil8 GL_ARB_texture_storage GL_ARB_texture_storage_multisample GL_ARB_texture_swizzle GL_ARB_texture_view GL_ARB_timer_query GL_ARB_transform_feedback2 GL_ARB_transform_feedback3 GL_ARB_transform_feedback_instanced GL_ARB_transform_feedback_overflow_query GL_ARB_t
ranspose_matrix GL_ARB_uniform_buffer_object GL_ARB_vertex_array_bgra GL_ARB_vertex_array_object GL_ARB_vertex_attrib_64bit GL_ARB_vertex_attrib_binding GL_ARB_vertex_buffer_object GL_ARB_vertex_program GL_ARB_vertex_shader GL_ARB_vertex_type_10f_11f_11f_rev GL_ARB_vertex_type_2_10_10_10_rev GL_ARB_viewport_array GL_ARB_window_pos GL_ATI_draw_buffers GL_ATI_texture_float GL_ATI_texture_mirror_once GL_S3_s3tc GL_EXT_texture_env_add GL_EXT_abgr GL_EXT_bgra GL_EXT_bindable_uniform GL_EXT_blend_color GL_EXT_blend_equation_separate GL_EXT_blend_func_separate GL_EXT_blend_minmax GL_EXT_blend_subtract GL_EXT_compiled_vertex_array GL_EXT_Cg_shader GL_EXT_depth_bounds_test GL_EXT_direct_state_access GL_EXT_draw_buffers2 GL_EXT_draw_instanced GL_EXT_draw_range_elements GL_EXT_fog_coord GL_EXT_framebuffer_blit GL_EXT_framebuffer_multisample GL_EXTX_framebuffer_mixed_formats GL_EXT_framebuffer_multisample_blit_scaled GL_EXT_framebuffer_object GL_EXT_framebuffer_sRGB GL_EXT_geometry_shader4 GL_EXT_gpu_program_parameters 
GL_EXT_gpu_shader4 GL_EXT_multi_draw_arrays GL_EXT_multiview_texture_multisample GL_EXT_multiview_timer_query GL_EXT_packed_depth_stencil GL_EXT_packed_float GL_EXT_packed_pixels GL_EXT_pixel_buffer_object GL_EXT_point_parameters GL_EXT_polygon_offset_clamp GL_EXT_post_depth_coverage GL_EXT_provoking_vertex GL_EXT_raster_multisample GL_EXT_rescale_normal GL_EXT_secondary_color GL_EXT_separate_shader_objects GL_EXT_separate_specular_color GL_EXT_shader_image_load_formatted GL_EXT_shader_image_load_store GL_EXT_shader_integer_mix GL_EXT_shadow_funcs GL_EXT_sparse_texture2 GL_EXT_stencil_two_side GL_EXT_stencil_wrap GL_EXT_texture3D GL_EXT_texture_array GL_EXT_texture_buffer_object GL_EXT_texture_compression_dxt1 GL_EXT_texture_compression_latc GL_EXT_texture_compression_rgtc GL_EXT_texture_compression_s3tc GL_EXT_texture_cube_map GL_EXT_texture_edge_clamp GL_EXT_texture_env_combine GL_EXT_texture_env_dot3 GL_EXT_texture_filter_anisotropic GL_EXT_texture_filter_minmax GL_EXT_texture_integer GL_EXT_texture_lod G
L_EXT_texture_lod_bias GL_EXT_texture_mirror_clamp GL_EXT_texture_object GL_EXT_texture_shadow_lod GL_EXT_texture_shared_exponent GL_EXT_texture_sRGB GL_EXT_texture_sRGB_R8 GL_EXT_texture_sRGB_decode GL_EXT_texture_storage GL_EXT_texture_swizzle GL_EXT_timer_query GL_EXT_transform_feedback2 GL_EXT_vertex_array GL_EXT_vertex_array_bgra GL_EXT_vertex_attrib_64bit GL_EXT_window_rectangles GL_EXT_x11_sync_object GL_EXT_import_sync_object GL_NV_robustness_video_memory_purge GL_IBM_rasterpos_clip GL_IBM_texture_mirrored_repeat GL_KHR_context_flush_control GL_KHR_debug GL_EXT_memory_object GL_EXT_memory_object_fd GL_NV_memory_object_sparse GL_KHR_parallel_shader_compile GL_KHR_no_error GL_KHR_robust_buffer_access_behavior GL_KHR_robustness GL_EXT_semaphore GL_EXT_semaphore_fd GL_NV_timeline_semaphore GL_KHR_shader_subgroup GL_KTX_buffer_region GL_NV_alpha_to_coverage_dither_control GL_NV_bindless_multi_draw_indirect GL_NV_bindless_multi_draw_indirect_count GL_NV_bindless_texture GL_NV_blend_equation_advanced GL_NV_
blend_equation_advanced_coherent GL_NVX_blend_equation_advanced_multi_draw_buffers GL_NV_blend_minmax_factor GL_NV_blend_square GL_NV_clip_space_w_scaling GL_NV_command_list GL_NV_compute_program5 GL_NV_compute_shader_derivatives GL_NV_conditional_render GL_NV_conservative_raster GL_NV_conservative_raster_dilate GL_NV_conservative_raster_pre_snap GL_NV_conservative_raster_pre_snap_triangles GL_NV_conservative_raster_underestimation GL_NV_copy_depth_to_color GL_NV_copy_image GL_NV_depth_buffer_float GL_NV_depth_clamp GL_NV_draw_texture GL_NV_draw_vulkan_image GL_NV_ES1_1_compatibility GL_NV_ES3_1_compatibility GL_NV_explicit_multisample GL_NV_feature_query GL_NV_fence GL_NV_fill_rectangle GL_NV_float_buffer GL_NV_fog_distance GL_NV_fragment_coverage_to_color GL_NV_fragment_program GL_NV_fragment_program_option GL_NV_fragment_program2 GL_NV_fragment_shader_barycentric GL_NV_fragment_shader_interlock GL_NV_framebuffer_mixed_samples GL_NV_framebuffer_multisample_coverage GL_NV_geometry_shader4 GL_NV_geometry_sha
der_passthrough GL_NV_gpu_program4 GL_NV_internalformat_sample_query GL_NV_gpu_program4_1 GL_NV_gpu_program5 GL_NV_gpu_program5_mem_extended GL_NV_gpu_program_fp64 GL_NV_gpu_program_multiview GL_NV_gpu_shader5 GL_NV_half_float GL_NV_light_max_exponent GL_NV_memory_attachment GL_NV_mesh_shader GL_NV_multisample_coverage GL_NV_multisample_filter_hint GL_NV_occlusion_query GL_NV_packed_depth_stencil GL_NV_parameter_buffer_object GL_NV_parameter_buffer_object2 GL_NV_path_rendering GL_NV_path_rendering_shared_edge GL_NV_pixel_data_range GL_NV_point_sprite GL_NV_primitive_restart GL_NV_primitive_shading_rate GL_NV_query_resource GL_NV_query_resource_tag GL_NV_register_combiners GL_NV_register_combiners2 GL_NV_representative_fragment_test GL_NV_sample_locations GL_NV_sample_mask_override_coverage GL_NV_scissor_exclusive GL_NV_shader_atomic_counters GL_NV_shader_atomic_float GL_NV_shader_atomic_float64 GL_NV_shader_atomic_fp16_vector GL_NV_shader_atomic_int64 GL_NV_shader_buffer_load GL_NV_shader_storage_buffer_obje
ct GL_NV_shader_subgroup_partitioned GL_NV_shader_texture_footprint GL_NV_shading_rate_image GL_NV_stereo_view_rendering GL_NV_texgen_reflection GL_NV_texture_barrier GL_NV_texture_compression_vtc GL_NV_texture_dirty_tile_map GL_NV_texture_env_combine4 GL_NV_texture_multisample GL_NV_texture_rectangle GL_NV_texture_rectangle_compressed GL_NV_texture_shader GL_NV_texture_shader2 GL_NV_texture_shader3 GL_NV_transform_feedback GL_NV_transform_feedback2 GL_NV_uniform_buffer_unified_memory GL_NV_uniform_buffer_std430_layout GL_NV_vdpau_interop GL_NV_vdpau_interop2 GL_NV_vertex_array_range GL_NV_vertex_array_range2 GL_NV_vertex_attrib_integer_64bit GL_NV_vertex_buffer_unified_memory GL_NV_vertex_program GL_NV_vertex_program1_1 GL_NV_vertex_program2 GL_NV_vertex_program2_option GL_NV_vertex_program3 GL_NV_viewport_array2 GL_NV_viewport_swizzle GL_NVX_conditional_render GL_NV_gpu_multicast GL_NVX_progress_fence GL_NVX_gpu_memory_info GL_NVX_nvenc_interop GL_NV_shader_thread_group GL_NV_shader_thread_shuffle GL_KHR_b
lend_equation_advanced GL_KHR_blend_equation_advanced_coherent GL_OVR_multiview GL_OVR_multiview2 GL_SGIS_generate_mipmap GL_SGIS_texture_lod GL_SGIX_depth_texture GL_SGIX_shadow GL_SUN_slice_accum
OPENGL LOG: Creating OpenGL 4.5 graphics device ; Context level  <OpenGL 4.5> ; Context handle -494586888
Initialize mono
Mono path[0] = '/home/jack/Unity/Hub/Editor/6000.6.0f1/Editor/Data/Managed'
Mono path[1] = '/home/jack/Unity/Hub/Editor/6000.6.0f1/Editor/Data/BCLExtensions/runtime/netstandard2.1'
Mono path[2] = '/home/jack/Unity/Hub/Editor/6000.6.0f1/Editor/Data/MonoBleedingEdge/lib/mono/unityjit-linux'
Mono config path = '/home/jack/Unity/Hub/Editor/6000.6.0f1/Editor/Data/MonoBleedingEdge/etc'
Using monoOptions --debugger-agent=transport=dt_socket,embedding=1,server=y,suspend=n,address=127.0.0.1:56547
CodeReloadManager initialized
ImportWorker Server TCP listen port: 0
AcceleratorClientConnectionCallback - disconnected - :0
Begin MonoManager ReloadAssembly
Registering precompiled unity dll's ...
Register platform support module: /home/jack/Unity/Hub/Editor/6000.6.0f1/Editor/Data/PlaybackEngines/WebGLSupport/UnityEditor.WebGL.Extensions.dll
Register platform support module: /home/jack/Unity/Hub/Editor/6000.6.0f1/Editor/Data/PlaybackEngines/WindowsStandaloneSupport/UnityEditor.WindowsStandalone.Extensions.dll
Register platform support module: /home/jack/Unity/Hub/Editor/6000.6.0f1/Editor/Data/PlaybackEngines/LinuxStandaloneSupport/UnityEditor.LinuxStandalone.Extensions.dll
Registered in 0.001362 seconds.
Native extension for LinuxStandalone target not found
Native extension for WindowsStandalone target not found
Native extension for WebGL target not found
Package Manager log level set to [2]
[Licensing::Client] Successfully resolved entitlement details
ScheduleIndexationOnStartup MainProcess:False IndexOnStartup:True
Scripting: successfully reloaded assembly
- Finished resetting the current domain, in  2.151 seconds
Domain Reload Profiling: 2491ms
	BeginReloadAssembly (78ms)
		CreateAndSetChildDomain (19ms)
	RebuildCommonClasses (3ms)
	RebuildNativeTypeToScriptingClass (8ms)
	initialDomainReloadingComplete (40ms)
	LoadAllAssembliesAndSetupDomain (211ms)
		LoadAssemblies (59ms)
		TypeCache.Refresh (140ms)
			TypeCache.ScanAssembly (130ms)
		AnalyzeDomain (1ms)
	FinalizeReload (2152ms)
		SetupLoadedEditorAssemblies (0ms)
			BeforeProcessingInitializeOnLoad (67ms)
			ProcessInitializeOnLoadAttributes (70ms)
			ProcessInitializeOnLoadMethodAttributes (1877ms)
[Licensing::Client] Successfully resolved entitlement details
Application.AssetDatabase Initial Refresh Start
[Package Manager] Restoring resolved packages state from cache
[Licensing::Client] Successfully resolved entitlement details
[Package Manager] Registered 55 packages:
  Packages from [https://packages.unity.com]:
    com.unity.collab-proxy@2.13.6 (location: /home/jack/Documents/Unity/Apple-Picker/Library/PackageCache/com.unity.collab-proxy@4628d2ba6ea4)
    com.unity.ide.rider@3.0.38 (location: /home/jack/Documents/Unity/Apple-Picker/Library/PackageCache/com.unity.ide.rider@1f60b3138684)
    com.unity.ide.visualstudio@2.0.28 (location: /home/jack/Documents/Unity/Apple-Picker/Library/PackageCache/com.unity.ide.visualstudio@b5edea5f33f4)
    com.unity.inputsystem@1.20.0 (location: /home/jack/Documents/Unity/Apple-Picker/Library/PackageCache/com.unity.inputsystem@7a4e1a2a8194)
    com.unity.services.cloud-build@2.0.8 (location: /home/jack/Documents/Unity/Apple-Picker/Library/PackageCache/com.unity.services.cloud-build@235f37f57c39)
    com.unity.visualscripting@1.9.12 (location: /home/jack/Documents/Unity/Apple-Picker/Library/PackageCache/com.unity.visualscripting@4edfcc09512f)
    com.unity.services.core@1.18.0 (location: /home/jack/Documents/Unity/Apple-Picker/Library/PackageCache/com.unity.services.core@3464cb68d709)
    com.unity.nuget.newtonsoft-json@3.2.2 (location: /home/jack/Documents/Unity/Apple-Picker/Library/PackageCache/com.unity.nuget.newtonsoft-json@4dfd81071c64)
    com.unity.performance.profile-analyzer@1.4.0 (location: /home/jack/Documents/Unity/Apple-Picker/Library/PackageCache/com.unity.performance.profile-analyzer@2bb26871883c)
    com.unity.testtools.codecoverage@1.3.0 (location: /home/jack/Documents/Unity/Apple-Picker/Library/PackageCache/com.unity.testtools.codecoverage@19a841221620)
    com.unity.settings-manager@2.1.1 (location: /home/jack/Documents/Unity/Apple-Picker/Library/PackageCache/com.unity.settings-manager@0b8638c5ce86)
  Built-in packages:
    com.unity.feature.development@1.0.2 (location: /home/jack/Documents/Unity/Apple-Picker/Library/PackageCache/com.unity.feature.development@767aadbc6eb7)
    com.unity.timeline@6.6.0 (location: /home/jack/Documents/Unity/Apple-Picker/Library/PackageCache/com.unity.timeline@56b07ebd2230)
    com.unity.ugui@2.6.0 (location: /home/jack/Documents/Unity/Apple-Picker/Library/PackageCache/com.unity.ugui@9acc4bc81b33)
    com.unity.modules.accessibility@1.0.0 (location: /home/jack/Documents/Unity/Apple-Picker/Library/PackageCache/com.unity.modules.accessibility)
    com.unity.modules.adaptiveperformance@1.0.0 (location: /home/jack/Documents/Unity/Apple-Picker/Library/PackageCache/com.unity.modules.adaptiveperformance)
    com.unity.modules.ai@1.0.0 (location: /home/jack/Documents/Unity/Apple-Picker/Library/PackageCache/com.unity.modules.ai)
    com.unity.modules.androidjni@1.0.0 (location: /home/jack/Documents/Unity/Apple-Picker/Library/PackageCache/com.unity.modules.androidjni)
    com.unity.modules.animation@1.0.0 (location: /home/jack/Documents/Unity/Apple-Picker/Library/PackageCache/com.unity.modules.animation)
    com.unity.modules.assetbundle@1.0.0 (location: /home/jack/Documents/Unity/Apple-Picker/Library/PackageCache/com.unity.modules.assetbundle)
    com.unity.modules.audio@1.0.0 (location: /home/jack/Documents/Unity/Apple-Picker/Library/PackageCache/com.unity.modules.audio)
    com.unity.modules.cloth@1.0.0 (location: /home/jack/Documents/Unity/Apple-Picker/Library/PackageCache/com.unity.modules.cloth)
    com.unity.modules.director@1.0.0 (location: /home/jack/Documents/Unity/Apple-Picker/Library/PackageCache/com.unity.modules.director)
    com.unity.modules.imageconversion@1.0.0 (location: /home/jack/Documents/Unity/Apple-Picker/Library/PackageCache/com.unity.modules.imageconversion)
    com.unity.modules.imgui@1.0.0 (location: /home/jack/Documents/Unity/Apple-Picker/Library/PackageCache/com.unity.modules.imgui)
    com.unity.modules.jsonserialize@1.0.0 (location: /home/jack/Documents/Unity/Apple-Picker/Library/PackageCache/com.unity.modules.jsonserialize)
    com.unity.modules.particlesystem@1.0.0 (location: /home/jack/Documents/Unity/Apple-Picker/Library/PackageCache/com.unity.modules.particlesystem)
    com.unity.modules.physics@1.0.0 (location: /home/jack/Documents/Unity/Apple-Picker/Library/PackageCache/com.unity.modules.physics)
    com.unity.modules.physics2d@1.0.0 (location: /home/jack/Documents/Unity/Apple-Picker/Library/PackageCache/com.unity.modules.physics2d)
    com.unity.modules.physicscore2d@1.0.0 (location: /home/jack/Documents/Unity/Apple-Picker/Library/PackageCache/com.unity.modules.physicscore2d)
    com.unity.modules.screencapture@1.0.0 (location: /home/jack/Documents/Unity/Apple-Picker/Library/PackageCache/com.unity.modules.screencapture)
    com.unity.modules.terrain@1.0.0 (location: /home/jack/Documents/Unity/Apple-Picker/Library/PackageCache/com.unity.modules.terrain)
    com.unity.modules.terrainphysics@1.0.0 (location: /home/jack/Documents/Unity/Apple-Picker/Library/PackageCache/com.unity.modules.terrainphysics)
    com.unity.modules.tetgen@1.0.0 (location: /home/jack/Documents/Unity/Apple-Picker/Library/PackageCache/com.unity.modules.tetgen)
    com.unity.modules.tilemap@1.0.0 (location: /home/jack/Documents/Unity/Apple-Picker/Library/PackageCache/com.unity.modules.tilemap)
    com.unity.modules.timelinefoundation@1.0.0 (location: /home/jack/Documents/Unity/Apple-Picker/Library/PackageCache/com.unity.modules.timelinefoundation)
    com.unity.modules.ui@1.0.0 (location: /home/jack/Documents/Unity/Apple-Picker/Library/PackageCache/com.unity.modules.ui)
    com.unity.modules.uielements@1.0.0 (location: /home/jack/Documents/Unity/Apple-Picker/Library/PackageCache/com.unity.modules.uielements)
    com.unity.modules.umbra@1.0.0 (location: /home/jack/Documents/Unity/Apple-Picker/Library/PackageCache/com.unity.modules.umbra)
    com.unity.modules.unityanalytics@1.0.0 (location: /home/jack/Documents/Unity/Apple-Picker/Library/PackageCache/com.unity.modules.unityanalytics)
    com.unity.modules.unitywebrequest@1.0.0 (location: /home/jack/Documents/Unity/Apple-Picker/Library/PackageCache/com.unity.modules.unitywebrequest)
    com.unity.modules.unitywebrequestassetbundle@1.0.0 (location: /home/jack/Documents/Unity/Apple-Picker/Library/PackageCache/com.unity.modules.unitywebrequestassetbundle)
    com.unity.modules.unitywebrequestaudio@1.0.0 (location: /home/jack/Documents/Unity/Apple-Picker/Library/PackageCache/com.unity.modules.unitywebrequestaudio)
    com.unity.modules.unitywebrequesttexture@1.0.0 (location: /home/jack/Documents/Unity/Apple-Picker/Library/PackageCache/com.unity.modules.unitywebrequesttexture)
    com.unity.modules.unitywebrequestwww@1.0.0 (location: /home/jack/Documents/Unity/Apple-Picker/Library/PackageCache/com.unity.modules.unitywebrequestwww)
    com.unity.modules.vectorgraphics@1.0.0 (location: /home/jack/Documents/Unity/Apple-Picker/Library/PackageCache/com.unity.modules.vectorgraphics)
    com.unity.modules.vehicles@1.0.0 (location: /home/jack/Documents/Unity/Apple-Picker/Library/PackageCache/com.unity.modules.vehicles)
    com.unity.modules.video@1.0.0 (location: /home/jack/Documents/Unity/Apple-Picker/Library/PackageCache/com.unity.modules.video)
    com.unity.modules.wind@1.0.0 (location: /home/jack/Documents/Unity/Apple-Picker/Library/PackageCache/com.unity.modules.wind)
    com.unity.modules.xr@1.0.0 (location: /home/jack/Documents/Unity/Apple-Picker/Library/PackageCache/com.unity.modules.xr)
    com.unity.modules.subsystems@1.0.0 (location: /home/jack/Documents/Unity/Apple-Picker/Library/PackageCache/com.unity.modules.subsystems)
    com.unity.modules.hierarchycore@1.0.0 (location: /home/jack/Documents/Unity/Apple-Picker/Library/PackageCache/com.unity.modules.hierarchycore)
    com.unity.test-framework@1.8.0 (location: /home/jack/Documents/Unity/Apple-Picker/Library/PackageCache/com.unity.test-framework@f0b61198e8dc)
    com.unity.ext.nunit@2.1.0 (location: /home/jack/Documents/Unity/Apple-Picker/Library/PackageCache/com.unity.ext.nunit@508b95ff9afe)
    com.unity.editorcoroutines@6.6.0 (location: /home/jack/Documents/Unity/Apple-Picker/Library/PackageCache/com.unity.editorcoroutines@af8abaa9a9d2)
[Subsystems] No new subsystems found in resolved package list.
[Package Manager] Done registering packages in 0.00 seconds
Starting: /home/jack/Unity/Hub/Editor/6000.6.0f1/Editor/Data/Tools/BuildPipeline/bee_backend --ipc --defer-dag-verification --dagfile="Library/Bee/2400b0aE.dag" --continue-on-failure --profile="Library/Bee/backend1.traceevents" ScriptAssemblies
WorkingDir: /home/jack/Documents/Unity/Apple-Picker
Starting: /home/jack/Unity/Hub/Editor/6000.6.0f1/Editor/Data/DotNetSdk/dotnet "/home/jack/Unity/Hub/Editor/6000.6.0f1/Editor/Data/Tools/BuildPipeline/ScriptCompilationBuildProgram.exe" "Library/Bee/2400b0aE.dag.json" "Library/Bee/2400b0aE-inputdata.json" "Library/Bee/buildprogram0.traceevents"
WorkingDir: /home/jack/Documents/Unity/Apple-Picker
ExitCode: 4 Duration: 0s217ms
[428/698    0s] CopyFiles Library/ScriptAssemblies/Unity.VisualStudio.Editor.pdb
[429/698    0s] CopyFiles Library/ScriptAssemblies/Unity.VisualStudio.Editor.dll
[440/698    0s] CopyFiles Library/ScriptAssemblies/Unity.Rider.Editor.dll
[447/698    0s] CopyFiles Library/ScriptAssemblies/Unity.Rider.Editor.pdb
[541/698    0s] ILPP-Configuration Library/ilpp-configuration.nevergeneratedoutput
[594/698    0s] CopyFiles Library/ScriptAssemblies/Unity.Services.Core.Environments.Internal.dll
[595/698    0s] CopyFiles Library/ScriptAssemblies/Unity.InternalAPIEngineBridge.004.dll
[596/698    0s] CopyFiles Library/ScriptAssemblies/Unity.Timeline.dll
[597/698    0s] CopyFiles Library/ScriptAssemblies/Unity.VisualScripting.Core.dll
[598/698    0s] CopyFiles Library/ScriptAssemblies/Unity.Services.Core.Analytics.dll
[599/698    0s] CopyFiles Library/ScriptAssemblies/Unity.Services.Core.Internal.dll
[600/698    0s] CopyFiles Library/ScriptAssemblies/Unity.VisualScripting.DocCodeExamples.dll
[601/698    0s] CopyFiles Library/ScriptAssemblies/Unity.InputSystem.ForUI.dll
[602/698    0s] CopyFiles Library/ScriptAssemblies/Unity.Services.Core.Threading.dll
[603/698    0s] CopyFiles Library/ScriptAssemblies/Unity.VisualScripting.Flow.dll
[604/698    0s] CopyFiles Library/ScriptAssemblies/Unity.InputSystem.dll
[605/698    0s] CopyFiles Library/ScriptAssemblies/Unity.Services.Core.Configuration.dll
[606/698    0s] CopyFiles Library/ScriptAssemblies/UnityEngine.TestRunner.dll
[607/698    0s] CopyFiles Library/ScriptAssemblies/Unity.InputSystem.TestFramework.dll
[608/698    0s] CopyFiles Library/ScriptAssemblies/Unity.VisualScripting.Shared.Editor.pdb
[609/698    0s] CopyFiles Library/ScriptAssemblies/Unity.Services.Core.dll
[610/698    0s] CopyFiles Library/ScriptAssemblies/Unity.Services.Core.Networking.dll
[611/698    0s] CopyFiles Library/ScriptAssemblies/Unity.Services.Core.Registration.dll
[612/698    0s] CopyFiles Library/ScriptAssemblies/Unity.Services.Core.Components.dll
[613/698    0s] CopyFiles Library/ScriptAssemblies/Unity.PlasticSCM.Editor.pdb
[614/698    0s] CopyFiles Library/ScriptAssemblies/Unity.Services.Core.Telemetry.dll
[615/698    0s] CopyFiles Library/ScriptAssemblies/Unity.Services.Core.Environments.dll
[616/698    0s] CopyFiles Library/ScriptAssemblies/Unity.Services.Core.Scheduler.dll
[617/698    0s] CopyFiles Library/ScriptAssemblies/Unity.Services.Core.Device.dll
[618/698    0s] CopyFiles Library/ScriptAssemblies/Unity.VisualScripting.Flow.Editor.dll
[619/698    0s] CopyFiles Library/ScriptAssemblies/Assembly-CSharp.dll
[620/698    0s] CopyFiles Library/ScriptAssemblies/Unity.Timeline.Editor.dll
[621/698    0s] CopyFiles Library/ScriptAssemblies/Unity.TextMeshPro.dll
[622/698    0s] CopyFiles Library/ScriptAssemblies/Unity.VisualScripting.State.pdb
[623/698    0s] CopyFiles Library/ScriptAssemblies/Unity.VisualScripting.Shared.Editor.dll
[624/698    0s] CopyFiles Library/ScriptAssemblies/Unity.VisualScripting.Flow.pdb
[625/698    0s] CopyFiles Library/ScriptAssemblies/Unity.VisualScripting.State.dll
[626/698    0s] CopyFiles Library/ScriptAssemblies/Unity.PlasticSCM.Editor.Assistant.pdb
[627/698    0s] CopyFiles Library/ScriptAssemblies/UnityEngine.UI.dll
[628/698    0s] CopyFiles Library/ScriptAssemblies/Unity.TestTools.CodeCoverage.Editor.OpenCover.Mono.Reflection.dll
[629/698    0s] CopyFiles Library/ScriptAssemblies/Unity.Services.Core.Environments.Editor.dll
[630/698    0s] CopyFiles Library/ScriptAssemblies/Unity.InputSystem.ForUI.Editor.pdb
[631/698    0s] CopyFiles Library/ScriptAssemblies/UnityEngine.TestRunner.pdb
[632/698    0s] CopyFiles Library/ScriptAssemblies/Unity.Timeline.Editor.pdb
[633/698    0s] CopyFiles Library/ScriptAssemblies/Unity.InputSystem.DocCodeSamples.dll
[634/698    0s] CopyFiles Library/ScriptAssemblies/Unity.TestTools.CodeCoverage.Editor.OpenCover.Model.pdb
[635/698    0s] CopyFiles Library/ScriptAssemblies/UnityEditor.TestRunner.dll
[636/698    0s] CopyFiles Library/ScriptAssemblies/Unity.TestTools.CodeCoverage.Editor.dll
[637/698    0s] CopyFiles Library/ScriptAssemblies/Unity.Performance.Profile-Analyzer.Editor.pdb
[638/698    0s] CopyFiles Library/ScriptAssemblies/Unity.Services.CloudBuild.Editor.pdb
[639/698    0s] CopyFiles Library/ScriptAssemblies/Unity.Services.Core.Analytics.pdb
[640/698    0s] CopyFiles Library/ScriptAssemblies/Unity.Services.Core.Environments.pdb
[641/698    0s] CopyFiles Library/ScriptAssemblies/Unity.Services.Core.Configuration.pdb
[642/698    0s] CopyFiles Library/ScriptAssemblies/Unity.Services.Core.pdb
[643/698    0s] CopyFiles Library/ScriptAssemblies/Assembly-CSharp.pdb
[644/698    0s] CopyFiles Library/ScriptAssemblies/Unity.InputSystem.ForUI.pdb
[645/698    0s] CopyFiles Library/ScriptAssemblies/Unity.Services.Core.Configuration.Editor.pdb
[646/698    0s] CopyFiles Library/ScriptAssemblies/Unity.Services.Core.Threading.pdb
[647/698    0s] CopyFiles Library/ScriptAssemblies/Unity.InputSystem.ForUI.Editor.dll
[648/698    0s] CopyFiles Library/ScriptAssemblies/Unity.Services.Core.Components.pdb
[649/698    0s] CopyFiles Library/ScriptAssemblies/Unity.InputSystem.TestFramework.pdb
[650/698    0s] CopyFiles Library/ScriptAssemblies/UnityEditor.TestRunner.pdb
[651/698    0s] CopyFiles Library/ScriptAssemblies/Unity.VisualScripting.State.Editor.pdb
[652/698    0s] CopyFiles Library/ScriptAssemblies/Unity.TextMeshPro.Editor.pdb
[653/698    0s] CopyFiles Library/ScriptAssemblies/Unity.CollabProxy.Editor.dll
[654/698    0s] CopyFiles Library/ScriptAssemblies/Unity.InputSystem.pdb
[655/698    0s] CopyFiles Library/ScriptAssemblies/Unity.TextMeshPro.pdb
[656/698    0s] CopyFiles Library/ScriptAssemblies/Unity.Services.Core.Environments.Internal.pdb
[657/698    0s] CopyFiles Library/ScriptAssemblies/Unity.VisualScripting.Flow.Editor.pdb
[658/698    0s] CopyFiles Library/ScriptAssemblies/Unity.VisualScripting.SettingsProvider.Editor.dll
[659/698    0s] CopyFiles Library/ScriptAssemblies/Unity.Services.Core.Internal.pdb
[660/698    0s] CopyFiles Library/ScriptAssemblies/Unity.VisualScripting.Core.Editor.pdb
[661/698    0s] CopyFiles Library/ScriptAssemblies/Unity.Services.Core.Editor.pdb
[662/698    0s] CopyFiles Library/ScriptAssemblies/Unity.VisualScripting.SettingsProvider.Editor.pdb
[663/698    0s] CopyFiles Library/ScriptAssemblies/Unity.EditorCoroutines.Editor.pdb
[664/698    0s] CopyFiles Library/ScriptAssemblies/Unity.Services.Core.Networking.pdb
[665/698    0s] CopyFiles Library/ScriptAssemblies/Unity.TestTools.CodeCoverage.Editor.OpenCover.Model.dll
[666/698    0s] CopyFiles Library/ScriptAssemblies/Unity.PlasticSCM.Editor.dll
[667/698    0s] CopyFiles Library/ScriptAssemblies/Unity.Performance.Profile-Analyzer.Editor.dll
[668/698    0s] CopyFiles Library/ScriptAssemblies/Unity.InputSystem.DocCodeSamples.pdb
[669/698    0s] CopyFiles Library/ScriptAssemblies/Unity.TextMeshPro.Editor.dll
[670/698    0s] CopyFiles Library/ScriptAssemblies/Unity.Services.Core.Registration.pdb
[671/698    0s] CopyFiles Library/ScriptAssemblies/Unity.CollabProxy.Editor.pdb
[672/698    0s] CopyFiles Library/ScriptAssemblies/Unity.PlasticSCM.Editor.Entities.dll
[673/698    0s] CopyFiles Library/ScriptAssemblies/Unity.TestTools.CodeCoverage.Editor.OpenCover.Mono.Reflection.pdb
[674/698    0s] CopyFiles Library/ScriptAssemblies/Unity.InternalAPIEngineBridge.004.pdb
[675/698    0s] CopyFiles Library/ScriptAssemblies/UnityEditor.UI.Analytics.dll
[676/698    0s] CopyFiles Library/ScriptAssemblies/Unity.VisualScripting.Core.Editor.dll
[677/698    0s] CopyFiles Library/ScriptAssemblies/UnityEngine.UI.pdb
[678/698    0s] CopyFiles Library/ScriptAssemblies/Unity.VisualScripting.State.Editor.dll
[679/698    0s] CopyFiles Library/ScriptAssemblies/UnityEditor.UI.Analytics.pdb
[680/698    0s] CopyFiles Library/ScriptAssemblies/Unity.Settings.Editor.pdb
[681/698    0s] CopyFiles Library/ScriptAssemblies/Unity.Services.Core.Environments.Editor.pdb
[682/698    0s] CopyFiles Library/ScriptAssemblies/Unity.PlasticSCM.Editor.Entities.pdb
[683/698    0s] CopyFiles Library/ScriptAssemblies/Unity.Services.Core.Device.pdb
[684/698    0s] CopyFiles Library/ScriptAssemblies/Unity.Services.Core.Editor.dll
[685/698    0s] CopyFiles Library/ScriptAssemblies/Unity.Services.Core.Configuration.Editor.dll
[686/698    0s] CopyFiles Library/ScriptAssemblies/Unity.VisualScripting.Core.pdb
[687/698    0s] CopyFiles Library/ScriptAssemblies/Unity.VisualScripting.DocCodeExamples.pdb
[688/698    0s] CopyFiles Library/ScriptAssemblies/Unity.Settings.Editor.dll
[689/698    0s] CopyFiles Library/ScriptAssemblies/Unity.Services.Core.Scheduler.pdb
[690/698    0s] CopyFiles Library/ScriptAssemblies/UnityEditor.UI.pdb
[691/698    0s] CopyFiles Library/ScriptAssemblies/Unity.Services.Core.Telemetry.pdb
[692/698    0s] CopyFiles Library/ScriptAssemblies/Unity.TestTools.CodeCoverage.Editor.pdb
[693/698    0s] CopyFiles Library/ScriptAssemblies/Unity.Timeline.pdb
[694/698    0s] CopyFiles Library/ScriptAssemblies/UnityEditor.UI.dll
[695/698    0s] CopyFiles Library/ScriptAssemblies/Unity.EditorCoroutines.Editor.dll
[696/698    0s] CopyFiles Library/ScriptAssemblies/Unity.PlasticSCM.Editor.Assistant.dll
[697/698    0s] CopyFiles Library/ScriptAssemblies/Unity.Services.CloudBuild.Editor.dll
Rebuilding DAG because FileSignature timestamp changed: Library/Bee/2400b0aE-inputdata.json
*** Tundra requires additional run (0.10 seconds), 109 items updated, 698 evaluated
ExitCode: 0 Duration: 0s865ms
Starting: /home/jack/Unity/Hub/Editor/6000.6.0f1/Editor/Data/Tools/BuildPipeline/bee_backend --ipc --defer-dag-verification --dagfile="Library/Bee/2400b0aE.dag" --continue-on-failure --dagfilejson="Library/Bee/2400b0aE.dag.json" --profile="Library/Bee/backend2.traceevents" ScriptAssemblies
WorkingDir: /home/jack/Documents/Unity/Apple-Picker
ExitCode: 0 Duration: 8s128ms
Finished compiling graph: 702 nodes, 12783 flattened edges (11311 ToBuild, 108 ToUse), maximum node priority 630
[203/699    0s] WriteText Library/Bee/artifacts/2400b0aE.dag/UnityEditor.UI.dll.mvfrm.rsp
[204/699    0s] WriteText Library/Bee/artifacts/2400b0aE.dag/Unity.Services.Core.dll.mvfrm.rsp
[206/699    0s] WriteText Library/Bee/artifacts/2400b0aE.dag/Unity.VisualScripting.Core.dll.mvfrm.rsp
[209/699    0s] WriteText Library/Bee/artifacts/2400b0aE.dag/UnityEditor.TestRunner.dll.mvfrm.rsp
[213/699    0s] WriteText Library/Bee/artifacts/2400b0aE.dag/Unity.Services.Core.rsp
[214/699    0s] WriteText Library/Bee/artifacts/2400b0aE.dag/UnityEditor.TestRunner.rsp
[215/699    0s] WriteText Library/Bee/artifacts/2400b0aE.dag/UnityEngine.UI.dll.mvfrm.rsp
[216/699    0s] WriteText Library/Bee/artifacts/2400b0aE.dag/Unity.VisualScripting.Core.Editor.rsp
[217/699    0s] WriteText Library/Bee/artifacts/2400b0aE.dag/UnityEditor.UI.rsp
[218/699    0s] WriteText Library/Bee/artifacts/2400b0aE.dag/Unity.VisualScripting.Core.Editor.dll.mvfrm.rsp
[219/699    0s] WriteText Library/Bee/artifacts/2400b0aE.dag/Unity.VisualScripting.Flow.dll.mvfrm.rsp
[220/699    0s] WriteText Library/Bee/artifacts/2400b0aE.dag/Unity.InputSystem.dll.mvfrm.rsp
[221/699    0s] WriteText Library/Bee/artifacts/2400b0aE.dag/Unity.VisualScripting.Core.rsp
[222/699    0s] WriteText Library/Bee/artifacts/2400b0aE.dag/Unity.InputSystem.rsp
[223/699    0s] WriteText Library/Bee/artifacts/2400b0aE.dag/Unity.Services.Core.Environments.dll.mvfrm.rsp
[226/699    0s] WriteText Library/Bee/artifacts/2400b0aE.dag/Unity.Services.Core.Environments.rsp
[227/699    0s] WriteText Library/Bee/artifacts/2400b0aE.dag/UnityEngine.TestRunner.rsp
[228/699    0s] WriteText Library/Bee/artifacts/2400b0aE.dag/UnityEngine.UI.rsp
[229/699    0s] WriteText Library/Bee/artifacts/2400b0aE.dag/Unity.VisualScripting.Flow.Editor.dll.mvfrm.rsp
[235/699    0s] WriteText Library/Bee/artifacts/2400b0aE.dag/Unity.VisualScripting.Flow.rsp
[242/699    0s] WriteText Library/Bee/artifacts/2400b0aE.dag/Unity.Services.Core.Internal.rsp
[243/699    0s] WriteText Library/Bee/artifacts/2400b0aE.dag/Unity.InternalAPIEngineBridge.004.dll.mvfrm.rsp
[255/699    0s] WriteText Library/Bee/artifacts/2400b0aE.dag/Unity.Services.Core.Configuration.dll.mvfrm.rsp
[256/699    0s] WriteText Library/Bee/artifacts/2400b0aE.dag/Unity.Services.Core.Telemetry.dll.mvfrm.rsp
[257/699    0s] WriteText Library/Bee/artifacts/2400b0aE.dag/Unity.Services.Core.Configuration.rsp
[258/699    0s] WriteText Library/Bee/artifacts/2400b0aE.dag/Unity.VisualScripting.State.dll.mvfrm.rsp
[259/699    0s] WriteText Library/Bee/artifacts/2400b0aE.dag/Unity.Services.Core.Internal.dll.mvfrm.rsp
[260/699    0s] WriteText Library/Bee/artifacts/2400b0aE.dag/Unity.InternalAPIEngineBridge.004.rsp
[261/699    0s] WriteText Library/Bee/artifacts/2400b0aE.dag/Unity.Services.Core.Scheduler.rsp
[262/699    0s] WriteText Library/Bee/artifacts/2400b0aE.dag/Unity.Services.Core.Device.rsp
[263/699    0s] WriteText Library/Bee/artifacts/2400b0aE.dag/Unity.VisualScripting.State.rsp
[264/699    0s] WriteText Library/Bee/artifacts/2400b0aE.dag/Unity.VisualScripting.Flow.Editor.rsp
[265/699    0s] WriteText Library/Bee/artifacts/2400b0aE.dag/Unity.Services.Core.Telemetry.rsp
[266/699    0s] WriteText Library/Bee/artifacts/2400b0aE.dag/Unity.Services.Core.Configuration.Editor.dll.mvfrm.rsp
[267/699    0s] WriteText Library/Bee/artifacts/2400b0aE.dag/Unity.Services.Core.Environments.Internal.dll.mvfrm.rsp
[268/699    0s] WriteText Library/Bee/artifacts/2400b0aE.dag/Unity.Services.Core.Device.dll.mvfrm.rsp
[269/699    0s] WriteText Library/Bee/artifacts/2400b0aE.dag/Unity.Services.Core.Threading.dll.mvfrm.rsp
[270/699    0s] WriteText Library/Bee/artifacts/2400b0aE.dag/Unity.Services.Core.Configuration.Editor.rsp
[271/699    0s] WriteText Library/Bee/artifacts/2400b0aE.dag/Unity.PlasticSCM.Editor.dll.mvfrm.rsp
[272/699    0s] WriteText Library/Bee/artifacts/2400b0aE.dag/Unity.Services.Core.Threading.rsp
[273/699    0s] WriteText Library/Bee/artifacts/2400b0aE.dag/Unity.TextMeshPro.rsp
[274/699    0s] WriteText Library/Bee/artifacts/2400b0aE.dag/Unity.Services.Core.Environments.Internal.rsp
[275/699    0s] WriteText Library/Bee/artifacts/2400b0aE.dag/Unity.Services.Core.Scheduler.dll.mvfrm.rsp
[276/699    0s] WriteText Library/Bee/artifacts/2400b0aE.dag/Unity.Settings.Editor.dll.mvfrm.rsp
[300/699    0s] WriteText Library/Bee/artifacts/2400b0aE.dag/Unity.Services.Core.Components.rsp
[301/699    0s] WriteText Library/Bee/artifacts/2400b0aE.dag/Unity.TestTools.CodeCoverage.Editor.OpenCover.Mono.Reflection.dll.mvfrm.rsp
[304/699    0s] WriteText Library/Bee/artifacts/2400b0aE.dag/Unity.Services.Core.Registration.dll.mvfrm.rsp
[308/699    0s] WriteText Library/Bee/artifacts/2400b0aE.dag/Unity.Services.Core.Networking.dll.mvfrm.rsp
[309/699    0s] WriteText Library/Bee/artifacts/2400b0aE.dag/Unity.Services.Core.Registration.rsp
[310/699    0s] WriteText Library/Bee/artifacts/2400b0aE.dag/Unity.TestTools.CodeCoverage.Editor.OpenCover.Mono.Reflection.rsp
[311/699    0s] WriteText Library/Bee/artifacts/2400b0aE.dag/Unity.PlasticSCM.Editor.rsp
[312/699    0s] WriteText Library/Bee/artifacts/2400b0aE.dag/Unity.TestTools.CodeCoverage.Editor.OpenCover.Model.dll.mvfrm.rsp
[313/699    0s] WriteText Library/Bee/artifacts/2400b0aE.dag/Unity.VisualScripting.State.Editor.dll.mvfrm.rsp
[314/699    0s] WriteText Library/Bee/artifacts/2400b0aE.dag/Unity.VisualScripting.State.Editor.rsp
[315/699    0s] WriteText Library/Bee/artifacts/2400b0aE.dag/Unity.Services.Core.Editor.dll.mvfrm.rsp
[316/699    0s] WriteText Library/Bee/artifacts/2400b0aE.dag/Unity.Settings.Editor.rsp
[317/699    0s] WriteText Library/Bee/artifacts/2400b0aE.dag/Unity.Services.Core.Components.dll.mvfrm.rsp
[318/699    0s] WriteText Library/Bee/artifacts/2400b0aE.dag/Unity.TextMeshPro.dll.mvfrm.rsp
[319/699    0s] WriteText Library/Bee/artifacts/2400b0aE.dag/Unity.Services.Core.Networking.rsp
[320/699    0s] WriteText Library/Bee/artifacts/2400b0aE.dag/Unity.Timeline.rsp
[321/699    0s] WriteText Library/Bee/artifacts/2400b0aE.dag/Unity.InputSystem.ForUI.dll.mvfrm.rsp
[322/699    0s] WriteText Library/Bee/artifacts/2400b0aE.dag/Unity.Timeline.Editor.dll.mvfrm.rsp
[323/699    0s] WriteText Library/Bee/artifacts/2400b0aE.dag/Unity.Rider.Editor.dll.mvfrm.rsp
[324/699    0s] WriteText Library/Bee/artifacts/2400b0aE.dag/Unity.Timeline.dll.mvfrm.rsp
[325/699    0s] WriteText Library/Bee/artifacts/2400b0aE.dag/Unity.Services.Core.Editor.rsp
[           0s] Csc Library/Bee/artifacts/2400b0aE.dag/UnityEngine.TestRunner.dll (+2 others) [CacheMiss 320592adc2a0d4b2535728efdea9394f00000000000000000000000000000006]
[326/699    0s] WriteText Library/Bee/artifacts/2400b0aE.dag/Unity.InputSystem.ForUI.rsp
[327/699    0s] WriteText Library/Bee/artifacts/2400b0aE.dag/Unity.TextMeshPro.Editor.dll.mvfrm.rsp
[328/699    0s] WriteText Library/Bee/artifacts/2400b0aE.dag/Unity.Services.Core.Analytics.dll.mvfrm.rsp
[329/699    0s] WriteText Library/Bee/artifacts/2400b0aE.dag/Unity.TestTools.CodeCoverage.Editor.OpenCover.Model.rsp
[330/699    0s] WriteText Library/Bee/artifacts/2400b0aE.dag/Unity.VisualStudio.Editor.dll.mvfrm.rsp
[331/699    0s] WriteText Library/Bee/artifacts/2400b0aE.dag/Unity.EditorCoroutines.Editor.dll.mvfrm.rsp
[332/699    0s] WriteText Library/Bee/artifacts/2400b0aE.dag/Unity.Rider.Editor.rsp
[335/699    0s] WriteText Library/Bee/artifacts/2400b0aE.dag/Unity.VisualScripting.Shared.Editor.dll.mvfrm.rsp
[337/699    0s] WriteText Library/Bee/artifacts/2400b0aE.dag/Unity.TextMeshPro.Editor.rsp
[338/699    0s] WriteText Library/Bee/artifacts/2400b0aE.dag/UnityEditor.UI.Analytics.dll.mvfrm.rsp
[340/699    0s] WriteText Library/Bee/artifacts/2400b0aE.dag/Unity.InputSystem.ForUI.Editor.dll.mvfrm.rsp
[343/699    0s] WriteText Library/Bee/artifacts/2400b0aE.dag/Unity.PlasticSCM.Editor.Assistant.dll.mvfrm.rsp
[344/699    0s] WriteText Library/Bee/artifacts/2400b0aE.dag/Unity.VisualScripting.SettingsProvider.Editor.dll.mvfrm.rsp
[346/699    0s] WriteText Library/Bee/artifacts/2400b0aE.dag/Unity.Performance.Profile-Analyzer.Editor.dll.mvfrm.rsp
[354/699    0s] WriteText Library/Bee/artifacts/2400b0aE.dag/Unity.Services.Core.Environments.Editor.dll.mvfrm.rsp
[359/699    0s] WriteText Library/Bee/artifacts/2400b0aE.dag/Unity.VisualStudio.Editor.rsp
[360/699    0s] WriteText Library/Bee/artifacts/2400b0aE.dag/UnityEditor.UI.Analytics.rsp
[361/699    0s] WriteText Library/Bee/artifacts/2400b0aE.dag/Unity.Services.Core.Analytics.rsp
[362/699    0s] WriteText Library/Bee/artifacts/2400b0aE.dag/Unity.VisualScripting.Shared.Editor.rsp
[363/699    0s] WriteText Library/Bee/artifacts/2400b0aE.dag/Unity.PlasticSCM.Editor.Assistant.rsp
[364/699    0s] WriteText Library/Bee/artifacts/2400b0aE.dag/Unity.Timeline.Editor.rsp
[365/699    0s] WriteText Library/Bee/artifacts/2400b0aE.dag/Unity.EditorCoroutines.Editor.rsp
[366/699    0s] WriteText Library/Bee/artifacts/2400b0aE.dag/Unity.TestTools.CodeCoverage.Editor.dll.mvfrm.rsp
[367/699    0s] WriteText Library/Bee/artifacts/2400b0aE.dag/Unity.InputSystem.ForUI.Editor.rsp
[368/699    0s] WriteText Library/Bee/artifacts/2400b0aE.dag/Unity.VisualScripting.DocCodeExamples.dll.mvfrm.rsp
[369/699    0s] WriteText Library/Bee/artifacts/2400b0aE.dag/Unity.Performance.Profile-Analyzer.Editor.rsp
[370/699    0s] WriteText Library/Bee/artifacts/2400b0aE.dag/Unity.TestTools.CodeCoverage.Editor.rsp
[371/699    0s] WriteText Library/Bee/artifacts/2400b0aE.dag/Unity.VisualScripting.SettingsProvider.Editor.rsp
[372/699    0s] WriteText Library/Bee/artifacts/2400b0aE.dag/Unity.Services.CloudBuild.Editor.dll.mvfrm.rsp
[373/699    0s] WriteText Library/Bee/artifacts/2400b0aE.dag/Unity.CollabProxy.Editor.rsp
[374/699    0s] WriteText Library/Bee/artifacts/2400b0aE.dag/Unity.CollabProxy.Editor.dll.mvfrm.rsp
[375/699    0s] WriteText Library/Bee/artifacts/2400b0aE.dag/Unity.VisualScripting.DocCodeExamples.rsp
[376/699    0s] WriteText Library/Bee/artifacts/2400b0aE.dag/Unity.InputSystem.TestFramework.rsp
[377/699    0s] WriteText Library/Bee/artifacts/2400b0aE.dag/Assembly-CSharp.rsp
[378/699    0s] WriteText Library/Bee/artifacts/2400b0aE.dag/Unity.PlasticSCM.Editor.Entities.dll.mvfrm.rsp
[379/699    0s] WriteText Library/Bee/artifacts/2400b0aE.dag/Unity.InputSystem.DocCodeSamples.rsp
[380/699    0s] WriteText Library/Bee/artifacts/2400b0aE.dag/Unity.InputSystem.DocCodeSamples.dll.mvfrm.rsp
[381/699    0s] WriteText Library/Bee/artifacts/2400b0aE.dag/Unity.PlasticSCM.Editor.Entities.rsp
[382/699    0s] WriteText Library/Bee/artifacts/2400b0aE.dag/Unity.Services.CloudBuild.Editor.rsp
[383/699    0s] WriteText Library/Bee/artifacts/2400b0aE.dag/Unity.Services.Core.Environments.Editor.rsp
[384/699    0s] ILPP-Configuration Library/ilpp-configuration.nevergeneratedoutput
[385/699    0s] MovedFromExtractor Library/Bee/artifacts/mvdfrm/UnityEditor.WindowsStandalone.Extensions.dll_B36B30CC04CE8F57.mvfrm
[386/699    0s] MovedFromExtractor-Combine Library/Bee/artifacts/2400b0aE.dag/UnityEngine.UI.dll.mvfrm
[           0s] Csc Library/Bee/artifacts/2400b0aE.dag/UnityEngine.UI.dll (+2 others) [CacheMiss 71e026168d3065954b4946bb665cc58a00000000000000000000000000000006]
[387/699    0s] Csc Library/Bee/artifacts/2400b0aE.dag/UnityEngine.UI.dll (+2 others)
[           0s] Csc Library/Bee/artifacts/2400b0aE.dag/UnityEngine.UI.dll (+2 others) [CacheWrite 71e026168d3065954b4946bb665cc58a00000000000000000000000000000006]
[389/699    1s] Csc Library/Bee/artifacts/2400b0aE.dag/UnityEngine.TestRunner.dll (+2 others)
[           0s] Csc Library/Bee/artifacts/2400b0aE.dag/UnityEngine.TestRunner.dll (+2 others) [CacheWrite 320592adc2a0d4b2535728efdea9394f00000000000000000000000000000006]
[391/699    0s] ILPostProcess Library/Bee/artifacts/2400b0aE.dag/post-processed/UnityEngine.UI.dll (+pdb)
Processing assembly Library/Bee/artifacts/2400b0aE.dag/UnityEngine.UI.dll, with 145 defines and 302 references
processors: zzzUnity.Burst.CodeGen.BurstILPostProcessor
1 processor(s) skipped this assembly
[392/699    0s] CopyFiles Library/ScriptAssemblies/UnityEngine.UI.pdb
[393/699    0s] CopyFiles Library/ScriptAssemblies/UnityEngine.UI.dll
[394/699    0s] ILPostProcess Library/Bee/artifacts/2400b0aE.dag/post-processed/UnityEngine.TestRunner.dll (+pdb)
Processing assembly Library/Bee/artifacts/2400b0aE.dag/UnityEngine.TestRunner.dll, with 140 defines and 285 references
processors: zzzUnity.Burst.CodeGen.BurstILPostProcessor
1 processor(s) skipped this assembly
[395/699    0s] CopyFiles Library/ScriptAssemblies/UnityEngine.TestRunner.pdb
[396/699    0s] CopyFiles Library/ScriptAssemblies/UnityEngine.TestRunner.dll
[397/699    0s] MovedFromExtractor-Combine Library/Bee/artifacts/2400b0aE.dag/UnityEditor.TestRunner.dll.mvfrm
[           0s] Csc Library/Bee/artifacts/2400b0aE.dag/UnityEditor.TestRunner.dll (+2 others) [CacheMiss 15ef1d66d711303f5a4c613484b863e600000000000000000000000000000006]
[398/699    0s] Csc Library/Bee/artifacts/2400b0aE.dag/UnityEditor.TestRunner.dll (+2 others)
[           0s] Csc Library/Bee/artifacts/2400b0aE.dag/UnityEditor.TestRunner.dll (+2 others) [CacheWrite 15ef1d66d711303f5a4c613484b863e600000000000000000000000000000006]
[400/699    0s] ILPostProcess Library/Bee/artifacts/2400b0aE.dag/post-processed/UnityEditor.TestRunner.dll (+pdb)
Processing assembly Library/Bee/artifacts/2400b0aE.dag/UnityEditor.TestRunner.dll, with 138 defines and 298 references
processors: zzzUnity.Burst.CodeGen.BurstILPostProcessor
1 processor(s) skipped this assembly
[401/699    0s] CopyFiles Library/ScriptAssemblies/UnityEditor.TestRunner.pdb
[402/699    0s] CopyFiles Library/ScriptAssemblies/UnityEditor.TestRunner.dll
[403/699    0s] MovedFromExtractor-Combine Library/Bee/artifacts/2400b0aE.dag/UnityEditor.UI.dll.mvfrm
[           0s] Csc Library/Bee/artifacts/2400b0aE.dag/UnityEditor.UI.dll (+2 others) [CacheMiss f89091504e78645ef568e39741f256f700000000000000000000000000000006]
[404/699    0s] Csc Library/Bee/artifacts/2400b0aE.dag/UnityEditor.UI.dll (+2 others)
[           0s] Csc Library/Bee/artifacts/2400b0aE.dag/UnityEditor.UI.dll (+2 others) [CacheWrite f89091504e78645ef568e39741f256f700000000000000000000000000000006]
[406/699    0s] ILPostProcess Library/Bee/artifacts/2400b0aE.dag/post-processed/UnityEditor.UI.dll (+pdb)
Processing assembly Library/Bee/artifacts/2400b0aE.dag/UnityEditor.UI.dll, with 140 defines and 314 references
processors: zzzUnity.Burst.CodeGen.BurstILPostProcessor
1 processor(s) skipped this assembly
[407/699    0s] CopyFiles Library/ScriptAssemblies/UnityEditor.UI.pdb
[408/699    0s] CopyFiles Library/ScriptAssemblies/UnityEditor.UI.dll
[409/699    0s] MovedFromExtractor-Combine Library/Bee/artifacts/2400b0aE.dag/Unity.InternalAPIEngineBridge.004.dll.mvfrm
[410/699    0s] MovedFromExtractor-Combine Library/Bee/artifacts/2400b0aE.dag/Unity.Performance.Profile-Analyzer.Editor.dll.mvfrm
[           0s] Csc Library/Bee/artifacts/2400b0aE.dag/Unity.InternalAPIEngineBridge.004.dll (+2 others) [CacheMiss d70ab2d65a2e25207df13c3fa2370e4600000000000000000000000000000006]
[411/699    0s] MovedFromExtractor-Combine Library/Bee/artifacts/2400b0aE.dag/Unity.PlasticSCM.Editor.dll.mvfrm
[           0s] Csc Library/Bee/artifacts/2400b0aE.dag/Unity.Performance.Profile-Analyzer.Editor.dll (+2 others) [CacheMiss 275a659cf2ec509a74ea25040cfb592a00000000000000000000000000000006]
[412/699    0s] MovedFromExtractor-Combine Library/Bee/artifacts/2400b0aE.dag/Unity.TestTools.CodeCoverage.Editor.OpenCover.Mono.Reflection.dll.mvfrm
[413/699    0s] MovedFromExtractor-Combine Library/Bee/artifacts/2400b0aE.dag/Unity.EditorCoroutines.Editor.dll.mvfrm
[           0s] Csc Library/Bee/artifacts/2400b0aE.dag/Unity.TestTools.CodeCoverage.Editor.OpenCover.Mono.Reflection.dll (+2 others) [CacheMiss c667c9deb7a5f0d174dcb354d07a806a00000000000000000000000000000006]
[414/699    0s] MovedFromExtractor-Combine Library/Bee/artifacts/2400b0aE.dag/Unity.TestTools.CodeCoverage.Editor.OpenCover.Model.dll.mvfrm
[415/699    0s] MovedFromExtractor-Combine Library/Bee/artifacts/2400b0aE.dag/Unity.InputSystem.dll.mvfrm
[           0s] Csc Library/Bee/artifacts/2400b0aE.dag/Unity.PlasticSCM.Editor.dll (+2 others) [CacheMiss 3bab8acfa3555b722711b9aa1752694000000000000000000000000000000006]
[416/699    0s] MovedFromExtractor-Combine Library/Bee/artifacts/2400b0aE.dag/Unity.VisualStudio.Editor.dll.mvfrm
[           0s] Csc Library/Bee/artifacts/2400b0aE.dag/Unity.EditorCoroutines.Editor.dll (+2 others) [CacheMiss ec49fe85deede5c7fedc7560793a253300000000000000000000000000000006]
[           0s] Csc Library/Bee/artifacts/2400b0aE.dag/Unity.TestTools.CodeCoverage.Editor.OpenCover.Model.dll (+2 others) [CacheMiss 843bcc8488cd38fb34298e213589c60b00000000000000000000000000000006]
[           0s] Csc Library/Bee/artifacts/2400b0aE.dag/Unity.VisualStudio.Editor.dll (+2 others) [CacheMiss 88b4075a9f9f7c3a1d67215b603ca26f00000000000000000000000000000006]
[           0s] Csc Library/Bee/artifacts/2400b0aE.dag/Unity.InputSystem.dll (+2 others) [CacheMiss b1f98e6360083b1f17fc912d02de218100000000000000000000000000000006]
[417/699    0s] MovedFromExtractor-Combine Library/Bee/artifacts/2400b0aE.dag/Unity.Settings.Editor.dll.mvfrm
[418/699    0s] MovedFromExtractor-Combine Library/Bee/artifacts/2400b0aE.dag/Unity.Rider.Editor.dll.mvfrm
[419/699    0s] MovedFromExtractor-Combine Library/Bee/artifacts/2400b0aE.dag/Unity.Services.Core.dll.mvfrm
[420/699    0s] MovedFromExtractor-Combine Library/Bee/artifacts/2400b0aE.dag/Unity.Timeline.dll.mvfrm
[           0s] Csc Library/Bee/artifacts/2400b0aE.dag/Unity.Settings.Editor.dll (+2 others) [CacheMiss 6ce8a3fb2473e468751053899535e17900000000000000000000000000000006]
[           0s] Csc Library/Bee/artifacts/2400b0aE.dag/Unity.Rider.Editor.dll (+2 others) [CacheMiss 1d89f85aaa31056c72c453dd4551161200000000000000000000000000000006]
[           0s] Csc Library/Bee/artifacts/2400b0aE.dag/Unity.Services.Core.dll (+2 others) [CacheMiss e760debd3ec8827f8e110c2079fffbdf00000000000000000000000000000006]
[           0s] Csc Library/Bee/artifacts/2400b0aE.dag/Unity.Timeline.dll (+2 others) [CacheMiss b35037b979e13fd1d93eea1f44671fef00000000000000000000000000000006]
[421/699    0s] Csc Library/Bee/artifacts/2400b0aE.dag/Unity.InternalAPIEngineBridge.004.dll (+2 others)
[           0s] Csc Library/Bee/artifacts/2400b0aE.dag/Unity.InternalAPIEngineBridge.004.dll (+2 others) [CacheWrite d70ab2d65a2e25207df13c3fa2370e4600000000000000000000000000000006]
[423/699    0s] Csc Library/Bee/artifacts/2400b0aE.dag/Unity.TestTools.CodeCoverage.Editor.OpenCover.Mono.Reflection.dll (+2 others)
[424/699    0s] ILPostProcess Library/Bee/artifacts/2400b0aE.dag/post-processed/Unity.InternalAPIEngineBridge.004.dll (+pdb)
Processing assembly Library/Bee/artifacts/2400b0aE.dag/Unity.InternalAPIEngineBridge.004.dll, with 139 defines and 304 references
processors: zzzUnity.Burst.CodeGen.BurstILPostProcessor
1 processor(s) skipped this assembly
[425/699    0s] CopyFiles Library/ScriptAssemblies/Unity.InternalAPIEngineBridge.004.dll
[           0s] Csc Library/Bee/artifacts/2400b0aE.dag/Unity.TestTools.CodeCoverage.Editor.OpenCover.Mono.Reflection.dll (+2 others) [CacheWrite c667c9deb7a5f0d174dcb354d07a806a00000000000000000000000000000006]
[426/699    0s] CopyFiles Library/ScriptAssemblies/Unity.InternalAPIEngineBridge.004.pdb
[428/699    0s] MovedFromExtractor-Combine Library/Bee/artifacts/2400b0aE.dag/Unity.TextMeshPro.dll.mvfrm
[           0s] Csc Library/Bee/artifacts/2400b0aE.dag/Unity.TextMeshPro.dll (+2 others) [CacheMiss c7ea9d3b568cebfcfb49dbae01d5f5bf00000000000000000000000000000006]
[429/699    0s] ILPostProcess Library/Bee/artifacts/2400b0aE.dag/post-processed/Unity.TestTools.CodeCoverage.Editor.OpenCover.Mono.Reflection.dll (+pdb)
Processing assembly Library/Bee/artifacts/2400b0aE.dag/Unity.TestTools.CodeCoverage.Editor.OpenCover.Mono.Reflection.dll, with 137 defines and 315 references
processors: zzzUnity.Burst.CodeGen.BurstILPostProcessor
1 processor(s) skipped this assembly
[430/699    0s] CopyFiles Library/ScriptAssemblies/Unity.TestTools.CodeCoverage.Editor.OpenCover.Mono.Reflection.dll
[431/699    0s] CopyFiles Library/ScriptAssemblies/Unity.TestTools.CodeCoverage.Editor.OpenCover.Mono.Reflection.pdb
[432/699    0s] Csc Library/Bee/artifacts/2400b0aE.dag/Unity.TestTools.CodeCoverage.Editor.OpenCover.Model.dll (+2 others)
[433/699    0s] Csc Library/Bee/artifacts/2400b0aE.dag/Unity.EditorCoroutines.Editor.dll (+2 others)
[           0s] Csc Library/Bee/artifacts/2400b0aE.dag/Unity.TestTools.CodeCoverage.Editor.OpenCover.Model.dll (+2 others) [CacheWrite 843bcc8488cd38fb34298e213589c60b00000000000000000000000000000006]
[           0s] Csc Library/Bee/artifacts/2400b0aE.dag/Unity.EditorCoroutines.Editor.dll (+2 others) [CacheWrite ec49fe85deede5c7fedc7560793a253300000000000000000000000000000006]
[436/699    0s] ILPostProcess Library/Bee/artifacts/2400b0aE.dag/post-processed/Unity.TestTools.CodeCoverage.Editor.OpenCover.Model.dll (+pdb)
Processing assembly Library/Bee/artifacts/2400b0aE.dag/Unity.TestTools.CodeCoverage.Editor.OpenCover.Model.dll, with 137 defines and 315 references
processors: zzzUnity.Burst.CodeGen.BurstILPostProcessor
1 processor(s) skipped this assembly
[437/699    0s] ILPostProcess Library/Bee/artifacts/2400b0aE.dag/post-processed/Unity.EditorCoroutines.Editor.dll (+pdb)
Processing assembly Library/Bee/artifacts/2400b0aE.dag/Unity.EditorCoroutines.Editor.dll, with 137 defines and 315 references
processors: zzzUnity.Burst.CodeGen.BurstILPostProcessor
1 processor(s) skipped this assembly
[438/699    0s] CopyFiles Library/ScriptAssemblies/Unity.TestTools.CodeCoverage.Editor.OpenCover.Model.pdb
[439/699    0s] CopyFiles Library/ScriptAssemblies/Unity.EditorCoroutines.Editor.pdb
[440/699    0s] CopyFiles Library/ScriptAssemblies/Unity.EditorCoroutines.Editor.dll
[441/699    0s] CopyFiles Library/ScriptAssemblies/Unity.TestTools.CodeCoverage.Editor.OpenCover.Model.dll
[442/699    0s] Csc Library/Bee/artifacts/2400b0aE.dag/Unity.Settings.Editor.dll (+2 others)
[           0s] Csc Library/Bee/artifacts/2400b0aE.dag/Unity.Settings.Editor.dll (+2 others) [CacheWrite 6ce8a3fb2473e468751053899535e17900000000000000000000000000000006]
[444/699    0s] ILPostProcess Library/Bee/artifacts/2400b0aE.dag/post-processed/Unity.Settings.Editor.dll (+pdb)
Processing assembly Library/Bee/artifacts/2400b0aE.dag/Unity.Settings.Editor.dll, with 137 defines and 315 references
processors: zzzUnity.Burst.CodeGen.BurstILPostProcessor
1 processor(s) skipped this assembly
[445/699    0s] CopyFiles Library/ScriptAssemblies/Unity.Settings.Editor.dll
[446/699    0s] CopyFiles Library/ScriptAssemblies/Unity.Settings.Editor.pdb
[447/699    0s] Csc Library/Bee/artifacts/2400b0aE.dag/Unity.Rider.Editor.dll (+2 others)
[           0s] Csc Library/Bee/artifacts/2400b0aE.dag/Unity.Rider.Editor.dll (+2 others) [CacheWrite 1d89f85aaa31056c72c453dd4551161200000000000000000000000000000006]
[448/699    0s] MovedFromExtractor-Combine Library/Bee/artifacts/2400b0aE.dag/Unity.TestTools.CodeCoverage.Editor.dll.mvfrm
[450/699    0s] CopyFiles Library/ScriptAssemblies/Unity.Rider.Editor.pdb
[451/699    0s] CopyFiles Library/ScriptAssemblies/Unity.Rider.Editor.dll
[           0s] Csc Library/Bee/artifacts/2400b0aE.dag/Unity.TestTools.CodeCoverage.Editor.dll (+2 others) [CacheMiss 5dfa21bcedb830fe121e0ca24ed1106c00000000000000000000000000000006]
[452/699    0s] Csc Library/Bee/artifacts/2400b0aE.dag/Unity.Services.Core.dll (+2 others)
[453/699    0s] Csc Library/Bee/artifacts/2400b0aE.dag/Unity.Timeline.dll (+2 others)
[           0s] Csc Library/Bee/artifacts/2400b0aE.dag/Unity.Timeline.dll (+2 others) [CacheWrite b35037b979e13fd1d93eea1f44671fef00000000000000000000000000000006]
[           0s] Csc Library/Bee/artifacts/2400b0aE.dag/Unity.Services.Core.dll (+2 others) [CacheWrite e760debd3ec8827f8e110c2079fffbdf00000000000000000000000000000006]
[456/699    0s] Csc Library/Bee/artifacts/2400b0aE.dag/Unity.VisualStudio.Editor.dll (+2 others)
[           0s] Csc Library/Bee/artifacts/2400b0aE.dag/Unity.VisualStudio.Editor.dll (+2 others) [CacheWrite 88b4075a9f9f7c3a1d67215b603ca26f00000000000000000000000000000006]
[458/699    0s] CopyFiles Library/ScriptAssemblies/Unity.VisualStudio.Editor.pdb
[459/699    0s] CopyFiles Library/ScriptAssemblies/Unity.VisualStudio.Editor.dll
[460/699    0s] ILPostProcess Library/Bee/artifacts/2400b0aE.dag/post-processed/Unity.Timeline.dll (+pdb)
Processing assembly Library/Bee/artifacts/2400b0aE.dag/Unity.Timeline.dll, with 140 defines and 304 references
processors: zzzUnity.Burst.CodeGen.BurstILPostProcessor
1 processor(s) skipped this assembly
[461/699    0s] ILPostProcess Library/Bee/artifacts/2400b0aE.dag/post-processed/Unity.Services.Core.dll (+pdb)
Processing assembly Library/Bee/artifacts/2400b0aE.dag/Unity.Services.Core.dll, with 139 defines and 304 references
processors: zzzUnity.Burst.CodeGen.BurstILPostProcessor
1 processor(s) skipped this assembly
[462/699    0s] CopyFiles Library/ScriptAssemblies/Unity.Timeline.dll
[463/699    0s] CopyFiles Library/ScriptAssemblies/Unity.Services.Core.dll
[464/699    0s] CopyFiles Library/ScriptAssemblies/Unity.Timeline.pdb
[465/699    0s] CopyFiles Library/ScriptAssemblies/Unity.Services.Core.pdb
[466/699    0s] MovedFromExtractor-Combine Library/Bee/artifacts/2400b0aE.dag/Unity.Services.Core.Internal.dll.mvfrm
[467/699    0s] MovedFromExtractor-Combine Library/Bee/artifacts/2400b0aE.dag/Unity.Timeline.Editor.dll.mvfrm
[468/699    0s] MovedFromExtractor-Combine Library/Bee/artifacts/2400b0aE.dag/Unity.Services.Core.Analytics.dll.mvfrm
[           0s] Csc Library/Bee/artifacts/2400b0aE.dag/Unity.Services.Core.Internal.dll (+2 others) [CacheMiss 7347497253dad6488c898d954410150f00000000000000000000000000000006]
[           0s] Csc Library/Bee/artifacts/2400b0aE.dag/Unity.Services.Core.Analytics.dll (+2 others) [CacheMiss bc7bfd13b29d80ed0f2d059e1ba212d500000000000000000000000000000006]
[           0s] Csc Library/Bee/artifacts/2400b0aE.dag/Unity.Timeline.Editor.dll (+2 others) [CacheMiss d39d5f9ed88ed2a84ac81959b5e4620e00000000000000000000000000000006]
[469/699    0s] Csc Library/Bee/artifacts/2400b0aE.dag/Unity.Services.Core.Analytics.dll (+2 others)
[           0s] Csc Library/Bee/artifacts/2400b0aE.dag/Unity.Services.Core.Analytics.dll (+2 others) [CacheWrite bc7bfd13b29d80ed0f2d059e1ba212d500000000000000000000000000000006]
[471/699    0s] ILPostProcess Library/Bee/artifacts/2400b0aE.dag/post-processed/Unity.Services.Core.Analytics.dll (+pdb)
Processing assembly Library/Bee/artifacts/2400b0aE.dag/Unity.Services.Core.Analytics.dll, with 139 defines and 305 references
processors: zzzUnity.Burst.CodeGen.BurstILPostProcessor
1 processor(s) skipped this assembly
[472/699    0s] CopyFiles Library/ScriptAssemblies/Unity.Services.Core.Analytics.pdb
[473/699    0s] CopyFiles Library/ScriptAssemblies/Unity.Services.Core.Analytics.dll
[474/699    0s] Csc Library/Bee/artifacts/2400b0aE.dag/Unity.TestTools.CodeCoverage.Editor.dll (+2 others)
[           0s] Csc Library/Bee/artifacts/2400b0aE.dag/Unity.TestTools.CodeCoverage.Editor.dll (+2 others) [CacheWrite 5dfa21bcedb830fe121e0ca24ed1106c00000000000000000000000000000006]
[476/699    0s] ILPostProcess Library/Bee/artifacts/2400b0aE.dag/post-processed/Unity.TestTools.CodeCoverage.Editor.dll (+pdb)
Processing assembly Library/Bee/artifacts/2400b0aE.dag/Unity.TestTools.CodeCoverage.Editor.dll, with 137 defines and 305 references
processors: zzzUnity.Burst.CodeGen.BurstILPostProcessor
1 processor(s) skipped this assembly
[477/699    0s] CopyFiles Library/ScriptAssemblies/Unity.TestTools.CodeCoverage.Editor.dll
[478/699    0s] CopyFiles Library/ScriptAssemblies/Unity.TestTools.CodeCoverage.Editor.pdb
[479/699    0s] Csc Library/Bee/artifacts/2400b0aE.dag/Unity.Performance.Profile-Analyzer.Editor.dll (+2 others)
[           0s] Csc Library/Bee/artifacts/2400b0aE.dag/Unity.Performance.Profile-Analyzer.Editor.dll (+2 others) [CacheWrite 275a659cf2ec509a74ea25040cfb592a00000000000000000000000000000006]
[481/699    0s] ILPostProcess Library/Bee/artifacts/2400b0aE.dag/post-processed/Unity.Performance.Profile-Analyzer.Editor.dll (+pdb)
Processing assembly Library/Bee/artifacts/2400b0aE.dag/Unity.Performance.Profile-Analyzer.Editor.dll, with 137 defines and 315 references
processors: zzzUnity.Burst.CodeGen.BurstILPostProcessor
1 processor(s) skipped this assembly
[482/699    0s] CopyFiles Library/ScriptAssemblies/Unity.Performance.Profile-Analyzer.Editor.dll
[483/699    0s] CopyFiles Library/ScriptAssemblies/Unity.Performance.Profile-Analyzer.Editor.pdb
[484/699    0s] Csc Library/Bee/artifacts/2400b0aE.dag/Unity.Services.Core.Internal.dll (+2 others)
[           0s] Csc Library/Bee/artifacts/2400b0aE.dag/Unity.Services.Core.Internal.dll (+2 others) [CacheWrite 7347497253dad6488c898d954410150f00000000000000000000000000000006]
[486/699    0s] ILPostProcess Library/Bee/artifacts/2400b0aE.dag/post-processed/Unity.Services.Core.Internal.dll (+pdb)
Processing assembly Library/Bee/artifacts/2400b0aE.dag/Unity.Services.Core.Internal.dll, with 139 defines and 305 references
processors: zzzUnity.Burst.CodeGen.BurstILPostProcessor
1 processor(s) skipped this assembly
[487/699    0s] CopyFiles Library/ScriptAssemblies/Unity.Services.Core.Internal.pdb
[488/699    0s] CopyFiles Library/ScriptAssemblies/Unity.Services.Core.Internal.dll
[489/699    0s] MovedFromExtractor-Combine Library/Bee/artifacts/2400b0aE.dag/Unity.Services.Core.Networking.dll.mvfrm
[490/699    0s] MovedFromExtractor-Combine Library/Bee/artifacts/2400b0aE.dag/Unity.Services.Core.Environments.Internal.dll.mvfrm
[           0s] Csc Library/Bee/artifacts/2400b0aE.dag/Unity.Services.Core.Networking.dll (+2 others) [CacheMiss a6e008c64c5c6615cbcb3c5560a020e900000000000000000000000000000006]
[           0s] Csc Library/Bee/artifacts/2400b0aE.dag/Unity.Services.Core.Environments.Internal.dll (+2 others) [CacheMiss e7c48983e9529ddfa94fe1b21cd74d9d00000000000000000000000000000006]
[491/699    0s] MovedFromExtractor-Combine Library/Bee/artifacts/2400b0aE.dag/Unity.Services.Core.Environments.dll.mvfrm
[492/699    0s] MovedFromExtractor-Combine Library/Bee/artifacts/2400b0aE.dag/Unity.Services.Core.Threading.dll.mvfrm
[           0s] Csc Library/Bee/artifacts/2400b0aE.dag/Unity.Services.Core.Threading.dll (+2 others) [CacheMiss b3e73ac8b93b5e4e5df7b46775cfe9bc00000000000000000000000000000006]
[493/699    0s] MovedFromExtractor-Combine Library/Bee/artifacts/2400b0aE.dag/Unity.Services.Core.Telemetry.dll.mvfrm
[494/699    0s] MovedFromExtractor-Combine Library/Bee/artifacts/2400b0aE.dag/Unity.Services.Core.Scheduler.dll.mvfrm
[495/699    0s] MovedFromExtractor-Combine Library/Bee/artifacts/2400b0aE.dag/Unity.Services.Core.Configuration.dll.mvfrm
[496/699    0s] MovedFromExtractor-Combine Library/Bee/artifacts/2400b0aE.dag/Unity.Services.Core.Device.dll.mvfrm
[           0s] Csc Library/Bee/artifacts/2400b0aE.dag/Unity.Services.Core.Device.dll (+2 others) [CacheMiss 7dbd9cbba058a810e0b2ea080316ebc000000000000000000000000000000006]
[           0s] Csc Library/Bee/artifacts/2400b0aE.dag/Unity.Services.Core.Configuration.dll (+2 others) [CacheMiss eb10f757d834ce70d10c8122cd4bdb7e00000000000000000000000000000006]
[           0s] Csc Library/Bee/artifacts/2400b0aE.dag/Unity.Services.Core.Scheduler.dll (+2 others) [CacheMiss 2632f63458f32a7311d39c52d2fd3cb200000000000000000000000000000006]
[           0s] Csc Library/Bee/artifacts/2400b0aE.dag/Unity.Services.Core.Telemetry.dll (+2 others) [CacheMiss 87b4904b3c0369ac848de2237c545d9700000000000000000000000000000006]
[           0s] Csc Library/Bee/artifacts/2400b0aE.dag/Unity.Services.Core.Environments.dll (+2 others) [CacheMiss 0d473c5cf52b3bc063b74f7c6ae1069a00000000000000000000000000000006]
[497/699    0s] Csc Library/Bee/artifacts/2400b0aE.dag/Unity.Services.Core.Environments.Internal.dll (+2 others)
[498/699    0s] Csc Library/Bee/artifacts/2400b0aE.dag/Unity.Services.Core.Telemetry.dll (+2 others)
[499/699    0s] Csc Library/Bee/artifacts/2400b0aE.dag/Unity.Services.Core.Threading.dll (+2 others)
[           0s] Csc Library/Bee/artifacts/2400b0aE.dag/Unity.Services.Core.Environments.Internal.dll (+2 others) [CacheWrite e7c48983e9529ddfa94fe1b21cd74d9d00000000000000000000000000000006]
[           0s] Csc Library/Bee/artifacts/2400b0aE.dag/Unity.Services.Core.Telemetry.dll (+2 others) [CacheWrite 87b4904b3c0369ac848de2237c545d9700000000000000000000000000000006]
[           0s] Csc Library/Bee/artifacts/2400b0aE.dag/Unity.Services.Core.Threading.dll (+2 others) [CacheWrite b3e73ac8b93b5e4e5df7b46775cfe9bc00000000000000000000000000000006]
[502/699    0s] Csc Library/Bee/artifacts/2400b0aE.dag/Unity.Services.Core.Networking.dll (+2 others)
[504/699    0s] Csc Library/Bee/artifacts/2400b0aE.dag/Unity.Services.Core.Device.dll (+2 others)
[           0s] Csc Library/Bee/artifacts/2400b0aE.dag/Unity.Services.Core.Device.dll (+2 others) [CacheWrite 7dbd9cbba058a810e0b2ea080316ebc000000000000000000000000000000006]
[506/699    0s] ILPostProcess Library/Bee/artifacts/2400b0aE.dag/post-processed/Unity.Services.Core.Environments.Internal.dll (+pdb)
Processing assembly Library/Bee/artifacts/2400b0aE.dag/Unity.Services.Core.Environments.Internal.dll, with 139 defines and 305 references
processors: zzzUnity.Burst.CodeGen.BurstILPostProcessor
1 processor(s) skipped this assembly
[507/699    0s] ILPostProcess Library/Bee/artifacts/2400b0aE.dag/post-processed/Unity.Services.Core.Telemetry.dll (+pdb)
Processing assembly Library/Bee/artifacts/2400b0aE.dag/Unity.Services.Core.Telemetry.dll, with 139 defines and 306 references
processors: zzzUnity.Burst.CodeGen.BurstILPostProcessor
1 processor(s) skipped this assembly
[           0s] Csc Library/Bee/artifacts/2400b0aE.dag/Unity.Services.Core.Networking.dll (+2 others) [CacheWrite a6e008c64c5c6615cbcb3c5560a020e900000000000000000000000000000006]
[508/699    0s] ILPostProcess Library/Bee/artifacts/2400b0aE.dag/post-processed/Unity.Services.Core.Threading.dll (+pdb)
Processing assembly Library/Bee/artifacts/2400b0aE.dag/Unity.Services.Core.Threading.dll, with 139 defines and 306 references
processors: zzzUnity.Burst.CodeGen.BurstILPostProcessor
1 processor(s) skipped this assembly
[509/699    0s] CopyFiles Library/ScriptAssemblies/Unity.Services.Core.Environments.Internal.dll
[510/699    0s] CopyFiles Library/ScriptAssemblies/Unity.Services.Core.Telemetry.dll
[512/699    0s] CopyFiles Library/ScriptAssemblies/Unity.Services.Core.Environments.Internal.pdb
[513/699    0s] CopyFiles Library/ScriptAssemblies/Unity.Services.Core.Telemetry.pdb
[514/699    0s] Csc Library/Bee/artifacts/2400b0aE.dag/Unity.Services.Core.Scheduler.dll (+2 others)
[515/699    0s] CopyFiles Library/ScriptAssemblies/Unity.Services.Core.Threading.dll
[516/699    0s] CopyFiles Library/ScriptAssemblies/Unity.Services.Core.Threading.pdb
[517/699    0s] Csc Library/Bee/artifacts/2400b0aE.dag/Unity.Services.Core.Configuration.dll (+2 others)
[518/699    0s] ILPostProcess Library/Bee/artifacts/2400b0aE.dag/post-processed/Unity.Services.Core.Device.dll (+pdb)
Processing assembly Library/Bee/artifacts/2400b0aE.dag/Unity.Services.Core.Device.dll, with 139 defines and 305 references
processors: zzzUnity.Burst.CodeGen.BurstILPostProcessor
1 processor(s) skipped this assembly
[           0s] Csc Library/Bee/artifacts/2400b0aE.dag/Unity.Services.Core.Configuration.dll (+2 others) [CacheWrite eb10f757d834ce70d10c8122cd4bdb7e00000000000000000000000000000006]
[           0s] Csc Library/Bee/artifacts/2400b0aE.dag/Unity.Services.Core.Scheduler.dll (+2 others) [CacheWrite 2632f63458f32a7311d39c52d2fd3cb200000000000000000000000000000006]
[521/699    0s] CopyFiles Library/ScriptAssemblies/Unity.Services.Core.Device.dll
[522/699    0s] CopyFiles Library/ScriptAssemblies/Unity.Services.Core.Device.pdb
[523/699    0s] ILPostProcess Library/Bee/artifacts/2400b0aE.dag/post-processed/Unity.Services.Core.Networking.dll (+pdb)
Processing assembly Library/Bee/artifacts/2400b0aE.dag/Unity.Services.Core.Networking.dll, with 139 defines and 306 references
processors: zzzUnity.Burst.CodeGen.BurstILPostProcessor
1 processor(s) skipped this assembly
[524/699    0s] CopyFiles Library/ScriptAssemblies/Unity.Services.Core.Networking.dll
[525/699    0s] CopyFiles Library/ScriptAssemblies/Unity.Services.Core.Networking.pdb
[526/699    0s] ILPostProcess Library/Bee/artifacts/2400b0aE.dag/post-processed/Unity.Services.Core.Configuration.dll (+pdb)
Processing assembly Library/Bee/artifacts/2400b0aE.dag/Unity.Services.Core.Configuration.dll, with 139 defines and 306 references
processors: zzzUnity.Burst.CodeGen.BurstILPostProcessor
1 processor(s) skipped this assembly
[527/699    0s] CopyFiles Library/ScriptAssemblies/Unity.Services.Core.Configuration.dll
[528/699    0s] CopyFiles Library/ScriptAssemblies/Unity.Services.Core.Configuration.pdb
[529/699    0s] ILPostProcess Library/Bee/artifacts/2400b0aE.dag/post-processed/Unity.Services.Core.Scheduler.dll (+pdb)
Processing assembly Library/Bee/artifacts/2400b0aE.dag/Unity.Services.Core.Scheduler.dll, with 139 defines and 306 references
processors: zzzUnity.Burst.CodeGen.BurstILPostProcessor
1 processor(s) skipped this assembly
[530/699    0s] CopyFiles Library/ScriptAssemblies/Unity.Services.Core.Scheduler.pdb
[531/699    0s] CopyFiles Library/ScriptAssemblies/Unity.Services.Core.Scheduler.dll
[532/699    1s] Csc Library/Bee/artifacts/2400b0aE.dag/Unity.TextMeshPro.dll (+2 others)
[533/699    0s] MovedFromExtractor-Combine Library/Bee/artifacts/2400b0aE.dag/Unity.Services.Core.Configuration.Editor.dll.mvfrm
[           0s] Csc Library/Bee/artifacts/2400b0aE.dag/Unity.Services.Core.Configuration.Editor.dll (+2 others) [CacheMiss b3eb3aeebb24a8b7a31cc2d49104028200000000000000000000000000000006]
[           0s] Csc Library/Bee/artifacts/2400b0aE.dag/Unity.TextMeshPro.dll (+2 others) [CacheWrite c7ea9d3b568cebfcfb49dbae01d5f5bf00000000000000000000000000000006]
[535/699    0s] ILPostProcess Library/Bee/artifacts/2400b0aE.dag/post-processed/Unity.TextMeshPro.dll (+pdb)
Processing assembly Library/Bee/artifacts/2400b0aE.dag/Unity.TextMeshPro.dll, with 140 defines and 305 references
processors: zzzUnity.Burst.CodeGen.BurstILPostProcessor
1 processor(s) skipped this assembly
[536/699    0s] CopyFiles Library/ScriptAssemblies/Unity.TextMeshPro.pdb
[537/699    0s] CopyFiles Library/ScriptAssemblies/Unity.TextMeshPro.dll
[538/699    0s] MovedFromExtractor-Combine Library/Bee/artifacts/2400b0aE.dag/UnityEditor.UI.Analytics.dll.mvfrm
[539/699    0s] MovedFromExtractor-Combine Library/Bee/artifacts/2400b0aE.dag/Unity.TextMeshPro.Editor.dll.mvfrm
[           0s] Csc Library/Bee/artifacts/2400b0aE.dag/UnityEditor.UI.Analytics.dll (+2 others) [CacheMiss 9f0432d66551e8b6672d22d8b7ffb86700000000000000000000000000000006]
[           0s] Csc Library/Bee/artifacts/2400b0aE.dag/Unity.TextMeshPro.Editor.dll (+2 others) [CacheMiss b978d0aa8151f17a663061e1f25b56aa00000000000000000000000000000006]
[540/699    0s] Csc Library/Bee/artifacts/2400b0aE.dag/Unity.Services.Core.Environments.dll (+2 others)
[           0s] Csc Library/Bee/artifacts/2400b0aE.dag/Unity.Services.Core.Environments.dll (+2 others) [CacheWrite 0d473c5cf52b3bc063b74f7c6ae1069a00000000000000000000000000000006]
[542/699    0s] ILPostProcess Library/Bee/artifacts/2400b0aE.dag/post-processed/Unity.Services.Core.Environments.dll (+pdb)
Processing assembly Library/Bee/artifacts/2400b0aE.dag/Unity.Services.Core.Environments.dll, with 139 defines and 306 references
processors: zzzUnity.Burst.CodeGen.BurstILPostProcessor
1 processor(s) skipped this assembly
[543/699    0s] CopyFiles Library/ScriptAssemblies/Unity.Services.Core.Environments.pdb
[544/699    0s] CopyFiles Library/ScriptAssemblies/Unity.Services.Core.Environments.dll
[545/699    0s] MovedFromExtractor-Combine Library/Bee/artifacts/2400b0aE.dag/Unity.Services.Core.Components.dll.mvfrm
[546/699    0s] MovedFromExtractor-Combine Library/Bee/artifacts/2400b0aE.dag/Unity.Services.Core.Registration.dll.mvfrm
[           0s] Csc Library/Bee/artifacts/2400b0aE.dag/Unity.Services.Core.Components.dll (+2 others) [CacheMiss 277735ce14ec4d6b6096fa5b01f8efa400000000000000000000000000000006]
[           0s] Csc Library/Bee/artifacts/2400b0aE.dag/Unity.Services.Core.Registration.dll (+2 others) [CacheMiss 7830fc474bd7ce6e212d448f9206042800000000000000000000000000000006]
[547/699    0s] Csc Library/Bee/artifacts/2400b0aE.dag/UnityEditor.UI.Analytics.dll (+2 others)
[           0s] Csc Library/Bee/artifacts/2400b0aE.dag/UnityEditor.UI.Analytics.dll (+2 others) [CacheWrite 9f0432d66551e8b6672d22d8b7ffb86700000000000000000000000000000006]
[548/699    0s] Csc Library/Bee/artifacts/2400b0aE.dag/Unity.Services.Core.Configuration.Editor.dll (+2 others)
[           0s] Csc Library/Bee/artifacts/2400b0aE.dag/Unity.Services.Core.Configuration.Editor.dll (+2 others) [CacheWrite b3eb3aeebb24a8b7a31cc2d49104028200000000000000000000000000000006]
[551/699    0s] ILPostProcess Library/Bee/artifacts/2400b0aE.dag/post-processed/Unity.Services.Core.Configuration.Editor.dll (+pdb)
Processing assembly Library/Bee/artifacts/2400b0aE.dag/Unity.Services.Core.Configuration.Editor.dll, with 137 defines and 318 references
processors: zzzUnity.Burst.CodeGen.BurstILPostProcessor
1 processor(s) skipped this assembly
[552/699    0s] CopyFiles Library/ScriptAssemblies/Unity.Services.Core.Configuration.Editor.pdb
[553/699    0s] CopyFiles Library/ScriptAssemblies/Unity.Services.Core.Configuration.Editor.dll
[554/699    0s] ILPostProcess Library/Bee/artifacts/2400b0aE.dag/post-processed/UnityEditor.UI.Analytics.dll (+pdb)
Processing assembly Library/Bee/artifacts/2400b0aE.dag/UnityEditor.UI.Analytics.dll, with 137 defines and 316 references
processors: zzzUnity.Burst.CodeGen.BurstILPostProcessor
1 processor(s) skipped this assembly
[555/699    0s] CopyFiles Library/ScriptAssemblies/UnityEditor.UI.Analytics.dll
[556/699    0s] CopyFiles Library/ScriptAssemblies/UnityEditor.UI.Analytics.pdb
[557/699    0s] Csc Library/Bee/artifacts/2400b0aE.dag/Unity.Services.Core.Components.dll (+2 others)
[558/699    0s] Csc Library/Bee/artifacts/2400b0aE.dag/Unity.Services.Core.Registration.dll (+2 others)
[           0s] Csc Library/Bee/artifacts/2400b0aE.dag/Unity.Services.Core.Registration.dll (+2 others) [CacheWrite 7830fc474bd7ce6e212d448f9206042800000000000000000000000000000006]
[           0s] Csc Library/Bee/artifacts/2400b0aE.dag/Unity.Services.Core.Components.dll (+2 others) [CacheWrite 277735ce14ec4d6b6096fa5b01f8efa400000000000000000000000000000006]
[561/699    0s] ILPostProcess Library/Bee/artifacts/2400b0aE.dag/post-processed/Unity.Services.Core.Components.dll (+pdb)
Processing assembly Library/Bee/artifacts/2400b0aE.dag/Unity.Services.Core.Components.dll, with 139 defines and 307 references
processors: zzzUnity.Burst.CodeGen.BurstILPostProcessor
1 processor(s) skipped this assembly
[562/699    0s] CopyFiles Library/ScriptAssemblies/Unity.Services.Core.Components.pdb
[563/699    0s] CopyFiles Library/ScriptAssemblies/Unity.Services.Core.Components.dll
[564/699    0s] ILPostProcess Library/Bee/artifacts/2400b0aE.dag/post-processed/Unity.Services.Core.Registration.dll (+pdb)
Processing assembly Library/Bee/artifacts/2400b0aE.dag/Unity.Services.Core.Registration.dll, with 139 defines and 313 references
processors: zzzUnity.Burst.CodeGen.BurstILPostProcessor
1 processor(s) skipped this assembly
[565/699    0s] MovedFromExtractor-Combine Library/Bee/artifacts/2400b0aE.dag/Unity.Services.Core.Editor.dll.mvfrm
[566/699    0s] CopyFiles Library/ScriptAssemblies/Unity.Services.Core.Registration.pdb
[567/699    0s] CopyFiles Library/ScriptAssemblies/Unity.Services.Core.Registration.dll
[           0s] Csc Library/Bee/artifacts/2400b0aE.dag/Unity.Services.Core.Editor.dll (+2 others) [CacheMiss f434d1367977652a1a79919e576ba4de00000000000000000000000000000006]
[568/699    2s] Csc Library/Bee/artifacts/2400b0aE.dag/Unity.Timeline.Editor.dll (+2 others)
[           0s] Csc Library/Bee/artifacts/2400b0aE.dag/Unity.Timeline.Editor.dll (+2 others) [CacheWrite d39d5f9ed88ed2a84ac81959b5e4620e00000000000000000000000000000006]
[570/699    0s] ILPostProcess Library/Bee/artifacts/2400b0aE.dag/post-processed/Unity.Timeline.Editor.dll (+pdb)
Processing assembly Library/Bee/artifacts/2400b0aE.dag/Unity.Timeline.Editor.dll, with 138 defines and 316 references
processors: zzzUnity.Burst.CodeGen.BurstILPostProcessor
1 processor(s) skipped this assembly
[571/699    0s] CopyFiles Library/ScriptAssemblies/Unity.Timeline.Editor.dll
[572/699    0s] CopyFiles Library/ScriptAssemblies/Unity.Timeline.Editor.pdb
[573/699    1s] Csc Library/Bee/artifacts/2400b0aE.dag/Unity.TextMeshPro.Editor.dll (+2 others)
[           0s] Csc Library/Bee/artifacts/2400b0aE.dag/Unity.TextMeshPro.Editor.dll (+2 others) [CacheWrite b978d0aa8151f17a663061e1f25b56aa00000000000000000000000000000006]
[575/699    0s] ILPostProcess Library/Bee/artifacts/2400b0aE.dag/post-processed/Unity.TextMeshPro.Editor.dll (+pdb)
Processing assembly Library/Bee/artifacts/2400b0aE.dag/Unity.TextMeshPro.Editor.dll, with 137 defines and 316 references
processors: zzzUnity.Burst.CodeGen.BurstILPostProcessor
1 processor(s) skipped this assembly
[576/699    0s] CopyFiles Library/ScriptAssemblies/Unity.TextMeshPro.Editor.pdb
[577/699    0s] CopyFiles Library/ScriptAssemblies/Unity.TextMeshPro.Editor.dll
[578/699    0s] Csc Library/Bee/artifacts/2400b0aE.dag/Unity.Services.Core.Editor.dll (+2 others)
[           0s] Csc Library/Bee/artifacts/2400b0aE.dag/Unity.Services.Core.Editor.dll (+2 others) [CacheWrite f434d1367977652a1a79919e576ba4de00000000000000000000000000000006]
[580/699    0s] ILPostProcess Library/Bee/artifacts/2400b0aE.dag/post-processed/Unity.Services.Core.Editor.dll (+pdb)
Processing assembly Library/Bee/artifacts/2400b0aE.dag/Unity.Services.Core.Editor.dll, with 137 defines and 325 references
processors: zzzUnity.Burst.CodeGen.BurstILPostProcessor
1 processor(s) skipped this assembly
[581/699    0s] CopyFiles Library/ScriptAssemblies/Unity.Services.Core.Editor.pdb
[582/699    0s] CopyFiles Library/ScriptAssemblies/Unity.Services.Core.Editor.dll
[583/699    2s] Csc Library/Bee/artifacts/2400b0aE.dag/Unity.InputSystem.dll (+2 others)
[584/699    0s] MovedFromExtractor-Combine Library/Bee/artifacts/2400b0aE.dag/Unity.Services.Core.Environments.Editor.dll.mvfrm
[585/699    0s] MovedFromExtractor-Combine Library/Bee/artifacts/2400b0aE.dag/Unity.Services.CloudBuild.Editor.dll.mvfrm
[           0s] Csc Library/Bee/artifacts/2400b0aE.dag/Unity.InputSystem.dll (+2 others) [CacheWrite b1f98e6360083b1f17fc912d02de218100000000000000000000000000000006]
[           0s] Csc Library/Bee/artifacts/2400b0aE.dag/Unity.Services.Core.Environments.Editor.dll (+2 others) [CacheMiss df2b8233aea3238979c1461fa120360500000000000000000000000000000006]
[           0s] Csc Library/Bee/artifacts/2400b0aE.dag/Unity.Services.CloudBuild.Editor.dll (+2 others) [CacheMiss acc2b505a1a62f581f987452e33f8fb900000000000000000000000000000006]
[           0s] Csc Library/Bee/artifacts/2400b0aE.dag/Unity.InputSystem.TestFramework.dll (+2 others) [CacheMiss 364f4018f067c2858d257a4e396b8d3500000000000000000000000000000006]
[588/699    0s] ILPostProcess Library/Bee/artifacts/2400b0aE.dag/post-processed/Unity.InputSystem.dll (+pdb)
Processing assembly Library/Bee/artifacts/2400b0aE.dag/Unity.InputSystem.dll, with 152 defines and 304 references
processors: zzzUnity.Burst.CodeGen.BurstILPostProcessor
1 processor(s) skipped this assembly
[589/699    0s] CopyFiles Library/ScriptAssemblies/Unity.InputSystem.pdb
[590/699    0s] CopyFiles Library/ScriptAssemblies/Unity.InputSystem.dll
[591/699    0s] MovedFromExtractor-Combine Library/Bee/artifacts/2400b0aE.dag/Unity.InputSystem.ForUI.dll.mvfrm
[592/699    0s] MovedFromExtractor-Combine Library/Bee/artifacts/2400b0aE.dag/Unity.VisualScripting.Core.dll.mvfrm
[593/699    0s] MovedFromExtractor-Combine Library/Bee/artifacts/2400b0aE.dag/Unity.InputSystem.DocCodeSamples.dll.mvfrm
[           0s] Csc Library/Bee/artifacts/2400b0aE.dag/Unity.VisualScripting.Core.dll (+2 others) [CacheMiss 824c882cd3517ecdf34a8b334be011c200000000000000000000000000000006]
[           0s] Csc Library/Bee/artifacts/2400b0aE.dag/Unity.InputSystem.DocCodeSamples.dll (+2 others) [CacheMiss 90d72a14e6d801df41e0f685fb63a83f00000000000000000000000000000006]
[           0s] Csc Library/Bee/artifacts/2400b0aE.dag/Unity.InputSystem.ForUI.dll (+2 others) [CacheMiss 716cbc85acef9243b338e0cea32176a100000000000000000000000000000006]
[594/699    0s] Csc Library/Bee/artifacts/2400b0aE.dag/Unity.InputSystem.TestFramework.dll (+2 others)
[           0s] Csc Library/Bee/artifacts/2400b0aE.dag/Unity.InputSystem.TestFramework.dll (+2 others) [CacheWrite 364f4018f067c2858d257a4e396b8d3500000000000000000000000000000006]
[595/699    0s] Csc Library/Bee/artifacts/2400b0aE.dag/Unity.InputSystem.DocCodeSamples.dll (+2 others)
[           0s] Csc Library/Bee/artifacts/2400b0aE.dag/Unity.InputSystem.DocCodeSamples.dll (+2 others) [CacheWrite 90d72a14e6d801df41e0f685fb63a83f00000000000000000000000000000006]
[596/699    0s] ILPostProcess Library/Bee/artifacts/2400b0aE.dag/post-processed/Unity.InputSystem.DocCodeSamples.dll (+pdb)
Processing assembly Library/Bee/artifacts/2400b0aE.dag/Unity.InputSystem.DocCodeSamples.dll, with 137 defines and 302 references
processors: zzzUnity.Burst.CodeGen.BurstILPostProcessor
1 processor(s) skipped this assembly
[597/699    0s] ILPostProcess Library/Bee/artifacts/2400b0aE.dag/post-processed/Unity.InputSystem.TestFramework.dll (+pdb)
Processing assembly Library/Bee/artifacts/2400b0aE.dag/Unity.InputSystem.TestFramework.dll, with 141 defines and 290 references
processors: zzzUnity.Burst.CodeGen.BurstILPostProcessor
1 processor(s) skipped this assembly
[598/699    0s] CopyFiles Library/ScriptAssemblies/Unity.InputSystem.DocCodeSamples.dll
[599/699    0s] CopyFiles Library/ScriptAssemblies/Unity.InputSystem.DocCodeSamples.pdb
[600/699    0s] CopyFiles Library/ScriptAssemblies/Unity.InputSystem.TestFramework.dll
[601/699    0s] CopyFiles Library/ScriptAssemblies/Unity.InputSystem.TestFramework.pdb
[602/699    0s] Csc Library/Bee/artifacts/2400b0aE.dag/Unity.Services.CloudBuild.Editor.dll (+2 others)
[           0s] Csc Library/Bee/artifacts/2400b0aE.dag/Unity.Services.CloudBuild.Editor.dll (+2 others) [CacheWrite acc2b505a1a62f581f987452e33f8fb900000000000000000000000000000006]
[603/699    0s] ILPostProcess Library/Bee/artifacts/2400b0aE.dag/post-processed/Unity.Services.CloudBuild.Editor.dll (+pdb)
Processing assembly Library/Bee/artifacts/2400b0aE.dag/Unity.Services.CloudBuild.Editor.dll, with 137 defines and 318 references
processors: zzzUnity.Burst.CodeGen.BurstILPostProcessor
1 processor(s) skipped this assembly
[604/699    0s] CopyFiles Library/ScriptAssemblies/Unity.Services.CloudBuild.Editor.pdb
[605/699    0s] CopyFiles Library/ScriptAssemblies/Unity.Services.CloudBuild.Editor.dll
[606/699    0s] Csc Library/Bee/artifacts/2400b0aE.dag/Unity.Services.Core.Environments.Editor.dll (+2 others)
[           0s] Csc Library/Bee/artifacts/2400b0aE.dag/Unity.Services.Core.Environments.Editor.dll (+2 others) [CacheWrite df2b8233aea3238979c1461fa120360500000000000000000000000000000006]
[607/699    0s] ILPostProcess Library/Bee/artifacts/2400b0aE.dag/post-processed/Unity.Services.Core.Environments.Editor.dll (+pdb)
Processing assembly Library/Bee/artifacts/2400b0aE.dag/Unity.Services.Core.Environments.Editor.dll, with 137 defines and 320 references
processors: zzzUnity.Burst.CodeGen.BurstILPostProcessor
1 processor(s) skipped this assembly
[608/699    0s] CopyFiles Library/ScriptAssemblies/Unity.Services.Core.Environments.Editor.pdb
[609/699    0s] CopyFiles Library/ScriptAssemblies/Unity.Services.Core.Environments.Editor.dll
[610/699    3s] Csc Library/Bee/artifacts/2400b0aE.dag/Unity.PlasticSCM.Editor.dll (+2 others)
[           0s] Csc Library/Bee/artifacts/2400b0aE.dag/Unity.PlasticSCM.Editor.dll (+2 others) [CacheWrite 3bab8acfa3555b722711b9aa1752694000000000000000000000000000000006]
[612/699    0s] ILPostProcess Library/Bee/artifacts/2400b0aE.dag/post-processed/Unity.PlasticSCM.Editor.dll (+pdb)
Processing assembly Library/Bee/artifacts/2400b0aE.dag/Unity.PlasticSCM.Editor.dll, with 138 defines and 305 references
processors: zzzUnity.Burst.CodeGen.BurstILPostProcessor
1 processor(s) skipped this assembly
[613/699    0s] CopyFiles Library/ScriptAssemblies/Unity.PlasticSCM.Editor.pdb
[614/699    0s] CopyFiles Library/ScriptAssemblies/Unity.PlasticSCM.Editor.dll
[615/699    0s] MovedFromExtractor-Combine Library/Bee/artifacts/2400b0aE.dag/Unity.PlasticSCM.Editor.Entities.dll.mvfrm
[616/699    0s] MovedFromExtractor-Combine Library/Bee/artifacts/2400b0aE.dag/Unity.PlasticSCM.Editor.Assistant.dll.mvfrm
[617/699    0s] MovedFromExtractor-Combine Library/Bee/artifacts/2400b0aE.dag/Unity.CollabProxy.Editor.dll.mvfrm
[           0s] Csc Library/Bee/artifacts/2400b0aE.dag/Unity.CollabProxy.Editor.dll (+2 others) [CacheMiss 82e44bb5d0d2849a9ac1326b6fef434c00000000000000000000000000000006]
[           0s] Csc Library/Bee/artifacts/2400b0aE.dag/Unity.PlasticSCM.Editor.Assistant.dll (+2 others) [CacheMiss 5255651d5e34d9723cd6d5ff15c2a5cc00000000000000000000000000000006]
[           0s] Csc Library/Bee/artifacts/2400b0aE.dag/Unity.PlasticSCM.Editor.Entities.dll (+2 others) [CacheMiss 093e368401cff524ee2ca6855a90fb1b00000000000000000000000000000006]
[618/699    0s] Csc Library/Bee/artifacts/2400b0aE.dag/Unity.PlasticSCM.Editor.Assistant.dll (+2 others)
[619/699    0s] Csc Library/Bee/artifacts/2400b0aE.dag/Unity.PlasticSCM.Editor.Entities.dll (+2 others)
[           0s] Csc Library/Bee/artifacts/2400b0aE.dag/Unity.PlasticSCM.Editor.Assistant.dll (+2 others) [CacheWrite 5255651d5e34d9723cd6d5ff15c2a5cc00000000000000000000000000000006]
[           0s] Csc Library/Bee/artifacts/2400b0aE.dag/Unity.PlasticSCM.Editor.Entities.dll (+2 others) [CacheWrite 093e368401cff524ee2ca6855a90fb1b00000000000000000000000000000006]
[621/699    0s] Csc Library/Bee/artifacts/2400b0aE.dag/Unity.CollabProxy.Editor.dll (+2 others)
[           0s] Csc Library/Bee/artifacts/2400b0aE.dag/Unity.CollabProxy.Editor.dll (+2 others) [CacheWrite 82e44bb5d0d2849a9ac1326b6fef434c00000000000000000000000000000006]
[622/699    0s] ILPostProcess Library/Bee/artifacts/2400b0aE.dag/post-processed/Unity.PlasticSCM.Editor.Assistant.dll (+pdb)
Processing assembly Library/Bee/artifacts/2400b0aE.dag/Unity.PlasticSCM.Editor.Assistant.dll, with 137 defines and 316 references
processors: zzzUnity.Burst.CodeGen.BurstILPostProcessor
1 processor(s) skipped this assembly
[623/699    0s] ILPostProcess Library/Bee/artifacts/2400b0aE.dag/post-processed/Unity.PlasticSCM.Editor.Entities.dll (+pdb)
Processing assembly Library/Bee/artifacts/2400b0aE.dag/Unity.PlasticSCM.Editor.Entities.dll, with 137 defines and 316 references
processors: zzzUnity.Burst.CodeGen.BurstILPostProcessor
1 processor(s) skipped this assembly
[624/699    0s] CopyFiles Library/ScriptAssemblies/Unity.PlasticSCM.Editor.Entities.dll
[625/699    0s] CopyFiles Library/ScriptAssemblies/Unity.PlasticSCM.Editor.Assistant.pdb
[626/699    0s] CopyFiles Library/ScriptAssemblies/Unity.PlasticSCM.Editor.Entities.pdb
[627/699    0s] CopyFiles Library/ScriptAssemblies/Unity.PlasticSCM.Editor.Assistant.dll
[628/699    0s] ILPostProcess Library/Bee/artifacts/2400b0aE.dag/post-processed/Unity.CollabProxy.Editor.dll (+pdb)
Processing assembly Library/Bee/artifacts/2400b0aE.dag/Unity.CollabProxy.Editor.dll, with 137 defines and 316 references
processors: zzzUnity.Burst.CodeGen.BurstILPostProcessor
1 processor(s) skipped this assembly
[629/699    0s] CopyFiles Library/ScriptAssemblies/Unity.CollabProxy.Editor.pdb
[630/699    0s] CopyFiles Library/ScriptAssemblies/Unity.CollabProxy.Editor.dll
[631/699    0s] Csc Library/Bee/artifacts/2400b0aE.dag/Unity.InputSystem.ForUI.dll (+2 others)
[632/699    0s] Csc Library/Bee/artifacts/2400b0aE.dag/Unity.VisualScripting.Core.dll (+2 others)
[           0s] Csc Library/Bee/artifacts/2400b0aE.dag/Unity.InputSystem.ForUI.dll (+2 others) [CacheWrite 716cbc85acef9243b338e0cea32176a100000000000000000000000000000006]
[           0s] Csc Library/Bee/artifacts/2400b0aE.dag/Unity.VisualScripting.Core.dll (+2 others) [CacheWrite 824c882cd3517ecdf34a8b334be011c200000000000000000000000000000006]
[635/699    0s] ILPostProcess Library/Bee/artifacts/2400b0aE.dag/post-processed/Unity.InputSystem.ForUI.dll (+pdb)
Processing assembly Library/Bee/artifacts/2400b0aE.dag/Unity.InputSystem.ForUI.dll, with 139 defines and 305 references
processors: zzzUnity.Burst.CodeGen.BurstILPostProcessor
1 processor(s) skipped this assembly
[636/699    0s] ILPostProcess Library/Bee/artifacts/2400b0aE.dag/post-processed/Unity.VisualScripting.Core.dll (+pdb)
Processing assembly Library/Bee/artifacts/2400b0aE.dag/Unity.VisualScripting.Core.dll, with 144 defines and 305 references
processors: zzzUnity.Burst.CodeGen.BurstILPostProcessor
1 processor(s) skipped this assembly
[637/699    0s] CopyFiles Library/ScriptAssemblies/Unity.InputSystem.ForUI.pdb
[638/699    0s] CopyFiles Library/ScriptAssemblies/Unity.InputSystem.ForUI.dll
[639/699    0s] CopyFiles Library/ScriptAssemblies/Unity.VisualScripting.Core.pdb
[640/699    0s] CopyFiles Library/ScriptAssemblies/Unity.VisualScripting.Core.dll
[641/699    0s] MovedFromExtractor-Combine Library/Bee/artifacts/2400b0aE.dag/Unity.InputSystem.ForUI.Editor.dll.mvfrm
[           0s] Csc Library/Bee/artifacts/2400b0aE.dag/Unity.InputSystem.ForUI.Editor.dll (+2 others) [CacheMiss ce4855cece817fe35e56c7585b4ffc6400000000000000000000000000000006]
[642/699    0s] MovedFromExtractor-Combine Library/Bee/artifacts/2400b0aE.dag/Unity.VisualScripting.Flow.dll.mvfrm
[643/699    0s] MovedFromExtractor-Combine Library/Bee/artifacts/2400b0aE.dag/Unity.VisualScripting.Core.Editor.dll.mvfrm
[           0s] Csc Library/Bee/artifacts/2400b0aE.dag/Unity.VisualScripting.Flow.dll (+2 others) [CacheMiss 1bcff88a4cd9774fa5e2273f66b3e83900000000000000000000000000000006]
[           0s] Csc Library/Bee/artifacts/2400b0aE.dag/Unity.VisualScripting.Core.Editor.dll (+2 others) [CacheMiss c13e6adf3ff17ff85f62729832928d6f00000000000000000000000000000006]
[644/699    0s] Csc Library/Bee/artifacts/2400b0aE.dag/Unity.InputSystem.ForUI.Editor.dll (+2 others)
[           0s] Csc Library/Bee/artifacts/2400b0aE.dag/Unity.InputSystem.ForUI.Editor.dll (+2 others) [CacheWrite ce4855cece817fe35e56c7585b4ffc6400000000000000000000000000000006]
[646/699    0s] ILPostProcess Library/Bee/artifacts/2400b0aE.dag/post-processed/Unity.InputSystem.ForUI.Editor.dll (+pdb)
Processing assembly Library/Bee/artifacts/2400b0aE.dag/Unity.InputSystem.ForUI.Editor.dll, with 137 defines and 317 references
processors: zzzUnity.Burst.CodeGen.BurstILPostProcessor
1 processor(s) skipped this assembly
[647/699    0s] CopyFiles Library/ScriptAssemblies/Unity.InputSystem.ForUI.Editor.dll
[648/699    0s] CopyFiles Library/ScriptAssemblies/Unity.InputSystem.ForUI.Editor.pdb
[649/699    0s] Csc Library/Bee/artifacts/2400b0aE.dag/Unity.VisualScripting.Flow.dll (+2 others)
[           0s] Csc Library/Bee/artifacts/2400b0aE.dag/Unity.VisualScripting.Flow.dll (+2 others) [CacheWrite 1bcff88a4cd9774fa5e2273f66b3e83900000000000000000000000000000006]
[651/699    0s] ILPostProcess Library/Bee/artifacts/2400b0aE.dag/post-processed/Unity.VisualScripting.Flow.dll (+pdb)
Processing assembly Library/Bee/artifacts/2400b0aE.dag/Unity.VisualScripting.Flow.dll, with 147 defines and 306 references
processors: zzzUnity.Burst.CodeGen.BurstILPostProcessor
1 processor(s) skipped this assembly
[652/699    0s] CopyFiles Library/ScriptAssemblies/Unity.VisualScripting.Flow.pdb
[653/699    0s] CopyFiles Library/ScriptAssemblies/Unity.VisualScripting.Flow.dll
[654/699    0s] MovedFromExtractor-Combine Library/Bee/artifacts/2400b0aE.dag/Unity.VisualScripting.DocCodeExamples.dll.mvfrm
[655/699    0s] MovedFromExtractor-Combine Library/Bee/artifacts/2400b0aE.dag/Unity.VisualScripting.State.dll.mvfrm
[           0s] Csc Library/Bee/artifacts/2400b0aE.dag/Unity.VisualScripting.DocCodeExamples.dll (+2 others) [CacheMiss 5ca76eb599e722d14992d90c5ea7f20600000000000000000000000000000006]
[           0s] Csc Library/Bee/artifacts/2400b0aE.dag/Unity.VisualScripting.State.dll (+2 others) [CacheMiss 11bf631c110a363426039758679c95f500000000000000000000000000000006]
[656/699    0s] Csc Library/Bee/artifacts/2400b0aE.dag/Unity.VisualScripting.DocCodeExamples.dll (+2 others)
[657/699    0s] Csc Library/Bee/artifacts/2400b0aE.dag/Unity.VisualScripting.State.dll (+2 others)
[           0s] Csc Library/Bee/artifacts/2400b0aE.dag/Unity.VisualScripting.State.dll (+2 others) [CacheWrite 11bf631c110a363426039758679c95f500000000000000000000000000000006]
[           0s] Csc Library/Bee/artifacts/2400b0aE.dag/Unity.VisualScripting.DocCodeExamples.dll (+2 others) [CacheWrite 5ca76eb599e722d14992d90c5ea7f20600000000000000000000000000000006]
[659/699    0s] ILPostProcess Library/Bee/artifacts/2400b0aE.dag/post-processed/Unity.VisualScripting.State.dll (+pdb)
Processing assembly Library/Bee/artifacts/2400b0aE.dag/Unity.VisualScripting.State.dll, with 139 defines and 306 references
processors: zzzUnity.Burst.CodeGen.BurstILPostProcessor
1 processor(s) skipped this assembly
[660/699    0s] ILPostProcess Library/Bee/artifacts/2400b0aE.dag/post-processed/Unity.VisualScripting.DocCodeExamples.dll (+pdb)
Processing assembly Library/Bee/artifacts/2400b0aE.dag/Unity.VisualScripting.DocCodeExamples.dll, with 139 defines and 292 references
processors: zzzUnity.Burst.CodeGen.BurstILPostProcessor
1 processor(s) skipped this assembly
[661/699    0s] CopyFiles Library/ScriptAssemblies/Unity.VisualScripting.State.dll
[662/699    0s] CopyFiles Library/ScriptAssemblies/Unity.VisualScripting.State.pdb
[663/699    0s] CopyFiles Library/ScriptAssemblies/Unity.VisualScripting.DocCodeExamples.dll
[664/699    0s] CopyFiles Library/ScriptAssemblies/Unity.VisualScripting.DocCodeExamples.pdb
[665/699    1s] Csc Library/Bee/artifacts/2400b0aE.dag/Unity.VisualScripting.Core.Editor.dll (+2 others)
[           0s] Csc Library/Bee/artifacts/2400b0aE.dag/Unity.VisualScripting.Core.Editor.dll (+2 others) [CacheWrite c13e6adf3ff17ff85f62729832928d6f00000000000000000000000000000006]
[667/699    0s] ILPostProcess Library/Bee/artifacts/2400b0aE.dag/post-processed/Unity.VisualScripting.Core.Editor.dll (+pdb)
Processing assembly Library/Bee/artifacts/2400b0aE.dag/Unity.VisualScripting.Core.Editor.dll, with 137 defines and 316 references
processors: zzzUnity.Burst.CodeGen.BurstILPostProcessor
1 processor(s) skipped this assembly
[668/699    0s] CopyFiles Library/ScriptAssemblies/Unity.VisualScripting.Core.Editor.pdb
[669/699    0s] CopyFiles Library/ScriptAssemblies/Unity.VisualScripting.Core.Editor.dll
[670/699    0s] MovedFromExtractor-Combine Library/Bee/artifacts/2400b0aE.dag/Unity.VisualScripting.Flow.Editor.dll.mvfrm
[           0s] Csc Library/Bee/artifacts/2400b0aE.dag/Unity.VisualScripting.Flow.Editor.dll (+2 others) [CacheMiss 7546ad6fd50ee0398f765e14ca5cb21100000000000000000000000000000006]
[671/699    0s] Csc Library/Bee/artifacts/2400b0aE.dag/Unity.VisualScripting.Flow.Editor.dll (+2 others)
[           0s] Csc Library/Bee/artifacts/2400b0aE.dag/Unity.VisualScripting.Flow.Editor.dll (+2 others) [CacheWrite 7546ad6fd50ee0398f765e14ca5cb21100000000000000000000000000000006]
[673/699    0s] ILPostProcess Library/Bee/artifacts/2400b0aE.dag/post-processed/Unity.VisualScripting.Flow.Editor.dll (+pdb)
Processing assembly Library/Bee/artifacts/2400b0aE.dag/Unity.VisualScripting.Flow.Editor.dll, with 139 defines and 319 references
processors: zzzUnity.Burst.CodeGen.BurstILPostProcessor
1 processor(s) skipped this assembly
[674/699    0s] CopyFiles Library/ScriptAssemblies/Unity.VisualScripting.Flow.Editor.pdb
[675/699    0s] CopyFiles Library/ScriptAssemblies/Unity.VisualScripting.Flow.Editor.dll
[676/699    0s] MovedFromExtractor-Combine Library/Bee/artifacts/2400b0aE.dag/Unity.VisualScripting.State.Editor.dll.mvfrm
[677/699    0s] MovedFromExtractor-Combine Library/Bee/artifacts/2400b0aE.dag/Unity.VisualScripting.SettingsProvider.Editor.dll.mvfrm
[           0s] Csc Library/Bee/artifacts/2400b0aE.dag/Unity.VisualScripting.SettingsProvider.Editor.dll (+2 others) [CacheMiss f628831a525209b0c48c72e83368c15e00000000000000000000000000000006]
[           0s] Csc Library/Bee/artifacts/2400b0aE.dag/Unity.VisualScripting.State.Editor.dll (+2 others) [CacheMiss 815207526a3cc39333ff629d724b81c300000000000000000000000000000006]
[678/699    0s] Csc Library/Bee/artifacts/2400b0aE.dag/Unity.VisualScripting.SettingsProvider.Editor.dll (+2 others)
[679/699    0s] Csc Library/Bee/artifacts/2400b0aE.dag/Unity.VisualScripting.State.Editor.dll (+2 others)
[           0s] Csc Library/Bee/artifacts/2400b0aE.dag/Unity.VisualScripting.State.Editor.dll (+2 others) [CacheWrite 815207526a3cc39333ff629d724b81c300000000000000000000000000000006]
[           0s] Csc Library/Bee/artifacts/2400b0aE.dag/Unity.VisualScripting.SettingsProvider.Editor.dll (+2 others) [CacheWrite f628831a525209b0c48c72e83368c15e00000000000000000000000000000006]
[682/699    0s] ILPostProcess Library/Bee/artifacts/2400b0aE.dag/post-processed/Unity.VisualScripting.SettingsProvider.Editor.dll (+pdb)
Processing assembly Library/Bee/artifacts/2400b0aE.dag/Unity.VisualScripting.SettingsProvider.Editor.dll, with 137 defines and 320 references
processors: zzzUnity.Burst.CodeGen.BurstILPostProcessor
1 processor(s) skipped this assembly
[683/699    0s] ILPostProcess Library/Bee/artifacts/2400b0aE.dag/post-processed/Unity.VisualScripting.State.Editor.dll (+pdb)
Processing assembly Library/Bee/artifacts/2400b0aE.dag/Unity.VisualScripting.State.Editor.dll, with 137 defines and 320 references
processors: zzzUnity.Burst.CodeGen.BurstILPostProcessor
1 processor(s) skipped this assembly
[684/699    0s] CopyFiles Library/ScriptAssemblies/Unity.VisualScripting.SettingsProvider.Editor.pdb
[685/699    0s] CopyFiles Library/ScriptAssemblies/Unity.VisualScripting.SettingsProvider.Editor.dll
[686/699    0s] CopyFiles Library/ScriptAssemblies/Unity.VisualScripting.State.Editor.pdb
[687/699    0s] CopyFiles Library/ScriptAssemblies/Unity.VisualScripting.State.Editor.dll
[688/699    0s] MovedFromExtractor-Combine Library/Bee/artifacts/2400b0aE.dag/Unity.VisualScripting.Shared.Editor.dll.mvfrm
[           0s] Csc Library/Bee/artifacts/2400b0aE.dag/Unity.VisualScripting.Shared.Editor.dll (+2 others) [CacheMiss 723b3129c7a7937bb763b9fa739eb04100000000000000000000000000000006]
[689/699    0s] Csc Library/Bee/artifacts/2400b0aE.dag/Unity.VisualScripting.Shared.Editor.dll (+2 others)
[           0s] Csc Library/Bee/artifacts/2400b0aE.dag/Unity.VisualScripting.Shared.Editor.dll (+2 others) [CacheWrite 723b3129c7a7937bb763b9fa739eb04100000000000000000000000000000006]
[692/699    0s] ILPostProcess Library/Bee/artifacts/2400b0aE.dag/post-processed/Unity.VisualScripting.Shared.Editor.dll (+pdb)
Processing assembly Library/Bee/artifacts/2400b0aE.dag/Unity.VisualScripting.Shared.Editor.dll, with 137 defines and 321 references
processors: zzzUnity.Burst.CodeGen.BurstILPostProcessor
1 processor(s) skipped this assembly
[693/699    0s] CopyFiles Library/ScriptAssemblies/Unity.VisualScripting.Shared.Editor.dll
[694/699    0s] CopyFiles Library/ScriptAssemblies/Unity.VisualScripting.Shared.Editor.pdb
[695/699    0s] Csc Library/Bee/artifacts/2400b0aE.dag/Assembly-CSharp.dll (+2 others)
[696/699    0s] ILPostProcess Library/Bee/artifacts/2400b0aE.dag/post-processed/Assembly-CSharp.dll (+pdb)
Processing assembly Library/Bee/artifacts/2400b0aE.dag/Assembly-CSharp.dll, with 139 defines and 321 references
processors: zzzUnity.Burst.CodeGen.BurstILPostProcessor
1 processor(s) skipped this assembly
[697/699    0s] CopyFiles Library/ScriptAssemblies/Assembly-CSharp.pdb
[698/699    0s] CopyFiles Library/ScriptAssemblies/Assembly-CSharp.dll
*** Tundra build success (8.11 seconds), 372 items updated, 699 evaluated
Total cache size 67057472
Total cache size after purge 67057472, took 00:00:00.0295218
AssetDatabase: script compilation time: 9.449746s
Begin MonoManager ReloadAssembly
Symbol file LoadedFromMemory is not a mono symbol file
Native extension for LinuxStandalone target not found
Native extension for WindowsStandalone target not found
Native extension for WebGL target not found
ScheduleIndexationOnStartup MainProcess:True IndexOnStartup:True
Scripting: successfully reloaded assembly
- Finished resetting the current domain, in  0.619 seconds
Domain Reload Profiling: 1238ms
	BeginReloadAssembly (157ms)
		DisableScriptedObjects (12ms)
		CreateAndSetChildDomain (51ms)
	RebuildCommonClasses (7ms)
	RebuildNativeTypeToScriptingClass (7ms)
	initialDomainReloadingComplete (30ms)
	LoadAllAssembliesAndSetupDomain (417ms)
		LoadAssemblies (172ms)
		TypeCache.Refresh (125ms)
			TypeCache.ScanAssembly (114ms)
		AnalyzeDomain (39ms)
			BuildScriptInfoCaches (35ms)
			ResolveRequiredComponents (3ms)
	FinalizeReload (620ms)
		SetupLoadedEditorAssemblies (0ms)
			BeforeProcessingInitializeOnLoad (85ms)
			ProcessInitializeOnLoadAttributes (285ms)
			ProcessInitializeOnLoadMethodAttributes (35ms)
			AfterProcessingInitializeOnLoad (4ms)
		AwakeInstancesAfterBackupRestoration (19ms)
Starting new worker id: 0 with log in /home/jack/Documents/Unity/Apple-Picker/Logs/AssetImportWorkerHW0.log

Asset Pipeline Refresh (id=692adaebcb4512a31915cb40fb042fea): Total: 11.254 seconds - Initiated by InitialRefreshV2(ForceSynchronousImport)
	(Values over 0.05ms)
	Summary:
		Imports: total=0 (actual=0, local cache=0, cache server=0)
		Asset DB Process Time: managed=0 ms, native=1095 ms
		Asset DB Callback time: managed=29 ms, native=4 ms
		Scripting: domain reloads=1, domain reload time=651 ms, compile time=9452 ms, other=23 ms
		Project Asset Count: scripts=965, non-scripts=1021
		Asset File Changes: new=0, changed=0, moved=0, deleted=0
		Scan Filter Count: 1
	InvokePackagesCallback: 4.368ms
	ApplyChangesToAssetFolders: 0.354ms
	Scan: 287.778ms
	Collect global state as custom dependencies: 4.216ms
	CategorizeScriptCompilationAssets: 27.794ms
	ProcessAssetsWithTransientArtifactChanges: 55.555ms
	CategorizeAssets: 17.343ms
	CompileScripts: 9451.501ms
	ImportOutOfDateAssets: 649.867ms (624.906ms without children)
		UnloadImportedAssets: 0.249ms
		EnsureUptoDateAssetsAreRegisteredWithGuidPM: 0.488ms
		ImportSchedulerStart: 24.213ms
	PostProcessAllAssets: 29.438ms
		MonoPostProcessAllAssets: 29.337ms
			SyncVS.PostprocessSyncProject 8.506ms
			WindowAssetPostprocessingWatcher.OnPostprocessAllAssets 7.138ms
			EditModeScopePostprocessor.OnPostprocessAllAssets 0.760ms
			SpeedTree9Postprocessor.OnPostprocessAllAssets 0.663ms
			ReferencedClipsPostProcessor.OnPostprocessAllAssets 0.237ms
			InputActionAssetPostprocessor.OnPostprocessAllAssets 0.210ms
			TerrainToolbarOverlayPostProcessor.OnPostprocessAllAssets 0.181ms
			ProjectSettingsPostprocessor.OnPostprocessAllAssets 0.166ms
			AssetDatabaseCallbacks.OnPostprocessAllAssets 0.149ms
			RenderPipelineGlobalSettingsPostprocessor.OnPostprocessAllAssets 0.078ms
	UnloadStreamsBegin: 1.206ms
	PersistCurrentRevisions: 0.055ms
	GenerateScriptTypeHashes: 0.860ms
	GenerateScriptTypeSerializationHashes: 1.842ms
	Untracked: 723.212ms

Application.AssetDatabase Initial Refresh End
AutoLocale: current locale expects 'C' but got 'en_US.utf8'/home/jack/Unity/Hub/Editor/6000.6.0f1/Editor/Data/Tools/UnityShaderCompiler: /lib64/libtinfo.so.6: no version information available (required by /home/jack/Unity/Hub/Editor/6000.6.0f1/Editor/Data/Tools/libdxcompiler.so)
Launched and connected shader compiler UnityShaderCompiler after 0.02 seconds
Scanning for USB devices : 20.092ms
Initializing Unity extensions:
UpdateMenuTitleForLanguage: 10
[MODES] ModeService[none].Initialize
[MODES] ModeService[none].LoadModes
Curl error 6: Could not resolve: cdp.cloud.unity3d.com:443
[MODES] Loading mode Default (0) for mode-current-id-Apple-Picker
Curl error 6: Could not resolve: config.uca.cloud.unity3d.com:443
Unloading 5 Unused Serialized files (Serialized files now loaded: 0)
Loaded scene 'Assets/Scenes/_Scene_0.unity'
	Deserialize:            9.939 ms
	Integration:            24.211 ms
	Integration of assets:  2.374 ms
	Thread Wait Time:       0.006 ms
	Total Operation Time:   36.530 ms
Unloading 4732 unused Assets / (1.9 MB). Loaded Objects now: 5583.
Memory consumption went from 170.2 MB to 168.2 MB.
Total: 10.718007 ms (FindLiveObjects: 0.551967 ms CreateObjectMapping: 0.380004 ms MarkObjects: 7.682705 ms  DeleteObjects: 1.842131 ms)

[LAYOUT] About to load UserSettings/Layouts/default-6000.dwlt, keepMainWindow=False
cant resolve internal call to "System.IO.InotifyWatcher::GetInotifyInstance" (tested without signature also)

Your mono runtime and class libraries are out of sync.
The out of sync library is: /home/jack/Documents/Unity/Apple-Picker/Library/PackageCache/com.unity.collab-proxy@4628d2ba6ea4/Lib/Editor/unityplastic.dll

When you update one from git you need to update, compile and install
the other too.
Do not report this as a bug unless you're sure you have updated correctly:
you probably have a broken mono install.
If you see other errors or faults after this message they are probably related
and you need to fix your mono install first.
cant resolve internal call to "System.IO.InotifyWatcher::GetInotifyInstance" (tested without signature also)
Unhandled description string [
Unhandled description string ]
GLX Extensions: GLX_ARB_get_proc_address GLX_ARB_multisample GLX_EXT_visual_info GLX_EXT_visual_rating GLX_SGIX_fbconfig GLX_SGIX_pbuffer GLX_SGI_swap_control GLX_EXT_swap_control GLX_EXT_buffer_age GLX_ARB_create_context GLX_ARB_create_context_profile GLX_ARB_fbconfig_float GLX_EXT_fbconfig_packed_float GLX_EXT_framebuffer_sRGB GLX_NV_copy_image GLX_NV_copy_buffer GLX_EXT_create_context_es_profile GLX_EXT_create_context_es2_profile GLX_ARB_create_context_no_error GLX_ARB_create_context_robustness GLX_ARB_context_flush_control 
GLX Extensions: GLX_ARB_get_proc_address GLX_ARB_multisample GLX_EXT_visual_info GLX_EXT_visual_rating GLX_SGIX_fbconfig GLX_SGIX_pbuffer GLX_SGI_swap_control GLX_EXT_swap_control GLX_EXT_buffer_age GLX_ARB_create_context GLX_ARB_create_context_profile GLX_ARB_fbconfig_float GLX_EXT_fbconfig_packed_float GLX_EXT_framebuffer_sRGB GLX_NV_copy_image GLX_NV_copy_buffer GLX_EXT_create_context_es_profile GLX_EXT_create_context_es2_profile GLX_ARB_create_context_no_error GLX_ARB_create_context_robustness GLX_ARB_context_flush_control 
GLX Extensions: GLX_ARB_get_proc_address GLX_ARB_multisample GLX_EXT_visual_info GLX_EXT_visual_rating GLX_SGIX_fbconfig GLX_SGIX_pbuffer GLX_SGI_swap_control GLX_EXT_swap_control GLX_EXT_buffer_age GLX_ARB_create_context GLX_ARB_create_context_profile GLX_ARB_fbconfig_float GLX_EXT_fbconfig_packed_float GLX_EXT_framebuffer_sRGB GLX_NV_copy_image GLX_NV_copy_buffer GLX_EXT_create_context_es_profile GLX_EXT_create_context_es2_profile GLX_ARB_create_context_no_error GLX_ARB_create_context_robustness GLX_ARB_context_flush_control 
GLX Extensions: GLX_ARB_get_proc_address GLX_ARB_multisample GLX_EXT_visual_info GLX_EXT_visual_rating GLX_SGIX_fbconfig GLX_SGIX_pbuffer GLX_SGI_swap_control GLX_EXT_swap_control GLX_EXT_buffer_age GLX_ARB_create_context GLX_ARB_create_context_profile GLX_ARB_fbconfig_float GLX_EXT_fbconfig_packed_float GLX_EXT_framebuffer_sRGB GLX_NV_copy_image GLX_NV_copy_buffer GLX_EXT_create_context_es_profile GLX_EXT_create_context_es2_profile GLX_ARB_create_context_no_error GLX_ARB_create_context_robustness GLX_ARB_context_flush_control 
GLX Extensions: GLX_ARB_get_proc_address GLX_ARB_multisample GLX_EXT_visual_info GLX_EXT_visual_rating GLX_SGIX_fbconfig GLX_SGIX_pbuffer GLX_SGI_swap_control GLX_EXT_swap_control GLX_EXT_buffer_age GLX_ARB_create_context GLX_ARB_create_context_profile GLX_ARB_fbconfig_float GLX_EXT_fbconfig_packed_float GLX_EXT_framebuffer_sRGB GLX_NV_copy_image GLX_NV_copy_buffer GLX_EXT_create_context_es_profile GLX_EXT_create_context_es2_profile GLX_ARB_create_context_no_error GLX_ARB_create_context_robustness GLX_ARB_context_flush_control 
GLX Extensions: GLX_ARB_get_proc_address GLX_ARB_multisample GLX_EXT_visual_info GLX_EXT_visual_rating GLX_SGIX_fbconfig GLX_SGIX_pbuffer GLX_SGI_swap_control GLX_EXT_swap_control GLX_EXT_buffer_age GLX_ARB_create_context GLX_ARB_create_context_profile GLX_ARB_fbconfig_float GLX_EXT_fbconfig_packed_float GLX_EXT_framebuffer_sRGB GLX_NV_copy_image GLX_NV_copy_buffer GLX_EXT_create_context_es_profile GLX_EXT_create_context_es2_profile GLX_ARB_create_context_no_error GLX_ARB_create_context_robustness GLX_ARB_context_flush_control 
GLX Extensions: GLX_ARB_get_proc_address GLX_ARB_multisample GLX_EXT_visual_info GLX_EXT_visual_rating GLX_SGIX_fbconfig GLX_SGIX_pbuffer GLX_SGI_swap_control GLX_EXT_swap_control GLX_EXT_buffer_age GLX_ARB_create_context GLX_ARB_create_context_profile GLX_ARB_fbconfig_float GLX_EXT_fbconfig_packed_float GLX_EXT_framebuffer_sRGB GLX_NV_copy_image GLX_NV_copy_buffer GLX_EXT_create_context_es_profile GLX_EXT_create_context_es2_profile GLX_ARB_create_context_no_error GLX_ARB_create_context_robustness GLX_ARB_context_flush_control 
[LAYOUT] About to save layout /home/jack/Documents/Unity/Apple-Picker/UserSettings/Layouts/default-6000.dwlt
[LAYOUT] About to save layout /home/jack/.config/unity3d/Preferences/Editor-5.x/Layouts/current/default-6000.dwlt
[MODES] ModeService[default].InitializeCurrentMode
[MODES] ModeService[default].RaiseModeChanged(default, default)
Worker ready: AssetImportWorkerHW0 0
This project uses Input Manager, which is marked for deprecation. To manage input in your project, use the <a href="https://docs.unity3d.com/Packages/com.unity.inputsystem@latest">Input System package</a> instead.
Unhandled description string [
Unhandled description string ]
Unhandled description string [
Unhandled description string ]
[Project] Loading completed in 16.425 seconds
	Project init time: 				14.622 seconds
		Template init time: 		0.000 seconds
		Package Manager init time: 		0.126 seconds
		Asset Database init time: 		0.099 seconds
		Global illumination init time: 	0.004 seconds
		Assemblies load time: 			2.511 seconds
		Unity extensions init time: 	0.020 seconds
		Asset Database refresh time: 	11.261 seconds
	Scene opening time: 			1.414 seconds
##utp:{"type":"ProjectInfo","version":2,"phase":"Immediate","time":1789442236475,"processId":334547,"projectLoad":16.424686028,"projectInit":14.621781095,"templateInit":0.0,"packageManagerInit":0.12621824,"assetDatabaseInit":0.098532645,"globalIlluminationInit":0.003855223,"assembliesLoad":2.510898491,"unityExtensionsInit":0.019641964,"assetDatabaseRefresh":11.26063093,"sceneOpening":1.413702734}
##utp:{"type":"EditorInfo","version":2,"phase":"Immediate","time":1789442236475,"processId":334547,"editorVersion":"6000.6.0f1 (f7f8ed4d1e24)","branch":"6000.6/respin/6000.6.0f1-fa21a270ab12","buildType":"Release","platform":"Linux"}
Curl error 6: Could not resolve host: cdp.cloud.unity3d.com
Asset Pipeline Refresh (id=82d8e6e221865ea24a0e5c0aed2cdaa2): Total: 0.138 seconds - Initiated by RefreshV2(ForceSynchronousImport)
Start Indexing on Editor startup
[Indexing] Starting Initial Indexing for Assets
Created GICache directory at /home/jack/.cache/unity3d/GiCache. Took: 0.002s, timestamps: [16.480 - 16.481]
Curl error 6: Could not resolve host: cdp.cloud.unity3d.com
[Licensing::Client] Successfully resolved entitlement details
[Licensing::Client] Successfully resolved entitlement details
Unhandled description string [
Unhandled description string ]
[Licensing::Client] Successfully resolved entitlement details
[Licensing::Client] Successfully resolved entitlement details
[Licensing::Client] Successfully updated the access token
[Licensing::Module] Successfully updated access token: "HMCTOzqn"... (expires: 2026-09-15T04:17:41Z)
Starting new worker id: 1 with log in /home/jack/Documents/Unity/Apple-Picker/Logs/AssetImportWorkerHW1.log
[Worker0] Imported GUID: 95717078cc4c64909b37d434fa201776 - Path: Packages/com.unity.services.core/Editor/Core/Environments/UI - Importer: ScriptedImporter/UnityEditor.QuickSearchModule:UnityEditor.Search:ASIAI0B -> (ImportResultId: 'fbf85b7226e722c8bc2c98e3b113bdc2') in 0.032154973 seconds
Starting new worker id: 2 with log in /home/jack/Documents/Unity/Apple-Picker/Logs/AssetImportWorkerHW2.log
[Worker0] Imported GUID: 4fc462806a32aa245a7b28367381bf24 - Path: Packages/com.unity.services.core/Runtime/Networking/Unity.Services.Core.Networking.asmdef - Importer: ScriptedImporter/UnityEditor.QuickSearchModule:UnityEditor.Search:ASIAI0B -> (ImportResultId: 'f489b90fa2f06f58bda096b9269c5738') in 0.011632896 seconds
[Worker0] Imported GUID: bbe1d6885a3049bfb1c80f08903b6a82 - Path: Packages/com.unity.services.core/Editor/Core/ProjectBindRedirect/ProjectBindRedirectContentUI.cs - Importer: ScriptedImporter/UnityEditor.QuickSearchModule:UnityEditor.Search:ASIAI0B -> (ImportResultId: '5987ddf0624874f169a021507e13f7bc') in 0.011711754 seconds
[Worker0] Imported GUID: 92620b818fb3f4bf795270bbc57e9f11 - Path: Packages/com.unity.services.core/Runtime/Core/ExternalUserIdProperty.cs - Importer: ScriptedImporter/UnityEditor.QuickSearchModule:UnityEditor.Search:ASIAI0B -> (ImportResultId: '0fdc8c3dd6e31df051484db3e40d55ab') in 0.001700255 seconds
[Worker0] Imported GUID: cef9f727d368b89429bb517c040e0d8b - Path: Packages/com.unity.services.core/Editor/Core/Telemetry/OperatePackageVersionConfigProvider.cs - Importer: ScriptedImporter/UnityEditor.QuickSearchModule:UnityEditor.Search:ASIAI0B -> (ImportResultId: '5238c97e3ee1572a8f20c45c358ffa8b') in 0.004609701 seconds
[Worker0] Imported GUID: 9d0c9dbb210b40f3ae4a5a8988fc59b1 - Path: Packages/com.unity.services.core/Editor/Core/Environments/EnvironmentServiceRegistry.cs - Importer: ScriptedImporter/UnityEditor.QuickSearchModule:UnityEditor.Search:ASIAI0B -> (ImportResultId: 'e00441bb507fa8bef3027b4b90d3ea1d') in 0.001110066 seconds
[Worker0] Imported GUID: f763d6dafe30b4536a63840a783f1854 - Path: Packages/com.unity.services.core/Editor/Core/Shared/UI/AssemblyInfo.Gen.cs - Importer: ScriptedImporter/UnityEditor.QuickSearchModule:UnityEditor.Search:ASIAI0B -> (ImportResultId: 'e0b33e6fc4ef45688911f7938cf56259') in 0.00098953 seconds
[Worker0] Imported GUID: e12cdb285c9804571a21e551bdac8e68 - Path: Packages/com.unity.services.core/Runtime/Device/UserIdProviders - Importer: ScriptedImporter/UnityEditor.QuickSearchModule:UnityEditor.Search:ASIAI0B -> (ImportResultId: 'fcdcb5e37d5fc435e6a32428db4ff2a5') in 0.001174577 seconds
[Worker0] Imported GUID: 9ca68cb91190f469da4ed874ef657802 - Path: Packages/com.unity.services.core/Editor/Core/EditorGameService - Importer: ScriptedImporter/UnityEditor.QuickSearchModule:UnityEditor.Search:ASIAI0B -> (ImportResultId: '608d6778bf3d3be6fcad4b2fed11f5fb') in 0.001078166 seconds
[Worker0] Imported GUID: 5f6f1affa6a7d42618f2bdc0c6a394e4 - Path: Packages/com.unity.services.core/Editor/Core/Environments/Client/Http/JsonObject.cs - Importer: ScriptedImporter/UnityEditor.QuickSearchModule:UnityEditor.Search:ASIAI0B -> (ImportResultId: 'ac44e1136d51b4e1b826f38e74ce3247') in 0.00130929 seconds
[Worker0] Imported GUID: d497d03046b84003b00f04dbf9bfdcc6 - Path: Packages/com.unity.services.core/Editor/Core/Environments/Settings/EnvironmentSettings.cs - Importer: ScriptedImporter/UnityEditor.QuickSearchModule:UnityEditor.Search:ASIAI0B -> (ImportResultId: '4305125d21adde9dfdaabf0c469d33cd') in 0.00097945 seconds
[Worker0] Imported GUID: 2d4f47b43625b43508b700e345be22c8 - Path: Packages/com.unity.services.core/Runtime/Core.Internal/AsyncOperation/AsyncOperationStatus.cs - Importer: ScriptedImporter/UnityEditor.QuickSearchModule:UnityEditor.Search:ASIAI0B -> (ImportResultId: 'cccede60141a3a0aa072fd962c59b61f') in 0.000882378 seconds
[Licensing::Client] Successfully resolved entitlement details
[Worker0] Imported GUID: c7b962ececa7141c3b769f4ffa78ac1c - Path: Packages/com.unity.services.core/Editor/Core/Environments/UI/Assets/EnvironmentView.uxml - Importer: ScriptedImporter/UnityEditor.QuickSearchModule:UnityEditor.Search:ASIAI0B -> (ImportResultId: '889d66419a8d02e0067e2926a54f8d3a') in 0.058170472 seconds
[Worker0] Imported GUID: 79f5e8ab40570a441903ba249e0ca18f - Path: Packages/com.unity.services.core/Runtime/Core.Internal/Components/Analytics/IAnalyticsStandardEventComponent.cs - Importer: ScriptedImporter/UnityEditor.QuickSearchModule:UnityEditor.Search:ASIAI0B -> (ImportResultId: '9d4964beaed7f364ad9c11a26d66e01d') in 0.001075099 seconds
[Worker0] Imported GUID: d390f9cc6f1fc5c4db106de9ff14b0e9 - Path: Packages/com.unity.services.core/Editor/Core/Utils/OrganizationHandler/OrganizationHandler.cs - Importer: ScriptedImporter/UnityEditor.QuickSearchModule:UnityEditor.Search:ASIAI0B -> (ImportResultId: '8e28694282bbd23e005a1c37db984a33') in 0.000768874 seconds
[Worker0] Imported GUID: cf4de22d904142bca538a4648d124376 - Path: Packages/com.unity.services.core/Editor/Core/Environments/UI/Assets/ReleasePointerDropdown.uxml - Importer: ScriptedImporter/UnityEditor.QuickSearchModule:UnityEditor.Search:ASIAI0B -> (ImportResultId: '40ee5e9791c34ba3bc5908ff1319f7a0') in 0.005060368 seconds
[Worker0] Imported GUID: c3160ba3f628445298fde3a1dba61623 - Path: Packages/com.unity.services.core/Editor/Core/Linker/Models/XmlLinkedMember.cs - Importer: ScriptedImporter/UnityEditor.QuickSearchModule:UnityEditor.Search:ASIAI0B -> (ImportResultId: '2d4c5841295bacc59c0e6788fb042b30') in 0.000899209 seconds
[Worker0] Imported GUID: b8d43fe3607e4416bbbbf8585a3869ae - Path: Packages/com.unity.services.core/Editor/Core/Environments/Client/Http/DeserializationSettings.cs - Importer: ScriptedImporter/UnityEditor.QuickSearchModule:UnityEditor.Search:ASIAI0B -> (ImportResultId: '72e018dd9864e821a635f0c1af106a3c') in 0.000648148 seconds
[Worker0] Imported GUID: 9aa6df335fc54bf095d86ffc2e5ef7d1 - Path: Packages/com.unity.services.cloud-build/Editor/Components - Importer: ScriptedImporter/UnityEditor.QuickSearchModule:UnityEditor.Search:ASIAI0B -> (ImportResultId: '183ffd2b12fbeb2dd4635b04fe03c0c7') in 0.000620295 seconds
[Worker0] Imported GUID: 9021ecdbba26e420baa115f09cb56091 - Path: Packages/com.unity.services.core/Editor/Core/UiHelpers/UXML/ExceptionVisual.uxml - Importer: ScriptedImporter/UnityEditor.QuickSearchModule:UnityEditor.Search:ASIAI0B -> (ImportResultId: '99a94e245a7b0386e7693f64c3730058') in 0.003262961 seconds
[Worker0] Imported GUID: 22dae0cede953ee46bef52cd8dc7b9fe - Path: Packages/com.unity.services.core/Editor/Core/Configuration/Unity.Services.Core.Configuration.Editor.api - Importer: ScriptedImporter/UnityEditor.QuickSearchModule:UnityEditor.Search:ASIAI0B -> (ImportResultId: 'eec1457f6a83c7759165360c63345ee2') in 0.000876998 seconds
[Worker0] Imported GUID: 9d40768769db740418c8c38de402d420 - Path: Packages/com.unity.services.core/Editor/Core/Configuration/Utils - Importer: ScriptedImporter/UnityEditor.QuickSearchModule:UnityEditor.Search:ASIAI0B -> (ImportResultId: '7086ddacfa06a7f323e297801cec59e2') in 0.000713501 seconds
[Worker0] Imported GUID: 597e95edbcb55894cae900ca1f8ef097 - Path: Packages/com.unity.services.core/Runtime/Core.Internal/Registry/PackageRegistry/IPackageRegistry.cs - Importer: ScriptedImporter/UnityEditor.QuickSearchModule:UnityEditor.Search:ASIAI0B -> (ImportResultId: 'fd1cc118c31cd7ad9e7fdce5627dd103') in 0.000676772 seconds
[Worker0] Imported GUID: eede71ed28bd9e272b3639a5b7b59f2a - Path: Packages/com.unity.services.core/Editor/Core/Environments/Client/Models/UnityGetUserPermissions200Response.cs - Importer: ScriptedImporter/UnityEditor.QuickSearchModule:UnityEditor.Search:ASIAI0B -> (ImportResultId: 'ba4417581a40be7064bdfe1d9cbd30d2') in 0.000689806 seconds
[Worker0] Imported GUID: c018624dabcf94cb7869e9ec09f27732 - Path: Packages/com.unity.services.core/Editor/Core/EditorGameService/IEditorGameServiceRegistry.cs - Importer: ScriptedImporter/UnityEditor.QuickSearchModule:UnityEditor.Search:ASIAI0B -> (ImportResultId: 'eb86e1db30b24c9233e8657181cf5542') in 0.00069708 seconds
[Worker0] Imported GUID: 0499a95597664d3fac32a48fcf995555 - Path: Packages/com.unity.services.core/Editor/Core/EditorGameService/Analytics/IEditorGameServiceAnalyticsSender.cs - Importer: ScriptedImporter/UnityEditor.QuickSearchModule:UnityEditor.Search:ASIAI0B -> (ImportResultId: 'cd96d7f5a151b42ac5ffe9e3e15bbf63') in 0.000624253 seconds
[Worker0] Imported GUID: b9bc5cd0bdb9d4676878ddd8f116adfa - Path: Packages/com.unity.services.core/Runtime/Core.Internal/Components/Wire - Importer: ScriptedImporter/UnityEditor.QuickSearchModule:UnityEditor.Search:ASIAI0B -> (ImportResultId: '77e4a5519d653678b30e4c982a96c8ef') in 0.00061718 seconds
[Worker0] Imported GUID: 98176d1f998b849368073bf3c64b0b0f - Path: Packages/com.unity.services.core/Editor/Core/Environments/Client/Models/UnityProjectV1.cs - Importer: ScriptedImporter/UnityEditor.QuickSearchModule:UnityEditor.Search:ASIAI0B -> (ImportResultId: '21acab1a39449106564c7ac2b34da76f') in 0.000681841 seconds
[Worker0] Imported GUID: d8122f6d77bef8120bfaaebadd839d51 - Path: Assets/Settings/Build Profiles/Web.asset - Importer: ScriptedImporter/UnityEditor.QuickSearchModule:UnityEditor.Search:ASIAI0B -> (ImportResultId: 'df11e32c788c465c4c2d579242e98325') in 0.038172469 seconds
[Worker0] Imported GUID: f1c3cc01f2ba44ce88e2780dc98b31fd - Path: Packages/com.unity.services.core/Editor/Core/Environments/Client/Models/UnityOrganizationV1.cs - Importer: ScriptedImporter/UnityEditor.QuickSearchModule:UnityEditor.Search:ASIAI0B -> (ImportResultId: '09a7b2997d543b939274b44ffa8fcd74') in 0.001166421 seconds
[Worker0] Imported GUID: 37deac60579a4d08a80966bd8fa977a2 - Path: Packages/com.unity.services.core/Editor/Core/Environments/Analytics/IAnalyticsSender.cs - Importer: ScriptedImporter/UnityEditor.QuickSearchModule:UnityEditor.Search:ASIAI0B -> (ImportResultId: 'fbd81672e6d01250d5a6a9c7ba3b4a7d') in 0.000822585 seconds
[Worker0] Imported GUID: a2a6049fbd9583a5d8dd95d5979538f4 - Path: Assets/Settings - Importer: ScriptedImporter/UnityEditor.QuickSearchModule:UnityEditor.Search:ASIAI0B -> (ImportResultId: '13306b8a3e5350f9e99cbe88809c2d10') in 0.00069715 seconds
[Worker0] Imported GUID: 00427aa938bcc3948b24130ac02694bf - Path: Packages/com.unity.services.core/Runtime/Core.Internal/Utils/DictionaryExtensions.cs - Importer: ScriptedImporter/UnityEditor.QuickSearchModule:UnityEditor.Search:ASIAI0B -> (ImportResultId: '4e2b86363baf7aa3aeac7255a3575573') in 0.000789804 seconds
[Worker0] Imported GUID: 11b827b8634d3b646a7abe82fe76ba01 - Path: Packages/com.unity.services.core/Editor/Core/Environments/UI/Toolbar - Importer: ScriptedImporter/UnityEditor.QuickSearchModule:UnityEditor.Search:ASIAI0B -> (ImportResultId: '7ccaaf5320e7503d84b70fea1299606d') in 0.000684406 seconds
[Worker0] Imported GUID: 47a16e9708a24d2b9f6618b7ef22f991 - Path: Packages/com.unity.services.core/Editor/Core/Utils/AccessTokensSingleton.cs - Importer: ScriptedImporter/UnityEditor.QuickSearchModule:UnityEditor.Search:ASIAI0B -> (ImportResultId: 'af7733b8628f3c88a32c1744e683e524') in 0.002098913 seconds
[Worker0] Imported GUID: 0f7da1e0c34fed64a8e3e314eebdcbcb - Path: Packages/com.unity.services.core/Runtime/Core.Internal/Attributes/VisibilityAttribute.cs - Importer: ScriptedImporter/UnityEditor.QuickSearchModule:UnityEditor.Search:ASIAI0B -> (ImportResultId: 'f8144c069525c5a8638b3ca2eb04bd91') in 0.00076119 seconds
[Worker0] Imported GUID: a33cebe73913d4ddf9970fdbf0965bc5 - Path: Packages/com.unity.services.core/Runtime/Core.Internal/Logging - Importer: ScriptedImporter/UnityEditor.QuickSearchModule:UnityEditor.Search:ASIAI0B -> (ImportResultId: '8fca285ebc17af04e4ac65c14f6728d0') in 0.00059611 seconds
[Worker0] Imported GUID: 6b6d4104c62dc4ae3b7b14e88665cc74 - Path: Packages/com.unity.services.core/Editor/Core/Environments/Client/Http/AsyncOpRetry.cs - Importer: ScriptedImporter/UnityEditor.QuickSearchModule:UnityEditor.Search:ASIAI0B -> (ImportResultId: '62524e99866fbb882ddc482cc1eb68d3') in 0.000834638 seconds
[Worker0] Imported GUID: 29467b82a05555942b9af2d8ccc6655e - Path: Packages/com.unity.services.core/Runtime/Core.Internal/Components/Authentication/IServerAccessToken.cs - Importer: ScriptedImporter/UnityEditor.QuickSearchModule:UnityEditor.Search:ASIAI0B -> (ImportResultId: '8067d45eeb919587525e5ee27b4be4c3') in 0.000778834 seconds
[Worker0] Imported GUID: d93845e99ca3b42d0aecd4ab938a1342 - Path: Packages/com.unity.services.core/Editor/Core/UiHelpers/UXML/ProjectSettingsCommonHeader.uxml - Importer: ScriptedImporter/UnityEditor.QuickSearchModule:UnityEditor.Search:ASIAI0B -> (ImportResultId: '08a4bc8fd989c8c944b4bb8d7660b9e1') in 0.003595455 seconds
[Worker0] Imported GUID: da94c0872fce141eb907702b33c8d2f2 - Path: Packages/com.unity.services.core/Editor/Core/Shared/DependencyInversion/IScopedServiceProvider.Gen.cs - Importer: ScriptedImporter/UnityEditor.QuickSearchModule:UnityEditor.Search:ASIAI0B -> (ImportResultId: '783acd8aedc2952463de28d13adb8cd8') in 0.000925569 seconds
[Worker0] Imported GUID: 7544fa69cc53c4bd7baedbac7a3725b4 - Path: Packages/com.unity.services.core/Editor/Core/UiHelpers/UXML - Importer: ScriptedImporter/UnityEditor.QuickSearchModule:UnityEditor.Search:ASIAI0B -> (ImportResultId: 'e3383bd22bac4dfe4407be5dd7f69e62') in 0.00074515 seconds
[Worker0] Imported GUID: 1ad116303c5f468aa7627a3792bab18d - Path: Packages/com.unity.services.core/Runtime/Core.Internal/Serialization/NewtonsoftSerializer.cs - Importer: ScriptedImporter/UnityEditor.QuickSearchModule:UnityEditor.Search:ASIAI0B -> (ImportResultId: '1d324934208d399664d38db679d4e432') in 0.000645563 seconds
[Worker0] Imported GUID: 7ffb01788486e4be3916868f12316478 - Path: Packages/com.unity.services.core/Editor/Core/Environments/Client/Http/IDeserializable.cs - Importer: ScriptedImporter/UnityEditor.QuickSearchModule:UnityEditor.Search:ASIAI0B -> (ImportResultId: '0d2edc9417e4c40eca3d7b806b761bee') in 0.00092099 seconds
[Worker0] Imported GUID: 170ea167263d459683c879aad38ee142 - Path: Packages/com.unity.services.core/Editor/Core/Environments/Config/EnvironmentConfigProvider.cs - Importer: ScriptedImporter/UnityEditor.QuickSearchModule:UnityEditor.Search:ASIAI0B -> (ImportResultId: 'f76841b7e9095f5320a999f6b9c36f74') in 0.000870465 seconds
[Worker0] Imported GUID: 27a0938d3191a4b429c4171802fc923a - Path: Packages/com.unity.services.core/Runtime/Core.Internal/Registry/DependencyTreeExceptions.cs - Importer: ScriptedImporter/UnityEditor.QuickSearchModule:UnityEditor.Search:ASIAI0B -> (ImportResultId: 'db2a0790b3a86ad105dce5a9795e188a') in 0.00100598 seconds
[Worker0] Imported GUID: 24217193ca52348f793854bafd71c78f - Path: Packages/com.unity.services.core/Runtime/Core.Internal/AsyncOperation - Importer: ScriptedImporter/UnityEditor.QuickSearchModule:UnityEditor.Search:ASIAI0B -> (ImportResultId: '5bfd1e86981178aca8b34d0a9c51affe') in 0.001005469 seconds
[Worker0] Imported GUID: e6a7022b5e3dc42b5b29a830722baea0 - Path: Packages/com.unity.services.core/Runtime/Device/UserIdProviders/NSUserDefaults.cs - Importer: ScriptedImporter/UnityEditor.QuickSearchModule:UnityEditor.Search:ASIAI0B -> (ImportResultId: '9602ec1d43a8bc52d8b4b36544f1087a') in 0.001246271 seconds
[Worker0] Imported GUID: 7e6dba96056b47c9897554a9e4b14884 - Path: Packages/com.unity.services.core/Editor/Core/Environments/IEnvironmentFetcher.cs - Importer: ScriptedImporter/UnityEditor.QuickSearchModule:UnityEditor.Search:ASIAI0B -> (ImportResultId: '178772ace87678e269d97b5533167823') in 0.000888169 seconds
[Worker0] Imported GUID: ad4cf63af038a43a3b11975e0653dea6 - Path: Packages/com.unity.services.core/Editor/Core/Environments/Client/Apis - Importer: ScriptedImporter/UnityEditor.QuickSearchModule:UnityEditor.Search:ASIAI0B -> (ImportResultId: 'f20c2d7f0b09fd947781667f8f38aeca') in 0.000697981 seconds
[Worker0] Imported GUID: 2996bad1f88c4691aab8f33059bc86bc - Path: Packages/com.unity.services.core/Runtime/Core/IUnityServices.cs - Importer: ScriptedImporter/UnityEditor.QuickSearchModule:UnityEditor.Search:ASIAI0B -> (ImportResultId: '05d547b8ac50a10a29e8ad71bc80f684') in 0.000862361 seconds
[Worker0] Imported GUID: f79518f6fea114ee39c48fee07c637c2 - Path: Packages/com.unity.services.core/Editor/Core/Shared/DependencyInversion/Factories.Gen.cs - Importer: ScriptedImporter/UnityEditor.QuickSearchModule:UnityEditor.Search:ASIAI0B -> (ImportResultId: '73002df86295dec59b0922bb9b7a6f12') in 0.000729651 seconds
[Worker0] Imported GUID: 35a5c217e3c490047ae4ed66606a0201 - Path: Packages/com.unity.services.cloud-build - Importer: ScriptedImporter/UnityEditor.QuickSearchModule:UnityEditor.Search:ASIAI0B -> (ImportResultId: '95dd4091debd9f64639a16501c9c3f5c') in 0.000642136 seconds
[Worker0] Imported GUID: eccd9fe6cb2d4068ab19bbe31ee301cc - Path: Packages/com.unity.services.cloud-build/Editor/Components/BuildAutomationToolbarSelectionMenu.cs - Importer: ScriptedImporter/UnityEditor.QuickSearchModule:UnityEditor.Search:ASIAI0B -> (ImportResultId: '3b763725c52e942763968488cffc0aad') in 0.000694825 seconds
[Worker0] Imported GUID: 63b177b347759a44592a524a22a1b36f - Path: Packages/com.unity.services.core/Runtime/Configuration/MemoryConfigurationLoader.cs - Importer: ScriptedImporter/UnityEditor.QuickSearchModule:UnityEditor.Search:ASIAI0B -> (ImportResultId: '1ed57ec881b05960fd1d7dfa4f073af9') in 0.000716586 seconds
[Worker0] Imported GUID: 60475b9dd3f894bb1bb6dd9f04ad4efc - Path: Packages/com.unity.services.core/Editor/Core/Shared/DependencyInversion/MethodNotFoundException.Gen.cs - Importer: ScriptedImporter/UnityEditor.QuickSearchModule:UnityEditor.Search:ASIAI0B -> (ImportResultId: 'adbb1cfe0f2786efaf157e3fec50df23') in 0.000690217 seconds
[Worker0] Imported GUID: e29e778179e742d99a136adc003ad43a - Path: Packages/com.unity.services.core/Editor/Core/UserRoleManagement/UserRoleRequest.cs - Importer: ScriptedImporter/UnityEditor.QuickSearchModule:UnityEditor.Search:ASIAI0B -> (ImportResultId: 'e19d4ed0685f4168a8a9404c60a01e2c') in 0.000741483 seconds
[Worker0] Imported GUID: a3ccd9d21869c45f486163585c2ae2e9 - Path: Packages/com.unity.services.core/Editor/Core/Shared/DependencyInversion/Scope.Gen.cs - Importer: ScriptedImporter/UnityEditor.QuickSearchModule:UnityEditor.Search:ASIAI0B -> (ImportResultId: '27edf7e52575a326c31c7ad22c06acc6') in 0.000761721 seconds
[Worker0] Imported GUID: 7b4fb0ef619843fbb99367cd4b86d85f - Path: Packages/com.unity.services.core/Editor/Core/Utils/FileSystem/IFileSystem.cs - Importer: ScriptedImporter/UnityEditor.QuickSearchModule:UnityEditor.Search:ASIAI0B -> (ImportResultId: '5af791410caf907bc0e09a21c6de7e50') in 0.000696789 seconds
[Worker0] Imported GUID: bfc4d54f33245f1bd8e1ad8e30e61ce0 - Path: Packages/com.unity.services.core/Editor/Core/Environments/Client/Models/UnityCreateProjectRequest.cs - Importer: ScriptedImporter/UnityEditor.QuickSearchModule:UnityEditor.Search:ASIAI0B -> (ImportResultId: 'fb00707b089400745a2eeadb8a00ace6') in 0.000747705 seconds
[Worker0] Imported GUID: cb20682ba56fb47f285cd16dd1291270 - Path: Packages/com.unity.services.core/Runtime/Core.Internal/Components/Wire/IChannelTokenProvider.cs - Importer: ScriptedImporter/UnityEditor.QuickSearchModule:UnityEditor.Search:ASIAI0B -> (ImportResultId: 'bd6ec98cfd9236d29038908215d3dacb') in 0.002328244 seconds
[Worker0] Imported GUID: 614c328814c3e4cb89d08dcc15048513 - Path: Packages/com.unity.services.core/Runtime/Device/Unity.Services.Core.Device.asmdef - Importer: ScriptedImporter/UnityEditor.QuickSearchModule:UnityEditor.Search:ASIAI0B -> (ImportResultId: '398f6e1d19fd74f240eee7cc56525713') in 0.00087273 seconds
[Worker0] Imported GUID: 9099985430be4f9485b84a74449fed2f - Path: Packages/com.unity.services.core/Editor/Core/Linker/Models/XmlLinkedAssembly.cs - Importer: ScriptedImporter/UnityEditor.QuickSearchModule:UnityEditor.Search:ASIAI0B -> (ImportResultId: 'e1bb3f4f3ac29e7f32e4cac70ce5dfb5') in 0.001018263 seconds
[Worker0] Imported GUID: 696a1f5f6c1c0fd369a52deb0ee9297c - Path: Assets/Settings/Build Profiles - Importer: ScriptedImporter/UnityEditor.QuickSearchModule:UnityEditor.Search:ASIAI0B -> (ImportResultId: '3d80951cb77b9af90b907d248a4d6892') in 0.000869303 seconds
[Worker0] Imported GUID: 32a11a9cef8659a43be1c80c3aed7413 - Path: Packages/com.unity.services.core/Runtime/Core.Internal/Registry/IInitializablePackageV2.cs - Importer: ScriptedImporter/UnityEditor.QuickSearchModule:UnityEditor.Search:ASIAI0B -> (ImportResultId: 'b76f18d150c13a2610e53a86b9571840') in 0.001683252 seconds
[Worker0] Imported GUID: 57759799137a041dea1a0c2fd6a45b97 - Path: Packages/com.unity.services.core/Runtime/Core/CoreResetter.cs - Importer: ScriptedImporter/UnityEditor.QuickSearchModule:UnityEditor.Search:ASIAI0B -> (ImportResultId: '5f10c40be92d2fd3f4e624ccb79a9371') in 0.001407775 seconds
[Worker0] Imported GUID: aaa3b29feeb38435eaf141d2e68d5b85 - Path: Packages/com.unity.services.core/Editor/Core/Shared/DependencyInversion/ServiceProvider.Gen.cs - Importer: ScriptedImporter/UnityEditor.QuickSearchModule:UnityEditor.Search:ASIAI0B -> (ImportResultId: 'c4c1c2322cd534820f68616455347fcb') in 0.001172974 seconds
[Worker0] Imported GUID: 6adafc6fa7f741e8aca579de2c68c40a - Path: Packages/com.unity.services.core/Editor/Core/Utils/FileSystem - Importer: ScriptedImporter/UnityEditor.QuickSearchModule:UnityEditor.Search:ASIAI0B -> (ImportResultId: '4165c2fd4c42504801d8ad28937195d6') in 0.001353233 seconds
[Worker0] Imported GUID: 20028914c8cb44e759c4e9ff7f4bb570 - Path: Packages/com.unity.services.core/Editor/Core/BackendHelpers/UnityWebRequestHelper.cs - Importer: ScriptedImporter/UnityEditor.QuickSearchModule:UnityEditor.Search:ASIAI0B -> (ImportResultId: '7dd7a5c4c6a5871198b962868bfe7f00') in 0.001205676 seconds
[Worker0] Imported GUID: 73286640c6294c9cbb2519d3ed3c0391 - Path: Packages/com.unity.services.core/Editor/Core/Linker/XmlLinkedModelsExtensions.cs - Importer: ScriptedImporter/UnityEditor.QuickSearchModule:UnityEditor.Search:ASIAI0B -> (ImportResultId: '19978b4cfea3dbe676a62a4312ce115b') in 0.001425698 seconds
[Worker0] Imported GUID: b216b8dd0d404824bad8343cb2dac986 - Path: Packages/com.unity.services.cloud-build/Editor/UXML/HistoryCells/IndexHistoryCell.uxml - Importer: ScriptedImporter/UnityEditor.QuickSearchModule:UnityEditor.Search:ASIAI0B -> (ImportResultId: '1449243fdc1fd99c72c4ecfd1667590c') in 0.005012968 seconds
[Worker0] Imported GUID: f8d4e5c2f2df25449ae8c391afbe5114 - Path: Packages/com.unity.nuget.newtonsoft-json/package.json - Importer: ScriptedImporter/UnityEditor.QuickSearchModule:UnityEditor.Search:ASIAI0B -> (ImportResultId: 'c33b790175b0f386c1d401b2ae4baafd') in 0.000837283 seconds
[Worker0] Imported GUID: 5efb9bcb6492049bf805ced4bbe1880d - Path: Packages/com.unity.services.cloud-build/Editor/UXML/BuildAutomationBuilderConfig.uxml - Importer: ScriptedImporter/UnityEditor.QuickSearchModule:UnityEditor.Search:ASIAI0B -> (ImportResultId: 'c14bb1ec3eb599eb1df9a14571154168') in 0.002812023 seconds
[Worker0] Imported GUID: 26b7e6918d8f4dfe909139d0cede1010 - Path: Packages/com.unity.services.core/Editor/Core/Linker/Models - Importer: ScriptedImporter/UnityEditor.QuickSearchModule:UnityEditor.Search:ASIAI0B -> (ImportResultId: '613810a020c42dd20dda5f5bd1cbe232') in 0.000764947 seconds
[Worker0] Imported GUID: 5d7656ad1edbc49f9b3f548ae90f3fdb - Path: Packages/com.unity.services.core/Runtime/Core.Internal/Registry/CoreRegistration.cs - Importer: ScriptedImporter/UnityEditor.QuickSearchModule:UnityEditor.Search:ASIAI0B -> (ImportResultId: '0d5707edc8514275d397a6e19bc19993') in 0.000779544 seconds
[Worker0] Imported GUID: 2f481941f5248bb48813e8ee2a593582 - Path: Packages/com.unity.services.core/Runtime/Core.Internal/Components/Authentication/IAccessTokenObserver.cs - Importer: ScriptedImporter/UnityEditor.QuickSearchModule:UnityEditor.Search:ASIAI0B -> (ImportResultId: '3354cc13da8784afca07aad8b401d55d') in 0.000848825 seconds
[Worker0] Imported GUID: 31fd53b28a3674c9cb987401512275dc - Path: Packages/com.unity.services.cloud-build/Editor/Analytics/EditorGameServiceAnalyticsSender.cs - Importer: ScriptedImporter/UnityEditor.QuickSearchModule:UnityEditor.Search:ASIAI0B -> (ImportResultId: 'f38cae49a6fc745caddd5726eddaa8b5') in 0.000784554 seconds
[Worker0] Imported GUID: c9f9c846b2d95994b92fbb514b8b004c - Path: Packages/com.unity.services.core/Editor/Core/Scheduler/ActionSchedulerCleaner.cs - Importer: ScriptedImporter/UnityEditor.QuickSearchModule:UnityEditor.Search:ASIAI0B -> (ImportResultId: '05034a66bd061be45cc3eb15a75074a2') in 0.000738989 seconds
[Worker0] Imported GUID: afc30112b30549bc9c07afa6a4f0f14f - Path: Packages/com.unity.services.core/Editor/Core/Utils/GatewayTokens.cs - Importer: ScriptedImporter/UnityEditor.QuickSearchModule:UnityEditor.Search:ASIAI0B -> (ImportResultId: 'e84562964c05e3edc96d75812b622053') in 0.000735742 seconds
[Worker0] Imported GUID: a2dc14fd753645aebb829f7fae069a82 - Path: Packages/com.unity.services.cloud-build/Editor/UXML/HistoryCells/PlatformHistoryCell.uxml - Importer: ScriptedImporter/UnityEditor.QuickSearchModule:UnityEditor.Search:ASIAI0B -> (ImportResultId: 'bec60e2914c57af4ea5e7a0fa08ff655') in 0.00300194 seconds
[Worker0] Imported GUID: 3524a8a1f3474e55b6fb404bb619253d - Path: Packages/com.unity.services.core/Editor/Core/Environments/EnvironmentNotFoundException.cs - Importer: ScriptedImporter/UnityEditor.QuickSearchModule:UnityEditor.Search:ASIAI0B -> (ImportResultId: 'd83f9e4ba855d35c79c6fee95b4525e4') in 0.003666599 seconds
[Worker0] Imported GUID: 20ce93e64c4a44dfb52e7689ec1c6027 - Path: Packages/com.unity.services.core/Editor/Core/ProjectStateManagement/ProjectStateHelper.cs - Importer: ScriptedImporter/UnityEditor.QuickSearchModule:UnityEditor.Search:ASIAI0B -> (ImportResultId: '25ddfee276b2e67708ce6ccab6a6b3c1') in 0.001291697 seconds
[Worker0] Imported GUID: 04ca3057bc8a3462899551a1d4c90184 - Path: Packages/com.unity.services.core/Editor/Core/UiHelpers/Images/ToggleOff.png - Importer: ScriptedImporter/UnityEditor.QuickSearchModule:UnityEditor.Search:ASIAI0B -> (ImportResultId: 'eaf8c359a1474dd07c91859f3c4592e0') in 0.028322903 seconds
UPID Received '112e1ad4-843d-42a0-96ec-d947fe533e95'.
[Worker0] Imported GUID: 709897c55fca84f7ea49bd0ddd77bbb8 - Path: Packages/com.unity.services.cloud-build/Editor/UXML - Importer: ScriptedImporter/UnityEditor.QuickSearchModule:UnityEditor.Search:ASIAI0B -> (ImportResultId: '4245586df4b4f53000c81c9df47cc748') in 0.00222988 seconds
[Worker0] Imported GUID: 2627ee9222be9474c9370fbb8abef8d8 - Path: Packages/com.unity.services.core/Editor/Core/Shared/EditorUtils/ICopyable.Gen.cs - Importer: ScriptedImporter/UnityEditor.QuickSearchModule:UnityEditor.Search:ASIAI0B -> (ImportResultId: 'b76ed70db0d7849d8841473e18d24548') in 0.001526027 seconds
[Worker0] Imported GUID: b708e0ea5ba894bf28f038f8fa474a9f - Path: Packages/com.unity.services.core/Editor/Core/Shared/Clients/AssemblyInfo.Gen.cs - Importer: ScriptedImporter/UnityEditor.QuickSearchModule:UnityEditor.Search:ASIAI0B -> (ImportResultId: 'efe56ce833f4e8ef065734e49887be5b') in 0.001327474 seconds
[Worker0] Imported GUID: 9b4671ea22b841238b5da2514d206893 - Path: Packages/com.unity.services.cloud-build/Editor/Components/BuildAutomationCredentialsConfig.cs - Importer: ScriptedImporter/UnityEditor.QuickSearchModule:UnityEditor.Search:ASIAI0B -> (ImportResultId: '8b3de4c3fb4791637545bfc38fe158b7') in 0.001094456 seconds
[Worker0] Imported GUID: 720ae44e2f11402e9343b0751a56a03a - Path: Packages/com.unity.services.core/Editor/Core/Linker/Models/XmlLinkedType.cs - Importer: ScriptedImporter/UnityEditor.QuickSearchModule:UnityEditor.Search:ASIAI0B -> (ImportResultId: '45d188a1c52e386f8d307f4529447abc') in 0.005727751 seconds
[Worker0] Imported GUID: e1973d48b031b43d5b8193dbf5919130 - Path: Packages/com.unity.services.cloud-build/Icons/build_queued.png - Importer: ScriptedImporter/UnityEditor.QuickSearchModule:UnityEditor.Search:ASIAI0B -> (ImportResultId: 'f6dabffd4ce1a3fe76fdd6160f589358') in 0.002866376 seconds
[Worker0] Imported GUID: 82a8d755c4b96403ab2a7e285328b299 - Path: Packages/com.unity.services.core/Editor/Core/Environments/Client/ErrorMitigation/RetryPolicyConfig.cs - Importer: ScriptedImporter/UnityEditor.QuickSearchModule:UnityEditor.Search:ASIAI0B -> (ImportResultId: 'bf607017990ca868be8b470c7d011f41') in 0.001204743 seconds
[Worker0] Imported GUID: 38cb7d99c39611041a637804ce507e95 - Path: Packages/com.unity.services.core/Runtime/Threading - Importer: ScriptedImporter/UnityEditor.QuickSearchModule:UnityEditor.Search:ASIAI0B -> (ImportResultId: '7bd5a552c68b332315e70c6eec9e7c00') in 0.000939395 seconds
[Worker0] Imported GUID: 4d1d46c7e4434420a8f72add85dd091d - Path: Packages/com.unity.services.cloud-build/THIRD PARTY NOTICES.md - Importer: ScriptedImporter/UnityEditor.QuickSearchModule:UnityEditor.Search:ASIAI0B -> (ImportResultId: '5ffd36a3fc8ad0a97250b52627696478') in 0.001148978 seconds
[Worker0] Imported GUID: 7b798cd2df6049ce80e73f3bfce6a4e6 - Path: Packages/com.unity.services.core/Editor/Core/Linker/LinkFileGenerator.cs - Importer: ScriptedImporter/UnityEditor.QuickSearchModule:UnityEditor.Search:ASIAI0B -> (ImportResultId: '14b5b0a2f5cf8d07184a77c8ce50f69a') in 0.001086201 seconds
[Worker0] Imported GUID: 1396f5bdc432cd247ac75b97a31e4d1a - Path: Packages/com.unity.nuget.newtonsoft-json/Runtime/AOT/Newtonsoft.Json.pdb - Importer: ScriptedImporter/UnityEditor.QuickSearchModule:UnityEditor.Search:ASIAI0B -> (ImportResultId: '14496638e1559597981ed0e9ad737314') in 0.00076124 seconds
[Worker0] Imported GUID: 5adbe00cd9902e44db40feba07d1f6a5 - Path: Packages/com.unity.services.core/Runtime/Core.Internal/Components/Authentication/IServerEnvironmentId.cs - Importer: ScriptedImporter/UnityEditor.QuickSearchModule:UnityEditor.Search:ASIAI0B -> (ImportResultId: '66380ab11df54e8e3a7aecbcf6474628') in 0.000685528 seconds
[Worker0] Imported GUID: bd92d50cc3f25354fbc10dd21151d4ff - Path: Packages/com.unity.services.core/Runtime/Environments/Internal/Unity.Services.Core.Environments.Internal.api - Importer: ScriptedImporter/UnityEditor.QuickSearchModule:UnityEditor.Search:ASIAI0B -> (ImportResultId: 'ce54fa367926ae86e660302f219c8ac0') in 0.000623441 seconds
[Worker0] Imported GUID: 49dd7f58c2a2d454b8ce67251befef56 - Path: Packages/com.unity.services.core/Editor/Core/Environments/EnvironmentsClientFactory.cs - Importer: ScriptedImporter/UnityEditor.QuickSearchModule:UnityEditor.Search:ASIAI0B -> (ImportResultId: '0957b57f9173871400fc51134d692f25') in 0.000637378 seconds
[Worker0] Imported GUID: 0f45e7ca6fb04a24fb98fcd0ba5f9fbc - Path: Packages/com.unity.services.core/Runtime/Telemetry - Importer: ScriptedImporter/UnityEditor.QuickSearchModule:UnityEditor.Search:ASIAI0B -> (ImportResultId: '3ea7978ae073664bda7ac76160317bd2') in 0.000611088 seconds
[Worker0] Imported GUID: 03b3c1b798f94469d9d6ee53c06cc3f1 - Path: Packages/com.unity.services.cloud-build/Icons/build_unknown.png - Importer: ScriptedImporter/UnityEditor.QuickSearchModule:UnityEditor.Search:ASIAI0B -> (ImportResultId: '96d91ac0ac4ecec3ba28f91975d120c4') in 0.00220892 seconds
[Worker0] Imported GUID: 65ea1516d975048d59571ca8c47688a9 - Path: Packages/com.unity.services.core/Editor/Core/Environments/UI/Assets/EnvironmentView_style.uss - Importer: ScriptedImporter/UnityEditor.QuickSearchModule:UnityEditor.Search:ASIAI0B -> (ImportResultId: '1da8063c44468d3dff40c1e0b9862ab4') in 0.005634025 seconds
[Worker0] Imported GUID: 75067104ff88ffa4fba32c951335d79c - Path: Packages/com.unity.services.core/Runtime/Environments/Internal/AssemblyInfo.cs - Importer: ScriptedImporter/UnityEditor.QuickSearchModule:UnityEditor.Search:ASIAI0B -> (ImportResultId: 'a209ff85be4214df00de8d4f47811edb') in 0.000781758 seconds
[Worker0] Imported GUID: a232b29fae442f345b7a6b4f9b9f44ae - Path: Packages/com.unity.services.core/Runtime/Threading/UnityThreadUtilsInternal.cs - Importer: ScriptedImporter/UnityEditor.QuickSearchModule:UnityEditor.Search:ASIAI0B -> (ImportResultId: 'b958f5be31cc7d64a42b62de2cf952d2') in 0.000775647 seconds
[Worker0] Imported GUID: 8d3c945b112744efda5b766100f90895 - Path: Packages/com.unity.services.core/Editor/Core/EditorGameService/USS/ServicesProjectSettingsDark.uss - Importer: ScriptedImporter/UnityEditor.QuickSearchModule:UnityEditor.Search:ASIAI0B -> (ImportResultId: '9c8a5f087a37e4d893959df4337d13ba') in 0.001375855 seconds
[Worker0] Imported GUID: 9894755a2d8da44738b487bfec688e76 - Path: Packages/com.unity.services.core/Editor/Core/Environments/Client/Http/HttpClient.cs - Importer: ScriptedImporter/UnityEditor.QuickSearchModule:UnityEditor.Search:ASIAI0B -> (ImportResultId: 'cb7bc5a9ec03a1dac091b3181f647ea5') in 0.000725984 seconds
[Worker0] Imported GUID: 3d2603eea16e84cb7912b8ac4972a34e - Path: Packages/com.unity.services.cloud-build/Icons/build_paused.png - Importer: ScriptedImporter/UnityEditor.QuickSearchModule:UnityEditor.Search:ASIAI0B -> (ImportResultId: 'af254d11c87bb3c34e0655f6f358a342') in 0.003211414 seconds
[Worker0] Imported GUID: 2034821ee24e4d1988eba8ea33a45094 - Path: Packages/com.unity.services.core/Editor/Core/Linker/Models/XmlLinkedField.cs - Importer: ScriptedImporter/UnityEditor.QuickSearchModule:UnityEditor.Search:ASIAI0B -> (ImportResultId: '50f672d391a560a9115eb2eeb4352f5d') in 0.000701929 seconds
[Worker0] Imported GUID: cd046681badd24140a5a454c268dcd66 - Path: Packages/com.unity.services.core/Editor/Core/Attributes/VisibilityPropertyDrawer.cs - Importer: ScriptedImporter/UnityEditor.QuickSearchModule:UnityEditor.Search:ASIAI0B -> (ImportResultId: 'f7d5aa6b2dee57fbc1e9e1a966487524') in 0.000635985 seconds
[Worker0] Imported GUID: 6cf3f2df706054b1eb8aa9b6fab04c10 - Path: Packages/com.unity.services.core/Editor/Core/Shared - Importer: ScriptedImporter/UnityEditor.QuickSearchModule:UnityEditor.Search:ASIAI0B -> (ImportResultId: '1f0ad1a3f6ad09c3008f60f5a428a2e2') in 0.000690117 seconds
[Worker0] Imported GUID: 52b0863c034c4170a48fe13bc36f27c4 - Path: Packages/com.unity.services.core/Editor/Core/UserRoleManagement/UserRole.cs - Importer: ScriptedImporter/UnityEditor.QuickSearchModule:UnityEditor.Search:ASIAI0B -> (ImportResultId: '28266e944ceb1570b390f20e98212abc') in 0.000657045 seconds
[Worker0] Imported GUID: 9defc866a340246dda5e2888c0aa5d7b - Path: Packages/com.unity.services.core/Editor/Core/Environments/Client - Importer: ScriptedImporter/UnityEditor.QuickSearchModule:UnityEditor.Search:ASIAI0B -> (ImportResultId: 'b72cf89705730ce948adbce4371a03a6') in 0.000788041 seconds
[Worker0] Imported GUID: 11337c9a552424776b7278cbdaeaba7b - Path: Packages/com.unity.services.core/Editor/Core/Shared/Infrastructure/Collections/CollectionExtensions.Gen.cs - Importer: ScriptedImporter/UnityEditor.QuickSearchModule:UnityEditor.Search:ASIAI0B -> (ImportResultId: '1b5f798a0f44af567f98d2b0677de887') in 0.000797739 seconds
[Worker0] Imported GUID: 83e41efdede654a89b901da7b70ff0b2 - Path: Packages/com.unity.services.core/Runtime/Core.Internal/Components/Configuration/IProjectConfiguration.cs - Importer: ScriptedImporter/UnityEditor.QuickSearchModule:UnityEditor.Search:ASIAI0B -> (ImportResultId: '8b0ebf5b933de860a00a3755f35d29ca') in 0.000712098 seconds
[Worker0] Imported GUID: 291b6e45f0c954c73b6598341521c6be - Path: Packages/com.unity.services.core/Editor/Core/Environments/Client/Http/JsonObjectConverter.cs - Importer: ScriptedImporter/UnityEditor.QuickSearchModule:UnityEditor.Search:ASIAI0B -> (ImportResultId: 'bcb7d7c5374d998f4f18be89280fc200') in 0.00065468 seconds
[Worker0] Imported GUID: 6178d8db32afe8743aba3d79f9dc6d54 - Path: Packages/com.unity.services.core/Runtime/Core.Internal/Components/Analytics/IAnalyticsUserId.cs - Importer: ScriptedImporter/UnityEditor.QuickSearchModule:UnityEditor.Search:ASIAI0B -> (ImportResultId: '6100dd3816baa583bd51df4283db312c') in 0.000672413 seconds
[Worker0] Imported GUID: 52a47205c1f214eb490342c98531d7d7 - Path: Packages/com.unity.services.core/Runtime/Environments - Importer: ScriptedImporter/UnityEditor.QuickSearchModule:UnityEditor.Search:ASIAI0B -> (ImportResultId: 'f3ededdf9d5dd155135db1f4d7db8984') in 0.000663076 seconds
[Worker0] Imported GUID: a8a1c6611c774b60b5e1825e7aa9958e - Path: Packages/com.unity.services.core/Editor/Core/EditorGameService/ServiceInstallationListener.cs - Importer: ScriptedImporter/UnityEditor.QuickSearchModule:UnityEditor.Search:ASIAI0B -> (ImportResultId: '7a7347db2d4cf374f4f5afde56ae01cf') in 0.00068682 seconds
[Worker0] Imported GUID: 1e61bff36430426bafb001a07413313f - Path: Packages/com.unity.services.core/Editor/Core/UiHelpers/SettingsCommonHeaderUiHelper.cs - Importer: ScriptedImporter/UnityEditor.QuickSearchModule:UnityEditor.Search:ASIAI0B -> (ImportResultId: '74068e80934bf9082118b1cf9e5c5341') in 0.000611469 seconds
[Worker0] Imported GUID: 31743f7694cbb42df858f2eb09ec2a14 - Path: Packages/com.unity.services.cloud-build/README.md - Importer: ScriptedImporter/UnityEditor.QuickSearchModule:UnityEditor.Search:ASIAI0B -> (ImportResultId: 'd873a3c54cbd71fe4b58dd2f9355d07f') in 0.00065471 seconds
[Worker0] Imported GUID: bd678f23e05b404fa1f04204a161b1bf - Path: Packages/com.unity.services.cloud-build/Editor/Analytics - Importer: ScriptedImporter/UnityEditor.QuickSearchModule:UnityEditor.Search:ASIAI0B -> (ImportResultId: '6fa322789e064a5d01ef52a6b23274d7') in 0.000576413 seconds
[Worker0] Imported GUID: 7765e1d06743540c5a42377cd9ede179 - Path: Packages/com.unity.services.core/Editor/Core/Environments/EnvironmentService.cs - Importer: ScriptedImporter/UnityEditor.QuickSearchModule:UnityEditor.Search:ASIAI0B -> (ImportResultId: 'a776ed55cd5e994893e1933802645aa3') in 0.000751362 seconds
[Worker0] Imported GUID: 6668b7c6066364ea6a727b4b0bcb827f - Path: Packages/com.unity.services.core/Editor/Core/ProjectStateManagement/IServiceFlagRequest.cs - Importer: ScriptedImporter/UnityEditor.QuickSearchModule:UnityEditor.Search:ASIAI0B -> (ImportResultId: '1a3d0a2d2cc2754e7181b2bc701d9487') in 0.000800975 seconds
[Worker0] Imported GUID: dbecf6d1d3b2c469ab1a5a173a48ae06 - Path: Packages/com.unity.services.core/Runtime/Core/Initialization/UnityProjectNotLinkedException.cs - Importer: ScriptedImporter/UnityEditor.QuickSearchModule:UnityEditor.Search:ASIAI0B -> (ImportResultId: '028b0e48f5e5867bfa924ec7ccc6d7e6') in 0.000773664 seconds
[Worker0] Imported GUID: 372ba7ffb3234d8da5da8e44c6a53f91 - Path: Packages/com.unity.services.cloud-build/Editor/BuildAutomationHistoryOptions.cs - Importer: ScriptedImporter/UnityEditor.QuickSearchModule:UnityEditor.Search:ASIAI0B -> (ImportResultId: '5e088d848956bcef82084a5e8ca8ca99') in 0.000820622 seconds
[Worker0] Imported GUID: 4b0714a4bc17540af8e876e1b868db48 - Path: Packages/com.unity.services.core/Editor/Core/Environments/Client/ErrorMitigation/StatusCodePolicyConfig.cs - Importer: ScriptedImporter/UnityEditor.QuickSearchModule:UnityEditor.Search:ASIAI0B -> (ImportResultId: '9e6bd7ebdd250b3d00ed79c023a91325') in 0.00066524 seconds
[Worker0] Imported GUID: 72f7787cfc7ca4ca087104bfb5a8b71c - Path: Packages/com.unity.services.core/Editor/Core/EditorGameService/Analytics/EditorGameServiceAnalyticsSender.cs - Importer: ScriptedImporter/UnityEditor.QuickSearchModule:UnityEditor.Search:ASIAI0B -> (ImportResultId: '247d56ee46e8da5bd2138881888c55f5') in 0.000691629 seconds
[Worker0] Imported GUID: 1c760120bcec444b49d3351b04d063c0 - Path: Packages/com.unity.services.core/Runtime/Core.Internal/Components/Authentication/IPlayerId.cs - Importer: ScriptedImporter/UnityEditor.QuickSearchModule:UnityEditor.Search:ASIAI0B -> (ImportResultId: '0ef24dc1f1692d678f1c05bcf38b8a05') in 0.000846079 seconds
[Worker0] Imported GUID: 81cbceb780ec4215910f09457c0f4de9 - Path: Packages/com.unity.services.core/Editor/Core/Linker/Models/XmlLinkedPreserve.cs - Importer: ScriptedImporter/UnityEditor.QuickSearchModule:UnityEditor.Search:ASIAI0B -> (ImportResultId: '94b7a9e412880bb3d7262d058851dd80') in 0.000624564 seconds
[Worker0] Imported GUID: ad33ee81edf99439497a9945fef1a626 - Path: Packages/com.unity.services.core/Editor/Core/Environments/UI/Assets/EnvironmentSelectorUi.uxml - Importer: ScriptedImporter/UnityEditor.QuickSearchModule:UnityEditor.Search:ASIAI0B -> (ImportResultId: '55f73ba62b9da218ef01a16e04d18655') in 0.006157629 seconds
[Worker0] Imported GUID: ce5fd6de47d0f4dbea22241a63695db9 - Path: Packages/com.unity.services.core/Editor/Core/Shared/UI/EventBinding.Gen.cs - Importer: ScriptedImporter/UnityEditor.QuickSearchModule:UnityEditor.Search:ASIAI0B -> (ImportResultId: '34ca763a4fa0a228ea327e53eb5d2f0e') in 0.001050674 seconds
[Worker0] Imported GUID: a154e7480f584273907eec04ec6c97d0 - Path: Packages/com.unity.services.core/Editor/Core/ProjectBindRedirect/UXML - Importer: ScriptedImporter/UnityEditor.QuickSearchModule:UnityEditor.Search:ASIAI0B -> (ImportResultId: '55592a321ad2036047ab40769fb052f5') in 0.000789683 seconds
[Worker0] Imported GUID: 6548f396c66e0b35993874fbd4d464d8 - Path: Packages/com.unity.services.core/Editor/Core/Environments/Client/Models/UnityPatchProjectV1Request.cs - Importer: ScriptedImporter/UnityEditor.QuickSearchModule:UnityEditor.Search:ASIAI0B -> (ImportResultId: 'e6a29bc1ce364ee5fa0f98b5e9eea58e') in 0.000745491 seconds
[Worker0] Imported GUID: e4ef71a8c74641088d8764fe1ca05757 - Path: Packages/com.unity.services.cloud-build/Editor/UnityWebRequestAwaiter.cs - Importer: ScriptedImporter/UnityEditor.QuickSearchModule:UnityEditor.Search:ASIAI0B -> (ImportResultId: '062123c0b8726176cc9a37b46ccfb5e7') in 0.000752314 seconds
[Worker0] Imported GUID: 3fefd9c9a0e33734aba3b2fc03b44585 - Path: Packages/com.unity.services.core/Runtime/Configuration/Utils/StreamingAssetsUtils.cs - Importer: ScriptedImporter/UnityEditor.QuickSearchModule:UnityEditor.Search:ASIAI0B -> (ImportResultId: 'eeae8b8946e1815fde198c62cb4854dc') in 0.000640574 seconds
[Worker0] Imported GUID: bd53524449ca040b9910cc0e70379457 - Path: Packages/com.unity.services.core/Runtime/Core.Internal/Components/Configuration/IExternalUserId.cs - Importer: ScriptedImporter/UnityEditor.QuickSearchModule:UnityEditor.Search:ASIAI0B -> (ImportResultId: '4038ff4177ba96ee6402820cf67f8858') in 0.000661182 seconds
[Worker0] Imported GUID: c218729aa5dad49caa485d37679f0313 - Path: Packages/com.unity.services.core/Editor/Core/Shared/Infrastructure/Collections/IReadOnlyObservable.Gen.cs - Importer: ScriptedImporter/UnityEditor.QuickSearchModule:UnityEditor.Search:ASIAI0B -> (ImportResultId: '5a51a68f818c157b7dd62d92875fc619') in 0.000709263 seconds
[Worker0] Imported GUID: 7857ec81473799cc5ba714f45ba72d0f - Path: Packages/com.unity.services.core/Editor/Core/Environments/Client/Models/UnityTransferProjectRequest.cs - Importer: ScriptedImporter/UnityEditor.QuickSearchModule:UnityEditor.Search:ASIAI0B -> (ImportResultId: '69da9d413ccbd01b3e3ad4731f01bb68') in 0.000636897 seconds
[Worker0] Imported GUID: de65c849485d346e68c1186154a222ee - Path: Packages/com.unity.services.core/Runtime/Core/UnityServices.cs - Importer: ScriptedImporter/UnityEditor.QuickSearchModule:UnityEditor.Search:ASIAI0B -> (ImportResultId: 'd0de9c63873a3231e5cd396c40d2aead') in 0.000721285 seconds
[Worker0] Imported GUID: f9c4f3fd3d86b491ebdbdb5671bf0843 - Path: Packages/com.unity.services.core/Editor/Core/Environments/Client/Http/BaseApiClient.cs - Importer: ScriptedImporter/UnityEditor.QuickSearchModule:UnityEditor.Search:ASIAI0B -> (ImportResultId: '191e04e05a7afb67d4ee47eb9c3eef57') in 0.000635845 seconds
[Worker0] Imported GUID: f82009cf854e040a18ebb38251781c58 - Path: Packages/com.unity.services.core/Runtime/Core.Internal/Unity.Services.Core.Internal.asmdef - Importer: ScriptedImporter/UnityEditor.QuickSearchModule:UnityEditor.Search:ASIAI0B -> (ImportResultId: '5cba479258fcd05f74b50f19f9e2fe95') in 0.000710375 seconds
[Worker0] Imported GUID: 84db7b35cbfa34dc4b15828d29f33a74 - Path: Packages/com.unity.services.core/Editor/Core/Shared/Clients/CloudEnvironmentConfigProvider.Gen.cs - Importer: ScriptedImporter/UnityEditor.QuickSearchModule:UnityEditor.Search:ASIAI0B -> (ImportResultId: 'cfcf553a4fbe8d68a617109a0c955210') in 0.000643859 seconds
[Worker0] Imported GUID: b5e912354fdd6b4cbdeca24c3ff6b5a3 - Path: Packages/com.unity.services.core - Importer: ScriptedImporter/UnityEditor.QuickSearchModule:UnityEditor.Search:ASIAI0B -> (ImportResultId: '0fdec7918810ae4d7763c69c77be5ac4') in 0.000859995 seconds
[Worker0] Imported GUID: 61d38ecfef754e543bfc1d8db27e0e3d - Path: Packages/com.unity.services.core/Editor/Core/Networking - Importer: ScriptedImporter/UnityEditor.QuickSearchModule:UnityEditor.Search:ASIAI0B -> (ImportResultId: '3fbe408625865718f37b2afd3696b142') in 0.000615196 seconds
[Worker0] Imported GUID: b4f3e14b8bd74e76b23e74804880c321 - Path: Packages/com.unity.services.core/Editor/Core/Environments/Save - Importer: ScriptedImporter/UnityEditor.QuickSearchModule:UnityEditor.Search:ASIAI0B -> (ImportResultId: '79ee23ede85a5108f8321083afeb7a63') in 0.000635113 seconds
[Worker0] Imported GUID: dbc247fa3550140d3983e118699f3f18 - Path: Packages/com.unity.services.core/Runtime/Scheduler/AssemblyInfo.cs - Importer: ScriptedImporter/UnityEditor.QuickSearchModule:UnityEditor.Search:ASIAI0B -> (ImportResultId: '7c63892f0c959707362c5e87f3f6b089') in 0.000596621 seconds
[Worker0] Imported GUID: 9e05cadf15c14df99a1606c765c75b6c - Path: Packages/com.unity.services.core/Editor/Core/Environments/ValidationResult.cs - Importer: ScriptedImporter/UnityEditor.QuickSearchModule:UnityEditor.Search:ASIAI0B -> (ImportResultId: '6f2a6c528256be5d5c25a39e9101a4eb') in 0.000595259 seconds
[Worker0] Imported GUID: af6ccefad660d884d8cd4619efc8ccc4 - Path: Packages/com.unity.services.core/Runtime/Core.Internal/Registry/DependencyTreeExtensions.cs - Importer: ScriptedImporter/UnityEditor.QuickSearchModule:UnityEditor.Search:ASIAI0B -> (ImportResultId: '11007faf14b3bb3e87ca4895694ef770') in 0.00058569 seconds
[Worker0] Imported GUID: 369d0db0039444caa7dc2ca455c9e4b1 - Path: Packages/com.unity.services.core/Editor/Core/EditorGameService/Analytics/EditorGameServiceAnalytic.cs - Importer: ScriptedImporter/UnityEditor.QuickSearchModule:UnityEditor.Search:ASIAI0B -> (ImportResultId: '6004f03a69d0beb49f351a06ae17b148') in 0.000598995 seconds
[Worker0] Imported GUID: cbd58a01e7dd4fd1b899ea8b6bf852c7 - Path: Packages/com.unity.services.core/Editor/Core/EditorGameService/EditorGameServiceFlagEnabler.cs - Importer: ScriptedImporter/UnityEditor.QuickSearchModule:UnityEditor.Search:ASIAI0B -> (ImportResultId: '1bf87b88de4d16d625fb94ed69b24bc2') in 0.000587383 seconds
[Worker0] Imported GUID: 872d11033da0d4ce8aa948384ccc3df0 - Path: Packages/com.unity.services.core/Runtime/Core/Utils/UnityThreadUtils.cs - Importer: ScriptedImporter/UnityEditor.QuickSearchModule:UnityEditor.Search:ASIAI0B -> (ImportResultId: '20b11c5c397ec5dadfb9849101544cdd') in 0.00057497 seconds
[Worker0] Imported GUID: 3239cc5ca90c4d4b9c0cc90368564d04 - Path: Packages/com.unity.services.core/Editor/Core/Networking/StagingTokenExchangeUrls.cs - Importer: ScriptedImporter/UnityEditor.QuickSearchModule:UnityEditor.Search:ASIAI0B -> (ImportResultId: 'dfaf525bbd6240b161b5efbb2e2c25f0') in 0.000737746 seconds
[Worker0] Imported GUID: 7d3357eea24c4a14af2bd8fdbd56c914 - Path: Packages/com.unity.services.cloud-build/Editor/BuildAutomationSettingsEditor.cs - Importer: ScriptedImporter/UnityEditor.QuickSearchModule:UnityEditor.Search:ASIAI0B -> (ImportResultId: 'cdd970bfa48fbc71a5cb4241ba9cc91f') in 0.000779505 seconds
[Worker0] Imported GUID: c23475166c0634642a1feebc28f06c4d - Path: Packages/com.unity.services.core/Runtime/Configuration/ExternalUserId.cs - Importer: ScriptedImporter/UnityEditor.QuickSearchModule:UnityEditor.Search:ASIAI0B -> (ImportResultId: 'a2a96e552f9df46178973b64721bf8aa') in 0.000593174 seconds
[Worker0] Imported GUID: a91c61f0884c4fdc917bfed03fdbe325 - Path: Packages/com.unity.services.core/Editor/Core/Environments/Config - Importer: ScriptedImporter/UnityEditor.QuickSearchModule:UnityEditor.Search:ASIAI0B -> (ImportResultId: 'f53b9aa40d7c38e2a9d22e4239728180') in 0.000632248 seconds
[Worker0] Imported GUID: 812ddb4d356f4cca8e6f7655ce815aae - Path: Packages/com.unity.services.core/Runtime/Core.Internal/UnityServicesInitializer.cs - Importer: ScriptedImporter/UnityEditor.QuickSearchModule:UnityEditor.Search:ASIAI0B -> (ImportResultId: '00e4604f9377986e6c04e73d6bbaf90f') in 0.000768394 seconds
[Worker0] Imported GUID: 2458d7ed2cd22964bb2de41ded78bca8 - Path: Packages/com.unity.services.core/Runtime/Configuration/ProjectConfiguration.cs - Importer: ScriptedImporter/UnityEditor.QuickSearchModule:UnityEditor.Search:ASIAI0B -> (ImportResultId: '6c8b044e149b869710b280855230dba9') in 0.000677373 seconds
[Worker0] Imported GUID: ac5d584c42ec64ccab1f5b0774e70ad1 - Path: Packages/com.unity.services.core/Runtime/Core.Internal/CoreInternalResetter.cs - Importer: ScriptedImporter/UnityEditor.QuickSearchModule:UnityEditor.Search:ASIAI0B -> (ImportResultId: '188ae8d55d2cdf87b776261fcff7784b') in 0.00065995 seconds
[Worker0] Imported GUID: c6603f554e19f4ef6ac932f67674ca3d - Path: Packages/com.unity.services.core/Runtime/Core/DynamicDependency/PreserveDependencyAttribute.cs - Importer: ScriptedImporter/UnityEditor.QuickSearchModule:UnityEditor.Search:ASIAI0B -> (ImportResultId: '2f7428658fed02ad52ba1e320a22c5be') in 0.000668927 seconds
[Worker0] Imported GUID: c80d0a42d5f7a42c1827c363108fade9 - Path: Packages/com.unity.services.core/Editor/Core/Environments/Client/Models/UnityEnvironmentV1.cs - Importer: ScriptedImporter/UnityEditor.QuickSearchModule:UnityEditor.Search:ASIAI0B -> (ImportResultId: 'bfe972c7b17228d679269f5372303e98') in 0.000666453 seconds
[Worker0] Imported GUID: 8c2efaaf56f24529a91061c1537d607d - Path: Packages/com.unity.services.core/Editor/Core/Environments/Client/Models/UnityUploadIconV1201Response.cs - Importer: ScriptedImporter/UnityEditor.QuickSearchModule:UnityEditor.Search:ASIAI0B -> (ImportResultId: '1b51028abe4b05e0f060d45141e55745') in 0.000752614 seconds
[Worker0] Imported GUID: 9422d9b1fde3cf644b4a0dddd10a7348 - Path: Packages/com.unity.nuget.newtonsoft-json/Third Party Notices.md - Importer: ScriptedImporter/UnityEditor.QuickSearchModule:UnityEditor.Search:ASIAI0B -> (ImportResultId: 'd8b97c5669c891624e6da99f9c82c8d9') in 0.000614214 seconds
[Worker0] Imported GUID: 6f48c843d2260425ab2a451843b22e04 - Path: Packages/com.unity.services.core/Editor/Core/Build/ProjectUnlinkBuildWarning.cs - Importer: ScriptedImporter/UnityEditor.QuickSearchModule:UnityEditor.Search:ASIAI0B -> (ImportResultId: '1629db430b56719c1909b43ba7b0ffd7') in 0.00064393 seconds
[Worker0] Imported GUID: 4793b5531764c4e4d856241083e98cdd - Path: Packages/com.unity.services.core/Editor/Core/Environments/Client/Scheduler - Importer: ScriptedImporter/UnityEditor.QuickSearchModule:UnityEditor.Search:ASIAI0B -> (ImportResultId: '1884b5e2e8d836909df04538f466254f') in 0.000620226 seconds
[Worker0] Imported GUID: aefea58c4a982cc41b2f3aef6132055e - Path: Packages/com.unity.services.core/Editor/Core/Environments/Analytics/EnvironmentAnalytics.cs - Importer: ScriptedImporter/UnityEditor.QuickSearchModule:UnityEditor.Search:ASIAI0B -> (ImportResultId: 'b49bdaa873ede6d2d16a2d1ce3b27707') in 0.001828465 seconds
[Worker0] Imported GUID: 5db156bbd7dad0544bcc03b72725bedb - Path: Packages/com.unity.services.core/Editor/Core/Configuration/ProjectConfigurationBuilder.cs - Importer: ScriptedImporter/UnityEditor.QuickSearchModule:UnityEditor.Search:ASIAI0B -> (ImportResultId: '6736674b1a5d834ccafc570584165e0b') in 0.000758385 seconds
[Worker0] Imported GUID: 32935510f629b49ab837f3dfe788d6e5 - Path: Packages/com.unity.services.core/Editor/Core/Shared/DependencyInversion/AssemblyInfo.Gen.cs - Importer: ScriptedImporter/UnityEditor.QuickSearchModule:UnityEditor.Search:ASIAI0B -> (ImportResultId: 'f12cf99f99643c1a85186a8f6666fb05') in 0.000614334 seconds
[Worker0] Imported GUID: 8d4cfc84a4b414bb998fc192e3c3efff - Path: Packages/com.unity.services.core/Runtime/Core/CommonErrorCodes.cs - Importer: ScriptedImporter/UnityEditor.QuickSearchModule:UnityEditor.Search:ASIAI0B -> (ImportResultId: 'cd1ce44ece470841b3f967e6496d9c79') in 0.000598184 seconds
[Worker0] Imported GUID: ed548fe923e1b4ed2a25497af44016f5 - Path: Packages/com.unity.services.core/Editor/Core/Shared/EditorUtils/Sync.Gen.cs - Importer: ScriptedImporter/UnityEditor.QuickSearchModule:UnityEditor.Search:ASIAI0B -> (ImportResultId: 'e4be6bad839da58d2f5a581dd2e2523c') in 0.000745119 seconds
[Worker0] Imported GUID: 61e91eb31a3934d3bbcb76e76abbe530 - Path: Packages/com.unity.services.core/Editor/Core/Shared/DependencyInversion/AbstractRuntimeServices.Gen.cs - Importer: ScriptedImporter/UnityEditor.QuickSearchModule:UnityEditor.Search:ASIAI0B -> (ImportResultId: 'ed486e80e0f9b6aa23b30ad69395a584') in 0.000750901 seconds
[Worker0] Imported GUID: 7037b2656c5c0074f903147b0453f312 - Path: Packages/com.unity.services.core/Editor/Core/Configuration/AssemblyInfo.cs - Importer: ScriptedImporter/UnityEditor.QuickSearchModule:UnityEditor.Search:ASIAI0B -> (ImportResultId: 'a907af303bd41cbcf7e229f52ddadc4a') in 0.000826693 seconds
[Worker0] Imported GUID: 9fd3161dccac3420aba623cc85241d0d - Path: Packages/com.unity.services.core/Runtime/Device/Unity.Services.Core.Device.api - Importer: ScriptedImporter/UnityEditor.QuickSearchModule:UnityEditor.Search:ASIAI0B -> (ImportResultId: '073b02f1438b98c083ba6fac9c566338') in 0.000924927 seconds
[Worker0] Imported GUID: 93f3fa6ca41e54380b7362a953d48f4f - Path: Packages/com.unity.services.core/Runtime/Scheduler/Unity.Services.Core.Scheduler.api - Importer: ScriptedImporter/UnityEditor.QuickSearchModule:UnityEditor.Search:ASIAI0B -> (ImportResultId: '069de0d7fd5054d49a81fd8db155953d') in 0.000801816 seconds
[Worker0] Imported GUID: f0e33537955dc40b79e0fe252e6441dc - Path: Packages/com.unity.services.core/Runtime/Environments/AssemblyInfo.cs - Importer: ScriptedImporter/UnityEditor.QuickSearchModule:UnityEditor.Search:ASIAI0B -> (ImportResultId: 'f7d1f7ecfdd4fea547510d8cb3632396') in 0.000754357 seconds
[Worker0] Imported GUID: a8e64265b126d4a479f3d0f27c7338c2 - Path: Packages/com.unity.services.core/Editor/Core/Shared/Infrastructure - Importer: ScriptedImporter/UnityEditor.QuickSearchModule:UnityEditor.Search:ASIAI0B -> (ImportResultId: 'd2741518602f8670de25d0c21466c872') in 0.000701819 seconds
[Worker0] Imported GUID: d4f6a83cd2a8c40ce97bda4199084fbc - Path: Packages/com.unity.services.core/Editor/Core/UiHelpers/USS/PlatformSupportVisualDark.uss - Importer: ScriptedImporter/UnityEditor.QuickSearchModule:UnityEditor.Search:ASIAI0B -> (ImportResultId: '04968b55c3e8e56eedb398fe3f4de149') in 0.001779603 seconds
[Worker0] Imported GUID: dc4d653a4df37f0488eb48939f3898fd - Path: Packages/com.unity.services.core/Runtime/Components/Unity.Services.Core.Components.api - Importer: ScriptedImporter/UnityEditor.QuickSearchModule:UnityEditor.Search:ASIAI0B -> (ImportResultId: '26e2bfa7b6fd81d81e06e74b7ded3e50') in 0.000869634 seconds
[Worker0] Imported GUID: ae62c9097c2e3a527bccc7a06da55e81 - Path: Packages/com.unity.services.core/Editor/Core/Environments/Client/Models/UnityListProjects200Response.cs - Importer: ScriptedImporter/UnityEditor.QuickSearchModule:UnityEditor.Search:ASIAI0B -> (ImportResultId: '8ee734a8ee5f161fbc56e511b220d100') in 0.000674988 seconds
[Worker0] Imported GUID: 9fb175b9ce0f46e89880ba861805a2ff - Path: Packages/com.unity.services.core/Runtime/Core.Internal/Telemetry/CoreDiagnostics.cs - Importer: ScriptedImporter/UnityEditor.QuickSearchModule:UnityEditor.Search:ASIAI0B -> (ImportResultId: '2d88a389213319f45929e951db8a0703') in 0.001410159 seconds
[Worker0] Imported GUID: cf288fdecb6dc4702a6cbf145af0a97c - Path: Packages/com.unity.services.core/Editor/Core/Environments/Client/Http/HttpClientResponse.cs - Importer: ScriptedImporter/UnityEditor.QuickSearchModule:UnityEditor.Search:ASIAI0B -> (ImportResultId: '82cfb7dd24befdb315e95de86e20e367') in 0.00076651 seconds
[Worker0] Imported GUID: 07c14def3cbf48069bc2ef1c10d936c5 - Path: Packages/com.unity.services.core/Runtime/Scheduler/ScheduledInvocation.cs - Importer: ScriptedImporter/UnityEditor.QuickSearchModule:UnityEditor.Search:ASIAI0B -> (ImportResultId: 'f9a8ad766080b6100b7f187c3edc6bbe') in 0.00082005 seconds
[Worker0] Imported GUID: dd9998d5d46eb4c048e4e0544f880bbc - Path: Packages/com.unity.services.core/Editor/Core/Environments/Client/Http/IHttpClient.cs - Importer: ScriptedImporter/UnityEditor.QuickSearchModule:UnityEditor.Search:ASIAI0B -> (ImportResultId: '89542e3da511188776739d11dc537054') in 0.000762924 seconds
[Worker0] Imported GUID: 0cc3d186d74b4475d828ab6d749b72c1 - Path: Packages/com.unity.services.core/Editor/Core/Shared/DependencyInversion/ServiceCollection.Gen.cs - Importer: ScriptedImporter/UnityEditor.QuickSearchModule:UnityEditor.Search:ASIAI0B -> (ImportResultId: '6133f3abe8d302dd16ba20da15c19b29') in 0.000600869 seconds
[Worker0] Imported GUID: 391e0967c80626143befc3cf1f52f5c6 - Path: Packages/com.unity.services.core/Runtime/Components/ServicesBehaviour.cs - Importer: ScriptedImporter/UnityEditor.QuickSearchModule:UnityEditor.Search:ASIAI0B -> (ImportResultId: 'e436a97ae38ca98325b154161bba1466') in 0.000577715 seconds
[Worker0] Imported GUID: 774c129df5bb4d7b9ce865ebfe7e94bb - Path: Packages/com.unity.services.core/Editor/Core/EditorGameService/ServiceUrlBuilder.cs - Importer: ScriptedImporter/UnityEditor.QuickSearchModule:UnityEditor.Search:ASIAI0B -> (ImportResultId: '5b260dc6dce61a4bfa081dec088e5b52') in 0.00058051 seconds
[Worker0] Imported GUID: 49cc1478f193eaf42b317e31da46effa - Path: Packages/com.unity.services.core/Runtime - Importer: ScriptedImporter/UnityEditor.QuickSearchModule:UnityEditor.Search:ASIAI0B -> (ImportResultId: 'ad927049d15b32921e373c2066710135') in 0.000655742 seconds
[Worker0] Imported GUID: 2e0166bafa3674b43af8ca32673614e1 - Path: Packages/com.unity.services.core/Editor/Core/Shared/Infrastructure/IO/PathUtils.Gen.cs - Importer: ScriptedImporter/UnityEditor.QuickSearchModule:UnityEditor.Search:ASIAI0B -> (ImportResultId: '74ebffce8dbd3dddeefcad2bfefdf2f6') in 0.000658918 seconds
[Worker0] Imported GUID: 7096662908e5fed409f1e3d1a25a2eee - Path: Packages/com.unity.services.core/Runtime/Core/Initialization - Importer: ScriptedImporter/UnityEditor.QuickSearchModule:UnityEditor.Search:ASIAI0B -> (ImportResultId: '2d25e64ea5a1883ebea6cd351d672cdc') in 0.000566845 seconds
[Worker0] Imported GUID: fac66275348d245d490b160bcf2413c3 - Path: Packages/com.unity.services.core/Runtime/Core.Internal/AsyncOperation/IAsyncOperation.cs - Importer: ScriptedImporter/UnityEditor.QuickSearchModule:UnityEditor.Search:ASIAI0B -> (ImportResultId: '8b22cbd36fb51c1137ae55f51ea3e253') in 0.000622629 seconds
[Worker0] Imported GUID: e6a900469855a4439a8cc405993bbe57 - Path: Packages/com.unity.services.core/Runtime/Core.Internal/Components/Configuration/ICloudProjectId.cs - Importer: ScriptedImporter/UnityEditor.QuickSearchModule:UnityEditor.Search:ASIAI0B -> (ImportResultId: '9ee6040f2d5ac253e60460ab7381094c') in 0.001152125 seconds
[Worker0] Imported GUID: 9cdb86a3e3785004ea80f58ee530428c - Path: Packages/com.unity.services.core/Runtime/Core/UnityServicesBuilder.cs - Importer: ScriptedImporter/UnityEditor.QuickSearchModule:UnityEditor.Search:ASIAI0B -> (ImportResultId: 'c8033001a8deefc167d1a518a9489a8c') in 0.000760148 seconds
[Worker0] Imported GUID: add07ed3db70146bea50b6a4f554e651 - Path: Packages/com.unity.services.core/Runtime/Core.Internal/Components/Environments - Importer: ScriptedImporter/UnityEditor.QuickSearchModule:UnityEditor.Search:ASIAI0B -> (ImportResultId: 'ebec498a7ae50601116107ba635ef088') in 0.00073467 seconds
[Worker0] Imported GUID: 9adf428799cec421caeecd93d938c500 - Path: Packages/com.unity.services.core/Editor/Core/UiHelpers/USS/PlatformSupportVisualCommon.uss - Importer: ScriptedImporter/UnityEditor.QuickSearchModule:UnityEditor.Search:ASIAI0B -> (ImportResultId: '61fa965e5dfd29e1edec71262888383f') in 0.001339006 seconds
[Worker0] Imported GUID: 9b71409f18e224984a570ffc7bfda272 - Path: Packages/com.unity.services.cloud-build/Icons/build_canceled.png - Importer: ScriptedImporter/UnityEditor.QuickSearchModule:UnityEditor.Search:ASIAI0B -> (ImportResultId: '15a2ca514f3efd3e67228e2103001211') in 0.003248383 seconds
Curl error 6: Could not resolve host: cdp.cloud.unity3d.com
[Worker0] Imported GUID: 3fc1d3bc5abf4373a2790806fb95828b - Path: Packages/com.unity.services.core/Editor/Core/UiHelpers/SliderToggleUiHelper.cs - Importer: ScriptedImporter/UnityEditor.QuickSearchModule:UnityEditor.Search:ASIAI0B -> (ImportResultId: '20a581303699000a7df01bd724cedfdb') in 0.001728427 seconds
[Worker0] Imported GUID: db4bccee820244986b6e717bc4eba02d - Path: Packages/com.unity.services.core/Editor/Core/Shared/DependencyInversion/Singleton.Gen.cs - Importer: ScriptedImporter/UnityEditor.QuickSearchModule:UnityEditor.Search:ASIAI0B -> (ImportResultId: '7a04f19c5188944ce4b69265cfcc811b') in 0.001099536 seconds
[Worker0] Imported GUID: 2055cc720334d6949af721689c3a29e2 - Path: Packages/com.unity.services.core/Editor/Core/Status - Importer: ScriptedImporter/UnityEditor.QuickSearchModule:UnityEditor.Search:ASIAI0B -> (ImportResultId: 'c22f83c15b0c221920d078406c5d2b65') in 0.000948933 seconds
[Worker0] Imported GUID: fe94fb62b1b5744d7be64e13f3ccd496 - Path: Packages/com.unity.services.cloud-build/Editor/UXML/BuildAutomationHistory.uxml - Importer: ScriptedImporter/UnityEditor.QuickSearchModule:UnityEditor.Search:ASIAI0B -> (ImportResultId: 'b81d43f0f3398d7cbec5a1ccd68bcd36') in 0.009964762 seconds
[Worker0] Imported GUID: 2579e429d2c9c43a1bd957ca08ba269a - Path: Packages/com.unity.services.core/Runtime/Core.Internal/Registry/CoreRegistryInitializer.cs - Importer: ScriptedImporter/UnityEditor.QuickSearchModule:UnityEditor.Search:ASIAI0B -> (ImportResultId: 'ac2e77261225539a27f75ee1f9c7b984') in 0.000882077 seconds
[Worker0] Imported GUID: be5e351f9a40dd54d8fb1ec23b94a1e9 - Path: Packages/com.unity.services.core/Runtime/Telemetry/Metrics/Metrics.cs - Importer: ScriptedImporter/UnityEditor.QuickSearchModule:UnityEditor.Search:ASIAI0B -> (ImportResultId: '6a54030dde0262c59251b33b96a21fc3') in 0.000621778 seconds
[Worker0] Imported GUID: 834428b9fdb274dc191d5db44eb23a2f - Path: Packages/com.unity.services.core/Runtime/Registration/AssemblyInfo.cs - Importer: ScriptedImporter/UnityEditor.QuickSearchModule:UnityEditor.Search:ASIAI0B -> (ImportResultId: '566a81f02c8303d0feb4ab3768260db0') in 0.000573627 seconds
[Worker0] Imported GUID: 0bc813267d884254f93e1477fe12263b - Path: Packages/com.unity.services.core/Runtime/Networking/Unity.Services.Core.Networking.api - Importer: ScriptedImporter/UnityEditor.QuickSearchModule:UnityEditor.Search:ASIAI0B -> (ImportResultId: 'f3f9b37a6c70197e942c3f88ba252292') in 0.000893369 seconds
[Worker0] Imported GUID: cad53c020288c4aa5b499ccdbf6c3226 - Path: Packages/com.unity.services.core/Editor/Core/Environments/Client/Models/UnityUserGuestProjectV1.cs - Importer: ScriptedImporter/UnityEditor.QuickSearchModule:UnityEditor.Search:ASIAI0B -> (ImportResultId: '8d3b56c58c968101537e15ab72d11623') in 0.000608894 seconds
[Worker0] Imported GUID: 4ec562db73a1a9542b5e467840433378 - Path: Packages/com.unity.services.core/Editor/Core/UiHelpers/AccessTokenErrorUiHelper.cs - Importer: ScriptedImporter/UnityEditor.QuickSearchModule:UnityEditor.Search:ASIAI0B -> (ImportResultId: '95053e9c82b9f474dc63e0ae6d01dc67') in 0.000647226 seconds
[Worker0] Imported GUID: e981378a67a734dc3bb293bfedec3b33 - Path: Packages/com.unity.services.cloud-build/Editor - Importer: ScriptedImporter/UnityEditor.QuickSearchModule:UnityEditor.Search:ASIAI0B -> (ImportResultId: 'c86052ee7a0e7d5e578e8a8bf4b5c42c') in 0.000584478 seconds
[Worker0] Imported GUID: 07e3134c861c120498b4db06cb3e336d - Path: Packages/com.unity.services.core/Editor/Core/Status/UIServiceExtensions.cs - Importer: ScriptedImporter/UnityEditor.QuickSearchModule:UnityEditor.Search:ASIAI0B -> (ImportResultId: '9d28bc700b2b7073daeb415bf33f798f') in 0.000593675 seconds
[Worker0] Imported GUID: 230ff0327fa25a64a84bbf9e7cf97c8b - Path: Packages/com.unity.services.core/Runtime/Core.Internal/Components/Vivox/IVivoxTokenProviderInternal.cs - Importer: ScriptedImporter/UnityEditor.QuickSearchModule:UnityEditor.Search:ASIAI0B -> (ImportResultId: '829d9b086219db296455bfd825ffd6ca') in 0.000584408 seconds
[Worker0] Imported GUID: 9488c334d65c5604989ba0f3b4b4576b - Path: Packages/com.unity.services.core/Editor/Core/Components - Importer: ScriptedImporter/UnityEditor.QuickSearchModule:UnityEditor.Search:ASIAI0B -> (ImportResultId: 'efdb44755816dc4cd144b2f4ea168429') in 0.000568748 seconds
[Worker0] Imported GUID: 93dfd405b987c45479315eb420601044 - Path: Packages/com.unity.services.core/Runtime/Environments/Internal/Unity.Services.Core.Environments.Internal.asmdef - Importer: ScriptedImporter/UnityEditor.QuickSearchModule:UnityEditor.Search:ASIAI0B -> (ImportResultId: '3edb15c906941c4c561b8347cfde1f3c') in 0.000630354 seconds
[Worker0] Imported GUID: ed095cc016bfe354b86dbc64b34667e6 - Path: Packages/com.unity.services.core/Runtime/Core/Initialization/InitializationOptions.cs - Importer: ScriptedImporter/UnityEditor.QuickSearchModule:UnityEditor.Search:ASIAI0B -> (ImportResultId: '3137e753a8f3cbdc63638fe5c93797fa') in 0.00167665 seconds
[Worker0] Imported GUID: 8ec5ff42a19804f12b6f36016197b5e8 - Path: Packages/com.unity.services.core/Runtime/Core/Utils - Importer: ScriptedImporter/UnityEditor.QuickSearchModule:UnityEditor.Search:ASIAI0B -> (ImportResultId: '55fcb4e60de000d710453b607fd6e8d3') in 0.000558318 seconds
[Worker0] Imported GUID: 2d4226bb1b35d4a73896b0f11814ba6f - Path: Packages/com.unity.services.core/Editor/Core/Environments/Client/Models/UnityAddressV1.cs - Importer: ScriptedImporter/UnityEditor.QuickSearchModule:UnityEditor.Search:ASIAI0B -> (ImportResultId: '431ef9ff5c48de1608fad597df1bd90f') in 0.000593926 seconds
[Worker0] Imported GUID: eed7074da0854137b4affdacce5d20db - Path: Packages/com.unity.services.core/Editor/Core/EditorGameService/Analytics/EditorGameServiceAnalyticData.cs - Importer: ScriptedImporter/UnityEditor.QuickSearchModule:UnityEditor.Search:ASIAI0B -> (ImportResultId: 'a00d2fc516a700e9ba53b1486209b0a9') in 0.000659309 seconds
[Worker0] Imported GUID: a4fec9ab8c1a4ce0849b3562f5c19f80 - Path: Packages/com.unity.services.core/Editor/Core/ProjectStateManagement/ProjectStateRequest.cs - Importer: ScriptedImporter/UnityEditor.QuickSearchModule:UnityEditor.Search:ASIAI0B -> (ImportResultId: '858e05dde3eb32078f0175014152961b') in 0.000591782 seconds
[Worker0] Imported GUID: f5a82d89366f47d69dc69ae0f6cf29bf - Path: Packages/com.unity.services.core/Editor/Core/UiHelpers/USS - Importer: ScriptedImporter/UnityEditor.QuickSearchModule:UnityEditor.Search:ASIAI0B -> (ImportResultId: 'cd6c5c7742abfcf9a56e4b8f4642e9b2') in 0.00055847 seconds
[Worker0] Imported GUID: 818fd0c72018949c9911c0e5737bfa5f - Path: Packages/com.unity.services.core/Runtime/Core.Internal/Registry/IInitializablePackage.cs - Importer: ScriptedImporter/UnityEditor.QuickSearchModule:UnityEditor.Search:ASIAI0B -> (ImportResultId: '7380585f06709c8b8b73b9d8e9775677') in 0.000577936 seconds
[Worker0] Imported GUID: 320e8a82ba9b470d9daf05ba21fc6c0a - Path: Packages/com.unity.services.core/Editor/Core/Environments/Analytics/EnvironmentAnalyticsSender.cs - Importer: ScriptedImporter/UnityEditor.QuickSearchModule:UnityEditor.Search:ASIAI0B -> (ImportResultId: 'dc5b8625e286a163fd12e93b0b95c4db') in 0.000562587 seconds
[Worker0] Imported GUID: a97a88294a224bf9970a770cd8fa3aa7 - Path: Packages/com.unity.services.core/Editor/Core/UserRoleManagement/IUserRoleHandler.cs - Importer: ScriptedImporter/UnityEditor.QuickSearchModule:UnityEditor.Search:ASIAI0B -> (ImportResultId: 'af2c1972a6f63fd60f05bdc3baedc31e') in 0.000560953 seconds
[Worker0] Imported GUID: 7e91ddb9a38e46f2b0669180e053a695 - Path: Packages/com.unity.services.core/Editor/Core/EditorGameService/DefaultCdnConfiguredEndpoint.cs - Importer: ScriptedImporter/UnityEditor.QuickSearchModule:UnityEditor.Search:ASIAI0B -> (ImportResultId: 'a163d62db0b6ea64a248a2f49a5b33ad') in 0.000748366 seconds
[Worker0] Imported GUID: 0dc33952e916e49cd8d00f627d768b05 - Path: Packages/com.unity.services.core/Editor/Core/Shared/EditorUtils/EditorValueTracker.Gen.cs - Importer: ScriptedImporter/UnityEditor.QuickSearchModule:UnityEditor.Search:ASIAI0B -> (ImportResultId: '09a0f91352aba2f8f07495b34c13b5c9') in 0.000617731 seconds
[Worker0] Imported GUID: e13401069986e4070b7b19134fd9ea67 - Path: Packages/com.unity.services.core/Editor/Core/Environments/Client/Http/ResponseDeserializationException.cs - Importer: ScriptedImporter/UnityEditor.QuickSearchModule:UnityEditor.Search:ASIAI0B -> (ImportResultId: '83633520cb5cfe9422261ce64ffec757') in 0.00060711 seconds
[Worker0] Imported GUID: f4eea6806fae644df829a32ac4939577 - Path: Packages/com.unity.services.core/Editor/Core/Environments/Client/Models/UnityGetOrganizationMembers200Response.cs - Importer: ScriptedImporter/UnityEditor.QuickSearchModule:UnityEditor.Search:ASIAI0B -> (ImportResultId: '84c40fe6bbae9faac1df9a8e44f96e3e') in 0.000715194 seconds
[Worker0] Imported GUID: 01e7e065dd954fd695f04594c6d42959 - Path: Packages/com.unity.services.core/Editor/Core/Linker/Models/XmlLinkerModel.cs - Importer: ScriptedImporter/UnityEditor.QuickSearchModule:UnityEditor.Search:ASIAI0B -> (ImportResultId: '38ad8aea0c784e7cde39cac933c76a83') in 0.000600469 seconds
[Worker0] Imported GUID: eaca1461750224243bbf46b2e8741f64 - Path: Packages/com.unity.services.core/Runtime/Core/IService.cs - Importer: ScriptedImporter/UnityEditor.QuickSearchModule:UnityEditor.Search:ASIAI0B -> (ImportResultId: '05dbac3656b3d183d9d6ee7d4536a125') in 0.000624042 seconds
[Worker0] Imported GUID: 90f56b0e19234c3d83a22db15b02d883 - Path: Packages/com.unity.services.core/Editor/Core/Environments/Analytics/EnvironmentAnalyticEvent.cs - Importer: ScriptedImporter/UnityEditor.QuickSearchModule:UnityEditor.Search:ASIAI0B -> (ImportResultId: 'db02aafd85ccd5c88830775481bb44e6') in 0.000588817 seconds
[Worker0] Imported GUID: 551ea0e88707ef72e9c975e115290f84 - Path: Packages/com.unity.services.core/Editor/Core/Environments/Client/Models/UnityCreateEnvironmentRequest.cs - Importer: ScriptedImporter/UnityEditor.QuickSearchModule:UnityEditor.Search:ASIAI0B -> (ImportResultId: '29b34b439163905b320d2bc8936f37b1') in 0.000574389 seconds
[Worker0] Imported GUID: 5b82a86adaaeb4c0786b09f4f5b9065a - Path: Packages/com.unity.services.core/Editor/Core/EditorGameService/USS/ServicesProjectSettingsCommon.uss - Importer: ScriptedImporter/UnityEditor.QuickSearchModule:UnityEditor.Search:ASIAI0B -> (ImportResultId: '455726c10add76db0b36364d17fce7f7') in 0.001742914 seconds
[Worker0] Imported GUID: ac5940d1ac8476b4dad0aa82a483442c - Path: Packages/com.unity.services.core/Runtime/Environments/Internal - Importer: ScriptedImporter/UnityEditor.QuickSearchModule:UnityEditor.Search:ASIAI0B -> (ImportResultId: '600f51b4beba7dfe59b0fbfa4f507fce') in 0.000562086 seconds
[Worker0] Imported GUID: 859a95323373144b7a6b438edfc6ee56 - Path: Packages/com.unity.services.core/Editor/Core/ProjectBindRedirect/USS/ProjectBindRedirectProjectSettings.uss - Importer: ScriptedImporter/UnityEditor.QuickSearchModule:UnityEditor.Search:ASIAI0B -> (ImportResultId: 'ea436d60593d61360e749c5b6ecee675') in 0.001225633 seconds
[Worker0] Imported GUID: 4cd0b1268265e3f41baa3aca9d5f2e65 - Path: Packages/com.unity.services.core/Runtime/Core.Internal/Registry/ServiceRegistry/IServiceRegistry.cs - Importer: ScriptedImporter/UnityEditor.QuickSearchModule:UnityEditor.Search:ASIAI0B -> (ImportResultId: '4cee21b99e474893cc9efacbf23c2dfc') in 0.000655793 seconds
[Worker0] Imported GUID: 18566762fc26b7949ab81cd5526fd740 - Path: Packages/com.unity.services.core/Runtime/Networking/AssemblyInfo.cs - Importer: ScriptedImporter/UnityEditor.QuickSearchModule:UnityEditor.Search:ASIAI0B -> (ImportResultId: '518b12c1fc4599a1b090925c2ac38e18') in 0.00057462 seconds
[Worker0] Imported GUID: 8633e275bcc4c4540929c62473526fce - Path: Packages/com.unity.services.core/Editor/Core/CloudEnvironment/CloudEnvironmentConfigProvider.cs - Importer: ScriptedImporter/UnityEditor.QuickSearchModule:UnityEditor.Search:ASIAI0B -> (ImportResultId: 'addaad681463e196595e250f24a0338e') in 0.000570171 seconds
[Worker0] Imported GUID: 70a510401d114452a9dc4a53f35f6bfc - Path: Packages/com.unity.services.core/Editor/Core/Environments/UI/Assets/EnvironmentSelectorUi.uss - Importer: ScriptedImporter/UnityEditor.QuickSearchModule:UnityEditor.Search:ASIAI0B -> (ImportResultId: '7bc89b1812ea041489e471c6a099f860') in 0.001128771 seconds
[Worker0] Imported GUID: 9a0c99ca7bb84684fbf1df9c8f77e89f - Path: Packages/com.unity.services.core/README.md - Importer: ScriptedImporter/UnityEditor.QuickSearchModule:UnityEditor.Search:ASIAI0B -> (ImportResultId: '863126c9c53de722b2b2731a4ac21362') in 0.000613512 seconds
[Worker0] Imported GUID: 2834b4ceb01eed449ad34cbd5f6d13cb - Path: Packages/com.unity.services.core/Editor/Core/Utils - Importer: ScriptedImporter/UnityEditor.QuickSearchModule:UnityEditor.Search:ASIAI0B -> (ImportResultId: '95a4e4009a8c9e844ebb216efca67187') in 0.000555454 seconds
[Worker0] Imported GUID: 476d6affad0f84edaa7f2517f66cfb3d - Path: Packages/com.unity.services.core/Editor/Core/Build - Importer: ScriptedImporter/UnityEditor.QuickSearchModule:UnityEditor.Search:ASIAI0B -> (ImportResultId: '77c391a7a22d92bf3865d4e333135aec') in 0.000582164 seconds
[Worker0] Imported GUID: f0d49dd8a34484dc387198e1e2a3fe0c - Path: Packages/com.unity.services.core/Runtime/Environments/Internal/Environments.cs - Importer: ScriptedImporter/UnityEditor.QuickSearchModule:UnityEditor.Search:ASIAI0B -> (ImportResultId: 'd1fd2e504bf84600c954dc36c808cbac') in 0.000751552 seconds
[Worker0] Imported GUID: 3acf2aa337e346f289bc71ea2fb7d786 - Path: Packages/com.unity.services.core/Editor/Core/ProjectBindRedirect/ProjectBindRedirectProjectSettingsUi.cs - Importer: ScriptedImporter/UnityEditor.QuickSearchModule:UnityEditor.Search:ASIAI0B -> (ImportResultId: '46d5d02678180b62767f3f4092dfaa66') in 0.000688394 seconds
[Worker0] Imported GUID: 4bf5535fd1c6d46de8893c106f2a4907 - Path: Packages/com.unity.services.core/Editor/Core/EditorGameService/IEditorGameServiceEnabler.cs - Importer: ScriptedImporter/UnityEditor.QuickSearchModule:UnityEditor.Search:ASIAI0B -> (ImportResultId: 'c1b0f693ee82119155ab0a2f093439ef') in 0.001947449 seconds
[Worker0] Imported GUID: 8403e32bfcb112444bcc3a7f9ea043d1 - Path: Packages/com.unity.services.core/Runtime/Configuration/ConfigurationCollectionHelper.cs - Importer: ScriptedImporter/UnityEditor.QuickSearchModule:UnityEditor.Search:ASIAI0B -> (ImportResultId: '277f8065b9b4eb5f988213241b748a80') in 0.000853994 seconds
[Worker0] Imported GUID: 6d24c9b8f12524834ab8c048bcc93f12 - Path: Packages/com.unity.services.core/Editor/Core/ProjectBindRedirect/UXML/ProjectBindRedirectPopup.uxml - Importer: ScriptedImporter/UnityEditor.QuickSearchModule:UnityEditor.Search:ASIAI0B -> (ImportResultId: 'fc25c842eb0024bab92988a4042ae3a1') in 0.002697969 seconds
[Worker0] Imported GUID: 8ab6db39cc89491bb901eb484cd94373 - Path: Packages/com.unity.services.core/Editor/Core/ProjectStateManagement/ServiceFlagRequest.cs - Importer: ScriptedImporter/UnityEditor.QuickSearchModule:UnityEditor.Search:ASIAI0B -> (ImportResultId: 'fa7bc4c084e04dc98a794bf3cc07b5cc') in 0.000639662 seconds
[Worker0] Imported GUID: 142dc26b3b00c43c9b5fdfde8e313179 - Path: Packages/com.unity.services.core/Editor/Core/Environments/Client/Scheduler/ThreadHelper.cs - Importer: ScriptedImporter/UnityEditor.QuickSearchModule:UnityEditor.Search:ASIAI0B -> (ImportResultId: '7c9823073945eb1c2d9cc1e176183b36') in 0.000601561 seconds
[Worker0] Imported GUID: 6aee007e2cfd488f8b0eef33ce13e954 - Path: Packages/com.unity.services.cloud-build/Editor/Components/BuildAutomationBuilderConfig.cs - Importer: ScriptedImporter/UnityEditor.QuickSearchModule:UnityEditor.Search:ASIAI0B -> (ImportResultId: '35c7f87162fe4d6c9ea8f1e497112ea9') in 0.000598204 seconds
[Worker0] Imported GUID: 83f00b802363474d82f3127384f4dda1 - Path: Packages/com.unity.services.core/Editor/Core/UserRoleManagement/IUserRoleClient.cs - Importer: ScriptedImporter/UnityEditor.QuickSearchModule:UnityEditor.Search:ASIAI0B -> (ImportResultId: '4f6a7710b952c37c3a3d76339ff914af') in 0.000596881 seconds
[Worker0] Imported GUID: e760c9eec49d4aa7b08cc920e45222d9 - Path: Packages/com.unity.services.core/Editor/Core/EditorGameService/EditorGameServiceSettingsProvider.cs - Importer: ScriptedImporter/UnityEditor.QuickSearchModule:UnityEditor.Search:ASIAI0B -> (ImportResultId: '278d400f42b537cfa697b707f92b116f') in 0.00058539 seconds
[Worker0] Imported GUID: e97f44a089f144758b462da41bc96973 - Path: Packages/com.unity.services.core/Editor/Core/UiHelpers/Images/ToggleOn.png - Importer: ScriptedImporter/UnityEditor.QuickSearchModule:UnityEditor.Search:ASIAI0B -> (ImportResultId: 'c4eb137859d8cd2a2e8618a379dfe487') in 0.002017681 seconds
[Worker0] Imported GUID: 97a4535b865f4c68a124b3a3bb8cd42b - Path: Packages/com.unity.services.core/Editor/Core/UiHelpers/IProjectEditorDrawerFactory.cs - Importer: ScriptedImporter/UnityEditor.QuickSearchModule:UnityEditor.Search:ASIAI0B -> (ImportResultId: '823ef97ccae3e4e96e043fc68ca1de3c') in 0.000680438 seconds
[Worker0] Imported GUID: 08f168bc4126b428f9394f07df550d9b - Path: Packages/com.unity.services.core/Editor/Core/Environments/IProjectInfo.cs - Importer: ScriptedImporter/UnityEditor.QuickSearchModule:UnityEditor.Search:ASIAI0B -> (ImportResultId: 'e6f20d4af8f8a734506313213af9a6ff') in 0.000651734 seconds
[Worker0] Imported GUID: 47b040834d0cf144b80407277a1bcadd - Path: Packages/com.unity.services.core/Runtime/Telemetry/Unity.Services.Core.Telemetry.api - Importer: ScriptedImporter/UnityEditor.QuickSearchModule:UnityEditor.Search:ASIAI0B -> (ImportResultId: '256392204f9ed67e6e2172ffbe78d228') in 0.000641556 seconds
[Worker0] Imported GUID: d94b93b32e10188419629795f25734b0 - Path: Packages/com.unity.services.core/Runtime/Components/ServicesInitialization.cs - Importer: ScriptedImporter/UnityEditor.QuickSearchModule:UnityEditor.Search:ASIAI0B -> (ImportResultId: '007c672be09c33c7ce626a78ce5eea2b') in 0.000598535 seconds
[Worker0] Imported GUID: b7ecf3a3ec1c94010a20351870519493 - Path: Packages/com.unity.services.core/Editor/Core/UiHelpers/UXML/PleaseWait.uxml - Importer: ScriptedImporter/UnityEditor.QuickSearchModule:UnityEditor.Search:ASIAI0B -> (ImportResultId: '23436fad4948c4ded49d1535cb1929d7') in 0.002043098 seconds
[Worker0] Imported GUID: 386d16474b5e4b42b6800aa2c1d99924 - Path: Packages/com.unity.services.core/Editor/Core/ProjectStateManagement/ProjectState.cs - Importer: ScriptedImporter/UnityEditor.QuickSearchModule:UnityEditor.Search:ASIAI0B -> (ImportResultId: '83f769a92e66d4fb587a5888b6c6ae0a') in 0.000559872 seconds
[Worker0] Imported GUID: 68448537185dd4d6ba109ed748b184f4 - Path: Packages/com.unity.services.core/Runtime/Core.Internal/Components/Networking/HttpOptions.cs - Importer: ScriptedImporter/UnityEditor.QuickSearchModule:UnityEditor.Search:ASIAI0B -> (ImportResultId: 'ec988a567ea8ca04bb8a2f808d0c9ae3') in 0.00059587 seconds
[Worker0] Imported GUID: 6c694cfdc33ae264fb33e0cd1c7e25cf - Path: Packages/com.unity.nuget.newtonsoft-json/Runtime/AOT/Newtonsoft.Json.dll - Importer: ScriptedImporter/UnityEditor.QuickSearchModule:UnityEditor.Search:ASIAI0B -> (ImportResultId: '0c03183afea82d835c3ffb8c0b8e77cc') in 0.002047307 seconds
[Worker0] Imported GUID: 77b2992c427804e15ac922a1891ebe57 - Path: Packages/com.unity.services.core/Editor/Core/Environments/Settings - Importer: ScriptedImporter/UnityEditor.QuickSearchModule:UnityEditor.Search:ASIAI0B -> (ImportResultId: '200476b4f5ea28e777841e6fd0533a5f') in 0.000561835 seconds
[Worker0] Imported GUID: 182c5bcc97fc21747a9ca5e01da1ed3f - Path: Packages/com.unity.services.core/package.json - Importer: ScriptedImporter/UnityEditor.QuickSearchModule:UnityEditor.Search:ASIAI0B -> (ImportResultId: '4ad31bd779e9c692d211499128f8224e') in 0.000563589 seconds
[Worker0] Imported GUID: 75aa0e3c26c49effe9a22ae327c88e65 - Path: Packages/com.unity.services.core/Editor/Core/Environments/Client/Models/UnityListOrganizationFavoriteProjects200Response.cs - Importer: ScriptedImporter/UnityEditor.QuickSearchModule:UnityEditor.Search:ASIAI0B -> (ImportResultId: 'ee7feded804f43b295f0803f21a015c6') in 0.001935236 seconds
[Worker0] Imported GUID: b315fd610cdac4a2c9761c472c2813b2 - Path: Packages/com.unity.services.core/Editor/Core/EditorGameService/Analytics - Importer: ScriptedImporter/UnityEditor.QuickSearchModule:UnityEditor.Search:ASIAI0B -> (ImportResultId: '570e95148b57027c529b49aa6cb4a0aa') in 0.000882058 seconds
[Worker0] Imported GUID: 26f7b42820554484877d9119515d37e5 - Path: Packages/com.unity.services.core/Editor/Core/Linker/Models/XmlLinkedEvent.cs - Importer: ScriptedImporter/UnityEditor.QuickSearchModule:UnityEditor.Search:ASIAI0B -> (ImportResultId: '654ece1ad41959329a2fe0dba63a6017') in 0.000887427 seconds
[Worker0] Imported GUID: de1c7164adaf49d47b5de31c140713c9 - Path: Packages/com.unity.nuget.newtonsoft-json/Runtime - Importer: ScriptedImporter/UnityEditor.QuickSearchModule:UnityEditor.Search:ASIAI0B -> (ImportResultId: 'aa11982adf93e775ef1c1e1e6e7ca221') in 0.000685167 seconds
[Worker0] Imported GUID: a714b03f4d124ab5892813ce1bbc7446 - Path: Packages/com.unity.services.cloud-build/Editor/BuildAutomationRequests.cs - Importer: ScriptedImporter/UnityEditor.QuickSearchModule:UnityEditor.Search:ASIAI0B -> (ImportResultId: '1ef039ca90ad4d2bd6f69386886b7316') in 0.000693553 seconds
[Worker0] Imported GUID: 100d3175fd7e4a9eb6ec2e6ed5533fc8 - Path: Packages/com.unity.services.core/Editor/Core/Environments - Importer: ScriptedImporter/UnityEditor.QuickSearchModule:UnityEditor.Search:ASIAI0B -> (ImportResultId: 'af040a43449ddbeff7db52c546472f1e') in 0.000540856 seconds
[Worker0] Imported GUID: 0b86b5b95a96c4ed5bf7167992f203ef - Path: Packages/com.unity.services.core/Runtime/Core.Internal/Registry - Importer: ScriptedImporter/UnityEditor.QuickSearchModule:UnityEditor.Search:ASIAI0B -> (ImportResultId: '79b4b42bd8d1c1f67b1a11dbbc40dfd6') in 0.000583907 seconds
[Worker0] Imported GUID: 974d9fb338699444fa12c421db55a2bd - Path: Packages/com.unity.services.core/Editor/Core/Environments/Client/Http/DeserializationException.cs - Importer: ScriptedImporter/UnityEditor.QuickSearchModule:UnityEditor.Search:ASIAI0B -> (ImportResultId: '62ce899a7565364fe4cff221a98556b1') in 0.000634833 seconds
[Worker0] Imported GUID: 751662d6c01144819a1d17e1333bb5a4 - Path: Packages/com.unity.services.core/Editor/Core/UiHelpers - Importer: ScriptedImporter/UnityEditor.QuickSearchModule:UnityEditor.Search:ASIAI0B -> (ImportResultId: 'c7d70cf90e36cd9ae4abc32987ae1316') in 0.000570472 seconds
[Worker0] Imported GUID: fe25561d224ed4743af4c60938a59d0b - Path: Packages/com.unity.services.core/Runtime/Core/Unity.Services.Core.asmdef - Importer: ScriptedImporter/UnityEditor.QuickSearchModule:UnityEditor.Search:ASIAI0B -> (ImportResultId: '5114ef6a84d3c1b79a390527ae4abe16') in 0.000629753 seconds
[Worker0] Imported GUID: 8bd936a12126f430fbbe1649a8bf5be7 - Path: Packages/com.unity.services.cloud-build/Editor/USS/BuildAutomationHistory.uss - Importer: ScriptedImporter/UnityEditor.QuickSearchModule:UnityEditor.Search:ASIAI0B -> (ImportResultId: 'caf153e19de355041ad39cecd06ca5d3') in 0.001285515 seconds
[Worker0] Imported GUID: 8d2aa84387bb4a82a112246221c3e06c - Path: Packages/com.unity.services.core/Editor/Core/BackendHelpers/JsonHelper.cs - Importer: ScriptedImporter/UnityEditor.QuickSearchModule:UnityEditor.Search:ASIAI0B -> (ImportResultId: 'ff4c7e2adac0680427853c31d74ae7f6') in 0.000578877 seconds
[Worker0] Imported GUID: fe97984daaefe4f7ea9eee59fe9717ba - Path: Packages/com.unity.services.core/Editor/Core/Environments/Client/Models - Importer: ScriptedImporter/UnityEditor.QuickSearchModule:UnityEditor.Search:ASIAI0B -> (ImportResultId: 'a29139cc7f430e9d5d5ac0272642ebd5') in 0.000590539 seconds
[Worker0] Imported GUID: a1ab09d0b3276c44dadbef4b90e85ccf - Path: Packages/com.unity.services.core/Runtime/Core/AssemblyInfo.cs - Importer: ScriptedImporter/UnityEditor.QuickSearchModule:UnityEditor.Search:ASIAI0B -> (ImportResultId: 'a6c5ef486d4390298fc2fa68733c6c3a') in 0.000566595 seconds
[Worker0] Imported GUID: 2e0cb19278ad147c0b3a3be846482657 - Path: Packages/com.unity.services.cloud-build/Editor/USS/BuildAutomationStyleSheet.uss - Importer: ScriptedImporter/UnityEditor.QuickSearchModule:UnityEditor.Search:ASIAI0B -> (ImportResultId: 'be19cd33287bc4d1568e05a51ab93d32') in 0.001356769 seconds
[Worker0] Imported GUID: fa3f17315398b5a4ab5e65de964c3afc - Path: Packages/com.unity.services.core/Runtime/Core.Internal/Components/Authentication/IPlayerNameComponent.cs - Importer: ScriptedImporter/UnityEditor.QuickSearchModule:UnityEditor.Search:ASIAI0B -> (ImportResultId: 'd848efec1fb6e71323675a5dd127e90b') in 0.000635164 seconds
[Worker0] Imported GUID: 73a7759b168f2422f976ca481279904f - Path: Packages/com.unity.services.core/Runtime/Analytics/AnalyticsOptionsExtensions.cs - Importer: ScriptedImporter/UnityEditor.QuickSearchModule:UnityEditor.Search:ASIAI0B -> (ImportResultId: 'e33a217a58d43ab2a73148caced7a406') in 0.000724692 seconds
[Worker0] Imported GUID: 3fdb983cd9c6943db94f76b0e6462317 - Path: Packages/com.unity.services.core/Runtime/Configuration/Unity.Services.Core.Configuration.api - Importer: ScriptedImporter/UnityEditor.QuickSearchModule:UnityEditor.Search:ASIAI0B -> (ImportResultId: '759bc5b3f6e2f1e7dd84b532d0712ad4') in 0.000595319 seconds
[Worker0] Imported GUID: 9b1c3b381f42945578ff44373134d0cc - Path: Packages/com.unity.services.core/Runtime/Analytics/AssemblyInfo.cs - Importer: ScriptedImporter/UnityEditor.QuickSearchModule:UnityEditor.Search:ASIAI0B -> (ImportResultId: 'c6fb12fb95e50f6a43c7b059fbd9497e') in 0.000552708 seconds
[Worker0] Imported GUID: 49b24799bb47c476ebbb3e57c2481ec1 - Path: Packages/com.unity.services.core/Runtime/Core.Internal/Components/Device/IEngineInstallationId.cs - Importer: ScriptedImporter/UnityEditor.QuickSearchModule:UnityEditor.Search:ASIAI0B -> (ImportResultId: '7293122d9cfb4e9e241ff0d01b10eecb') in 0.000627008 seconds
[Worker0] Imported GUID: c1badd287b3d9486b989e6861643165b - Path: Packages/com.unity.services.core/Editor/Core/EditorGameService/USS - Importer: ScriptedImporter/UnityEditor.QuickSearchModule:UnityEditor.Search:ASIAI0B -> (ImportResultId: '58c94232f0778964a63edf69c03419dc') in 0.000550404 seconds
[Worker0] Imported GUID: 7615cb8d033d945ea9457f44440ec78a - Path: Packages/com.unity.services.core/Editor/Core/Environments/Client/Http/UnityWebRequestHelpers.cs - Importer: ScriptedImporter/UnityEditor.QuickSearchModule:UnityEditor.Search:ASIAI0B -> (ImportResultId: 'cd02a726a0af91b2fc91cd6cef80b378') in 0.000577535 seconds
[Worker0] Imported GUID: e0f34382d332b4ab6ab0055a3a89c029 - Path: Packages/com.unity.services.core/Runtime/Registration - Importer: ScriptedImporter/UnityEditor.QuickSearchModule:UnityEditor.Search:ASIAI0B -> (ImportResultId: 'cdb4e3ee7dbfb62863033b52cce74731') in 0.000531589 seconds
[Worker0] Imported GUID: b428f1f312a46d4448d355cafbaa13dc - Path: Packages/com.unity.services.core/Runtime/Core.Internal/Registry/CorePackageRegistry.cs - Importer: ScriptedImporter/UnityEditor.QuickSearchModule:UnityEditor.Search:ASIAI0B -> (ImportResultId: 'b26d9cd1ec7348e83a649305cf43dfae') in 0.000551085 seconds
[Worker0] Imported GUID: 029a83481f94f4626a4addeb4f496d02 - Path: Packages/com.unity.services.core/Runtime/PrivacyInfo.xcprivacy - Importer: ScriptedImporter/UnityEditor.QuickSearchModule:UnityEditor.Search:ASIAI0B -> (ImportResultId: 'fa7264e61dbe39c3410a8e4d79b2e648') in 0.001263344 seconds
[Worker0] Imported GUID: 4dc74701c67cd41a18b37fe1a4e42b71 - Path: Packages/com.unity.services.core/Runtime/Core.Internal/Components/Wire/SubscriptionState.cs - Importer: ScriptedImporter/UnityEditor.QuickSearchModule:UnityEditor.Search:ASIAI0B -> (ImportResultId: '7d8dda26b75c43955d873f8b39d9c7d5') in 0.000615888 seconds
[Worker0] Imported GUID: 144d81c470711634aa3b53f081b60557 - Path: Packages/com.unity.services.core/Runtime/Core - Importer: ScriptedImporter/UnityEditor.QuickSearchModule:UnityEditor.Search:ASIAI0B -> (ImportResultId: '6b9600c5e97b61578993a0b8e2517633') in 0.000604947 seconds
[Worker0] Imported GUID: db331124c2ee348219007881f953471b - Path: Packages/com.unity.services.core/Runtime/Core.Internal/AsyncOperation/AsyncOperationBase.cs - Importer: ScriptedImporter/UnityEditor.QuickSearchModule:UnityEditor.Search:ASIAI0B -> (ImportResultId: 'a08449a702657f472309d1e1313e4bbf') in 0.000623853 seconds
[Worker0] Imported GUID: 0e9515598d3bf405bb8311f6d4528e00 - Path: Packages/com.unity.services.core/Editor/Core/UiHelpers/UXML/LoggedOut.uxml - Importer: ScriptedImporter/UnityEditor.QuickSearchModule:UnityEditor.Search:ASIAI0B -> (ImportResultId: 'e29e4b9af5a60004c299be119d9895da') in 0.002988465 seconds
[Worker0] Imported GUID: 62cb2395d95d4c3b918e83fc770dadb5 - Path: Packages/com.unity.services.core/Editor/Core/Linker/Models/XmlLinkedProperty.cs - Importer: ScriptedImporter/UnityEditor.QuickSearchModule:UnityEditor.Search:ASIAI0B -> (ImportResultId: 'd525dd680a6ae892c5265cc80919ab3f') in 0.002088704 seconds
[Worker0] Imported GUID: 64d300c97ef0045988d44f511d9c8648 - Path: Packages/com.unity.services.core/Runtime/Core.Internal/Registry/IServiceComponent.cs - Importer: ScriptedImporter/UnityEditor.QuickSearchModule:UnityEditor.Search:ASIAI0B -> (ImportResultId: '2a8a8bf21cea5c83a87044646b5864bd') in 0.000836201 seconds
[Worker0] Imported GUID: c98e909b661a94dfbacaa1f5717b8c64 - Path: Packages/com.unity.services.core/Editor/Core/EditorGameService/EditorGameServiceDashboardHelper.cs - Importer: ScriptedImporter/UnityEditor.QuickSearchModule:UnityEditor.Search:ASIAI0B -> (ImportResultId: '2138acfc8d98c1cc7e3e920e65de0170') in 0.000644471 seconds
[Worker0] Imported GUID: cd19f4d30febf412099957c9457b31f2 - Path: Packages/com.unity.services.core/Runtime/Device - Importer: ScriptedImporter/UnityEditor.QuickSearchModule:UnityEditor.Search:ASIAI0B -> (ImportResultId: '6d3798629d92c78a8b5416b6ae148a89') in 0.000577304 seconds
[Worker0] Imported GUID: bcb39717dc044856ae68744f205c8c8e - Path: Packages/com.unity.services.core/Editor/Core/Utils/IAccessTokens.cs - Importer: ScriptedImporter/UnityEditor.QuickSearchModule:UnityEditor.Search:ASIAI0B -> (ImportResultId: '6d845abc4146b40c0ea9220cb24311a0') in 0.00058015 seconds
[Worker0] Imported GUID: 7145ff75f48d459ba47583c1301f05aa - Path: Packages/com.unity.services.core/Runtime/Core.Internal/Serialization/IJsonSerializer.cs - Importer: ScriptedImporter/UnityEditor.QuickSearchModule:UnityEditor.Search:ASIAI0B -> (ImportResultId: '8545c6b40caadf193d8fd7679be3e8ac') in 0.000598294 seconds
[Worker0] Imported GUID: 5a367299638e0496c93ea5472d17e202 - Path: Packages/com.unity.services.core/Runtime/Core.Internal/Components/Wire/ChannelToken.cs - Importer: ScriptedImporter/UnityEditor.QuickSearchModule:UnityEditor.Search:ASIAI0B -> (ImportResultId: '1a3973add1b44c620f5a75439eda96eb') in 0.000582935 seconds
[Worker0] Imported GUID: a1b72e317de21944db60cab0b6122b91 - Path: Packages/com.unity.services.core/Editor/Core/Configuration/productionUrls.json - Importer: ScriptedImporter/UnityEditor.QuickSearchModule:UnityEditor.Search:ASIAI0B -> (ImportResultId: '0cedc105edf714fb4b86cf8023c07489') in 0.000625124 seconds
[Worker0] Imported GUID: 5851f7a45fb45438984f24b9d30f4972 - Path: Packages/com.unity.services.cloud-build/Icons/build_sentToBuilder.png - Importer: ScriptedImporter/UnityEditor.QuickSearchModule:UnityEditor.Search:ASIAI0B -> (ImportResultId: 'a4f8f75128ab0e9174231e600d7f1c8c') in 0.002031797 seconds
[Worker0] Imported GUID: c08e902836184f9e8107cd93bf1ad5e7 - Path: Packages/com.unity.services.cloud-build/Editor/BuildAutomationConstants.cs - Importer: ScriptedImporter/UnityEditor.QuickSearchModule:UnityEditor.Search:ASIAI0B -> (ImportResultId: '5e4eae1abcb370547767599dff2cc4f7') in 0.000570572 seconds
[Worker0] Imported GUID: e4f05d69764dc4f34987c49a70ec8d46 - Path: Packages/com.unity.services.core/Editor/Core/Environments/IEnvironmentValidator.cs - Importer: ScriptedImporter/UnityEditor.QuickSearchModule:UnityEditor.Search:ASIAI0B -> (ImportResultId: '60d79467f4c4649f4e746a0469029c58') in 0.000571003 seconds
[Worker0] Imported GUID: 4c6dc86da62be4b67aa82568698b9a92 - Path: Packages/com.unity.services.core/Editor/Core/Shared/Infrastructure/Collections/MergedObservableCollection.Gen.cs - Importer: ScriptedImporter/UnityEditor.QuickSearchModule:UnityEditor.Search:ASIAI0B -> (ImportResultId: 'd880e426950eeecc8436c297cc15167d') in 0.000576634 seconds
[Worker0] Imported GUID: 9e6ed7d51349b45518022aa545ab7e0b - Path: Packages/com.unity.services.core/Editor/Core/Environments/Unity.Services.Core.Environments.Editor.asmdef - Importer: ScriptedImporter/UnityEditor.QuickSearchModule:UnityEditor.Search:ASIAI0B -> (ImportResultId: '7eb6291bd3f486167f12801980cbda05') in 0.000625315 seconds
[Worker0] Imported GUID: 57c3b7d88e2241d39318a95ace5b1400 - Path: Packages/com.unity.services.core/Editor/Core/UiHelpers/PlatformSupportUiHelper.cs - Importer: ScriptedImporter/UnityEditor.QuickSearchModule:UnityEditor.Search:ASIAI0B -> (ImportResultId: '6f74766c27fa7dd2871b491d2af4a64a') in 0.000575061 seconds
[Worker0] Imported GUID: 373ec6d78d05e42a0a824c0167210322 - Path: Packages/com.unity.services.core/Editor/Core/Environments/EnvironmentValidator.cs - Importer: ScriptedImporter/UnityEditor.QuickSearchModule:UnityEditor.Search:ASIAI0B -> (ImportResultId: '0be68e0ddd15d7829b4a200c8cf8c86f') in 0.000550174 seconds
[Worker0] Imported GUID: 4f5fbcf1cf27a4a37ad615aee226465f - Path: Packages/com.unity.services.core/Editor/Core/Shared/Infrastructure/SystemEnvironment/SystemEnvironmentPathUtils.Gen.cs - Importer: ScriptedImporter/UnityEditor.QuickSearchModule:UnityEditor.Search:ASIAI0B -> (ImportResultId: '516d40cd0ac6c82870126ff2213c21ea') in 0.000593104 seconds
[Worker0] Imported GUID: 6305d1320b2644a46b430e4ccd6eeb6e - Path: Packages/com.unity.services.core/Editor/Core/Utils/AccessTokens.cs - Importer: ScriptedImporter/UnityEditor.QuickSearchModule:UnityEditor.Search:ASIAI0B -> (ImportResultId: '77f50701514123c9614f2c7c51768dd5') in 0.000531308 seconds
[Worker0] Imported GUID: a5a20a36fab5ed4fc023d92d2ac579fb - Path: Packages/com.unity.nuget.newtonsoft-json - Importer: ScriptedImporter/UnityEditor.QuickSearchModule:UnityEditor.Search:ASIAI0B -> (ImportResultId: '01d3bf21ed55bf02cb33bd197721a8ba') in 0.000524946 seconds
[Worker0] Imported GUID: e5cb09d6e3f0e49f8a2a23fa61447902 - Path: Packages/com.unity.services.core/Editor/Core/Environments/Client/Apis/DefaultApi.cs - Importer: ScriptedImporter/UnityEditor.QuickSearchModule:UnityEditor.Search:ASIAI0B -> (ImportResultId: '04e3ba301bb51a435bcfaa99b8594f0a') in 0.00055855 seconds
[Worker0] Imported GUID: 0b321f1156cb24f0e8d4c8fa0d32f5c7 - Path: Packages/com.unity.services.core/Runtime/Core/RequestFailedException.cs - Importer: ScriptedImporter/UnityEditor.QuickSearchModule:UnityEditor.Search:ASIAI0B -> (ImportResultId: '0ab2f4d4d249bb661f4af47ce8218d4f') in 0.000582675 seconds
[Worker0] Imported GUID: 9358f5ecbf4c7c243b03db1b22f7c166 - Path: Packages/com.unity.services.core/Runtime/Core/Initialization/ServicesCreationException.cs - Importer: ScriptedImporter/UnityEditor.QuickSearchModule:UnityEditor.Search:ASIAI0B -> (ImportResultId: '462753cf8b6fd7aae73edd4edb05618b') in 0.000568037 seconds
[Worker0] Imported GUID: aba594edfb0154c809b60ba057041165 - Path: Packages/com.unity.services.cloud-build/Editor/BuildAutomationHistoryWindow.cs - Importer: ScriptedImporter/UnityEditor.QuickSearchModule:UnityEditor.Search:ASIAI0B -> (ImportResultId: 'ac712d7225064873cdb6a14a1b0639ba') in 0.000560002 seconds
[Worker0] Imported GUID: 2ce7a4ee920834a2eb1b48958047fbd4 - Path: Packages/com.unity.services.core/Runtime/Core.Internal/Components/Device/IInstallationId.cs - Importer: ScriptedImporter/UnityEditor.QuickSearchModule:UnityEditor.Search:ASIAI0B -> (ImportResultId: 'f0ec1961a9a2014fcfa44a8a2f855104') in 0.000555894 seconds
[Worker0] Imported GUID: e79be1821d7fcebc98ca23dbab17f130 - Path: Packages/com.unity.services.core/Editor/Core/Environments/Client/Models/UnityGetUserGuestProjects200Response.cs - Importer: ScriptedImporter/UnityEditor.QuickSearchModule:UnityEditor.Search:ASIAI0B -> (ImportResultId: 'ed0e4065385315dc4ed9e42bfbb160de') in 0.000656263 seconds
[Worker0] Imported GUID: d60d10f7c2b9479fa548dce8a80cab6e - Path: Packages/com.unity.services.core/Editor/Core/UiHelpers/VisualElementHelper.cs - Importer: ScriptedImporter/UnityEditor.QuickSearchModule:UnityEditor.Search:ASIAI0B -> (ImportResultId: 'b6062a4f7418979b107cfc2da8491cd1') in 0.00057478 seconds
[Worker0] Imported GUID: 96fdca1f2d7348147946226cfe61a2e1 - Path: Packages/com.unity.services.core/Runtime/Components/Unity.Services.Core.Components.asmdef - Importer: ScriptedImporter/UnityEditor.QuickSearchModule:UnityEditor.Search:ASIAI0B -> (ImportResultId: '40061d58b623a704aaeaeb063491e500') in 0.000616328 seconds
[Worker0] Imported GUID: 249ac81b0a95a25449448c6ac698e501 - Path: Packages/com.unity.services.core/Runtime/Core.Internal/Registry/ComponentRegistry/ComponentRegistry.cs - Importer: ScriptedImporter/UnityEditor.QuickSearchModule:UnityEditor.Search:ASIAI0B -> (ImportResultId: '87e872a567f688790884152dd0f5d463') in 0.000576904 seconds
[Worker0] Imported GUID: a6b7cd5474143421294936ce0035f352 - Path: Packages/com.unity.services.core/Editor/Core/Environments/UI/EnvironmentSelector.cs - Importer: ScriptedImporter/UnityEditor.QuickSearchModule:UnityEditor.Search:ASIAI0B -> (ImportResultId: '52250e61c0c391a7f387928fb9801d3d') in 0.000579779 seconds
[Worker0] Imported GUID: e3040a42462f34a1abb382a2b8af67f2 - Path: Packages/com.unity.services.core/Editor/Core/Shared/Infrastructure/Collections - Importer: ScriptedImporter/UnityEditor.QuickSearchModule:UnityEditor.Search:ASIAI0B -> (ImportResultId: 'eee713d680dc19ea5f666c20db2256e0') in 0.000553921 seconds
[Worker0] Imported GUID: f8604489d464d4ffcbc69b7bbeed5585 - Path: Packages/com.unity.services.core/Editor/Core/Shared/Infrastructure/AssemblyInfo.Gen.cs - Importer: ScriptedImporter/UnityEditor.QuickSearchModule:UnityEditor.Search:ASIAI0B -> (ImportResultId: '8ff1effaed1cb2fa4ed4173c4c4b9eb6') in 0.000584007 seconds
[Worker0] Imported GUID: f2413ede0f9e49f181c52bd5ebd971c9 - Path: Packages/com.unity.services.cloud-build/Editor/AssemblyInfo.cs - Importer: ScriptedImporter/UnityEditor.QuickSearchModule:UnityEditor.Search:ASIAI0B -> (ImportResultId: '4aa08287b98eee7f0f15064b9a7eca6f') in 0.001716355 seconds
[Worker0] Imported GUID: 3e30cac7e0b708f4997401b616d76276 - Path: Packages/com.unity.services.core/Runtime/Core.Internal/Registry/PackageRegistry - Importer: ScriptedImporter/UnityEditor.QuickSearchModule:UnityEditor.Search:ASIAI0B -> (ImportResultId: '3a6ad5aaaaedc010e038bfd9bddf42ff') in 0.00057504 seconds
[Worker0] Imported GUID: 2946cf1ab319d45a9af9d5720e7cc5f6 - Path: Packages/com.unity.services.core/Runtime/Core.Internal/Components/Authentication/IAccessToken.cs - Importer: ScriptedImporter/UnityEditor.QuickSearchModule:UnityEditor.Search:ASIAI0B -> (ImportResultId: 'fe1ea364790ce734e3c77fece097df7a') in 0.000562757 seconds
[Worker0] Imported GUID: 8248873d05b3a9445ad1b09f6a0d2284 - Path: Packages/com.unity.services.core/Editor/Core/Telemetry - Importer: ScriptedImporter/UnityEditor.QuickSearchModule:UnityEditor.Search:ASIAI0B -> (ImportResultId: '2cda528cbcc917b5fcea44a19de1db06') in 0.000565843 seconds
[Worker0] Imported GUID: 24f488a631d59471fac9f6afb99df333 - Path: Packages/com.unity.services.core/Runtime/Device/UserIdProviders/NSUserDefaults.mm - Importer: ScriptedImporter/UnityEditor.QuickSearchModule:UnityEditor.Search:ASIAI0B -> (ImportResultId: 'd3423c77115f86564d0a4432f4bd5327') in 0.000765629 seconds
[Worker0] Imported GUID: 75ba8cc18b7164eb6aa7a8c4e64fbd25 - Path: Packages/com.unity.services.core/Runtime/Core/Unity.Services.Core.api - Importer: ScriptedImporter/UnityEditor.QuickSearchModule:UnityEditor.Search:ASIAI0B -> (ImportResultId: 'bb714a5325e7f139633812d643a2f91f') in 0.000620806 seconds
[Worker0] Imported GUID: 4ccb088ac3dc549f8b9dd4c7fa79206f - Path: Packages/com.unity.services.core/Runtime/Device/AssemblyInfo.cs - Importer: ScriptedImporter/UnityEditor.QuickSearchModule:UnityEditor.Search:ASIAI0B -> (ImportResultId: '22b627b14fe31e80ef97c4c6f6aadfdc') in 0.00104315 seconds
[Worker0] Imported GUID: a3870aa69e6f14c5d9f854d85444519b - Path: Packages/com.unity.services.core/Editor/Core/Shared/Clients/AdminApiHeaders.Gen.cs - Importer: ScriptedImporter/UnityEditor.QuickSearchModule:UnityEditor.Search:ASIAI0B -> (ImportResultId: '11d34a8569866c7a4839146bf89d103d') in 0.000743497 seconds
[Worker0] Imported GUID: db9e13e6a104a4b3a943cdd2e3ef4851 - Path: Packages/com.unity.services.core/Runtime/Core.Internal/Components/Wire/IChannel.cs - Importer: ScriptedImporter/UnityEditor.QuickSearchModule:UnityEditor.Search:ASIAI0B -> (ImportResultId: '6f08d7a77db0dc93eccbe8e3b57bfc90') in 0.000658878 seconds
[Worker0] Imported GUID: 7e37a63eef781477eb8beceb182bb6ae - Path: Packages/com.unity.services.cloud-build/Editor/USS - Importer: ScriptedImporter/UnityEditor.QuickSearchModule:UnityEditor.Search:ASIAI0B -> (ImportResultId: '2fb9477367947cee69b0c8819c00c232') in 0.000612891 seconds
[Worker0] Imported GUID: 0ae1e28585e54ec3beb5b599a85bde59 - Path: Packages/com.unity.services.core/Editor/Core/ProjectBindRedirect/USS - Importer: ScriptedImporter/UnityEditor.QuickSearchModule:UnityEditor.Search:ASIAI0B -> (ImportResultId: 'd6909493537f508253f5f05ec85945cb') in 0.000591382 seconds
[Worker0] Imported GUID: eafba3bdb53b34d70a61f2cf40a497ec - Path: Packages/com.unity.services.core/Runtime/Core.Internal/Components/Networking/ReadOnlyHttpRequest.cs - Importer: ScriptedImporter/UnityEditor.QuickSearchModule:UnityEditor.Search:ASIAI0B -> (ImportResultId: '21e5ab3d1a302dde22ed10d48eee8e8c') in 0.000705696 seconds
[Worker0] Imported GUID: 0f64d807cc1f642829a405ac1e55d676 - Path: Packages/com.unity.services.core/Editor/Core/Shared/EditorUtils/ApplyRevertChangeTracker.Gen.cs - Importer: ScriptedImporter/UnityEditor.QuickSearchModule:UnityEditor.Search:ASIAI0B -> (ImportResultId: '2f50bac956b749e7977759c77a624f9a') in 0.000585169 seconds
[Worker0] Imported GUID: dcf688ba1ec64584bccb711c266642f7 - Path: Packages/com.unity.services.cloud-build/Editor/EditorService - Importer: ScriptedImporter/UnityEditor.QuickSearchModule:UnityEditor.Search:ASIAI0B -> (ImportResultId: 'f64126ab1542217722df9edbe649fb17') in 0.000584669 seconds
[Worker0] Imported GUID: d0b82cea4f17c2d4ca9d0cf90f65875e - Path: Packages/com.unity.services.core/Editor/Core/Utils/OrganizationHandler/IOrganizationHandler.cs - Importer: ScriptedImporter/UnityEditor.QuickSearchModule:UnityEditor.Search:ASIAI0B -> (ImportResultId: '7bc8c790459ca10511d154b83d244192') in 0.000589147 seconds
[Worker0] Imported GUID: aa0fffe757d77d74b8fe6c3643f8aad9 - Path: Packages/com.unity.services.core/Editor/Core/Components/ServicesInitializationEditor.cs - Importer: ScriptedImporter/UnityEditor.QuickSearchModule:UnityEditor.Search:ASIAI0B -> (ImportResultId: '57e28dea2f77956144bdf61a65332d34') in 0.000599196 seconds
[Worker0] Imported GUID: b0e6fc8843fcd463aa6a3b763e0eeb1c - Path: Packages/com.unity.services.core/Runtime/Device/UserIdProviders/UnityEngineIdentifier.cs - Importer: ScriptedImporter/UnityEditor.QuickSearchModule:UnityEditor.Search:ASIAI0B -> (ImportResultId: 'b48055f2c3893f598074ddbe657ad384') in 0.00062847 seconds
[Worker0] Imported GUID: a7624b141c8742c78133946b1e5643d7 - Path: Packages/com.unity.services.core/Runtime/Core.Internal/AssemblyInfo.cs - Importer: ScriptedImporter/UnityEditor.QuickSearchModule:UnityEditor.Search:ASIAI0B -> (ImportResultId: 'bf3b2ccd77c714520ac2b648e359fec7') in 0.000539965 seconds
[Worker0] Imported GUID: d9d20055a871be64386d2366d3b00a23 - Path: Packages/com.unity.services.core/Runtime/Networking/UnityWebRequestClient.cs - Importer: ScriptedImporter/UnityEditor.QuickSearchModule:UnityEditor.Search:ASIAI0B -> (ImportResultId: 'fd15af8e9ec7325798d99560712ea086') in 0.00055848 seconds
[Worker0] Imported GUID: b53832499e53a0b4d86ce8a5699ffaa7 - Path: Packages/com.unity.services.core/Runtime/Components/AssemblyInfo.cs - Importer: ScriptedImporter/UnityEditor.QuickSearchModule:UnityEditor.Search:ASIAI0B -> (ImportResultId: '7843401e2366dc69b63c1d012266894f') in 0.000556856 seconds
[Worker0] Imported GUID: 3b67b1e8b8e4b40a8a8c9013b40c7efd - Path: Packages/com.unity.services.core/Runtime/Core.Internal/Components/Telemetry/IDiagnosticsComponentProvider.cs - Importer: ScriptedImporter/UnityEditor.QuickSearchModule:UnityEditor.Search:ASIAI0B -> (ImportResultId: 'e04229dc7e383cc7be6d7a075b5d9ce3') in 0.000571583 seconds
[Worker0] Imported GUID: 71938c5983b844220988ffeb611b6e63 - Path: Packages/com.unity.services.core/Editor/Core/Shared/Clients - Importer: ScriptedImporter/UnityEditor.QuickSearchModule:UnityEditor.Search:ASIAI0B -> (ImportResultId: 'abf2ff430f4ba77f11e1502de93d5b00') in 0.000590339 seconds
[Worker0] Imported GUID: d0d7f6572d6b64d4f802e930a1670ab5 - Path: Packages/com.unity.services.core/Runtime/Telemetry/Metrics/MetricsFactory.cs - Importer: ScriptedImporter/UnityEditor.QuickSearchModule:UnityEditor.Search:ASIAI0B -> (ImportResultId: 'db2cf5f9081047b8258ac08227fc0e69') in 0.000676591 seconds
[Worker0] Imported GUID: 5c918066646404a9cb09f3f5b6b20f35 - Path: Packages/com.unity.services.core/Runtime/Core.Internal/Components/Wire/IWire.cs - Importer: ScriptedImporter/UnityEditor.QuickSearchModule:UnityEditor.Search:ASIAI0B -> (ImportResultId: '724f78da82a5d4e78f736cbcada81f2c') in 0.000582435 seconds
[Worker0] Imported GUID: fa39e69036093794783504f168fa2bb3 - Path: Packages/com.unity.services.cloud-build/Editor/BuildAutomationDashboardUrls.cs - Importer: ScriptedImporter/UnityEditor.QuickSearchModule:UnityEditor.Search:ASIAI0B -> (ImportResultId: '87178f37d5a9fd8f86ba2490ba2cae87') in 0.000625405 seconds
[Worker0] Imported GUID: 56b4bdb99b98edc9588da08d3a61e6bb - Path: Packages/com.unity.services.core/Editor/Core/Environments/Client/Models/UnityUpdateOrganizationRequest.cs - Importer: ScriptedImporter/UnityEditor.QuickSearchModule:UnityEditor.Search:ASIAI0B -> (ImportResultId: '181541f10c060dce244e78e25c2ce96b') in 0.000658287 seconds
[Worker0] Imported GUID: 6785295165a3043e78d533185c7bf4cb - Path: Packages/com.unity.services.core/Runtime/Core.Internal/Unity.Services.Core.Internal.api - Importer: ScriptedImporter/UnityEditor.QuickSearchModule:UnityEditor.Search:ASIAI0B -> (ImportResultId: '9b38240898c38da66ea5f576342dce0b') in 0.000642177 seconds
[Worker0] Imported GUID: c6da497a894c04c6d9b6a738042ec6a0 - Path: Packages/com.unity.services.core/Runtime/Core.Internal/AsyncOperation/IAsyncOperationAwaiter.cs - Importer: ScriptedImporter/UnityEditor.QuickSearchModule:UnityEditor.Search:ASIAI0B -> (ImportResultId: 'e1a36f5c75c4d58f65963bf1dc5494cc') in 0.00066531 seconds
[Worker0] Imported GUID: c24795b0094cd46aa8966ca98c292b17 - Path: Packages/com.unity.services.core/Editor/Core/Environments/Client/Http/JsonHelpers.cs - Importer: ScriptedImporter/UnityEditor.QuickSearchModule:UnityEditor.Search:ASIAI0B -> (ImportResultId: '07bbaefa35fb6e2c2072ad4d07693dc1') in 0.000632829 seconds
[Worker0] Imported GUID: 7be8bf62aa4ad41f4888e0eda994a5bd - Path: Packages/com.unity.services.core/Editor/Core/EditorGameService/ServiceFlagEndpoint.cs - Importer: ScriptedImporter/UnityEditor.QuickSearchModule:UnityEditor.Search:ASIAI0B -> (ImportResultId: 'ad8c87e6ba18e136e0a0cac119e134b8') in 0.00059619 seconds
[Worker0] Imported GUID: f4753c82e9efa4528a60bf86e36dddeb - Path: Packages/com.unity.services.core/Editor/Core/Environments/Client/Models/IdentityIOneOf.cs - Importer: ScriptedImporter/UnityEditor.QuickSearchModule:UnityEditor.Search:ASIAI0B -> (ImportResultId: '244ff7d89332237b2bcf968717626dbf') in 0.000662805 seconds
[Worker0] Imported GUID: 90bd6c54a71b541299caf2a914b3d1ee - Path: Packages/com.unity.services.cloud-build/Editor/USS/BuildProfile.uss - Importer: ScriptedImporter/UnityEditor.QuickSearchModule:UnityEditor.Search:ASIAI0B -> (ImportResultId: '9bab2596702600a1458be9580f8630db') in 0.001407153 seconds
[Worker0] Imported GUID: cb40388a6db89d3429128f7a969e3960 - Path: Packages/com.unity.services.core/Runtime/Core.Internal/Registry/ComponentRegistry - Importer: ScriptedImporter/UnityEditor.QuickSearchModule:UnityEditor.Search:ASIAI0B -> (ImportResultId: '0c1cc35028eed98539333c2ada9fa75f') in 0.00071281 seconds
[Worker0] Imported GUID: a34c854a398474b63b1e45024cfbd2d4 - Path: Packages/com.unity.services.core/Editor/Core/Shared/Infrastructure/SystemEnvironment - Importer: ScriptedImporter/UnityEditor.QuickSearchModule:UnityEditor.Search:ASIAI0B -> (ImportResultId: '5dbd49c9724ca6a7e6e8b38f4e15f644') in 0.000660511 seconds
[Worker0] Imported GUID: 9d56e732a6084e26ade8541c75cca4e1 - Path: Packages/com.unity.services.core/Editor/Core/Linker/Models/XmlLinkedMethod.cs - Importer: ScriptedImporter/UnityEditor.QuickSearchModule:UnityEditor.Search:ASIAI0B -> (ImportResultId: '007a9a06904ee07b3d54ad8986d5b990') in 0.00071842 seconds
[Worker0] Imported GUID: 36565a93e739cba4d8afed38abe79811 - Path: Packages/com.unity.services.core/Runtime/Core.Internal/Components/Vivox - Importer: ScriptedImporter/UnityEditor.QuickSearchModule:UnityEditor.Search:ASIAI0B -> (ImportResultId: 'e49d9bd09eefb31d15171cb179eed872') in 0.002076351 seconds
[Worker0] Imported GUID: 31e8372c664249ebbe0edd0ed9d1729c - Path: Packages/com.unity.services.core/Editor/Core/Utils/ThreadingUtility.cs - Importer: ScriptedImporter/UnityEditor.QuickSearchModule:UnityEditor.Search:ASIAI0B -> (ImportResultId: '81e7bd90e2b81ddbc5e8a9cc0fd8890d') in 0.000694776 seconds
[Worker0] Imported GUID: 14f21d7a1e53a8c4e87b25526a7eb63c - Path: Packages/com.unity.nuget.newtonsoft-json/Runtime/AOT - Importer: ScriptedImporter/UnityEditor.QuickSearchModule:UnityEditor.Search:ASIAI0B -> (ImportResultId: 'f3654e49c3754b95023c307e4a9925bd') in 0.000646475 seconds
[Worker0] Imported GUID: 568341f8f466f439b94ba2a42f030174 - Path: Packages/com.unity.services.core/Editor/Core/Environments/Client/Scheduler/EngineStateHelper.cs - Importer: ScriptedImporter/UnityEditor.QuickSearchModule:UnityEditor.Search:ASIAI0B -> (ImportResultId: '72d58f9e950791627dda93daa34510a8') in 0.000693874 seconds
[Worker0] Imported GUID: 249a2fdb5bd0534428138ffd827b1db5 - Path: Packages/com.unity.services.core/Runtime/Configuration/ConfigurationUtils.cs - Importer: ScriptedImporter/UnityEditor.QuickSearchModule:UnityEditor.Search:ASIAI0B -> (ImportResultId: '5fec41fa513b0d7f784dafdcbac20bc3') in 0.000584108 seconds
[Worker0] Imported GUID: f370a18090ac4e558e6cf30636aabfe0 - Path: Packages/com.unity.services.core/Editor/Core/Networking/JsonWebToken.cs - Importer: ScriptedImporter/UnityEditor.QuickSearchModule:UnityEditor.Search:ASIAI0B -> (ImportResultId: 'ae8f95fdc50bfdae332615316a5608ae') in 0.000754708 seconds
[Worker0] Imported GUID: bd3488b91e5f84fb18390042c3ebc70b - Path: Packages/com.unity.services.core/Runtime/Core.Internal/AsyncOperation/AsyncOperationExtensions.cs - Importer: ScriptedImporter/UnityEditor.QuickSearchModule:UnityEditor.Search:ASIAI0B -> (ImportResultId: '6e205eb653622f0087cade43a0ed94c1') in 0.000622771 seconds
[Worker0] Imported GUID: 1d10e5e321ee64ac08d2a84ac6da0812 - Path: Packages/com.unity.services.cloud-build/Icons - Importer: ScriptedImporter/UnityEditor.QuickSearchModule:UnityEditor.Search:ASIAI0B -> (ImportResultId: '5694b4fc4a7ad6b411c84ca94a7ef613') in 0.000568438 seconds
[Worker0] Imported GUID: e5bcbad422c32d240b4dae8cdd6123fd - Path: Packages/com.unity.services.core/Runtime/Core.Internal/Components/Analytics - Importer: ScriptedImporter/UnityEditor.QuickSearchModule:UnityEditor.Search:ASIAI0B -> (ImportResultId: '17f0da833bf4c797cbb9797bc4af450f') in 0.000545245 seconds
[Worker0] Imported GUID: fed01095b990a354289891ead909238f - Path: Packages/com.unity.nuget.newtonsoft-json/Runtime/Newtonsoft.Json.xml - Importer: ScriptedImporter/UnityEditor.QuickSearchModule:UnityEditor.Search:ASIAI0B -> (ImportResultId: '9601155552b1e53a994b18c3534c4d9e') in 0.001646343 seconds
[Worker0] Imported GUID: 23802ddabc0c4ccab92e4052314d4473 - Path: Packages/com.unity.services.core/Editor/Core/UserRoleManagement/UserRoleClient.cs - Importer: ScriptedImporter/UnityEditor.QuickSearchModule:UnityEditor.Search:ASIAI0B -> (ImportResultId: '438beded84f12516b232668b477cddb7') in 0.000579669 seconds
[Worker0] Imported GUID: 0fda2e89476d45ee88061de782415ae8 - Path: Packages/com.unity.services.core/Editor/Core/Environments/EnvironmentsApi.cs - Importer: ScriptedImporter/UnityEditor.QuickSearchModule:UnityEditor.Search:ASIAI0B -> (ImportResultId: '233bc315a853847e4d1cad82669bfd1b') in 0.000582054 seconds
[Worker0] Imported GUID: 460c6bd3df0f3f943a1ba014c1818f4a - Path: Packages/com.unity.services.core/Editor/Core/Networking/TokenExchange.cs - Importer: ScriptedImporter/UnityEditor.QuickSearchModule:UnityEditor.Search:ASIAI0B -> (ImportResultId: '64cd321398361e6a7584c12f27a6679c') in 0.000565893 seconds
[Worker0] Imported GUID: 7a3effa9f908d4e8a88877e048cf05dd - Path: Packages/com.unity.services.core/Runtime/Registration/Unity.Services.Core.Registration.asmdef - Importer: ScriptedImporter/UnityEditor.QuickSearchModule:UnityEditor.Search:ASIAI0B -> (ImportResultId: 'e4273cd83c0c2c84f9cd8c5b77ccfa56') in 0.000619914 seconds
[Worker0] Imported GUID: b53dd038fe96141b3ad1e6676408d00b - Path: Packages/com.unity.services.core/Editor - Importer: ScriptedImporter/UnityEditor.QuickSearchModule:UnityEditor.Search:ASIAI0B -> (ImportResultId: '2e9c5e35093fd69cc1b302086c8705b2') in 0.000561795 seconds
[Worker0] Imported GUID: 56724d63b19250d45b2ded3dff5bf19c - Path: Packages/com.unity.services.core/Editor/Core/Configuration/ConfigurationBuilder.cs - Importer: ScriptedImporter/UnityEditor.QuickSearchModule:UnityEditor.Search:ASIAI0B -> (ImportResultId: 'ee2c41ed5bfc3b09aeb5c76706bd7fe6') in 0.000589557 seconds
[Worker0] Imported GUID: 75eeeeadd65f0407db138d67605e095b - Path: Packages/com.unity.services.core/Runtime/Environments/EnvironmentsOptionsExtensions.cs - Importer: ScriptedImporter/UnityEditor.QuickSearchModule:UnityEditor.Search:ASIAI0B -> (ImportResultId: '6560cfa69b3fed9cd5344af4eb3416fb') in 0.000689866 seconds
[Worker0] Imported GUID: 6226434778f184f669acaa32c428c821 - Path: Packages/com.unity.services.core/Editor/Core/Environments/Client/ErrorMitigation/RetryPolicy.cs - Importer: ScriptedImporter/UnityEditor.QuickSearchModule:UnityEditor.Search:ASIAI0B -> (ImportResultId: 'c3a3679207f3d83874cc11ddf09904ea') in 0.000670199 seconds
[Worker0] Imported GUID: 89da8fcade106e248a5d3190a19d35e3 - Path: Packages/com.unity.services.core/Runtime/Scheduler/TimeProvider - Importer: ScriptedImporter/UnityEditor.QuickSearchModule:UnityEditor.Search:ASIAI0B -> (ImportResultId: '510a68a3bda3245c4ada5b7477b588ce') in 0.000630294 seconds
[Worker0] Imported GUID: a4a252d22132442d4940009e16a99424 - Path: Packages/com.unity.services.core/Editor/Core/Environments/Client/Configuration/Configuration.cs - Importer: ScriptedImporter/UnityEditor.QuickSearchModule:UnityEditor.Search:ASIAI0B -> (ImportResultId: '775ded6e6c2169e7593601a3ed67b5d5') in 0.000617099 seconds
[Worker0] Imported GUID: 1979fd426439544d792c9d2cb653aaa3 - Path: Packages/com.unity.services.core/Editor/Core/ProjectBindRedirect/UXML/ProjectBindRedirectProjectSettings.uxml - Importer: ScriptedImporter/UnityEditor.QuickSearchModule:UnityEditor.Search:ASIAI0B -> (ImportResultId: 'f73a803102c4d9f2791f27ecb6a2d076') in 0.003115653 seconds
[Worker0] Imported GUID: f46ae31386794c47a083a210dc6c6bf9 - Path: Packages/com.unity.services.core/Editor/Core/Configuration/Utils/AssetUtils.cs - Importer: ScriptedImporter/UnityEditor.QuickSearchModule:UnityEditor.Search:ASIAI0B -> (ImportResultId: '565d042ee27c39792ca39fa1062d266b') in 0.000781588 seconds
[Worker0] Imported GUID: cefb4b36108e4c2d9c00c22bc8251d87 - Path: Packages/com.unity.services.core/Editor/Core/Linker/Models/XmlLinkedAccessors.cs - Importer: ScriptedImporter/UnityEditor.QuickSearchModule:UnityEditor.Search:ASIAI0B -> (ImportResultId: '8f91edc18a9ffae9674c46f50810304d') in 0.000746002 seconds
[Worker0] Imported GUID: cec35b4f221f4ae69973858262c86db2 - Path: Packages/com.unity.services.core/Runtime/Core.Internal/Components/Qos/IQosResults.cs - Importer: ScriptedImporter/UnityEditor.QuickSearchModule:UnityEditor.Search:ASIAI0B -> (ImportResultId: 'e4399a938de06dc84dd95a99c2e6a634') in 0.000726745 seconds
[Worker0] Imported GUID: 110b91e3d66b8144aa4cd4e136d55d68 - Path: Packages/com.unity.services.core/Editor/Core/Configuration/Utils/IoUtils.cs - Importer: ScriptedImporter/UnityEditor.QuickSearchModule:UnityEditor.Search:ASIAI0B -> (ImportResultId: '9146a73df8bfbdb868415740eb799d7a') in 0.000818458 seconds
[Worker0] Imported GUID: 8e39141d2b0d43b588706d73735a06c7 - Path: Packages/com.unity.services.core/Editor/Core/Environments/Analytics - Importer: ScriptedImporter/UnityEditor.QuickSearchModule:UnityEditor.Search:ASIAI0B -> (ImportResultId: 'b5c123f69e7311023f54f5bae7d295c3') in 0.000728789 seconds
[Worker0] Imported GUID: 352d9219ebd00854cbcd797e588b93b2 - Path: Packages/com.unity.services.core/Editor/Core/Environments/Client/Models/UnityCreateOrganizationRequest.cs - Importer: ScriptedImporter/UnityEditor.QuickSearchModule:UnityEditor.Search:ASIAI0B -> (ImportResultId: '4b12d2ac6b4bbe0feee0e1f9dbb5de61') in 0.000680769 seconds
[Worker0] Imported GUID: 87afa49178de548ed83971e4819c36bd - Path: Packages/com.unity.services.core/Editor/Core/Shared/UI/CollectionBinding.Gen.cs - Importer: ScriptedImporter/UnityEditor.QuickSearchModule:UnityEditor.Search:ASIAI0B -> (ImportResultId: '8d063fa8cf1851289d44d6a674450494') in 0.000622329 seconds
[Worker0] Imported GUID: 99614a857646842a086184db34d8fb84 - Path: Packages/com.unity.services.core/Runtime/Core.Internal/Components - Importer: ScriptedImporter/UnityEditor.QuickSearchModule:UnityEditor.Search:ASIAI0B -> (ImportResultId: '8dac73dad4982a2b2101d66fdfe468ed') in 0.000702169 seconds
[Worker0] Imported GUID: 9bbe9fb6e9537684cac89a4e82cf3d63 - Path: Packages/com.unity.services.core/Editor/Core/UiHelpers/UXML/AccessTokenError.uxml - Importer: ScriptedImporter/UnityEditor.QuickSearchModule:UnityEditor.Search:ASIAI0B -> (ImportResultId: '74ecf0f6f3e68d9d244e314eca83471b') in 0.003568976 seconds
[Worker0] Imported GUID: 973ed18fe43543b9aa8aa43e5e88961d - Path: Packages/com.unity.services.core/Editor/Core/ProjectStateManagement/IProjectStateRequest.cs - Importer: ScriptedImporter/UnityEditor.QuickSearchModule:UnityEditor.Search:ASIAI0B -> (ImportResultId: '79e8f56724571383cffae9382f6ae16a') in 0.000666753 seconds
[Worker0] Imported GUID: 3ec1058b5f6b14ce3ad4b976c291d834 - Path: Packages/com.unity.services.core/Editor/Core/UiHelpers/UXML/PlatformSupportVisual.uxml - Importer: ScriptedImporter/UnityEditor.QuickSearchModule:UnityEditor.Search:ASIAI0B -> (ImportResultId: '64c18ff3d496df237253dcdea4013dd9') in 0.002088824 seconds
[Worker0] Imported GUID: 784151075867944a995c363a19d75790 - Path: Packages/com.unity.services.core/Runtime/Configuration/AssemblyInfo.cs - Importer: ScriptedImporter/UnityEditor.QuickSearchModule:UnityEditor.Search:ASIAI0B -> (ImportResultId: 'e2a4b623393bd0bc18d43eda98dee4ea') in 0.000699304 seconds
[Worker0] Imported GUID: 5d6b5b582538b37428e63b2b6c506ea7 - Path: Packages/com.unity.services.core/Runtime/Scheduler/TimeProvider/ITimeProvider.cs - Importer: ScriptedImporter/UnityEditor.QuickSearchModule:UnityEditor.Search:ASIAI0B -> (ImportResultId: '2b8562909a412b1408c70644f7365393') in 0.000624884 seconds
[Worker0] Imported GUID: d0d897c4aa12b8140b650ec29e099ff7 - Path: Packages/com.unity.services.core/Editor/Core/Configuration/Unity.Services.Core.Configuration.Editor.asmdef - Importer: ScriptedImporter/UnityEditor.QuickSearchModule:UnityEditor.Search:ASIAI0B -> (ImportResultId: '2b9c80cd56179cc1aea1d181953dd8d2') in 0.000682923 seconds
[Worker0] Imported GUID: 51bd45ca4f0f28342a12f4b0c80e9f4f - Path: Packages/com.unity.nuget.newtonsoft-json/README.md - Importer: ScriptedImporter/UnityEditor.QuickSearchModule:UnityEditor.Search:ASIAI0B -> (ImportResultId: '94a803d0a3c3b980d30a6e85ea6a220c') in 0.001949653 seconds
[Worker0] Imported GUID: 036c332b7e1444de6a8c2dbc19b99027 - Path: Packages/com.unity.services.core/Editor/Core/Shared/Infrastructure/Collections/MappedObservableCollection.Gen.cs - Importer: ScriptedImporter/UnityEditor.QuickSearchModule:UnityEditor.Search:ASIAI0B -> (ImportResultId: '02cdae6906c3b082e6eb8bf5c6d988d5') in 0.001292699 seconds
[Worker0] Imported GUID: dfc2b9b5d2fe14b188e5ac23c3580d9e - Path: Packages/com.unity.services.core/Runtime/Core.Internal/Components/Networking/HttpRequest.cs - Importer: ScriptedImporter/UnityEditor.QuickSearchModule:UnityEditor.Search:ASIAI0B -> (ImportResultId: '3f6325ed386981d7dd8520e3c4c7abe9') in 0.001042478 seconds
[Worker0] Imported GUID: 0c5352acffb6c7f49b41ac820cb8a0b2 - Path: Packages/com.unity.services.core/Editor/Core/Attributes - Importer: ScriptedImporter/UnityEditor.QuickSearchModule:UnityEditor.Search:ASIAI0B -> (ImportResultId: 'b2ce0191b0ffab5f568ba8a255f92978') in 0.001137638 seconds
[Worker0] Imported GUID: 332ad2f567fa467f945149fb7fabb67e - Path: Packages/com.unity.services.core/Runtime/Core.Internal/Components/Qos - Importer: ScriptedImporter/UnityEditor.QuickSearchModule:UnityEditor.Search:ASIAI0B -> (ImportResultId: '3d0b9b1fd651c403a164b5261f6a8bfc') in 0.001232506 seconds
[Worker0] Imported GUID: 9a76d279054d4310a6dae6caef9c5682 - Path: Packages/com.unity.services.core/Editor/Core/Environments/IEnvironmentsApi.cs - Importer: ScriptedImporter/UnityEditor.QuickSearchModule:UnityEditor.Search:ASIAI0B -> (ImportResultId: '2b9a9d836d04d9e654bd80daa26d7627') in 0.000875064 seconds
[Worker0] Imported GUID: 983957cb280949f2b53b1f04bdd8a9fd - Path: Packages/com.unity.services.core/Editor/Core/EditorGameService/IEditorGameServiceIdentifier.cs - Importer: ScriptedImporter/UnityEditor.QuickSearchModule:UnityEditor.Search:ASIAI0B -> (ImportResultId: '05a2f53eca8a886c30a25ede920a1056') in 0.001003786 seconds
[Worker0] Imported GUID: 3acc39c28cb7b4e14aec130471988144 - Path: Packages/com.unity.services.core/Runtime/Analytics/Unity.Services.Core.Analytics.api - Importer: ScriptedImporter/UnityEditor.QuickSearchModule:UnityEditor.Search:ASIAI0B -> (ImportResultId: '42d840c1d23523ed9d382f5cff74a515') in 0.001098193 seconds
[Worker0] Imported GUID: de9e8083c7ded62419890100100933a1 - Path: Packages/com.unity.services.core/Runtime/Configuration/ConfigurationEntry.cs - Importer: ScriptedImporter/UnityEditor.QuickSearchModule:UnityEditor.Search:ASIAI0B -> (ImportResultId: '6488a58e1342e35f000e90af54a14205') in 0.000737495 seconds
[Worker0] Imported GUID: 4c736f93ef06a426e92c0e72ceb077f9 - Path: Packages/com.unity.services.core/Editor/Core/Environments/Client/Http/ResponseHandler.cs - Importer: ScriptedImporter/UnityEditor.QuickSearchModule:UnityEditor.Search:ASIAI0B -> (ImportResultId: 'b6f678415c8c7708ecb662cb7c729ff4') in 0.000839097 seconds
[Worker0] Imported GUID: 5db9d1747e5834b66b20ddca88e326d2 - Path: Packages/com.unity.services.core/Editor/Core/Environments/UI/Assets - Importer: ScriptedImporter/UnityEditor.QuickSearchModule:UnityEditor.Search:ASIAI0B -> (ImportResultId: '0d7e6d6e15d8eae3d4cde901e801a070') in 0.000946017 seconds
[Worker0] Imported GUID: 7c83fba134eed5642bd60711033a2758 - Path: Packages/com.unity.services.core/Editor/Core/ProjectBindRedirect/USS/ProjectBindRedirectPopupLight.uss - Importer: ScriptedImporter/UnityEditor.QuickSearchModule:UnityEditor.Search:ASIAI0B -> (ImportResultId: 'c71123a72959d14a9fcc6e1397ad19be') in 0.002471083 seconds
[Worker0] Imported GUID: a0a5dd7415f94942b8b406641198323f - Path: Packages/com.unity.services.core/Editor/Core/EditorGameService/IServiceUrlBuilder.cs - Importer: ScriptedImporter/UnityEditor.QuickSearchModule:UnityEditor.Search:ASIAI0B -> (ImportResultId: 'c667a382d0825b3764e8392f10275d01') in 0.001146344 seconds
[Worker0] Imported GUID: bdacac376e304af3be80a07fec283518 - Path: Packages/com.unity.services.core/Editor/Core/ProjectBindRedirect - Importer: ScriptedImporter/UnityEditor.QuickSearchModule:UnityEditor.Search:ASIAI0B -> (ImportResultId: 'eb5f8d787c1025deee91ca798a373e8a') in 0.001090199 seconds
[Worker0] Imported GUID: d82f57a40dd480c4992d1d23dd773765 - Path: Packages/com.unity.services.core/Runtime/Telemetry/Diagnotstics/Diagnostics.cs - Importer: ScriptedImporter/UnityEditor.QuickSearchModule:UnityEditor.Search:ASIAI0B -> (ImportResultId: 'dd3e3a77dfb68f377cad18311b27929b') in 0.001092974 seconds
[Worker0] Imported GUID: 86260b9e5f4704f4c8d27269599cf8e0 - Path: Packages/com.unity.services.core/Runtime/Scheduler - Importer: ScriptedImporter/UnityEditor.QuickSearchModule:UnityEditor.Search:ASIAI0B -> (ImportResultId: '199e6b668f57bf3700ab96f4b3d5be23') in 0.000887388 seconds
[Worker0] Imported GUID: ad038c07cd5d462c9534935085daaf02 - Path: Packages/com.unity.services.core/Editor/Core/UserRoleManagement - Importer: ScriptedImporter/UnityEditor.QuickSearchModule:UnityEditor.Search:ASIAI0B -> (ImportResultId: '56f5e889edb267599965e8de8614d255') in 0.000837153 seconds
[Worker0] Imported GUID: 40f9aa331f3045d4973df46b8e2c124c - Path: Packages/com.unity.services.core/Editor/Core/BackendHelpers - Importer: ScriptedImporter/UnityEditor.QuickSearchModule:UnityEditor.Search:ASIAI0B -> (ImportResultId: '5be3217626656da2695f16219f854cc6') in 0.001038341 seconds
[Worker0] Imported GUID: d5d66638474e546b1b5402eca60d7066 - Path: Packages/com.unity.services.core/Editor/Core/EditorGameService/IEditorGameService.cs - Importer: ScriptedImporter/UnityEditor.QuickSearchModule:UnityEditor.Search:ASIAI0B -> (ImportResultId: '94e828cf90830dec6ebf103efaf20b29') in 0.000899039 seconds
[Worker0] Imported GUID: fb6da325a94f62165b7349dcd8eeacc2 - Path: Packages/com.unity.services.core/Editor/Core/Environments/Client/Models/UnityUserOrganizationsV1OrganizationsInner.cs - Importer: ScriptedImporter/UnityEditor.QuickSearchModule:UnityEditor.Search:ASIAI0B -> (ImportResultId: '334486f93f6cdd5ff3a7629e58f83975') in 0.001033912 seconds
[Worker0] Imported GUID: dcfa8e537229b4e8db4c6bc39a906c89 - Path: Packages/com.unity.services.core/Editor/Core/UiHelpers/Images/ExternalLinkIcon.png - Importer: ScriptedImporter/UnityEditor.QuickSearchModule:UnityEditor.Search:ASIAI0B -> (ImportResultId: 'd07d581d16a4b02fbcc233c5980df333') in 0.00466223 seconds
[Worker0] Imported GUID: 6276696794194e81937074d2a164d5b7 - Path: Packages/com.unity.services.cloud-build/Editor/EditorService/BuildAutomationIdentifier.cs - Importer: ScriptedImporter/UnityEditor.QuickSearchModule:UnityEditor.Search:ASIAI0B -> (ImportResultId: '661b418f7cefbecde72d33e92f4c31f7') in 0.000969332 seconds
[Worker0] Imported GUID: c392fb07e4dd95f468fa7bef48577e18 - Path: Packages/com.unity.services.core/Editor/Core/Status/StatusView.cs - Importer: ScriptedImporter/UnityEditor.QuickSearchModule:UnityEditor.Search:ASIAI0B -> (ImportResultId: '42380842c28005177e4b7534be1787b7') in 0.000650643 seconds
[Worker0] Imported GUID: 9c86c514ae5b03149a2732c3882cad70 - Path: Packages/com.unity.services.core/Runtime/Core.Internal/Registry/PackageRegistry/PackageRegistry.cs - Importer: ScriptedImporter/UnityEditor.QuickSearchModule:UnityEditor.Search:ASIAI0B -> (ImportResultId: '3c6460bd2d41d5c55b04aadc89df5642') in 0.000662565 seconds
[Worker0] Imported GUID: 1dc7579b84c6502409096a7cc9cab223 - Path: Packages/com.unity.services.core/Runtime/Core.Internal/Registry/ServiceRegistry/ServiceRegistry.cs - Importer: ScriptedImporter/UnityEditor.QuickSearchModule:UnityEditor.Search:ASIAI0B -> (ImportResultId: '42645f8da1980cb343c4f91e738cfaf6') in 0.000805704 seconds
[Worker0] Imported GUID: 3acf2a208165fee48a9a8604d2ab412a - Path: Packages/com.unity.services.core/Runtime/Telemetry/Metrics/DisabledMetrics.cs - Importer: ScriptedImporter/UnityEditor.QuickSearchModule:UnityEditor.Search:ASIAI0B -> (ImportResultId: 'ec6bdd10c9b10e7547d40ac623315a85') in 0.000598424 seconds
[Worker0] Imported GUID: 37a33c61bf764894a8475d39ea843da1 - Path: Packages/com.unity.services.core/Editor/Core/UiHelpers/LoggedOutUiHelper.cs - Importer: ScriptedImporter/UnityEditor.QuickSearchModule:UnityEditor.Search:ASIAI0B -> (ImportResultId: 'b19231039f0b2164a329ef6cd6a8c5e0') in 0.00056423 seconds
[Worker0] Imported GUID: 7d34f3cc1c0185b4990cf748e55a8688 - Path: Packages/com.unity.nuget.newtonsoft-json/Runtime/Newtonsoft.Json.pdb - Importer: ScriptedImporter/UnityEditor.QuickSearchModule:UnityEditor.Search:ASIAI0B -> (ImportResultId: '22e7d26bcefb8c27c50ae783f93345bf') in 0.000582114 seconds
[Worker0] Imported GUID: 7829c22a2e7f648629af71b9abb67494 - Path: Packages/com.unity.services.core/Runtime/Core.Internal/AsyncOperation/TaskAsyncOperation.cs - Importer: ScriptedImporter/UnityEditor.QuickSearchModule:UnityEditor.Search:ASIAI0B -> (ImportResultId: '7befd289cf1465a8c979086f36a8f665') in 0.000552047 seconds
[Worker0] Imported GUID: 4c5640e415edbe342bbe339175268dfc - Path: Packages/com.unity.nuget.newtonsoft-json/Runtime/AOT/Newtonsoft.Json.xml - Importer: ScriptedImporter/UnityEditor.QuickSearchModule:UnityEditor.Search:ASIAI0B -> (ImportResultId: '9acd8618521ceba20abfa53fdd795c5b') in 0.001542407 seconds
[Worker0] Imported GUID: 1065b9b06c7f48d19ccb803b018c4f25 - Path: Packages/com.unity.services.core/Editor/Core/CloudEnvironment/ICloudEnvironmentConfigurationProvider.cs - Importer: ScriptedImporter/UnityEditor.QuickSearchModule:UnityEditor.Search:ASIAI0B -> (ImportResultId: 'ffdbdd3e5e7c8ac3c32a6c90c8daf25f') in 0.000603434 seconds
[Worker0] Imported GUID: 3dcad6c36987d40ddb60da0e9ca5fd71 - Path: Packages/com.unity.services.cloud-build/Editor/UXML/BuildAutomationCredentialsConfig.uxml - Importer: ScriptedImporter/UnityEditor.QuickSearchModule:UnityEditor.Search:ASIAI0B -> (ImportResultId: '34e17182c2739f5057ee50eba12927f9') in 0.002974599 seconds
[Worker0] Imported GUID: 7d41bc66ca544cfbbba5398c679b4684 - Path: Packages/com.unity.services.core/Runtime/Core.Internal/Telemetry - Importer: ScriptedImporter/UnityEditor.QuickSearchModule:UnityEditor.Search:ASIAI0B -> (ImportResultId: 'c68edef194fd22084c949b963079875f') in 0.000603063 seconds
[Worker0] Imported GUID: 85397440c8b947aabfac8225f2d98312 - Path: Packages/com.unity.services.core/Editor/Core/Utils/FileSystem/FileSystem.cs - Importer: ScriptedImporter/UnityEditor.QuickSearchModule:UnityEditor.Search:ASIAI0B -> (ImportResultId: '8a0ed88a7663125519c24b2d2d12ba3e') in 0.000566504 seconds
[Worker0] Imported GUID: 166d2f7f22ef04096be86aadbd702c7c - Path: Packages/com.unity.services.core/Editor/Core/EditorGameService/Analytics/IEditorAnalyticsEventRegistrant.cs - Importer: ScriptedImporter/UnityEditor.QuickSearchModule:UnityEditor.Search:ASIAI0B -> (ImportResultId: '6dd954be7afad72e1792e91d4633c912') in 0.000588245 seconds
[Worker0] Imported GUID: 15ce1c0ae24d491795cb39aa859e1e5b - Path: Packages/com.unity.services.core/Runtime/Scheduler/ScheduledInvocationComparer.cs - Importer: ScriptedImporter/UnityEditor.QuickSearchModule:UnityEditor.Search:ASIAI0B -> (ImportResultId: '8369bbd0341efde9cc72df81216c5cfb') in 0.000599807 seconds
[Worker0] Imported GUID: 329750b2a7303a4469bcbd1fa0b517a2 - Path: Packages/com.unity.services.core/Runtime/Configuration/IConfigurationLoader.cs - Importer: ScriptedImporter/UnityEditor.QuickSearchModule:UnityEditor.Search:ASIAI0B -> (ImportResultId: '3cb626d86724de998db4b0d7754697e5') in 0.000582434 seconds
[Worker0] Imported GUID: 1e50c70614a544629700f4012c0477dd - Path: Packages/com.unity.services.cloud-build/Editor/BuildAutomationUVCSConnector.cs - Importer: ScriptedImporter/UnityEditor.QuickSearchModule:UnityEditor.Search:ASIAI0B -> (ImportResultId: '680c7032f5b4bcbd9a075f7af54a9827') in 0.000599516 seconds
[Worker0] Imported GUID: 03a13814984de4f0b88ec94c7f6f1b58 - Path: Packages/com.unity.services.core/Runtime/Core.Internal/Components/Networking/IHttpClient.cs - Importer: ScriptedImporter/UnityEditor.QuickSearchModule:UnityEditor.Search:ASIAI0B -> (ImportResultId: '295988a819dda060d6e5ef766e03c5f7') in 0.001515057 seconds
[Worker0] Imported GUID: 1a303738ae14b4b0c8a513889c711eea - Path: Packages/com.unity.services.core/Editor/Core/UiHelpers/USS/SliderToggleCommon.uss - Importer: ScriptedImporter/UnityEditor.QuickSearchModule:UnityEditor.Search:ASIAI0B -> (ImportResultId: '1aa2d24dfc8aee04b56b59a777668c87') in 0.002540854 seconds
[Worker0] Imported GUID: 1bbf334d5914b4e5fb71055db5347e94 - Path: Packages/com.unity.services.core/Editor/Core/Shared/DependencyInversion/Transient.Gen.cs - Importer: ScriptedImporter/UnityEditor.QuickSearchModule:UnityEditor.Search:ASIAI0B -> (ImportResultId: 'feb0d5910d35b7a96a31bc4009320157') in 0.000970904 seconds
[Worker0] Imported GUID: 93a01b45768d4309ba8975cb3ce8dc56 - Path: Packages/com.unity.services.core/Editor/Core/Utils/IGatewayTokens.cs - Importer: ScriptedImporter/UnityEditor.QuickSearchModule:UnityEditor.Search:ASIAI0B -> (ImportResultId: '213cb6dae9e68105cbd8db8e4df6fb33') in 0.001146314 seconds
[Worker0] Imported GUID: 61b29d9ff53546128af8ab2c42bc3556 - Path: Packages/com.unity.services.core/Editor/Core/Linker - Importer: ScriptedImporter/UnityEditor.QuickSearchModule:UnityEditor.Search:ASIAI0B -> (ImportResultId: 'af9651051605854506c544617fac57f9') in 0.001095168 seconds
[Worker0] Imported GUID: 729d559312e6e4c9a8fcf4ef80a668dd - Path: Packages/com.unity.services.core/Editor/Core/Environments/EnvironmentsApiInternal.cs - Importer: ScriptedImporter/UnityEditor.QuickSearchModule:UnityEditor.Search:ASIAI0B -> (ImportResultId: '685a31588d7ff3a059c1a16eb49cc113') in 0.0013947 seconds
[Worker0] Imported GUID: ac89e17024bc24b4dbbc6c7d233b333f - Path: Packages/com.unity.services.core/Runtime/Configuration/CloudProjectId.cs - Importer: ScriptedImporter/UnityEditor.QuickSearchModule:UnityEditor.Search:ASIAI0B -> (ImportResultId: '85a30c194774cbca54238581a2c7ae7c') in 0.000953712 seconds
[Worker0] Imported GUID: 72cfb564f8b25174e87a90f7eb44ca04 - Path: Packages/com.unity.services.core/Runtime/Core.Internal/Components/Threading - Importer: ScriptedImporter/UnityEditor.QuickSearchModule:UnityEditor.Search:ASIAI0B -> (ImportResultId: '14f97ca6ee866d11046a2d7eeecfd70f') in 0.000910381 seconds
[Worker0] Imported GUID: 5845494cae7434f98a56718a3f9eb802 - Path: Packages/com.unity.services.core/Runtime/Device/UserIdProviders/UnityAdsIdentifier.cs - Importer: ScriptedImporter/UnityEditor.QuickSearchModule:UnityEditor.Search:ASIAI0B -> (ImportResultId: '838581e08e1ede5600dd97902fda9ec9') in 0.000935217 seconds
[Worker0] Imported GUID: 30e93d52fa3094ae7a2937dddf9a281c - Path: Packages/com.unity.services.cloud-build/package.json - Importer: ScriptedImporter/UnityEditor.QuickSearchModule:UnityEditor.Search:ASIAI0B -> (ImportResultId: 'b5bbd78d5913d7356deb6dd9f60917df') in 0.000703201 seconds
[Worker0] Imported GUID: 8e126fed76644b3693002bc22b18c098 - Path: Packages/com.unity.services.cloud-build/Editor/BuildAutomationUtilities.cs - Importer: ScriptedImporter/UnityEditor.QuickSearchModule:UnityEditor.Search:ASIAI0B -> (ImportResultId: '84e0879fb282837c82fa0c8ed02175c2') in 0.002323896 seconds
[Worker0] Imported GUID: a2223fccbc4b76546b70cd6d62739cf1 - Path: Packages/com.unity.services.core/Runtime/Threading/Unity.Services.Core.Threading.api - Importer: ScriptedImporter/UnityEditor.QuickSearchModule:UnityEditor.Search:ASIAI0B -> (ImportResultId: '566a25b1be83812b3c040e576f04df01') in 0.001235922 seconds
[Worker0] Imported GUID: 0eb58e505d1d7a64dbb77f197ea72ebe - Path: Packages/com.unity.services.core/Editor/Core/Scheduler - Importer: ScriptedImporter/UnityEditor.QuickSearchModule:UnityEditor.Search:ASIAI0B -> (ImportResultId: '732c08b119ec1d876dc44790f7b6060e') in 0.000668686 seconds
[Worker0] Imported GUID: 06af021de11772b48ab2c729e6da3dc6 - Path: Packages/com.unity.services.core/CHANGELOG.md - Importer: ScriptedImporter/UnityEditor.QuickSearchModule:UnityEditor.Search:ASIAI0B -> (ImportResultId: 'a64aca510b1b973494c73b999ae6d68a') in 0.000687151 seconds
[Worker0] Imported GUID: 91c12861442224273a355776aa7d52d8 - Path: Packages/com.unity.services.core/Editor/Core/Shared/EditorUtils - Importer: ScriptedImporter/UnityEditor.QuickSearchModule:UnityEditor.Search:ASIAI0B -> (ImportResultId: '470bff580d7befbaf4aaf9e22610d27b') in 0.00057453 seconds
[Worker0] Imported GUID: 6fbd1667b99f47688bda692d15542502 - Path: Packages/com.unity.services.cloud-build/Editor/BuildAutomationApiClient.cs - Importer: ScriptedImporter/UnityEditor.QuickSearchModule:UnityEditor.Search:ASIAI0B -> (ImportResultId: '3f2408b753913c2a979461fee3027ed1') in 0.000653979 seconds
[Worker0] Imported GUID: a38057f3b0350493ca2bf521021d2c83 - Path: Packages/com.unity.services.core/Runtime/Core.Internal/Components/Scheduler - Importer: ScriptedImporter/UnityEditor.QuickSearchModule:UnityEditor.Search:ASIAI0B -> (ImportResultId: '6c7a1f59d5b8117555c1d3d636a08f3a') in 0.000609415 seconds
[Worker0] Imported GUID: f6fca075b93044fad84dfca5421e28e7 - Path: Packages/com.unity.services.core/Editor/Core/Shared/Infrastructure/Threading/Sync.Gen.cs - Importer: ScriptedImporter/UnityEditor.QuickSearchModule:UnityEditor.Search:ASIAI0B -> (ImportResultId: 'cdfae0998df3ea97202383b16eb27b91') in 0.000705946 seconds
[Worker0] Imported GUID: 6348586e6343e6e4a824e3cd597f091e - Path: Packages/com.unity.services.core/Runtime/Core.Internal/Components/Threading/IUnityThreadUtils.cs - Importer: ScriptedImporter/UnityEditor.QuickSearchModule:UnityEditor.Search:ASIAI0B -> (ImportResultId: 'd3f7c1f2454a2c4bbdc81e19f4254f30') in 0.000685718 seconds
[Worker0] Imported GUID: e458f0c9e41704ab0b65539d4ea32d81 - Path: Packages/com.unity.services.core/Editor/Core/Shared/UI/Notifications.Gen.cs - Importer: ScriptedImporter/UnityEditor.QuickSearchModule:UnityEditor.Search:ASIAI0B -> (ImportResultId: '4395602a571896b39d441b6ba7ce3786') in 0.000756351 seconds
[Worker0] Imported GUID: eaeca0dfe75f0f846903800285a5d0f4 - Path: Packages/com.unity.services.core/Editor/Core/Configuration - Importer: ScriptedImporter/UnityEditor.QuickSearchModule:UnityEditor.Search:ASIAI0B -> (ImportResultId: '5e56abea4f153e323aed95d4a64caee3') in 0.000919568 seconds
[Worker0] Imported GUID: 18698da62101ed443ad4a1b4a09d561d - Path: Packages/com.unity.services.core/Editor/Core/Configuration/ProjectConfigurationBuildInjectorWithPlayerProcessor.cs - Importer: ScriptedImporter/UnityEditor.QuickSearchModule:UnityEditor.Search:ASIAI0B -> (ImportResultId: '9a09c96ef66f0f76739790f492cdb2da') in 0.000948191 seconds
[Worker0] Imported GUID: 8c4bfcb5b17948478ccb955bccff9652 - Path: Packages/com.unity.nuget.newtonsoft-json/Runtime/Newtonsoft.Json.dll - Importer: ScriptedImporter/UnityEditor.QuickSearchModule:UnityEditor.Search:ASIAI0B -> (ImportResultId: '5a4fdd23a8b7bdc607ac96006e272617') in 0.001327784 seconds
[Worker0] Imported GUID: 34b65b599cdb080488ba2c557ab7af08 - Path: Packages/com.unity.services.core/Editor/Core/Configuration/ProjectConfigurationBuildInjectorWithReport.cs - Importer: ScriptedImporter/UnityEditor.QuickSearchModule:UnityEditor.Search:ASIAI0B -> (ImportResultId: '6b31e30de8a6f4200e3439c2d06c82a6') in 0.00100104 seconds
[Worker0] Imported GUID: eca1326d875b644328c91fb36f5aa9d4 - Path: Packages/com.unity.services.core/Editor/Core/Shared/DependencyInversion/ConstructorNotFoundException.Gen.cs - Importer: ScriptedImporter/UnityEditor.QuickSearchModule:UnityEditor.Search:ASIAI0B -> (ImportResultId: 'd19977574342ee4c7d984e2028e6175d') in 0.000713701 seconds
[Worker0] Imported GUID: 0c051f0d85f334afc91d6cdc75722398 - Path: Packages/com.unity.services.core/Editor/Core/EditorGameService/Analytics/EditorGameServiceAnalyticsRegistrant.cs - Importer: ScriptedImporter/UnityEditor.QuickSearchModule:UnityEditor.Search:ASIAI0B -> (ImportResultId: '87bc6ed78ff168deebfa1f104576b0d0') in 0.000692942 seconds
[Worker0] Imported GUID: 1104de264d522446f8274872ebf70b3d - Path: Packages/com.unity.services.core/Runtime/Analytics/Unity.Services.Core.Analytics.asmdef - Importer: ScriptedImporter/UnityEditor.QuickSearchModule:UnityEditor.Search:ASIAI0B -> (ImportResultId: '7b2ffe387bcfcca18a8d1b9fc0276989') in 0.001582924 seconds
[Worker0] Imported GUID: 71648f2c67f4c40cda4f186ea8e4e62c - Path: Packages/com.unity.services.core/Editor/Core/UserRoleManagement/UserRoleHandler.cs - Importer: ScriptedImporter/UnityEditor.QuickSearchModule:UnityEditor.Search:ASIAI0B -> (ImportResultId: '236549e113968bb7a3cec78ca7cd462d') in 0.000881607 seconds
[Worker0] Imported GUID: 604f0c1828ca42c18067cf6b154b6331 - Path: Packages/com.unity.services.core/Editor/Core/Networking/InvalidJwtException.cs - Importer: ScriptedImporter/UnityEditor.QuickSearchModule:UnityEditor.Search:ASIAI0B -> (ImportResultId: 'a2c23f1dca122c6de938ce2615368e98') in 0.000819901 seconds
[Worker0] Imported GUID: 45192af4b21e64233bf08a0caa2fa7ce - Path: Packages/com.unity.services.core/Runtime/Analytics - Importer: ScriptedImporter/UnityEditor.QuickSearchModule:UnityEditor.Search:ASIAI0B -> (ImportResultId: '6471ca214564d3cfcf43ddf14e27d539') in 0.000768945 seconds
[Worker0] Imported GUID: 0c7658113ec248e68790b4b912cbfe1b - Path: Packages/com.unity.services.cloud-build/Editor/BuildAutomationTargetRequestDto.cs - Importer: ScriptedImporter/UnityEditor.QuickSearchModule:UnityEditor.Search:ASIAI0B -> (ImportResultId: 'c69e44f2dc4e8d8bb02ea5b7207eb417') in 0.000706027 seconds
[Worker0] Imported GUID: d7e60a737f3cb463e9a120fbe29854e8 - Path: Packages/com.unity.services.core/Runtime/Core.Internal/Components/Device - Importer: ScriptedImporter/UnityEditor.QuickSearchModule:UnityEditor.Search:ASIAI0B -> (ImportResultId: 'fbff4e45349107b67b8c65e8357b1316') in 0.000688694 seconds
[Worker0] Imported GUID: 754a4177129a047e78b5c9007c36832c - Path: Packages/com.unity.services.core/Editor/Core/AssemblyInfo.cs - Importer: ScriptedImporter/UnityEditor.QuickSearchModule:UnityEditor.Search:ASIAI0B -> (ImportResultId: '9fc33d2b4366909bc0787a5e42866028') in 0.000652936 seconds
[Worker0] Imported GUID: ad77858d50cb4354a2d68512f4ecea5d - Path: Packages/com.unity.services.core/Runtime/Core.Internal/Components/Authentication/ITargetingActivation.cs - Importer: ScriptedImporter/UnityEditor.QuickSearchModule:UnityEditor.Search:ASIAI0B -> (ImportResultId: 'dfea9661020a14b9c76f946c25d09a53') in 0.000700856 seconds
[Worker0] Imported GUID: ffcd50741e9c46845a5cbb0fc7b31137 - Path: Packages/com.unity.services.core/Runtime/Core.Internal/Registry/ComponentRegistry/LockedComponentRegistry.cs - Importer: ScriptedImporter/UnityEditor.QuickSearchModule:UnityEditor.Search:ASIAI0B -> (ImportResultId: 'c443d6add4f3e23cdb1689685d937a9d') in 0.000682091 seconds
[Worker0] Imported GUID: 9077f672dce4c48b6ba1b81bc1037196 - Path: Packages/com.unity.services.core/Runtime/Core.Internal/Registry/DependencyTree.cs - Importer: ScriptedImporter/UnityEditor.QuickSearchModule:UnityEditor.Search:ASIAI0B -> (ImportResultId: '457b0c961b2a41d50e0700e65b318b5e') in 0.000628982 seconds
[Worker0] Imported GUID: 1cbc5682dea14c8b808c634ae1bb0f1c - Path: Packages/com.unity.services.core/Editor/Core/ProjectBindRedirect/ProjectBindRedirectPopupWindow.cs - Importer: ScriptedImporter/UnityEditor.QuickSearchModule:UnityEditor.Search:ASIAI0B -> (ImportResultId: 'c80acf1a25e3d337addd6bc8b774819f') in 0.000851961 seconds
[Worker0] Imported GUID: f1e9a1a5e34f647de97d96d9b2641207 - Path: Packages/com.unity.services.core/Editor/Core/Shared/EditorUtils/AssemblyInfo.Gen.cs - Importer: ScriptedImporter/UnityEditor.QuickSearchModule:UnityEditor.Search:ASIAI0B -> (ImportResultId: '48fb4a105dee2efc0bbd6ba9decf38d5') in 0.000698513 seconds
[Worker0] Imported GUID: 57789d1bf989e4a6da9126326213f6ad - Path: Packages/com.unity.services.core/Runtime/Core.Internal/Components/Networking/ReadOnlyHttpResponse.cs - Importer: ScriptedImporter/UnityEditor.QuickSearchModule:UnityEditor.Search:ASIAI0B -> (ImportResultId: '88fcb051ff84097fb50810b831cea6f2') in 0.000678895 seconds
[Worker0] Imported GUID: 990ecbe74fdfe264c984fd5827e08cfe - Path: Packages/com.unity.services.core/Editor/Core/ProjectBindRedirect/USS/ProjectBindRedirectPopupCommon.uss - Importer: ScriptedImporter/UnityEditor.QuickSearchModule:UnityEditor.Search:ASIAI0B -> (ImportResultId: '4a4dea2866779bce12f521e6e60a3857') in 0.002206115 seconds
[Worker0] Imported GUID: 78e9ceb1335b3475ead7e23814552490 - Path: Packages/com.unity.services.core/Editor/Core/Environments/EnvironmentsClient.cs - Importer: ScriptedImporter/UnityEditor.QuickSearchModule:UnityEditor.Search:ASIAI0B -> (ImportResultId: '88b656d4ed82c2fc36c2eab003f99473') in 0.000715895 seconds
[Worker0] Imported GUID: b8e559f165188eb45956491215ec4108 - Path: Packages/com.unity.services.core/Runtime/Threading/AssemblyInfo.cs - Importer: ScriptedImporter/UnityEditor.QuickSearchModule:UnityEditor.Search:ASIAI0B -> (ImportResultId: 'a7367deb870cfa383729c699634482ed') in 0.000878 seconds
[Worker0] Imported GUID: a8a90c35b04530c4f971aaef6fdf3612 - Path: Packages/com.unity.nuget.newtonsoft-json/link.xml - Importer: ScriptedImporter/UnityEditor.QuickSearchModule:UnityEditor.Search:ASIAI0B -> (ImportResultId: '4de545d675cbfcf0015742abbf7f30ad') in 0.000654529 seconds
[Worker0] Imported GUID: 2dbae1a4e85854c5a9bbf5fbb99aa8c7 - Path: Packages/com.unity.services.core/Runtime/Device/UserIdProviders/UnityAnalyticsIdentifier.cs - Importer: ScriptedImporter/UnityEditor.QuickSearchModule:UnityEditor.Search:ASIAI0B -> (ImportResultId: '8dbdaeec62da145b1da7c2b32ca4560b') in 0.000604135 seconds
[Worker0] Imported GUID: 7b2d71598ace32a4a91c01c72a1bbede - Path: Packages/com.unity.services.core/Runtime/Core.Internal/Utils/UnityWebRequestUtils.cs - Importer: ScriptedImporter/UnityEditor.QuickSearchModule:UnityEditor.Search:ASIAI0B -> (ImportResultId: 'c70f146204a611b3b89e5364e085db9a') in 0.000655742 seconds
[Worker0] Imported GUID: 0a46529f8586545c6ac95c9adc50ab5a - Path: Packages/com.unity.services.core/Editor/Core/Environments/IEnvironmentProvider.cs - Importer: ScriptedImporter/UnityEditor.QuickSearchModule:UnityEditor.Search:ASIAI0B -> (ImportResultId: 'a864f1e389752a39165466fd417e5f88') in 0.000714893 seconds
[Worker0] Imported GUID: 57e3220438bdf43bebec66c4476f6677 - Path: Packages/com.unity.services.core/Runtime/Scheduler/ActionScheduler.cs - Importer: ScriptedImporter/UnityEditor.QuickSearchModule:UnityEditor.Search:ASIAI0B -> (ImportResultId: 'b2c1861fbee3b015ed9443645f10ec36') in 0.000800264 seconds
[Worker0] Imported GUID: 530fa14dff7e947f088ddea9e12ec4d1 - Path: Packages/com.unity.services.core/Runtime/Core.Internal/Registry/DependencyTreeInitializeOrderSorter.cs - Importer: ScriptedImporter/UnityEditor.QuickSearchModule:UnityEditor.Search:ASIAI0B -> (ImportResultId: 'f4e5df65784189151837993d9110bd70') in 0.00522153 seconds
[Worker0] Imported GUID: d30387cc0bff00b45b7e52fc7d794046 - Path: Packages/com.unity.services.core/Runtime/Core.Internal/Components/Vivox/IVivox.cs - Importer: ScriptedImporter/UnityEditor.QuickSearchModule:UnityEditor.Search:ASIAI0B -> (ImportResultId: '966565b24d8a1325e6da191954c3eef2') in 0.001182131 seconds
[Worker0] Imported GUID: 122a678a37a4cbc43bc2e4b2b0a69c49 - Path: Packages/com.unity.services.core/Editor/Core/CloudEnvironment - Importer: ScriptedImporter/UnityEditor.QuickSearchModule:UnityEditor.Search:ASIAI0B -> (ImportResultId: '45c4c193984147e036ff618ff6120e10') in 0.00071859 seconds
[Worker0] Imported GUID: 25817525973c443a8af59ddd3933b035 - Path: Packages/com.unity.services.core/Editor/Core/Environments/UI/Assets/EnvironmentDropdown.uxml - Importer: ScriptedImporter/UnityEditor.QuickSearchModule:UnityEditor.Search:ASIAI0B -> (ImportResultId: 'bfbcaddaf718021167b0b7a60d7b4b32') in 0.003073024 seconds
[Worker0] Imported GUID: 84b711f26486f4eb1a670f170ad94638 - Path: Packages/com.unity.services.core/Editor/Core/Environments/EnvironmentInfo.cs - Importer: ScriptedImporter/UnityEditor.QuickSearchModule:UnityEditor.Search:ASIAI0B -> (ImportResultId: '0b855713a919a2c1a5f1cd74ad499ac8') in 0.000730663 seconds
[Worker0] Imported GUID: 4c90f7b81ab65457180d827ab6150fbd - Path: Packages/com.unity.services.core/Editor/Core/Environments/Client/Models/UnityOrganizationMemberV1.cs - Importer: ScriptedImporter/UnityEditor.QuickSearchModule:UnityEditor.Search:ASIAI0B -> (ImportResultId: '0d8f0a9fbf44c2f208502a27227c4e42') in 0.000685097 seconds
[Worker0] Imported GUID: 1073c0628ca3461eb672657cff8b1955 - Path: Packages/com.unity.services.core/Editor/Core/ProjectStateManagement/IProjectStateHelper.cs - Importer: ScriptedImporter/UnityEditor.QuickSearchModule:UnityEditor.Search:ASIAI0B -> (ImportResultId: '4fcd8620cf69ff93e5e6bc130ff3d8f1') in 0.000679307 seconds
[Worker0] Imported GUID: d8a1f44ed7a1d478eb37c44f0ab4a186 - Path: Packages/com.unity.services.core/Editor/Core/Environments/Client/Http/Responses.cs - Importer: ScriptedImporter/UnityEditor.QuickSearchModule:UnityEditor.Search:ASIAI0B -> (ImportResultId: 'dc6137c74769b691058cb6a1ac4fb465') in 0.000653518 seconds
[Worker0] Imported GUID: 0d3c36eeb6c9d46459ddede8d8248f3d - Path: Packages/com.unity.services.core/Runtime/Scheduler/MinimumBinaryHeap.cs - Importer: ScriptedImporter/UnityEditor.QuickSearchModule:UnityEditor.Search:ASIAI0B -> (ImportResultId: 'ff796c0e34965b1589850e09c8aa667f') in 0.000611178 seconds
[Worker0] Imported GUID: 70ea675efa2644cef98c7ece24158333 - Path: Packages/com.unity.services.core/Runtime/Environments/Unity.Services.Core.Environments.asmdef - Importer: ScriptedImporter/UnityEditor.QuickSearchModule:UnityEditor.Search:ASIAI0B -> (ImportResultId: '33384ee48ad8eec20b9c705c60266275') in 0.000655081 seconds
[Worker0] Imported GUID: f8592c5cb0e11974cb7545a8a68a55ef - Path: Packages/com.unity.services.core/Runtime/Core.Internal/Components/Telemetry/IDiagnostics.cs - Importer: ScriptedImporter/UnityEditor.QuickSearchModule:UnityEditor.Search:ASIAI0B -> (ImportResultId: '52bbf64b04e569b129a7f4c8eac4f1db') in 0.000816103 seconds
[Worker0] Imported GUID: d8e56012c572e204692b3fe5183b7da1 - Path: Packages/com.unity.services.core/Runtime/Telemetry/Unity.Services.Core.Telemetry.asmdef - Importer: ScriptedImporter/UnityEditor.QuickSearchModule:UnityEditor.Search:ASIAI0B -> (ImportResultId: 'c56ab86a3269707f8b62588aa8ed7513') in 0.000711948 seconds
[Worker0] Imported GUID: 7347c24641591494d9d7de1c4bf052c9 - Path: Packages/com.unity.services.core/Runtime/Registration/CorePackageInitializer.cs - Importer: ScriptedImporter/UnityEditor.QuickSearchModule:UnityEditor.Search:ASIAI0B -> (ImportResultId: '65dfe863ee6ffae89f3b92d6c335b754') in 0.000641876 seconds
[Worker0] Imported GUID: 64d1febe16e70491e9b6b08c14aad487 - Path: Packages/com.unity.services.core/Runtime/Core.Internal/Logging/CoreLogger.cs - Importer: ScriptedImporter/UnityEditor.QuickSearchModule:UnityEditor.Search:ASIAI0B -> (ImportResultId: 'd5572bdf732d843dcd60fb96553a2497') in 0.00077169 seconds
[Worker0] Imported GUID: c56cb2f61c79e4427b47e2dedd499d46 - Path: Packages/com.unity.services.core/Editor/Core/UiHelpers/USS/PlatformSupportVisualLight.uss - Importer: ScriptedImporter/UnityEditor.QuickSearchModule:UnityEditor.Search:ASIAI0B -> (ImportResultId: '1cc681ccf37dc56963e7e662e6b2fdfb') in 0.001715443 seconds
[Worker0] Imported GUID: 49757d9e69f214a659a1e5221912d21c - Path: Packages/com.unity.services.core/Runtime/Device/UserIdProviders/IUserIdentifierProvider.cs - Importer: ScriptedImporter/UnityEditor.QuickSearchModule:UnityEditor.Search:ASIAI0B -> (ImportResultId: '83c95a402b0496418a6031c717cd40c1') in 0.000866318 seconds
[Worker0] Imported GUID: cbf54e97e86c43d0865a94aed0debeac - Path: Packages/com.unity.services.core/Editor/Core/Environments/IEnvironmentDashboardUrlResolver.cs - Importer: ScriptedImporter/UnityEditor.QuickSearchModule:UnityEditor.Search:ASIAI0B -> (ImportResultId: '338b8a9fb4b7a9b53f1f0ced41ba23cc') in 0.000737195 seconds
[Worker0] Imported GUID: 4b167fb836933974a9ab0b380bec5b98 - Path: Packages/com.unity.services.core/Editor/Core/ProjectBindRedirect/USS/ProjectBindRedirectPopupDark.uss - Importer: ScriptedImporter/UnityEditor.QuickSearchModule:UnityEditor.Search:ASIAI0B -> (ImportResultId: 'fc4d6722927bbbd25bfa22ddcecc1009') in 0.001487836 seconds
[Worker0] Imported GUID: 6007df151b27f45afa92d6caa4865da7 - Path: Packages/com.unity.services.core/Editor/Core/Shared/UI/ProgressBar.Gen.cs - Importer: ScriptedImporter/UnityEditor.QuickSearchModule:UnityEditor.Search:ASIAI0B -> (ImportResultId: '31b1278de36a6ecc200829054b9e685a') in 0.000770577 seconds
[Worker0] Imported GUID: 295070c46762a4c5ab1eab345297cfce - Path: Packages/com.unity.services.core/Editor/Core/Environments/AssemblyInfo.cs - Importer: ScriptedImporter/UnityEditor.QuickSearchModule:UnityEditor.Search:ASIAI0B -> (ImportResultId: 'f4b9ab0bd02d22077bffd5a55cc4f571') in 0.00073985 seconds
[Worker0] Imported GUID: b8f7d0d8648483146b39b46719854c62 - Path: Packages/com.unity.services.core/Runtime/Core.Internal/Registry/HashExceptions.cs - Importer: ScriptedImporter/UnityEditor.QuickSearchModule:UnityEditor.Search:ASIAI0B -> (ImportResultId: '92a4dd05b01beaa8f45be6024faef242') in 0.000695728 seconds
[Worker0] Imported GUID: 16f24f695cc06684991baf4b1bc6ad22 - Path: Packages/com.unity.nuget.newtonsoft-json/CHANGELOG.md - Importer: ScriptedImporter/UnityEditor.QuickSearchModule:UnityEditor.Search:ASIAI0B -> (ImportResultId: 'aaea06bab2d863b61aca985e9aac12e0') in 0.00092122 seconds
[Worker0] Imported GUID: 2023e4a317a2f4de9a18cd9ae2cb183e - Path: Packages/com.unity.services.core/Editor/Core/EditorGameService/EditorGameServiceRegistry.cs - Importer: ScriptedImporter/UnityEditor.QuickSearchModule:UnityEditor.Search:ASIAI0B -> (ImportResultId: '49d8a2d577ac29f56485f2251a4e190f') in 0.000811685 seconds
[Worker0] Imported GUID: a79f1b58272546b686d66bf708ad7adb - Path: Packages/com.unity.services.cloud-build/Editor/BuildAutomation.cs - Importer: ScriptedImporter/UnityEditor.QuickSearchModule:UnityEditor.Search:ASIAI0B -> (ImportResultId: '8c2840b44946fb00b59fe507c56efce7') in 0.00083563 seconds
[Worker0] Imported GUID: b3f9c17505224c31ae233306bb2fefee - Path: Packages/com.unity.services.core/Runtime/Core.Internal/Serialization - Importer: ScriptedImporter/UnityEditor.QuickSearchModule:UnityEditor.Search:ASIAI0B -> (ImportResultId: 'c747681f2d07a9de1c4e659645a3a42b') in 0.000724411 seconds
[Worker0] Imported GUID: c8f15537a1ce54d2cb26811d0da5627a - Path: Packages/com.unity.services.core/Runtime/Core.Internal/Components/Authentication - Importer: ScriptedImporter/UnityEditor.QuickSearchModule:UnityEditor.Search:ASIAI0B -> (ImportResultId: 'a761bd8553ffcf47205238c2e1789e45') in 0.00064413 seconds
[Worker0] Imported GUID: a48c00d9520247ac828ef6eca0670d2a - Path: Packages/com.unity.services.core/Editor/Core/Environments/EnvironmentDashboardUrlResolver.cs - Importer: ScriptedImporter/UnityEditor.QuickSearchModule:UnityEditor.Search:ASIAI0B -> (ImportResultId: '7056791f7ce7a925295759f9ef0972ee') in 0.002004746 seconds
[Worker0] Imported GUID: 2e40aad1c6102d44381ef4fceccc9388 - Path: Packages/com.unity.services.core/Runtime/Components - Importer: ScriptedImporter/UnityEditor.QuickSearchModule:UnityEditor.Search:ASIAI0B -> (ImportResultId: '9ddf6843683b01f96b2fde4e0a252dfd') in 0.000660611 seconds
[Worker0] Imported GUID: 30e535d05ac7fad4db50b8dfe6751c14 - Path: Packages/com.unity.services.core/Runtime/Telemetry/Diagnotstics/DisabledDiagnosticsFactory.cs - Importer: ScriptedImporter/UnityEditor.QuickSearchModule:UnityEditor.Search:ASIAI0B -> (ImportResultId: 'fa4291ec40f8cc5cb0a73d107f070bfc') in 0.000720925 seconds
[Worker0] Imported GUID: ebe4630c4fee24fa99c02c62897bfcb9 - Path: Packages/com.unity.services.core/Editor/Core/EditorGameService/USS/ServicesProjectSettingsLight.uss - Importer: ScriptedImporter/UnityEditor.QuickSearchModule:UnityEditor.Search:ASIAI0B -> (ImportResultId: 'c224030bd03bd608070e90411bef5c09') in 0.001785715 seconds
[Worker0] Imported GUID: 53cd002ce2a5d4c14b53ee9ebd9a5f24 - Path: Packages/com.unity.services.core/Editor/Core/Environments/EnvironmentServiceExtensions.cs - Importer: ScriptedImporter/UnityEditor.QuickSearchModule:UnityEditor.Search:ASIAI0B -> (ImportResultId: '1d0d11c4a2d74cf353864966f2505809') in 0.00075029 seconds
[Worker0] Imported GUID: 2ec846fa958cc4b38b0eb633a872e4f9 - Path: Packages/com.unity.services.core/Editor/Core/Environments/Client/Http/HttpException.cs - Importer: ScriptedImporter/UnityEditor.QuickSearchModule:UnityEditor.Search:ASIAI0B -> (ImportResultId: 'd13f20b420aaf1b8e6f130a00d1b8b0c') in 0.000636406 seconds
[Worker0] Imported GUID: 82f8d759ea41b46549f0c3a2d4165ec6 - Path: Packages/com.unity.services.core/Runtime/Core.Internal - Importer: ScriptedImporter/UnityEditor.QuickSearchModule:UnityEditor.Search:ASIAI0B -> (ImportResultId: 'ac8b0dfb885562d463e93064fab795de') in 0.00068178 seconds
[Worker0] Imported GUID: f72e29316ec52467d886cfc46a18a7dd - Path: Packages/com.unity.services.core/Editor/Core/Environments/Settings/EnvironmentSettingsProvider.cs - Importer: ScriptedImporter/UnityEditor.QuickSearchModule:UnityEditor.Search:ASIAI0B -> (ImportResultId: 'a8505513e0073bd2cce049ad605122f7') in 0.000743337 seconds
[Worker0] Imported GUID: 5deae79dc61e94367a9254f488f5b89a - Path: Packages/com.unity.services.core/Runtime/Core.Internal/Registry/MissingComponent.cs - Importer: ScriptedImporter/UnityEditor.QuickSearchModule:UnityEditor.Search:ASIAI0B -> (ImportResultId: 'a0dd4647f64d7ab506728cae10604c30') in 0.000684496 seconds
[Worker0] Imported GUID: abf176c60f5545c4e84eeca86e38a31a - Path: Packages/com.unity.services.core/Runtime/Configuration/Utils - Importer: ScriptedImporter/UnityEditor.QuickSearchModule:UnityEditor.Search:ASIAI0B -> (ImportResultId: 'c8b995d0eb61d31c5a3dc5134e1082dc') in 0.000690578 seconds
[Worker0] Imported GUID: a1ee07fd37bf943e898438344b687120 - Path: Packages/com.unity.services.core/Runtime/Core.Internal/Components/Telemetry/IMetrics.cs - Importer: ScriptedImporter/UnityEditor.QuickSearchModule:UnityEditor.Search:ASIAI0B -> (ImportResultId: '96f6f1a57d21e49785a95a74a26f9767') in 0.000844306 seconds
[Worker0] Imported GUID: d13e2a11322224f628ff4c3821929eab - Path: Packages/com.unity.services.core/Runtime/Core/Initialization/ServicesInitializationState.cs - Importer: ScriptedImporter/UnityEditor.QuickSearchModule:UnityEditor.Search:ASIAI0B -> (ImportResultId: 'cd3d191ac749903d6f42e5166a92c87e') in 0.000902906 seconds
[Worker0] Imported GUID: 55664f0782a0cb94b92e75995c309760 - Path: Packages/com.unity.services.core/Editor/Core/Status/UIService.cs - Importer: ScriptedImporter/UnityEditor.QuickSearchModule:UnityEditor.Search:ASIAI0B -> (ImportResultId: '4e021d8f410c200525f169208dd3ac89') in 0.001042749 seconds
[Worker0] Imported GUID: 6748c66af9df6c549ad80053d28e2c86 - Path: Packages/com.unity.services.core/Editor/Core/Environments/Analytics/EnvironmentChangedParameters.cs - Importer: ScriptedImporter/UnityEditor.QuickSearchModule:UnityEditor.Search:ASIAI0B -> (ImportResultId: '030de41dd9c208b5b677982819d6464e') in 0.000934245 seconds
[Worker0] Imported GUID: 16b8ddc876eddc643a2febc0a4c44823 - Path: Packages/com.unity.services.core/Editor/Core/Status/StatusService.cs - Importer: ScriptedImporter/UnityEditor.QuickSearchModule:UnityEditor.Search:ASIAI0B -> (ImportResultId: '0e5557f05ea977e8011f1439c3c1c1bc') in 0.000762412 seconds
[Worker0] Imported GUID: 33abb6adc06fe4b9cb19d7b94597ab7d - Path: Packages/com.unity.services.core/Editor/Core/Environments/Client/Apis/DefaultApiRequests.cs - Importer: ScriptedImporter/UnityEditor.QuickSearchModule:UnityEditor.Search:ASIAI0B -> (ImportResultId: '0a071aa1d19363243b7c632255985c23') in 0.000679557 seconds
[Worker0] Imported GUID: 0958b116e385d7549a65117ca9ed24d5 - Path: Packages/com.unity.services.core/Runtime/Networking/HttpServiceConfig.cs - Importer: ScriptedImporter/UnityEditor.QuickSearchModule:UnityEditor.Search:ASIAI0B -> (ImportResultId: '5c5092e187ad528ff388a1f34260a901') in 0.000836993 seconds
[Worker0] Imported GUID: 42a0b66a9be7b4cf589ea1f73e59d3a3 - Path: Packages/com.unity.services.core/Editor/Core/Environments/UI/Assets/EnvironmentDropdown.uss - Importer: ScriptedImporter/UnityEditor.QuickSearchModule:UnityEditor.Search:ASIAI0B -> (ImportResultId: '2e64eb44ce91ff748f483e14f0775864') in 0.00221425 seconds
[Worker0] Imported GUID: fc2ccbdfc9a3458198173d731b5271ec - Path: Packages/com.unity.services.core/Runtime/Core.Internal/Registry/PackageInitializationInfo.cs - Importer: ScriptedImporter/UnityEditor.QuickSearchModule:UnityEditor.Search:ASIAI0B -> (ImportResultId: '4d54e77b24c85b47fee61f4e447ebbab') in 0.001103974 seconds
[Worker0] Imported GUID: 777d170b02433aa45bcd8b76fed20249 - Path: Packages/com.unity.services.core/Runtime/Networking - Importer: ScriptedImporter/UnityEditor.QuickSearchModule:UnityEditor.Search:ASIAI0B -> (ImportResultId: 'deed74f7157dcc5a0e3d53a6036df593') in 0.000977637 seconds
[Worker0] Imported GUID: 99ef0537e3a64f2a9d41d9de53451790 - Path: Packages/com.unity.services.core/Editor/Core/UiHelpers/Images - Importer: ScriptedImporter/UnityEditor.QuickSearchModule:UnityEditor.Search:ASIAI0B -> (ImportResultId: '0c06220fcc3da655c3032a186af824a0') in 0.000759547 seconds
[Worker0] Imported GUID: 7d6201bd8c7c44149b361b3df0426ba2 - Path: Packages/com.unity.services.core/Editor/Core/Telemetry/PackageConfig.cs - Importer: ScriptedImporter/UnityEditor.QuickSearchModule:UnityEditor.Search:ASIAI0B -> (ImportResultId: 'e333abcf6a732e24c96b7d8d8ac09210') in 0.000660661 seconds
[Worker0] Imported GUID: faf4a0a80610544208a483c5b11fad2b - Path: Packages/com.unity.services.core/Editor/Core/Networking/ITokenExchangeUrls.cs - Importer: ScriptedImporter/UnityEditor.QuickSearchModule:UnityEditor.Search:ASIAI0B -> (ImportResultId: '99eb5750022e0d152128a81505c02bb0') in 0.000650062 seconds
[Worker0] Imported GUID: 4077802dea91b4b6d878b48b4160bd81 - Path: Packages/com.unity.services.core/Runtime/Configuration/Unity.Services.Core.Configuration.asmdef - Importer: ScriptedImporter/UnityEditor.QuickSearchModule:UnityEditor.Search:ASIAI0B -> (ImportResultId: '31fa27b6e0fb318dd26372cd155869c0') in 0.000718881 seconds
[Worker0] Imported GUID: 4002c4a9fbda3480eb95944a3d3a62de - Path: Packages/com.unity.services.core/Editor/Core - Importer: ScriptedImporter/UnityEditor.QuickSearchModule:UnityEditor.Search:ASIAI0B -> (ImportResultId: '21c94dd977f73913a556b06d420d23f3') in 0.000677553 seconds
[Worker0] Imported GUID: d91c06138f45d4ced92a6b23acc172b1 - Path: Packages/com.unity.services.core/Editor/Core/Environments/Client/Http - Importer: ScriptedImporter/UnityEditor.QuickSearchModule:UnityEditor.Search:ASIAI0B -> (ImportResultId: 'b939a443827438a428648827a13a0624') in 0.000672043 seconds
[Worker0] Imported GUID: 89f04f02479a446dc83d434585c13759 - Path: Packages/com.unity.services.core/Runtime/Core.Internal/Components/Authentication/IReleaseContext.cs - Importer: ScriptedImporter/UnityEditor.QuickSearchModule:UnityEditor.Search:ASIAI0B -> (ImportResultId: 'a30214f1c8681c93e64e4aaf9b5b0a02') in 0.000677984 seconds
[Worker0] Imported GUID: ae7633dffe64d4dbd8d058a0e330bdad - Path: Packages/com.unity.services.core/Runtime/Core.Internal/Registry/CircularDependencyException.cs - Importer: ScriptedImporter/UnityEditor.QuickSearchModule:UnityEditor.Search:ASIAI0B -> (ImportResultId: '858f0628b0480dbb18d2be6106065c90') in 0.0006337 seconds
[Worker0] Imported GUID: a4c91e5513554fb01a0751299343057d - Path: Packages/com.unity.services.core/Editor/Core/Environments/Client/Models/UnityCreateAddressRequest.cs - Importer: ScriptedImporter/UnityEditor.QuickSearchModule:UnityEditor.Search:ASIAI0B -> (ImportResultId: '0f1894dbebf36e7df7b7fd90e6d8bd17') in 0.000694736 seconds
[Worker0] Imported GUID: 7c35d1c1d5e24fde8799f049b1e07535 - Path: Packages/com.unity.services.core/Runtime/Core.Internal/UnityServicesInternal.cs - Importer: ScriptedImporter/UnityEditor.QuickSearchModule:UnityEditor.Search:ASIAI0B -> (ImportResultId: 'd7891a5381ac83828366caac6cfa61a0') in 0.000781949 seconds
[Worker0] Imported GUID: 33e7a901e7ac1483fa2833663d2357a8 - Path: Packages/com.unity.services.cloud-build/Icons/build_success.png - Importer: ScriptedImporter/UnityEditor.QuickSearchModule:UnityEditor.Search:ASIAI0B -> (ImportResultId: 'd681ef6812f151a8fe87b92cf6384149') in 0.003888425 seconds
[Worker0] Imported GUID: b5b9acc8ae3746be8853dcf13eead8b3 - Path: Packages/com.unity.services.core/Editor/Core/Environments/EnvironmentsConstants.cs - Importer: ScriptedImporter/UnityEditor.QuickSearchModule:UnityEditor.Search:ASIAI0B -> (ImportResultId: '5de89010661c0bae2c3169e77a532565') in 0.001075882 seconds
[Worker0] Imported GUID: 8408aeb5b11d54a55914b8fb72aa9ee1 - Path: Packages/com.unity.services.core/Editor/Core/Shared/Infrastructure/Threading - Importer: ScriptedImporter/UnityEditor.QuickSearchModule:UnityEditor.Search:ASIAI0B -> (ImportResultId: '64d47fec16420bc5ef249d85e66f54c7') in 0.000833676 seconds
[Worker0] Imported GUID: 97c8f9e2402f145e0931e7786fc55e8a - Path: Packages/com.unity.services.cloud-build/Editor/Unity.Services.CloudBuild.Editor.asmdef - Importer: ScriptedImporter/UnityEditor.QuickSearchModule:UnityEditor.Search:ASIAI0B -> (ImportResultId: '5eec116cc631205cce5fb0e1a8573500') in 0.0007714 seconds
[Worker0] Imported GUID: 0bc8e9caca4bdda47b00919ec0a338cd - Path: Packages/com.unity.services.core/Editor/Core/Utils/PackageInfoNameComparer.cs - Importer: ScriptedImporter/UnityEditor.QuickSearchModule:UnityEditor.Search:ASIAI0B -> (ImportResultId: '5f3b5479c3d6edf2e382c64ca96e42a0') in 0.00092076 seconds
[Worker0] Imported GUID: b4fc3055cf6dc4fafbc6b9127838f447 - Path: Packages/com.unity.services.core/Editor/Core/Shared/UI - Importer: ScriptedImporter/UnityEditor.QuickSearchModule:UnityEditor.Search:ASIAI0B -> (ImportResultId: 'a8f80326568ff1b08675ec71cabf39cb') in 0.000657204 seconds
[Worker0] Imported GUID: d52fc50de5fd24b4e84566bc8a9c1b3b - Path: Packages/com.unity.services.core/Runtime/Core.Internal/Registry/PackageRegistry/LockedPackageRegistry.cs - Importer: ScriptedImporter/UnityEditor.QuickSearchModule:UnityEditor.Search:ASIAI0B -> (ImportResultId: 'f45469f386a43ad322443ea79cfdbfe7') in 0.000748596 seconds
[Worker0] Imported GUID: bf8f2b8e3bc44b35aab99205aabf641b - Path: Packages/com.unity.services.core/Editor/Core/EditorGameService/EditorGameServiceRemoteConfiguration.cs - Importer: ScriptedImporter/UnityEditor.QuickSearchModule:UnityEditor.Search:ASIAI0B -> (ImportResultId: '41294a9fbb1b2932a13c369d3e079be9') in 0.000718179 seconds
[Worker0] Imported GUID: 2708ee7c890e4d799083ce8771a5619a - Path: Packages/com.unity.services.core/Runtime/Core.Internal/Telemetry/CoreMetrics.cs - Importer: ScriptedImporter/UnityEditor.QuickSearchModule:UnityEditor.Search:ASIAI0B -> (ImportResultId: 'fc2cc026cf05713a77d0d4d3b1e749cf') in 0.000671281 seconds
[Worker0] Imported GUID: 24efe08f95549ab4699df4c1b55703e5 - Path: Packages/com.unity.nuget.newtonsoft-json/LICENSE.md - Importer: ScriptedImporter/UnityEditor.QuickSearchModule:UnityEditor.Search:ASIAI0B -> (ImportResultId: '8ab14ecca8b04ec463f897cebe11d81b') in 0.000715645 seconds
[Worker0] Imported GUID: f7fdd725538d4f34a1c741ad04892607 - Path: Packages/com.unity.services.core/Editor/Core/Environments/EnvironmentProvider.cs - Importer: ScriptedImporter/UnityEditor.QuickSearchModule:UnityEditor.Search:ASIAI0B -> (ImportResultId: '342267581b8203a942bc75b59d391b68') in 0.000797588 seconds
[Worker0] Imported GUID: 5f53bfe242dd84ea1975e05f5a30c390 - Path: Packages/com.unity.services.core/Editor/Core/UiHelpers/UXML/Offline.uxml - Importer: ScriptedImporter/UnityEditor.QuickSearchModule:UnityEditor.Search:ASIAI0B -> (ImportResultId: '5b8bba2610ad611b03493ccd1575db4d') in 0.002882406 seconds
[Worker0] Imported GUID: f240a8865faf4b84bb04a91809f52b73 - Path: Packages/com.unity.services.core/Editor/Core/Status/StatusInitializer.cs - Importer: ScriptedImporter/UnityEditor.QuickSearchModule:UnityEditor.Search:ASIAI0B -> (ImportResultId: '9aed00d2a92907e1ebe714ed1f275309') in 0.000943132 seconds
[Worker0] Imported GUID: bd40d4e7b0caa413181d77211ac8ba73 - Path: Packages/com.unity.services.core/Editor/Core/Environments/Client/Models/UnityUserOrganizationsV1.cs - Importer: ScriptedImporter/UnityEditor.QuickSearchModule:UnityEditor.Search:ASIAI0B -> (ImportResultId: '1e7f84acf471600a5463f7bbcf992379') in 0.000805804 seconds
[Worker0] Imported GUID: 3eaf2948647a0473b97292a1213cb455 - Path: Packages/com.unity.services.core/Editor/Core/Environments/UI/EnvironmentView.cs - Importer: ScriptedImporter/UnityEditor.QuickSearchModule:UnityEditor.Search:ASIAI0B -> (ImportResultId: 'c336ffd3c72781747edab096bf8f43fd') in 0.001018574 seconds
[Worker0] Imported GUID: bd7e6274acbab4651a963ac09daf6dd8 - Path: Packages/com.unity.services.cloud-build/CHANGELOG.md - Importer: ScriptedImporter/UnityEditor.QuickSearchModule:UnityEditor.Search:ASIAI0B -> (ImportResultId: '30f2b084d822c28bcddf729272589b3b') in 0.000858103 seconds
[Worker0] Imported GUID: a54f157b6c0e94cd898f9480461ce2a4 - Path: Packages/com.unity.services.cloud-build/Icons/build_failed.png - Importer: ScriptedImporter/UnityEditor.QuickSearchModule:UnityEditor.Search:ASIAI0B -> (ImportResultId: 'ce846a9540b6f3ceda39af909daf8f61') in 0.002508573 seconds
[Worker0] Imported GUID: 2bc7ece372a03404394756573e450dd0 - Path: Packages/com.unity.services.core/Runtime/Telemetry/Metrics/DisabledMetricsFactory.cs - Importer: ScriptedImporter/UnityEditor.QuickSearchModule:UnityEditor.Search:ASIAI0B -> (ImportResultId: '25305ab3b5aa85e023b8f01dad87ca5a') in 0.001239599 seconds
[Worker0] Imported GUID: 214ea477768244a55b47fcbb0d16f0ea - Path: Packages/com.unity.services.core/Editor/Core/Networking/ProductionTokenExchangeUrls.cs - Importer: ScriptedImporter/UnityEditor.QuickSearchModule:UnityEditor.Search:ASIAI0B -> (ImportResultId: '2507bc1b74e32ba7fce317564baaff60') in 0.001150843 seconds
[Worker0] Imported GUID: c1df5f08648744a8a1247b4f31570169 - Path: Packages/com.unity.services.core/Editor/Core/Environments/Save/IEnvironmentSaveSystem.cs - Importer: ScriptedImporter/UnityEditor.QuickSearchModule:UnityEditor.Search:ASIAI0B -> (ImportResultId: '78579ccebc0038e09281d157343c1357') in 0.001091801 seconds
[Worker0] Imported GUID: 30648dc766559254d8ef3209219478ab - Path: Packages/com.unity.services.core/Runtime/Telemetry/Diagnotstics/DisabledDiagnostics.cs - Importer: ScriptedImporter/UnityEditor.QuickSearchModule:UnityEditor.Search:ASIAI0B -> (ImportResultId: 'd0a74512f14718a20f98b49f59ffa2ea') in 0.00075598 seconds
[Worker0] Imported GUID: 973daa486f51c45fab6cbd0a82a6dec7 - Path: Packages/com.unity.services.core/Runtime/Environments/Unity.Services.Core.Environments.api - Importer: ScriptedImporter/UnityEditor.QuickSearchModule:UnityEditor.Search:ASIAI0B -> (ImportResultId: 'bc64d5421b25326b4b8e0897a2eb5092') in 0.000877759 seconds
[Worker0] Imported GUID: 424c109c039b23a469d7e72a2a76e122 - Path: Packages/com.unity.services.core/Runtime/Threading/Unity.Services.Core.Threading.asmdef - Importer: ScriptedImporter/UnityEditor.QuickSearchModule:UnityEditor.Search:ASIAI0B -> (ImportResultId: 'b04aec681a5af0a6a1fbe551dbf7d01e') in 0.0024801 seconds
[Worker0] Imported GUID: c3ea97ea17d794d399434834be23ac62 - Path: Packages/com.unity.services.core/Editor/Core/ProjectBindRedirect/UXML/ProjectBindRedirectContent.uxml - Importer: ScriptedImporter/UnityEditor.QuickSearchModule:UnityEditor.Search:ASIAI0B -> (ImportResultId: '810853434641a1d83a13bae4defbc8ea') in 0.003580637 seconds
[Worker0] Imported GUID: 45a8391028b654c9da024530f58b9c2d - Path: Packages/com.unity.services.core/Runtime/Device/EngineInstallationId.cs - Importer: ScriptedImporter/UnityEditor.QuickSearchModule:UnityEditor.Search:ASIAI0B -> (ImportResultId: 'b6997983dd657e27009077a5eb41dcb6') in 0.001178935 seconds
[Worker0] Imported GUID: 368c9397c0c824135971fff9f031ce88 - Path: Packages/com.unity.services.core/Editor/Core/Shared/Infrastructure/IO - Importer: ScriptedImporter/UnityEditor.QuickSearchModule:UnityEditor.Search:ASIAI0B -> (ImportResultId: 'f0392eefcde8ea01e82b9074c112e250') in 0.001254326 seconds
[Worker0] Imported GUID: 3330907631d21584281522898e9028cd - Path: Packages/com.unity.services.core/Runtime/Telemetry/Diagnotstics - Importer: ScriptedImporter/UnityEditor.QuickSearchModule:UnityEditor.Search:ASIAI0B -> (ImportResultId: 'e6a221cf283d8def60ce2c0ab5464469') in 0.001428293 seconds
[Worker0] Imported GUID: d1aaa2c8d018a423bbcabba266db7cc4 - Path: Packages/com.unity.services.core/Editor/Core/Shared/DependencyInversion/IServiceFactory.Gen.cs - Importer: ScriptedImporter/UnityEditor.QuickSearchModule:UnityEditor.Search:ASIAI0B -> (ImportResultId: '0757e983d6756b7d4be32e43eca127e3') in 0.001343464 seconds
[Worker0] Imported GUID: a127ad594a2674977afd86869361d480 - Path: Packages/com.unity.services.cloud-build/Icons/build_restarted.png - Importer: ScriptedImporter/UnityEditor.QuickSearchModule:UnityEditor.Search:ASIAI0B -> (ImportResultId: 'cad2860eee797a4029abcc00d74936b7') in 0.003186166 seconds
[Worker0] Imported GUID: f58d0b9d8ad9649e595db69bc485e70d - Path: Packages/com.unity.services.core/Editor/Core/Environments/Settings/EnvironmentIdentifier.cs - Importer: ScriptedImporter/UnityEditor.QuickSearchModule:UnityEditor.Search:ASIAI0B -> (ImportResultId: '3d18b843bbee84d8418d302095a43217') in 0.001574678 seconds
[Worker0] Imported GUID: 9ba8832336df045fca38ac55a6b587f0 - Path: Packages/com.unity.services.core/Runtime/Core.Internal/Components/Environments/IEnvironments.cs - Importer: ScriptedImporter/UnityEditor.QuickSearchModule:UnityEditor.Search:ASIAI0B -> (ImportResultId: 'c66fed2f25644ba7f8d13b0716a8d784') in 0.001142266 seconds
[Worker0] Imported GUID: 4b1c5e0114dfa1b0990a8033d416cb63 - Path: Packages/com.unity.services.core/Editor/Core/Environments/Client/Models/UnityGetEnvironments200Response.cs - Importer: ScriptedImporter/UnityEditor.QuickSearchModule:UnityEditor.Search:ASIAI0B -> (ImportResultId: '73c442e56ba134622959090676d5066c') in 0.001366568 seconds
[Worker0] Imported GUID: b7909be5df0d42b5858fe576acdb19e4 - Path: Packages/com.unity.services.core/Editor/Core/Environments/Save/EnvironmentSaveSystem.cs - Importer: ScriptedImporter/UnityEditor.QuickSearchModule:UnityEditor.Search:ASIAI0B -> (ImportResultId: 'f8e08910867881cb8a8a9364ad824433') in 0.001094968 seconds
[Worker0] Imported GUID: 560dda45fb9293949aa636b3e2a92807 - Path: Packages/com.unity.services.core/Runtime/Telemetry/AssemblyInfo.cs - Importer: ScriptedImporter/UnityEditor.QuickSearchModule:UnityEditor.Search:ASIAI0B -> (ImportResultId: '264cf592d555b9544427296bd1de5068') in 0.001020257 seconds
[Worker0] Imported GUID: cdc4ee70299e74aba975054ebe4d3432 - Path: Packages/com.unity.services.core/Runtime/Core.Internal/Components/Telemetry - Importer: ScriptedImporter/UnityEditor.QuickSearchModule:UnityEditor.Search:ASIAI0B -> (ImportResultId: '28622891f224bb66cd4a5e6e7a99d132') in 0.000854275 seconds
[Worker0] Imported GUID: ac3cb94abee9e4709a57fbf9c4ff10a9 - Path: Packages/com.unity.services.core/Editor/Core/Environments/Client/Models/UnityOrganizationWithAddressV1.cs - Importer: ScriptedImporter/UnityEditor.QuickSearchModule:UnityEditor.Search:ASIAI0B -> (ImportResultId: '4570e6edcd017db9a6d5579d41673391') in 0.0008567 seconds
[Worker0] Imported GUID: f72d309edb0319e498233c3c2bb07a14 - Path: Packages/com.unity.services.core/ValidationExceptions.json - Importer: ScriptedImporter/UnityEditor.QuickSearchModule:UnityEditor.Search:ASIAI0B -> (ImportResultId: '7fcc822c155db6a44ff647b0e51eeaee') in 0.001219161 seconds
[Worker0] Imported GUID: 38493ded9634a674cb91f57109427d3c - Path: Packages/com.unity.services.core/Runtime/Core.Internal/Attributes - Importer: ScriptedImporter/UnityEditor.QuickSearchModule:UnityEditor.Search:ASIAI0B -> (ImportResultId: 'caac51cbfc8aed3c28a015ca34640fdc') in 0.000953031 seconds
[Worker0] Imported GUID: f637fc8d11c022942833496d32ff8f9b - Path: Packages/com.unity.services.core/Runtime/Core.Internal/Components/Telemetry/IMetricsFactory.cs - Importer: ScriptedImporter/UnityEditor.QuickSearchModule:UnityEditor.Search:ASIAI0B -> (ImportResultId: 'fd649729f16d63b5766acff2881c5312') in 0.001035486 seconds
[Worker0] Imported GUID: af50c025240a3184ca1e1bf183b8a167 - Path: Packages/com.unity.services.core/Runtime/Scheduler/TimeProvider/UtcTimeProvider.cs - Importer: ScriptedImporter/UnityEditor.QuickSearchModule:UnityEditor.Search:ASIAI0B -> (ImportResultId: 'c8420ff6627076aab3fc3a71854808d2') in 0.000978949 seconds
[Worker0] Imported GUID: 9f6735934f1934f448e5884d3ca69780 - Path: Packages/com.unity.services.core/Runtime/Core.Internal/Components/Networking/HttpRequestExtensions.cs - Importer: ScriptedImporter/UnityEditor.QuickSearchModule:UnityEditor.Search:ASIAI0B -> (ImportResultId: '279fd5912ba3fb6016a77384fd2c15ef') in 0.001018984 seconds
[Worker0] Imported GUID: 31fcff17378634912895e85b91678ac3 - Path: Packages/com.unity.services.core/Editor/Core/Environments/Client/ErrorMitigation/IRetryPolicy.cs - Importer: ScriptedImporter/UnityEditor.QuickSearchModule:UnityEditor.Search:ASIAI0B -> (ImportResultId: 'e11ad426b7dda8b7480557b1e5b57427') in 0.000729701 seconds
[Worker0] Imported GUID: 22367c11f37f494081a621ce21c6964b - Path: Packages/com.unity.services.cloud-build/Editor/CloudBuildApiClient.cs - Importer: ScriptedImporter/UnityEditor.QuickSearchModule:UnityEditor.Search:ASIAI0B -> (ImportResultId: 'e95f771f748e9472e69329fef248a274') in 0.001040284 seconds
[Worker0] Imported GUID: d602f3312a2f948d19abaffd36ab9e17 - Path: Packages/com.unity.services.core/Runtime/Core/DynamicDependency - Importer: ScriptedImporter/UnityEditor.QuickSearchModule:UnityEditor.Search:ASIAI0B -> (ImportResultId: '7bc46dad1924d98e5aad584e3562d2a6') in 0.001637898 seconds
[Worker0] Imported GUID: 0b717c01fb2904de1bd971d517f26c29 - Path: Packages/com.unity.services.core/Runtime/Registration/Unity.Services.Core.Registration.api - Importer: ScriptedImporter/UnityEditor.QuickSearchModule:UnityEditor.Search:ASIAI0B -> (ImportResultId: '03970f7f9d8c84f8c9be6751fc30cde4') in 0.000893809 seconds
[Worker0] Imported GUID: 06a13106669b4df283a9a95511170817 - Path: Packages/com.unity.services.core/Editor/Core/ProjectBindRedirect/ProjectBindRedirectUiConstants.cs - Importer: ScriptedImporter/UnityEditor.QuickSearchModule:UnityEditor.Search:ASIAI0B -> (ImportResultId: '1e3320889927b1ba44108c789ff020ab') in 0.000791096 seconds
[Worker0] Imported GUID: 345b801751f744c9ab4a80993d382ca8 - Path: Packages/com.unity.services.cloud-build/Editor/UXML/HistoryCells - Importer: ScriptedImporter/UnityEditor.QuickSearchModule:UnityEditor.Search:ASIAI0B -> (ImportResultId: '911bbde7f9306072215504a5b825c018') in 0.000738107 seconds
[Worker0] Imported GUID: c51e1c9a36156594f81b75a7dc713654 - Path: Packages/com.unity.services.core/Runtime/Core.Internal/ServicesType.cs - Importer: ScriptedImporter/UnityEditor.QuickSearchModule:UnityEditor.Search:ASIAI0B -> (ImportResultId: 'de6892babf12d4b1596eb688d0d83187') in 0.000827825 seconds
[Worker0] Imported GUID: acefbd2d65035064682dc863487feb95 - Path: Packages/com.unity.services.core/Editor/Core/Utils/OrganizationHandler/OrganizationProvider.cs - Importer: ScriptedImporter/UnityEditor.QuickSearchModule:UnityEditor.Search:ASIAI0B -> (ImportResultId: 'c4489ca7ba878c40e1b7e8217d914b0e') in 0.00214497 seconds
[Worker0] Imported GUID: 7bd08cd6925a429f92642c0e73a7daf2 - Path: Packages/com.unity.services.core/Editor/Core/ProjectBindRedirect/ProjectBindRedirectPopupUI.cs - Importer: ScriptedImporter/UnityEditor.QuickSearchModule:UnityEditor.Search:ASIAI0B -> (ImportResultId: '905fa1fb977430ad6b62e51d7ca7ac65') in 0.000956577 seconds
[Worker0] Imported GUID: 9dd254c4b94de4dc1b93d5f8feb61815 - Path: Packages/com.unity.services.core/Editor/Core/Environments/ProjectInfo.cs - Importer: ScriptedImporter/UnityEditor.QuickSearchModule:UnityEditor.Search:ASIAI0B -> (ImportResultId: 'ad131a3f30a4a108e424fceb1a551b1f') in 0.000935087 seconds
[Worker0] Imported GUID: 9a1aa442a69874c10a9b727262ca8181 - Path: Packages/com.unity.services.core/Editor/Core/Environments/Analytics/IEnvironmentAnalytics.cs - Importer: ScriptedImporter/UnityEditor.QuickSearchModule:UnityEditor.Search:ASIAI0B -> (ImportResultId: '726ad98175a5beb0ecd8327e64bfba81') in 0.001891243 seconds
[Worker0] Imported GUID: 1978478d5dedf4c0bbc8a8ac97566699 - Path: Packages/com.unity.services.core/Runtime/Core.Internal/AsyncOperation/AsyncOperation.cs - Importer: ScriptedImporter/UnityEditor.QuickSearchModule:UnityEditor.Search:ASIAI0B -> (ImportResultId: 'b3daa1a21863a16d2cf18523371b350b') in 0.001324569 seconds
[Worker0] Imported GUID: 6dd1d833aa21340a0b572f70c1d0ea22 - Path: Packages/com.unity.services.core/Runtime/Configuration - Importer: ScriptedImporter/UnityEditor.QuickSearchModule:UnityEditor.Search:ASIAI0B -> (ImportResultId: '2170ada07ce5d9aec1bc3ea88adaca87') in 0.001024284 seconds
[Worker0] Imported GUID: 9fc0d4010bbf28b4594072e72b8655ab - Path: Assets/Scenes/_Scene_0.unity - Importer: ScriptedImporter/UnityEditor.QuickSearchModule:UnityEditor.Search:ASIAI0B -> (ImportResultId: '7cde658065c167c2021a1e25869e1e0b') in 0.001239278 seconds
[Worker0] Imported GUID: 24b38a646859243c4a35b882459da8a9 - Path: Packages/com.unity.services.core/Editor/Core/Unity.Services.Core.Editor.api - Importer: ScriptedImporter/UnityEditor.QuickSearchModule:UnityEditor.Search:ASIAI0B -> (ImportResultId: 'bda1bed4cf860acd7d77bacb9d153ff1') in 0.000728138 seconds
[Worker0] Imported GUID: fa076e64208b8334a8a147efeebf66fc - Path: Packages/com.unity.services.core/Runtime/Telemetry/Diagnotstics/DiagnosticsFactory.cs - Importer: ScriptedImporter/UnityEditor.QuickSearchModule:UnityEditor.Search:ASIAI0B -> (ImportResultId: 'ef4a41f0cc20a82be7a8efe7141ef415') in 0.000672083 seconds
[Worker0] Imported GUID: 4f2e6d0ab1a754839a258e070611eedd - Path: Packages/com.unity.services.core/Editor/Core/Environments/Client/ErrorMitigation - Importer: ScriptedImporter/UnityEditor.QuickSearchModule:UnityEditor.Search:ASIAI0B -> (ImportResultId: '771a7faf573445cf1dee84703bfdc884') in 0.000622589 seconds
[Worker0] Imported GUID: c241d201fc37df94f88d16af9c8a1a05 - Path: Packages/com.unity.services.core/Runtime/Core/ServiceObserver.cs - Importer: ScriptedImporter/UnityEditor.QuickSearchModule:UnityEditor.Search:ASIAI0B -> (ImportResultId: 'b94642238e7ca0a127f9f244126a41c8') in 0.00066523 seconds
[Worker0] Imported GUID: ac86a2bfd37d6486e831ba1e932a6f66 - Path: Packages/com.unity.services.core/Runtime/Core.Internal/Components/Authentication/IEnvironmentId.cs - Importer: ScriptedImporter/UnityEditor.QuickSearchModule:UnityEditor.Search:ASIAI0B -> (ImportResultId: '72fe27ad12c4d908e52b2fbdd215a885') in 0.000624684 seconds
[Worker0] Imported GUID: 1c66728ad60364b82bf095d383b87458 - Path: Packages/com.unity.services.core/Editor/Core/Unity.Services.Core.Editor.asmdef - Importer: ScriptedImporter/UnityEditor.QuickSearchModule:UnityEditor.Search:ASIAI0B -> (ImportResultId: 'de35bc633dcee516815682d9a606b9f0') in 0.000721495 seconds
[Worker0] Imported GUID: c9f4abaf08a6b44939f7cfe10db6fda6 - Path: Packages/com.unity.services.core/Editor/Core/Shared/UI/ModelBinding.Gen.cs - Importer: ScriptedImporter/UnityEditor.QuickSearchModule:UnityEditor.Search:ASIAI0B -> (ImportResultId: 'c049fd8d4b6853635b15a24d6e1f1869') in 0.000617621 seconds
[Worker0] Imported GUID: 4c80f8b0153d149c29db7dd83c7ecd9a - Path: Packages/com.unity.services.core/Editor/Core/Shared/DependencyInversion/TypeAlreadyRegisteredException.Gen.cs - Importer: ScriptedImporter/UnityEditor.QuickSearchModule:UnityEditor.Search:ASIAI0B -> (ImportResultId: '627a8dc26dea0fdabe01945962be3307') in 0.000638019 seconds
[Worker0] Imported GUID: 42f9a77f3e0e459fb7fc63c636dba57e - Path: Packages/com.unity.services.core/Editor/Core/UiHelpers/OfflineUiHelper.cs - Importer: ScriptedImporter/UnityEditor.QuickSearchModule:UnityEditor.Search:ASIAI0B -> (ImportResultId: 'c49afb396e1f9d2d2adf069d4eec2ea2') in 0.000610277 seconds
[Worker0] Imported GUID: 26586e3f36dd4e44b49c68eb9d95ee0a - Path: Packages/com.unity.services.core/Editor/Core/UiHelpers/UserRoleRequestUiHelper.cs - Importer: ScriptedImporter/UnityEditor.QuickSearchModule:UnityEditor.Search:ASIAI0B -> (ImportResultId: '3a4c08ae16fa998fa7018368671e721f') in 0.000748176 seconds
[Worker0] Imported GUID: 20244f31f40f9c112bccd177c8634b4e - Path: Packages/com.unity.services.core/Editor/Core/Environments/Client/Http/IsolatedJsonConvert.cs - Importer: ScriptedImporter/UnityEditor.QuickSearchModule:UnityEditor.Search:ASIAI0B -> (ImportResultId: 'd3345c5937d09b7dd35981c786bd83ec') in 0.000757273 seconds
[Worker0] Imported GUID: be89aa20cd2d048e7bd163954171b54d - Path: Packages/com.unity.services.core/Editor/Core/Environments/IEnvironmentService.cs - Importer: ScriptedImporter/UnityEditor.QuickSearchModule:UnityEditor.Search:ASIAI0B -> (ImportResultId: 'e74b57fd58135127e7103a7a539e3f22') in 0.000753606 seconds
[Worker0] Imported GUID: 3b15071fc9be4c9db9b310d366c34136 - Path: Packages/com.unity.services.core/Editor/Core/Configuration/ProjectConfigurationBuilderHelper.cs - Importer: ScriptedImporter/UnityEditor.QuickSearchModule:UnityEditor.Search:ASIAI0B -> (ImportResultId: 'aa6f8c7458042abe6fa4b6836f38a8c7') in 0.00069181 seconds
[Worker0] Imported GUID: ef7fcc1a349fcfd4eb60ca422145e7d2 - Path: Packages/com.unity.services.core/Runtime/Core.Internal/Components/Telemetry/IDiagnosticsFactory.cs - Importer: ScriptedImporter/UnityEditor.QuickSearchModule:UnityEditor.Search:ASIAI0B -> (ImportResultId: '5099c001ea6c50324523fb54e9481efb') in 0.000682181 seconds
[Worker0] Imported GUID: 3534ba07128f1a4419cd08aebd2c6ec2 - Path: Packages/com.unity.services.core/Runtime/Core.Internal/Registry/ServiceRegistry/LockedServiceRegistry.cs - Importer: ScriptedImporter/UnityEditor.QuickSearchModule:UnityEditor.Search:ASIAI0B -> (ImportResultId: '8a5413ac440390c869556b28179ae471') in 0.00064927 seconds
[Worker0] Imported GUID: 39aaed770c8974f1094c0cfba7b3d277 - Path: Packages/com.unity.services.core/Runtime/Core.Internal/Components/Scheduler/IActionScheduler.cs - Importer: ScriptedImporter/UnityEditor.QuickSearchModule:UnityEditor.Search:ASIAI0B -> (ImportResultId: 'f933f6a05505c64002e79b83441dcc2e') in 0.000728148 seconds
[Worker0] Imported GUID: 9db1c1b008f772e4394fa51db93b1546 - Path: Packages/com.unity.services.core/Runtime/Core.Internal/Registry/ComponentRegistry/IComponentRegistry.cs - Importer: ScriptedImporter/UnityEditor.QuickSearchModule:UnityEditor.Search:ASIAI0B -> (ImportResultId: 'fa87b811f38891414896ed9aff3ded3c') in 0.000656623 seconds
[Worker0] Imported GUID: b5c134d37a9e044bbb936a230cba13ce - Path: Packages/com.unity.services.cloud-build/Icons/build_started.png - Importer: ScriptedImporter/UnityEditor.QuickSearchModule:UnityEditor.Search:ASIAI0B -> (ImportResultId: '088faf38f5a8b79c6dca7b2a479ab40b') in 0.002117659 seconds
[Worker0] Imported GUID: f5d7186a4ae434942afddf441cccaa67 - Path: Packages/com.unity.services.core/Runtime/Configuration/StreamingAssetsConfigurationLoader.cs - Importer: ScriptedImporter/UnityEditor.QuickSearchModule:UnityEditor.Search:ASIAI0B -> (ImportResultId: '1d24756cf6da966534c2fd32891a745c') in 0.000683063 seconds
[Worker0] Imported GUID: bfd743ae33394444da25ad34d8e5a595 - Path: Packages/com.unity.services.core/Editor/Core/Shared/DependencyInversion - Importer: ScriptedImporter/UnityEditor.QuickSearchModule:UnityEditor.Search:ASIAI0B -> (ImportResultId: '9fad88c2382402ef42579ebc2ca6045a') in 0.000684536 seconds
[Worker0] Imported GUID: 6a81e6633d789fa42b32b038d0b9048d - Path: Packages/com.unity.services.core/Runtime/Core.Internal/Registry/ServiceRegistry - Importer: ScriptedImporter/UnityEditor.QuickSearchModule:UnityEditor.Search:ASIAI0B -> (ImportResultId: 'b8fda9c0194c22fc86fffd75aed5c1bb') in 0.000698763 seconds
[Worker0] Imported GUID: 7a745815f38771b448b3a96973b7270d - Path: Packages/com.unity.services.core/Editor/Core/Environments/UI/Toolbar/EnvironmentToolbar.cs - Importer: ScriptedImporter/UnityEditor.QuickSearchModule:UnityEditor.Search:ASIAI0B -> (ImportResultId: 'e8606d0c531453fac3005a801912e668') in 0.008806736 seconds
[Worker0] Imported GUID: a4ebf98f04dc14143987a9c9bfbcac75 - Path: Packages/com.unity.services.core/Editor/Core/Environments/Unity.Services.Core.Environments.Editor.api - Importer: ScriptedImporter/UnityEditor.QuickSearchModule:UnityEditor.Search:ASIAI0B -> (ImportResultId: '174c0dabad75f5df1a0974a31a8f7996') in 0.00141573 seconds
[Worker0] Imported GUID: 5ce7acb68acc3422cabbabad94e11a62 - Path: Packages/com.unity.services.core/Runtime/Core.Internal/Utils - Importer: ScriptedImporter/UnityEditor.QuickSearchModule:UnityEditor.Search:ASIAI0B -> (ImportResultId: 'e88f0fa416ba526a5c9ce16f90f0b5da') in 0.001097562 seconds
[Worker0] Imported GUID: 8d604a38d81640f987c84116ef96cb21 - Path: Packages/com.unity.services.core/Runtime/Core.Internal/Components/Authentication/ITargetingContext.cs - Importer: ScriptedImporter/UnityEditor.QuickSearchModule:UnityEditor.Search:ASIAI0B -> (ImportResultId: '50c3931159a1178eaba6de6681f6e47f') in 0.000788321 seconds
[Worker0] Imported GUID: b77daad429a8d427084daf2d73df3a9b - Path: Packages/com.unity.services.cloud-build/LICENSE.md - Importer: ScriptedImporter/UnityEditor.QuickSearchModule:UnityEditor.Search:ASIAI0B -> (ImportResultId: '8ed5b61fee5bec21b8eecd926df049b5') in 0.000988177 seconds
[Worker0] Imported GUID: 0d41728ad423e904cb4aa8ee699c4e42 - Path: Packages/com.unity.services.core/LICENSE.md - Importer: ScriptedImporter/UnityEditor.QuickSearchModule:UnityEditor.Search:ASIAI0B -> (ImportResultId: '15f717f65e6f47f0236c2d4a8c524952') in 0.000684897 seconds
[Worker0] Imported GUID: d3165b886c24cdf4aae413fa29476483 - Path: Packages/com.unity.services.core/Editor/Core/Configuration/IConfigurationProvider.cs - Importer: ScriptedImporter/UnityEditor.QuickSearchModule:UnityEditor.Search:ASIAI0B -> (ImportResultId: '661426c47eba317ebcfd7098c19271e6') in 0.000780627 seconds
[Worker0] Imported GUID: c3788e7e3e2e94c38a2deace1fee410e - Path: Packages/com.unity.services.core/Runtime/Device/InstallationId.cs - Importer: ScriptedImporter/UnityEditor.QuickSearchModule:UnityEditor.Search:ASIAI0B -> (ImportResultId: 'a44d7e082ced0a09cf65542e0673e9a3') in 0.000718039 seconds
[Worker0] Imported GUID: 0fdf980a065edb64d9acee85c4004c3b - Path: Packages/com.unity.services.core/Editor/Core/Status/StatusWindow.cs - Importer: ScriptedImporter/UnityEditor.QuickSearchModule:UnityEditor.Search:ASIAI0B -> (ImportResultId: '9ad59d2f6bb7ed10a57a85dd7dc6dea9') in 0.00084669 seconds
[Worker0] Imported GUID: f35a5b2933eb87b44869fb793b853ab5 - Path: Packages/com.unity.services.core/Runtime/Telemetry/Metrics - Importer: ScriptedImporter/UnityEditor.QuickSearchModule:UnityEditor.Search:ASIAI0B -> (ImportResultId: '070cbf54fd0f94bce6c356335ffcf483') in 0.000935237 seconds
[Worker0] Imported GUID: 2cbeea08e009b4f1d8f8b2786d63ca25 - Path: Packages/com.unity.services.core/Runtime/Core.Internal/Components/Networking - Importer: ScriptedImporter/UnityEditor.QuickSearchModule:UnityEditor.Search:ASIAI0B -> (ImportResultId: 'cf5b707aa3bda4723423c22bb38f0ba7') in 0.000926 seconds
[Worker0] Imported GUID: c322cfeea9a20cf4ba4aa4fe620d3745 - Path: Packages/com.unity.services.core/Editor/Core/Utils/OrganizationHandler - Importer: ScriptedImporter/UnityEditor.QuickSearchModule:UnityEditor.Search:ASIAI0B -> (ImportResultId: '48d4e28ade04a4339fcfd90f682d7c80') in 0.000739379 seconds
[Worker0] Imported GUID: 75e8d0760cfbb423989cc47bb74a9b16 - Path: Packages/com.unity.services.core/Editor/Core/Environments/Client/Configuration - Importer: ScriptedImporter/UnityEditor.QuickSearchModule:UnityEditor.Search:ASIAI0B -> (ImportResultId: '6c6e869a095334e62bc9663b43bfaffc') in 0.00083559 seconds
[Worker0] Imported GUID: f999feb557b5489d983b6fc6989e3bf2 - Path: Packages/com.unity.services.core/Editor/Core/UiHelpers/ExceptionHelper.cs - Importer: ScriptedImporter/UnityEditor.QuickSearchModule:UnityEditor.Search:ASIAI0B -> (ImportResultId: 'a9bc2ba1201f940cc74c1730643ee8ae') in 0.000671743 seconds
[Worker0] Imported GUID: 8bc3494ea9e548e099a2bb941ad9ddee - Path: Packages/com.unity.services.core/Editor/Core/ProjectStateManagement - Importer: ScriptedImporter/UnityEditor.QuickSearchModule:UnityEditor.Search:ASIAI0B -> (ImportResultId: '4025fef4ba224bb91c5296342afe5699') in 0.000642507 seconds
[Worker0] Imported GUID: 8aebbb7ccff5845b18681b4819457d83 - Path: Packages/com.unity.services.core/Runtime/Core/Initialization/ServicesInitializationException.cs - Importer: ScriptedImporter/UnityEditor.QuickSearchModule:UnityEditor.Search:ASIAI0B -> (ImportResultId: '3923e2355b644a3684c28879b6949735') in 0.000639802 seconds
[Worker0] Imported GUID: 03476828a39df494a93e9eb8c807484e - Path: Packages/com.unity.services.core/Runtime/Core.Internal/UnityServicesEditorInitializer.cs - Importer: ScriptedImporter/UnityEditor.QuickSearchModule:UnityEditor.Search:ASIAI0B -> (ImportResultId: 'f9e8f2526b7469edb2de640769fae055') in 0.000818649 seconds
[Worker0] Imported GUID: c3755af4fd119427481c46ab5946719c - Path: Packages/com.unity.services.core/Runtime/Core.Internal/AsyncOperation/AsyncOperationAwaiter.cs - Importer: ScriptedImporter/UnityEditor.QuickSearchModule:UnityEditor.Search:ASIAI0B -> (ImportResultId: '8786f53578fe55e992d4ae9fd7ae935e') in 0.000761331 seconds
[Worker0] Imported GUID: f062e98fc9ade4f4faa8759ddbf79a98 - Path: Packages/com.unity.services.core/Runtime/Core.Internal/Components/Networking/HttpResponse.cs - Importer: ScriptedImporter/UnityEditor.QuickSearchModule:UnityEditor.Search:ASIAI0B -> (ImportResultId: '3e30cfcb2ebc835015f69b6901f806d2') in 0.00083573 seconds
[Worker0] Imported GUID: 1431c9d01279f4808a07dda4a14eabb3 - Path: Packages/com.unity.services.core/Editor/Core/Shared/Infrastructure/Collections/ReadOnlyObservableCollection.Gen.cs - Importer: ScriptedImporter/UnityEditor.QuickSearchModule:UnityEditor.Search:ASIAI0B -> (ImportResultId: 'f70c4756ee9ad9a943a64675c0f57a9d') in 0.00080348 seconds
[Worker0] Imported GUID: 15ee81abac09c42d9bef6148030cc0b1 - Path: Packages/com.unity.services.core/Editor/Core/Shared/DependencyInversion/DependencyNotFoundException.Gen.cs - Importer: ScriptedImporter/UnityEditor.QuickSearchModule:UnityEditor.Search:ASIAI0B -> (ImportResultId: '6598275c0204afee2592965e5d883753') in 0.000783632 seconds
[Worker0] Imported GUID: 13e422d7b3aa04e7994f974a3d50c391 - Path: Packages/com.unity.services.core/Runtime/Scheduler/Unity.Services.Core.Scheduler.asmdef - Importer: ScriptedImporter/UnityEditor.QuickSearchModule:UnityEditor.Search:ASIAI0B -> (ImportResultId: 'a9a8d33605b3dacd0f4d1b89af774373') in 0.000758896 seconds
[Worker0] Imported GUID: a54a67ed0cd9c4a00913d325490a466b - Path: Packages/com.unity.services.core/Runtime/Core.Internal/Registry/CoreRegistry.cs - Importer: ScriptedImporter/UnityEditor.QuickSearchModule:UnityEditor.Search:ASIAI0B -> (ImportResultId: '58f396fe98cb092b3277df2ad6257370') in 0.000734911 seconds
[Worker0] Imported GUID: 4a4f12b5466c418ab0e66bd23e0a0af2 - Path: Packages/com.unity.services.core/Editor/Core/UserRoleManagement/IUserRoleRequest.cs - Importer: ScriptedImporter/UnityEditor.QuickSearchModule:UnityEditor.Search:ASIAI0B -> (ImportResultId: 'dc5163d68267ddccfaf6110003291cf9') in 0.00091035 seconds
[Worker0] Imported GUID: a1952452a6d6d0e4dbbf9ccf58e31d37 - Path: Packages/com.unity.services.core/Runtime/Components/ServicesInitializationEvents.cs - Importer: ScriptedImporter/UnityEditor.QuickSearchModule:UnityEditor.Search:ASIAI0B -> (ImportResultId: '09852aa3d1afd891e61af01a753edb2b') in 0.000649581 seconds
[Worker0] Imported GUID: 17c935ca4d9d95048931d5aec5d99d97 - Path: Packages/com.unity.services.core/Runtime/Configuration/SerializableProjectConfiguration.cs - Importer: ScriptedImporter/UnityEditor.QuickSearchModule:UnityEditor.Search:ASIAI0B -> (ImportResultId: '894eea05284278b0ce9af865bac1f2e4') in 0.000612921 seconds
[Worker0] Imported GUID: d98f48c190c0e448ca61c4f095f55ec3 - Path: Packages/com.unity.services.core/Runtime/Configuration/ConfigurationResetter.cs - Importer: ScriptedImporter/UnityEditor.QuickSearchModule:UnityEditor.Search:ASIAI0B -> (ImportResultId: '61f5bf81726855e886e12d9daf6c6523') in 0.000609466 seconds
[Worker0] Imported GUID: 294f83b40dade45de80752da3ccfb793 - Path: Packages/com.unity.services.core/Runtime/Device/UserIdProviders/AndroidUtils.cs - Importer: ScriptedImporter/UnityEditor.QuickSearchModule:UnityEditor.Search:ASIAI0B -> (ImportResultId: '1ef2c916234eb503e7d9ba2f925db04b') in 0.000599486 seconds
[Worker0] Imported GUID: c7fcd0b25211b4456841ec71fd8a103c - Path: Packages/com.unity.services.core/Runtime/Core.Internal/Components/Configuration - Importer: ScriptedImporter/UnityEditor.QuickSearchModule:UnityEditor.Search:ASIAI0B -> (ImportResultId: '4d1bcd7149b52eab35f8dce18930515f') in 0.000647267 seconds
Worker ready: AssetImportWorkerHW1 1
Worker ready: AssetImportWorkerHW2 2
GLX Extensions: GLX_ARB_get_proc_address GLX_ARB_multisample GLX_EXT_visual_info GLX_EXT_visual_rating GLX_SGIX_fbconfig GLX_SGIX_pbuffer GLX_SGI_swap_control GLX_EXT_swap_control GLX_EXT_buffer_age GLX_ARB_create_context GLX_ARB_create_context_profile GLX_ARB_fbconfig_float GLX_EXT_fbconfig_packed_float GLX_EXT_framebuffer_sRGB GLX_NV_copy_image GLX_NV_copy_buffer GLX_EXT_create_context_es_profile GLX_EXT_create_context_es2_profile GLX_ARB_create_context_no_error GLX_ARB_create_context_robustness GLX_ARB_context_flush_control 
[Licensing::Client] Successfully resolved entitlement details
[Licensing::Client] Successfully resolved entitlement details
[Licensing::Client] Successfully resolved entitlement details
[Licensing::Client] Successfully resolved entitlement details
[Licensing::Client] Successfully resolved entitlement details
[Licensing::Client] Successfully resolved entitlement details
[Licensing::Client] Successfully resolved entitlement details
[Licensing::Client] Successfully resolved entitlement details
[Licensing::Client] Successfully resolved entitlement details
[Package Manager] Package [com.unity.android.render-service] cannot be found
[Licensing::Client] Successfully resolved entitlement details
[Licensing::Client] Successfully resolved entitlement details
[Licensing::Client] Successfully resolved entitlement details
[Licensing::Client] Successfully resolved entitlement details
[Licensing::Client] Successfully resolved entitlement details
Importing 'GUID: 554bcc991e45094b3990e753dd77f272 - Path: Assets/Settings/Build Profiles/Windows.asset' with importer (NativeFormatImporter)
Imported 'GUID: 554bcc991e45094b3990e753dd77f272' -> (Import Result ID: '3879508b2a8f40b0f437910d94367d83') in 0.002 seconds [static dependencies only]. Details - ImportResultOutputID=12a2cc913302dc27fbb685dcd0538a01 DependenciesID=c3b6ed8cce856102903495271aac0d8f StaticDependenciesID=f529d7a59550112be44b9074d8bd926d 
Asset Pipeline Refresh (id=de3f5074f136a394f80df7f0fcfa99d7): Total: 0.051 seconds - Initiated by StopAssetImportingV2(NoUpdateAssetOptions)
Importing 'GUID: 554bcc991e45094b3990e753dd77f272 - Path: Assets/Settings/Build Profiles/Windows.asset' with importer (NativeFormatImporter)
Imported 'GUID: 554bcc991e45094b3990e753dd77f272' -> (Import Result ID: '020332d30f78e88ffeaab6739dd46946') in 0.000 seconds [static dependencies only]. Details - ImportResultOutputID=12a2cc913302dc27fbb685dcd0538a01 DependenciesID=ee5e1bee9bce2ff1e7a05a14376cb65c StaticDependenciesID=6c3b7031df83657e2e739d13a6c35cc5 
Asset Pipeline Refresh (id=07801ad223a1e80d2b4582ba1e4a0d50): Total: 0.010 seconds - Initiated by StopAssetImportingV2(NoUpdateAssetOptions)
[Worker2] Imported GUID: 554bcc991e45094b3990e753dd77f272 - Path: Assets/Settings/Build Profiles/Windows.asset - Importer: ScriptedImporter/UnityEditor.QuickSearchModule:UnityEditor.Search:ASIAI0B -> (ImportResultId: 'f6d1e81122c191cc4a08eb5f2c055f5d') in 0.103739417 seconds
GLX Extensions: GLX_ARB_get_proc_address GLX_ARB_multisample GLX_EXT_visual_info GLX_EXT_visual_rating GLX_SGIX_fbconfig GLX_SGIX_pbuffer GLX_SGI_swap_control GLX_EXT_swap_control GLX_EXT_buffer_age GLX_ARB_create_context GLX_ARB_create_context_profile GLX_ARB_fbconfig_float GLX_EXT_fbconfig_packed_float GLX_EXT_framebuffer_sRGB GLX_NV_copy_image GLX_NV_copy_buffer GLX_EXT_create_context_es_profile GLX_EXT_create_context_es2_profile GLX_ARB_create_context_no_error GLX_ARB_create_context_robustness GLX_ARB_context_flush_control 
Curl error 6: Could not resolve: cdp.cloud.unity3d.com:443
TrimDiskCacheJob: Current cache size 0mb
Curl error 6: Could not resolve host: cdp.cloud.unity3d.com
GLX Extensions: GLX_ARB_get_proc_address GLX_ARB_multisample GLX_EXT_visual_info GLX_EXT_visual_rating GLX_SGIX_fbconfig GLX_SGIX_pbuffer GLX_SGI_swap_control GLX_EXT_swap_control GLX_EXT_buffer_age GLX_ARB_create_context GLX_ARB_create_context_profile GLX_ARB_fbconfig_float GLX_EXT_fbconfig_packed_float GLX_EXT_framebuffer_sRGB GLX_NV_copy_image GLX_NV_copy_buffer GLX_EXT_create_context_es_profile GLX_EXT_create_context_es2_profile GLX_ARB_create_context_no_error GLX_ARB_create_context_robustness GLX_ARB_context_flush_control 
Build #1 Windows - Apple-Picker 1Apple-Picker@main successfully added to queue
UnityEngine.Debug:ExtractStackTraceNoAlloc (byte*,int,string)
UnityEngine.StackTraceUtility:ExtractStackTrace () (at /home/bokken/build/output/unity/unity/Runtime/Export/Scripting/StackTrace.cs:23)
UnityEngine.DebugLogHandler:Internal_Log (UnityEngine.LogType,UnityEngine.LogOption,string,UnityEngine.Object)
UnityEngine.DebugLogHandler:LogFormat (UnityEngine.LogType,UnityEngine.Object,string,object[])
UnityEngine.Logger:Log (UnityEngine.LogType,object)
UnityEngine.Debug:Log (object)
Unity.Services.CloudBuild.Editor.BuildAutomation/<LaunchBuild>d__17:MoveNext () (at ./Library/PackageCache/com.unity.services.cloud-build@235f37f57c39/Editor/BuildAutomation.cs:174)
System.Runtime.CompilerServices.AsyncMethodBuilderCore/MoveNextRunner:InvokeMoveNext (object)
System.Threading.ExecutionContext:RunInternal (System.Threading.ExecutionContext,System.Threading.ContextCallback,object,bool)
System.Threading.ExecutionContext:Run (System.Threading.ExecutionContext,System.Threading.ContextCallback,object,bool)
System.Runtime.CompilerServices.AsyncMethodBuilderCore/MoveNextRunner:Run ()
System.Threading.Tasks.AwaitTaskContinuation:InvokeAction (object)
System.Threading.Tasks.AwaitTaskContinuation:RunCallback (System.Threading.ContextCallback,object,System.Threading.Tasks.Task&)
System.Threading.Tasks.SynchronizationContextAwaitTaskContinuation:Run (System.Threading.Tasks.Task,bool)
System.Threading.Tasks.Task:FinishContinuations ()
System.Threading.Tasks.Task:FinishStageThree ()
System.Threading.Tasks.Task`1<System.Collections.Generic.List`1<Unity.Services.CloudBuild.Editor.LaunchedBuildResponse>>:TrySetResult (System.Collections.Generic.List`1<Unity.Services.CloudBuild.Editor.LaunchedBuildResponse>)
System.Runtime.CompilerServices.AsyncTaskMethodBuilder`1<System.Collections.Generic.List`1<Unity.Services.CloudBuild.Editor.LaunchedBuildResponse>>:SetResult (System.Collections.Generic.List`1<Unity.Services.CloudBuild.Editor.LaunchedBuildResponse>)
Unity.Services.CloudBuild.Editor.BuildAutomationApiClient/<CreateJsonRequestAsync>d__19`2<Unity.Services.CloudBuild.Editor.LaunchBuildRequest, System.Collections.Generic.List`1<Unity.Services.CloudBuild.Editor.LaunchedBuildResponse>>:MoveNext () (at ./Library/PackageCache/com.unity.services.cloud-build@235f37f57c39/Editor/BuildAutomationApiClient.cs:180)
System.Runtime.CompilerServices.AsyncMethodBuilderCore/MoveNextRunner:InvokeMoveNext (object)
System.Threading.ExecutionContext:RunInternal (System.Threading.ExecutionContext,System.Threading.ContextCallback,object,bool)
System.Threading.ExecutionContext:Run (System.Threading.ExecutionContext,System.Threading.ContextCallback,object,bool)
System.Runtime.CompilerServices.AsyncMethodBuilderCore/MoveNextRunner:Run ()
Unity.Services.CloudBuild.Editor.UnityWebRequestAwaiter:OnRequestCompleted (UnityEngine.AsyncOperation) (at ./Library/PackageCache/com.unity.services.cloud-build@235f37f57c39/Editor/UnityWebRequestAwaiter.cs:31)
UnityEngine.AsyncOperation:InvokeCompletionEvent () (at /home/bokken/build/output/unity/unity/Runtime/Export/Scripting/AsyncOperation.cs:24)

(Filename: ./Library/PackageCache/com.unity.services.cloud-build@235f37f57c39/Editor/BuildAutomation.cs Line: 174)

GLX Extensions: GLX_ARB_get_proc_address GLX_ARB_multisample GLX_EXT_visual_info GLX_EXT_visual_rating GLX_SGIX_fbconfig GLX_SGIX_pbuffer GLX_SGI_swap_control GLX_EXT_swap_control GLX_EXT_buffer_age GLX_ARB_create_context GLX_ARB_create_context_profile GLX_ARB_fbconfig_float GLX_EXT_fbconfig_packed_float GLX_EXT_framebuffer_sRGB GLX_NV_copy_image GLX_NV_copy_buffer GLX_EXT_create_context_es_profile GLX_EXT_create_context_es2_profile GLX_ARB_create_context_no_error GLX_ARB_create_context_robustness GLX_ARB_context_flush_control 
Curl error 6: Could not resolve host: cdp.cloud.unity3d.com
Asset Pipeline Refresh (id=ea64ea7c11a26fbc4b6884f687f0abaa): Total: 0.039 seconds - Initiated by RefreshV2(AllowForceSynchronousImport)
System.Exception: {"error":"Cannot delete builds that are favorited or being built"}
UnityEngine.Debug:ExtractStackTraceNoAlloc (byte*,int,string)
UnityEngine.StackTraceUtility:ExtractStackTrace () (at /home/bokken/build/output/unity/unity/Runtime/Export/Scripting/StackTrace.cs:23)
UnityEngine.DebugLogHandler:Internal_Log (UnityEngine.LogType,UnityEngine.LogOption,string,UnityEngine.Object)
UnityEngine.DebugLogHandler:LogFormat (UnityEngine.LogType,UnityEngine.Object,string,object[])
UnityEngine.Logger:Log (UnityEngine.LogType,object)
UnityEngine.Debug:LogError (object)
Unity.Services.CloudBuild.Editor.BuildAutomationHistoryWindow/<>c:<OnDeleteClicked>b__63_1 (System.Exception) (at ./Library/PackageCache/com.unity.services.cloud-build@235f37f57c39/Editor/BuildAutomationHistoryWindow.cs:905)
Unity.Services.CloudBuild.Editor.CloudBuildApiClient/<>c__DisplayClass11_0`1<Unity.Services.CloudBuild.Editor.DeleteBuildsResponse>:<CreateJsonResponseHandler>g__JsonResponseHandler|0 (UnityEngine.AsyncOperation) (at ./Library/PackageCache/com.unity.services.cloud-build@235f37f57c39/Editor/CloudBuildApiClient.cs:239)
UnityEngine.AsyncOperation:InvokeCompletionEvent () (at /home/bokken/build/output/unity/unity/Runtime/Export/Scripting/AsyncOperation.cs:24)

(Filename: ./Library/PackageCache/com.unity.services.cloud-build@235f37f57c39/Editor/BuildAutomationHistoryWindow.cs Line: 905)

Successfully Canceled 1 cloud builds
UnityEngine.Debug:ExtractStackTraceNoAlloc (byte*,int,string)
UnityEngine.StackTraceUtility:ExtractStackTrace () (at /home/bokken/build/output/unity/unity/Runtime/Export/Scripting/StackTrace.cs:23)
UnityEngine.DebugLogHandler:Internal_Log (UnityEngine.LogType,UnityEngine.LogOption,string,UnityEngine.Object)
UnityEngine.DebugLogHandler:LogFormat (UnityEngine.LogType,UnityEngine.Object,string,object[])
UnityEngine.Logger:Log (UnityEngine.LogType,object)
UnityEngine.Debug:Log (object)
Unity.Services.CloudBuild.Editor.BuildAutomationHistoryWindow:<OnCancelClicked>b__62_0 (Unity.Services.CloudBuild.Editor.DeleteBuildsResponse) (at ./Library/PackageCache/com.unity.services.cloud-build@235f37f57c39/Editor/BuildAutomationHistoryWindow.cs:862)
Unity.Services.CloudBuild.Editor.CloudBuildApiClient/<>c__DisplayClass11_0`1<Unity.Services.CloudBuild.Editor.DeleteBuildsResponse>:<CreateJsonResponseHandler>g__JsonResponseHandler|0 (UnityEngine.AsyncOperation) (at ./Library/PackageCache/com.unity.services.cloud-build@235f37f57c39/Editor/CloudBuildApiClient.cs:230)
UnityEngine.AsyncOperation:InvokeCompletionEvent () (at /home/bokken/build/output/unity/unity/Runtime/Export/Scripting/AsyncOperation.cs:24)

(Filename: ./Library/PackageCache/com.unity.services.cloud-build@235f37f57c39/Editor/BuildAutomationHistoryWindow.cs Line: 862)

GLX Extensions: GLX_ARB_get_proc_address GLX_ARB_multisample GLX_EXT_visual_info GLX_EXT_visual_rating GLX_SGIX_fbconfig GLX_SGIX_pbuffer GLX_SGI_swap_control GLX_EXT_swap_control GLX_EXT_buffer_age GLX_ARB_create_context GLX_ARB_create_context_profile GLX_ARB_fbconfig_float GLX_EXT_fbconfig_packed_float GLX_EXT_framebuffer_sRGB GLX_NV_copy_image GLX_NV_copy_buffer GLX_EXT_create_context_es_profile GLX_EXT_create_context_es2_profile GLX_ARB_create_context_no_error GLX_ARB_create_context_robustness GLX_ARB_context_flush_control 
Asset Pipeline Refresh (id=5d2c43e85ec1bdeaeb4b247050e29fc0): Total: 0.041 seconds - Initiated by RefreshV2(AllowForceSynchronousImport)
Asset Pipeline Refresh (id=784d17a389a0a03a08a9675aa89afd20): Total: 0.040 seconds - Initiated by RefreshV2(AllowForceSynchronousImport)
Curl error 6: Could not resolve: cdp.cloud.unity3d.com:443
GLX Extensions: GLX_ARB_get_proc_address GLX_ARB_multisample GLX_EXT_visual_info GLX_EXT_visual_rating GLX_SGIX_fbconfig GLX_SGIX_pbuffer GLX_SGI_swap_control GLX_EXT_swap_control GLX_EXT_buffer_age GLX_ARB_create_context GLX_ARB_create_context_profile GLX_ARB_fbconfig_float GLX_EXT_fbconfig_packed_float GLX_EXT_framebuffer_sRGB GLX_NV_copy_image GLX_NV_copy_buffer GLX_EXT_create_context_es_profile GLX_EXT_create_context_es2_profile GLX_ARB_create_context_no_error GLX_ARB_create_context_robustness GLX_ARB_context_flush_control 
GLX Extensions: GLX_ARB_get_proc_address GLX_ARB_multisample GLX_EXT_visual_info GLX_EXT_visual_rating GLX_SGIX_fbconfig GLX_SGIX_pbuffer GLX_SGI_swap_control GLX_EXT_swap_control GLX_EXT_buffer_age GLX_ARB_create_context GLX_ARB_create_context_profile GLX_ARB_fbconfig_float GLX_EXT_fbconfig_packed_float GLX_EXT_framebuffer_sRGB GLX_NV_copy_image GLX_NV_copy_buffer GLX_EXT_create_context_es_profile GLX_EXT_create_context_es2_profile GLX_ARB_create_context_no_error GLX_ARB_create_context_robustness GLX_ARB_context_flush_control 
Asset Pipeline Refresh (id=32a23b9e0cf5ce43681cd0153c06b18a): Total: 0.053 seconds - Initiated by RefreshV2(AllowForceSynchronousImport)
Curl error 6: Could not resolve host: cdp.cloud.unity3d.com
Asset Pipeline Refresh (id=4a126feb1f55fb5ed8aadb9d61774d71): Total: 0.039 seconds - Initiated by RefreshV2(AllowForceSynchronousImport)
Asset Pipeline Refresh (id=fcc4a6b9a823336e3be873670f047f79): Total: 0.033 seconds - Initiated by RefreshV2(AllowForceSynchronousImport)
